gene	dominant_allele	dominant_count	dominant_frequency	dominant_proteins	cluster_representative	alternative_proteins	total_alleles	total_strains_with_gene
Strep_C0	Strep_C0A103	2	0.014285714285714285	A0A7H8ZN19	A0A6I6SBA6	A0A7G6XFG5,A0A1L7GKB0,B4V1Y1	132	137
Strep_C100011	Strep_C100011A0	1	0.007142857142857143	N0D434	N0D434	A0A0U3EI53,A0A0K2B066,A0A7T1T4F7	141	140
Strep_C100250	Strep_C100250A0	1	0.007142857142857143	A0A0N6ZR64	A0A0N6ZR64	A0A0K2AS86,A0A0B5DK88,A0A6I6N969	140	140
Strep_C100280	Strep_C100280A176	2	0.014285714285714285	A0A6N9VBC3	A0A143CB77	A0A3G4VT61,A0A0G3UKL7,A0A5P9WF98	388	140
Strep_C100409	Strep_C100409A151	2	0.014285714285714285	A0A0N6ZIB0	A0A1D7VY67	A0A516RE49,A0A1W5XZW4,A0A1B1B1I4	248	140
Strep_C100411	Strep_C100411A0	1	0.007142857142857143	A0A1D7VYS0	A0A1D7VYS0	A0A1W5Y063,A0A4Q7ERM0,A0A7G3UFK8	163	140
Strep_C100514	Strep_C100514A0	1	0.007142857142857143	A0A1U9QMZ9	A0A1U9QMZ9	A0A6C0QBT3,A0A191UTC2,A0A3Q9C1A2	194	140
Strep_C100719	Strep_C100719A202	2	0.014285714285714285	A0A516RCM0	A0A222SLM5	N0CNL1,A0A6N9V9E5,A0A1W5YZE7	1775	140
Strep_C100752	Strep_C100752A23	3	0.02142857142857143	A0A0M4DUF8	A0A222T1W7	A0A7H8ZLZ1,A0A0U3MJ73,A0A0N6ZIC4	136	140
Strep_C101175	Strep_C101175A20	2	0.014285714285714285	A0A1D7VXY8	A0A385DH93	A0A7H8ZQH1,A0A1V0UFF3,A0A3S8VUK2	137	140
Strep_C101317	Strep_C101317A25	2	0.014285714285714285	A0A1W5XU11	A0A3Q8V9J2	A0A7H8ZM14,A0A1V0UH05,A0A2S1SXN2	149	140
Strep_C101439	Strep_C101439A0	1	0.007142857142857143	A0A3S8XK78	A0A3S8XK78	A0A0F7N5N5,A0A0K2ASZ0,Q82DD1	163	140
Strep_C10147	Strep_C10147A125	3	0.02142857142857143	A0A1L6PU83	A0A2N9B795	A0A3G4W3Z3,B4V949,A0A6N9V9Y3	135	140
Strep_C101699	Strep_C101699A1613	2	0.014285714285714285	N0D1I6	A0A5P2BSF2	A0A5P9WF18,A0A0N6ZFJ4,A0A5P9WF92	4817	140
Strep_C1018	Strep_C1018A776	2	0.014285714285714285	A0A0F7N1M3	A0A494V6S0	A0A0U3G2G9,A0A2U9PAG2,A0A0K2B2T3	877	140
Strep_C101845	Strep_C101845A175	2	0.014285714285714285	A0A3G4VPZ6	A0A5P9WE78	A0A0C5FZ36,A0A2U9PDA3,A0A344U499	399	140
Strep_C101955	Strep_C101955A134	2	0.014285714285714285	A0A1V0UKG3	A0A6G9FKQ6	B4VCS8,A0A3G4W1I6,A0A0C5G977	251	140
Strep_C102318	Strep_C102318A13	2	0.014285714285714285	A0A1L6PFW1	A0A7G7BH23	A0A0F7N9D5,A0A2K9EZ47,A0A0U3F3B5	198	139
Strep_C102576	Strep_C102576A128	2	0.014285714285714285	B4V4W2	A0A7H0NM69	A0A6N9VCT8,N0CUS1,A0A0M4DIR6	173	139
Strep_C102810	Strep_C102810A54	2	0.014285714285714285	A0A0M4DM21	A0A7H1QB78	A0A0U3GHY2,A0A387HRP6,A0A5P2D8A3	165	140
Strep_C102904	Strep_C102904A0	1	0.007142857142857143	A0A7H8INC5	A0A7H8INC5	A0A1H4Q0H8,A0A2S1STQ3,A0A7D5VD87	139	139
Strep_C103003	Strep_C103003A191	32	0.22857142857142856	A0A0K2AT25	A0A7H8JTA3	A0A3G4VWM6,A0A1L7GEU2,A0A6I6RY21	219	140
Strep_C103210	Strep_C103210A0	1	0.007142857142857143	A0A7H8T0W2	A0A7H8T0W2	A0A1W7CU92,A0A0F7VVP1,A0A7H0HY56	150	140
Strep_C1034	Strep_C1034A0	131	0.9357142857142857	A0A2S1SVW1	A0A4P6TWU9	A0A1I6NUM1,A0A1W7CW59,A0A0F7FX98	5	139
Strep_C103411	Strep_C103411A15	2	0.014285714285714285	A0A1H4QIV8	A0A2Z5JRI7	A0A1L6PJY8,A0A0U3K821,A0A1B1MES3	222	139
Strep_C103660	Strep_C103660A20	2	0.014285714285714285	A0A1U9P166	A0A346C4T0	A0A7H8ZQB2,A0A1V0UEY4,A0A1W5YZI6	133	138
Strep_C10379	Strep_C10379A158	2	0.014285714285714285	A0A7H8ZYQ2	A0A2S1SQT4	A0A0U3FDA8,A0A0G3UGU2,A0A6M4WL84	170	138
Strep_C10409	Strep_C10409A138	2	0.014285714285714285	A0A516RB87	A0A2S1SXR5	A0A1V0UDX9,A0A7H8ZSF5,A0A3G4W1L2	203	138
Strep_C104289	Strep_C104289A400	2	0.014285714285714285	N0CIV7	A0A7H0HRM6	A0A5J6HZM9,A0A7T1WST5,A0A0U3F2E2	418	140
Strep_C104381	Strep_C104381A0	1	0.007142857142857143	A0A7H1PVA5	A0A7H1PVA5	A0A387HB71,A0A7H8MYF1,A0A6I6MYM1	166	139
Strep_C104952	Strep_C104952A1499	3	0.02142857142857143	A0A0F7N2R7	G2NT91	A0A2K9F1N4,A0A3Q8UUH0,A0A0F7N9B5	1891	140
Strep_C105074	Strep_C105074A101	2	0.014285714285714285	A0A7H8ZPI7	A0A0U3NPX5	A0A5P2BW92,A0A0U3LU07,B1W4U9	228	140
Strep_C105148	Strep_C105148A67	4	0.02857142857142857	A0A0U3BVA5	A0A1H4L5D5	A0A5P2CG54,A0A291Q7C5,A0A1U9QNW0	438	140
Strep_C105192	Strep_C105192A33	2	0.014285714285714285	A0A7H9A1N7	A0A1H4UNS7	A0A0M4DQQ5,A0A0G3UR51,A0A6I6NG39	139	140
Strep_C105360	Strep_C105360A0	1	0.007142857142857143	A0A2K9F3H3	A0A2K9F3H3	A0A0F7FNS2,A0A0F7G0G9,A0A6I6S5K5	433	140
Strep_C105403	Strep_C105403A0	1	0.007142857142857143	A0A2R4JVP7	A0A2R4JVP7	A0A2R4JWQ4,A0A0F7FY10,A0A6I6WEM6	264	140
Strep_C105466	Strep_C105466A870	3	0.02142857142857143	A0A143C6C9	A0A2S2G1Z6	A0A1V0UK33,A0A7H8ZJ37,B4V3S1	4105	140
Strep_C105545	Strep_C105545A31	2	0.014285714285714285	A0A7H9A1B1	A0A2Z5JNB5	A0A0C5FZN8,A0A0F7W4P1,A0A222SP28	175	140
Strep_C105876	Strep_C105876A134	2	0.014285714285714285	A0A3G4VZY1	A0A3S8X2S1	A0A7H8ZSF9,A0A1V0UE62,A0A7G1NTZ7	255	139
Strep_C105903	Strep_C105903A0	1	0.007142857142857143	A0A3S9M7E9	A0A3S9M7E9	G2N9M9,A0A1V0U6S9,A0A1L6PFG2	498	138
Strep_C105955	Strep_C105955A40	2	0.014285714285714285	A0A1V0UCB3	A0A426SAV0	A0A3Q8UR25,A0A0F7N5F6,A0A1H4QFI4	138	140
Strep_C106352	Strep_C106352A41	2	0.014285714285714285	A0A1V0U6U2	A0A5P2D609	A0A5J6G4I1,A0A0U3PII2,A0A5J6JLC5	222	140
Strep_C10637	Strep_C10637A0	1	0.007142857142857143	A0A2Z4JA65	A0A2Z4JA65	A0A387H9M0,A0A3S8XM67,A0A3Q9FWG4	958	140
Strep_C106486	Strep_C106486A126	2	0.014285714285714285	A0A3G4VUK5	A0A5P2UQX9	A0A6N9V9Y1,N0D0R2,A0A0M3QMH3	145	140
Strep_C106693	Strep_C106693A725	2	0.014285714285714285	A0A7H8ZK01	A0A5P8KEY1	A0A2R4JWN9,C9Z6F6,A0A494UXW6	896	140
Strep_C10687	Strep_C10687A0	1	0.007142857142857143	A0A2Z5JD40	A0A2Z5JD40	A0A0U3NRL0,A0A0K2AT27,A0A7L7M675	258	140
Strep_C107048	Strep_C107048A395	2	0.014285714285714285	A0A7H8ZQ11	A0A6C0QDN8	A0A6N9VHM7,N0CS94,A0A0U3NYH0	713	140
Strep_C107243	Strep_C107243A0	1	0.007142857142857143	A0A6G9HAY3	A0A6G9HAY3	A0A0U3QAX6,A0A1V0U6K2,A0A7L5T366	248	140
Strep_C107252	Strep_C107252A1753	2	0.014285714285714285	A0A3S8VYJ1	A0A6C0Q1D3	A0A0F7MZK0,A0A3S8VJ89,A0A1V0UGT7	1818	140
Strep_C107461	Strep_C107461A0	1	0.007142857142857143	A0A6I6WPE1	A0A6I6WPE1	A0A0U3NIK1,A0A5P9WWL3,A0A1D7Y751	248	140
Strep_C107467	Strep_C107467A216	2	0.014285714285714285	A0A7H8ZY33	A0A6I6WPH9	A0A1H4V6Z3,A0A385D7J0,A0A1S6J5E3	296	140
Strep_C107477	Strep_C107477A13	2	0.014285714285714285	A0A0C5G0A9	A0A6M4PID8	A0A1D7VGP7,A0A1W5XMT6,A0A2S1SSG1	307	140
Strep_C107855	Strep_C107855A0	1	0.007142857142857143	A0A7H8N5A1	A0A7H8N5A1	A0A2S1SP86,A0A3S8Y7Q6,A0A6I6N7E5	145	140
Strep_C107869	Strep_C107869A0	1	0.007142857142857143	A0A7H8NHI8	A0A7H8NHI8	A0A6H0D1D2,A0A0B5IGW3,A0A6G9FDU4	147	140
Strep_C108132	Strep_C108132A198	2	0.014285714285714285	A0A0F7VZB9	A0A7T7I1I8	A0A6N9VEI3,N0D247,A0A0C5GJB0	1106	140
Strep_C108180	Strep_C108180A23	4	0.02857142857142857	A0A7H0NJ50	A0A7T7RI77	A0A6N9VDY4,N0D1X7,A0A1W5YZQ8	146	140
Strep_C108371	Strep_C108371A50	2	0.014285714285714285	A0A1W5YY19	A0A0U3NZ55	A0A0F7ND78,A0A3Q8UT13,A0A7H8GU24	153	140
Strep_C108413	Strep_C108413A80	3	0.02142857142857143	A0A5P2CEA1	A0A0U3QA63	A0A0C5G0I5,A0A0F7W3M0,A0A1W5XLR3	132	140
Strep_C108415	Strep_C108415A127	2	0.014285714285714285	A0A3G4VT25	A0A0U3QA90	A0A7H8ZWZ6,A0A1V0U7N7,A0A1H4LT87	138	140
Strep_C108434	Strep_C108434A131	2	0.014285714285714285	A0A5P2B8U4	A0A0U3QXL8	A0A3G4WB92,B4V6E8,A0A6N9VDF7	206	140
Strep_C108564	Strep_C108564A55	3	0.02142857142857143	A0A7G6XN80	A0A089XA32	A0A1V0U848,A0A7H8ZWS9,A0A516R613	133	138
Strep_C108687	Strep_C108687A128	2	0.014285714285714285	A0A3S8VUW3	A0A0A8EKM1	A0A7L4ZA26,A0A426S1Y5,A0A7H9A142	138	140
Strep_C108719	Strep_C108719A122	2	0.014285714285714285	G2P8P6	A0A0A8ERQ8	N0CP41,A0A6N9V0V1,A0A0F7FR83	139	139
Strep_C108762	Strep_C108762A124	2	0.014285714285714285	B4V4Y0	A0A0A8EWC3	A0A1L7GIC0,A0A1U9P1G5,A0A6C0Q7K0	143	140
Strep_C108813	Strep_C108813A34	2	0.014285714285714285	A0A7H8ZWW3	A0A0A8F325	A0A6I6SDY1,A0A0F7FTB0,A0A6M4PQN9	141	140
Strep_C108843	Strep_C108843A23	3	0.02142857142857143	A0A7H9A1X3	A0A0B5DFP8	A0A5P2CWT7,A0A0M5ISX2,A0A0K2AYV7	140	140
Strep_C108954	Strep_C108954A0	1	0.007142857142857143	A0A0B5IKR5	A0A0B5IKR5	A0A2S1SQD0,A0A2Z4J8F5,A0A5Q0LNG3	207	140
Strep_C109077	Strep_C109077A372	3	0.02142857142857143	A0A5P9WMW0	A0A0F7FV40	A0A7H8ZRH2,A0A1V0UCM4,A0A0M4DSF6	525	140
Strep_C109127	Strep_C109127A38	5	0.03571428571428571	A0A7R8RW84	A0A0F7NCQ6	A0A5P2CMK9,A0A1U9P9I1,A0A5J6J1T7	124	140
Strep_C109294	Strep_C109294A64	2	0.014285714285714285	A0A7H8ZWJ4	G2NQM0	A0A3S8WRL0,A0A0M4EB74,A0A387HLA8	363	140
Strep_C109304	Strep_C109304A1061	2	0.014285714285714285	A0A7H8ZHT5	G2P2X0	A0A1V0UJ90,A0A7H8ZJG8,N0CZT9	2650	140
Strep_C109475	Strep_C109475A1697	2	0.014285714285714285	A0A7H8ZRC9	A0A0U3QNL2	A0A1L7GH95,A0A7G6XJT3,A0A6N9VKP1	2887	140
Strep_C109504	Strep_C109504A696	3	0.02142857142857143	A0A5P2BIR0	A0A089X2S0	A0A7H8ZTU1,A0A1V0UDL5,A0A0F7W5P0	944	140
Strep_C109617	Strep_C109617A0	1	0.007142857142857143	A0A0F7FQH9	A0A0F7FQH9	A0A7H8GUE4,A0A0B5DIC6,A0A7D5VFI2	139	139
Strep_C109627	Strep_C109627A438	2	0.014285714285714285	A0A1L6PR05	A0A0F7FZR5	A0A3S8VKK0,A0A0F7MZ17,A0A0B5IP89	1041	140
Strep_C10977	Strep_C10977A127	3	0.02142857142857143	A0A5P9WLS0	A0A345I1M7	A0A3Q8UX26,A0A0F7NIA4,A0A2K9ER93	319	140
Strep_C109847	Strep_C109847A200	3	0.02142857142857143	A0A7R8NMP9	A0A1B1AVF6	A0A1V0U9Q1,A0A7H8ZW66,A0A3G4VYP2	343	140
Strep_C109875	Strep_C109875A22	2	0.014285714285714285	A0A1V0U8Y9	A0A1D7VGL9	A0A0M4DPC4,A0A1W5Z464,A0A1H4N441	137	139
Strep_C109947	Strep_C109947A153	2	0.014285714285714285	A0A0F7VPG6	A0A1I6VYY7	A0A7G6XG80,A0A1U9P2W0,A0A7H8ZMM0	300	140
Strep_C110126	Strep_C110126A0	1	0.007142857142857143	A0A1W7CTT5	A0A1W7CTT5	A0A1H4USU3,G2NYF8,A0A5P2XHD7	140	140
Strep_C110283	Strep_C110283A203	2	0.014285714285714285	A0A0F7W2U3	A0A1S6JGE1	A0A3Q8VB96,A0A0U3PHP6,A0A1S6JD14	333	140
Strep_C110356	Strep_C110356A49	2	0.014285714285714285	A0A0F7VLX3	A0A1U9QLP8	A0A1V0UMH4,A0A7H8ZLF0,A0A2K9ENF8	172	137
Strep_C110467	Strep_C110467A0	1	0.007142857142857143	A0A1V0R6P0	A0A1V0R6P0	A0A1Z2KYN3,A0A6H0CUR7,A0A3S9Z953	320	138
Strep_C110541	Strep_C110541A172	3	0.02142857142857143	A0A143C2D2	A0A1V0TTX1	A0A0F7N7T0,A0A2K9FE01,A0A3S8VRG4	302	139
Strep_C110687	Strep_C110687A131	2	0.014285714285714285	A0A6N9VLV4	A0A1W5XTS9	A0A7H8MTC3,N0CW67,A0A1S6J7E0	643	139
Strep_C110732	Strep_C110732A0	1	0.007142857142857143	A0A1W5Z2R9	A0A1W5Z2R9	A0A4P6TYM4,A0A1A9IZ61,A0A1V0UBP0	140	139
Strep_C110752	Strep_C110752A30	2	0.014285714285714285	A0A7G6XLW2	A0A1W5ZAD0	A0A3Q8UPD7,A0A0F7N5A4,A0A5P2BA42	136	139
Strep_C110758	Strep_C110758A475	2	0.014285714285714285	A0A0F7VTI6	A0A1W7CUE5	A0A0N6ZFD9,A0A5P9WEZ3,A0A1D7VVY9	1004	140
Strep_C110767	Strep_C110767A125	5	0.03571428571428571	N0D4A8	A0A1W7CUM3	A0A6G9FEM4,A0A0M5IQ44,A0A291QGB0	134	140
Strep_C110795	Strep_C110795A459	3	0.02142857142857143	A0A0G3UJZ2	A0A1X4GNS3	A0A1V0R4L6,A0A7G6XM76,A0A1W5Z4A2	520	140
Strep_C110818	Strep_C110818A71	2	0.014285714285714285	A0A6N9VGY8	A0A1Z1W4F5	A0A1H4YX13,A0A1B1MKV2,A0A0F7N1J9	226	140
Strep_C111297	Strep_C111297A764	3	0.02142857142857143	A0A2Z5K4P0	A0A3Q8VAV5	A0A1V0UFK5,A0A7H8ZQ18,A0A0F7N5C3	1179	140
Strep_C111303	Strep_C111303A0	1	0.007142857142857143	A0A3Q8VXY5	A0A3Q8VXY5	A0A0C5GBV2,A0A2N9BG99,A0A0U3B7R5	197	140
Strep_C111543	Strep_C111543A133	3	0.02142857142857143	A0A6N9VH01	A0A5B7URQ2	A0A0M3QJK1,A0A6G9FN52,A0A516RKT9	136	140
Strep_C111577	Strep_C111577A0	1	0.007142857142857143	A0A5B8JL53	A0A5B8JL53	A0A0U3LQB9,A0A2S1SXQ6,A0A1Z2L059	179	140
Strep_C111763	Strep_C111763A0	1	0.007142857142857143	A0A5P2DF00	A0A5P2DF00	A0A0A8EWQ5,A0A1L6PJY6,A0A3G2JJ28	140	139
Strep_C111769	Strep_C111769A49	2	0.014285714285714285	A0A0F7VUA6	A0A5P2DQN0	A0A1U9NR18,B1VS77,A0A6I6N819	261	140
Strep_C111869	Strep_C111869A0	1	0.007142857142857143	A0A5Q0L8B0	A0A5Q0L8B0	A0A1Z2LCG2,A0A1Z1WFE5,A0A3Q9KY89	296	138
Strep_C11189	Strep_C11189A83	2	0.014285714285714285	A0A3G4VSH8	A0A2Z4J9Y1	A0A2U9PF03,A0A7H0I8Y0,A0A3S8X123	274	140
Strep_C111923	Strep_C111923A33	2	0.014285714285714285	A0A7H8ZT91	A0A6C0Q5B1	A0A0U3NYR8,A0A0F7VXM8,A0A6I6WTX0	139	140
Strep_C112101	Strep_C112101A243	3	0.02142857142857143	A0A6N9VJX0	A0A6I6WJP5	A0A7G6XSG9,A0A5P2DZ85,A0A0F7W623	769	140
Strep_C112105	Strep_C112105A138	2	0.014285714285714285	A0A6N9VIR2	A0A6I6WJS2	A0A2Z4ISN9,A0A0B5IAX2,A0A6H0CVR4	140	139
Strep_C112201	Strep_C112201A146	2	0.014285714285714285	A0A6G5RBJ2	A0A7G1NZN0	A0A1L6PQI1,A0A0U3M5C5,A0A222ST91	257	139
Strep_C112322	Strep_C112322A101	2	0.014285714285714285	A0A6N9VQJ5	A0A0K2AZB8	A0A0U3KQ63,A0A1L6PFQ9,A0A3G4W1P3	137	140
Strep_C112342	Strep_C112342A21	2	0.014285714285714285	A0A1V0UJJ6	A0A0K2B2V9	A0A1V0U755,A0A7H8ZXJ8,A0A0M4E951	622	140
Strep_C112404	Strep_C112404A0	1	0.007142857142857143	A0A0M4DS40	A0A0M4DS40	A0A1H4PMV4,A0A0K2AXB8,A0A7M2T2M6	140	139
Strep_C112892	Strep_C112892A46	2	0.014285714285714285	A0A1V0UF77	A0A1B1MLN0	A0A3Q8VTX9,A0A0N6ZJI5,A0A0F7NC68	165	140
Strep_C113128	Strep_C113128A20	2	0.014285714285714285	A0A7H9A113	A0A1D8G655	A0A0B5HZ66,A0A7H8H2D8,A0A1S6J797	137	138
Strep_C113162	Strep_C113162A1117	2	0.014285714285714285	A0A1V0U924	A0A1L6PD51	A0A1V0UEC8,A0A7H8ZSQ8,A0A1V0UAR9	3155	140
Strep_C11321	Strep_C11321A30	2	0.014285714285714285	A0A1U9P314	A0A385DA32	A0A0U3PJ11,A0A0F7VUB9,A0A6I6NEH9	139	140
Strep_C113312	Strep_C113312A10	2	0.014285714285714285	A0A0F7VUC3	A0A0B5HXK4	B1VY37,A0A7H0NPP2,B4V3N4	132	140
Strep_C113349	Strep_C113349A53	23	0.16428571428571428	A0A2R4T6P5	A0A0F7CNT4	A0A1B1AQP7,A0A5P9WM81,A0A1S6J8N5	57	140
Strep_C113441	Strep_C113441A23	3	0.02142857142857143	A0A7G6XKL8	A0A0F7W0Y1	A0A1V0R4A1,A0A5P2UMF8,A0A5P2DJ29	485	140
Strep_C113599	Strep_C113599A307	2	0.014285714285714285	A0A1V0UHQ6	A0A143C450	A0A0F7VU48,A0A0C5G622,A0A0F7N7X0	567	140
Strep_C113699	Strep_C113699A74	2	0.014285714285714285	A0A5P2C296	A0A1D7VXI3	A0A1Z2LD14,A0A0F7FS78,A0A7H8N690	142	140
Strep_C113705	Strep_C113705A71	3	0.02142857142857143	A0A516RF31	A0A1D7VXQ7	A0A3G4W044,A0A0G3URC7,A0A3S8WH31	134	139
Strep_C11371	Strep_C11371A0	1	0.007142857142857143	A0A387HHK3	A0A387HHK3	A0A089X9U0,A0A0U3M0X2,A0A7L4Y5W8	153	139
Strep_C113914	Strep_C113914A0	1	0.007142857142857143	A0A1W5YUQ1	A0A1W5YUQ1	A0A3S8VZ01,A0A3S9M4S9,A0A1H4QVG2	316	140
Strep_C114052	Strep_C114052A6	2	0.014285714285714285	A0A0F7VT65	A0A1Z2L677	A0A0U3EVI0,A0A0U3LCW5,D7BVL5	137	138
Strep_C114065	Strep_C114065A0	1	0.007142857142857143	A0A1Z2L6E1	A0A1Z2L6E1	A0A089X9W0,A0A1B1B991,A0A5P8K3W3	139	139
Strep_C114066	Strep_C114066A0	1	0.007142857142857143	A0A1Z2L6F1	A0A1Z2L6F1	A0A0U3Q6I3,A0A0M4DQE3,A0A7M2TDY7	145	140
Strep_C11415	Strep_C11415A37	25	0.17857142857142858	A0A344U7M3	A0A3G4VNH3	A0A345HNY3,A0A1D8G4K0,A0A1V0UE80	579	140
Strep_C114422	Strep_C114422A125	2	0.014285714285714285	A0A6N9V893	A0A1W7CU38	A0A089XBU7,A0A0M4E2Z7,A0A7H0HY96	181	139
Strep_C11457	Strep_C11457A0	1	0.007142857142857143	A0A3Q8UUN2	A0A3Q8UUN2	A0A3Q8WAX6,A0A0F7N7P9,A0A6N9VE04	144	140
Strep_C114831	Strep_C114831A279	2	0.014285714285714285	A0A0G3UK75	A0A345HXK2	A0A0U3PI09,A0A6H0CVC0,A0A7G1NFF2	835	140
Strep_C114975	Strep_C114975A119	2	0.014285714285714285	B4V1G7	A0A3Q8UXT9	N0CVW6,A0A6N9VDZ0,A0A3Q8VUA9	188	140
Strep_C115211	Strep_C115211A0	1	0.007142857142857143	A0A516RK57	A0A516RK57	A0A5B7UJF8,Q82CC8,A0A7H8T2W8	663	140
Strep_C11522	Strep_C11522A114	3	0.02142857142857143	B4V2L3	A0A3Q9G1Q9	N0CVE2,A0A7R8NYK4,A0A6N9V9Q1	122	140
Strep_C115378	Strep_C115378A128	3	0.02142857142857143	A0A3Q8UQF1	A0A3S8WN34	A0A5B7UUS4,A0A516R939,A0A2N9BCI4	139	140
Strep_C11543	Strep_C11543A145	2	0.014285714285714285	A0A3G4VU46	A0A3S8VXY3	N0D016,A0A6N9VAI3,A0A7H8ZPU8	158	140
Strep_C11584	Strep_C11584A80	2	0.014285714285714285	A0A7H8ZLR9	A0A3S9I9I9	A0A2Z5JKM3,A0A3S9Z9H4,A0A6I6FNM0	139	140
Strep_C11599	Strep_C11599A516	62	0.44285714285714284	J2JT36	A0A3S9PUA6	A0A7H8THR9,A0A7D5ZN44,A0A1X4H3B1	648	140
Strep_C115996	Strep_C115996A22	2	0.014285714285714285	A0A1V0UBP4	A0A6G9H0B1	A0A6N9VJM8,N0CYY4,A0A0M4DMR0	153	138
Strep_C116	Strep_C116A46	5	0.03571428571428571	A0A6M4PGP4	A0A7G1NQ85	A0A1V0UH54,A0A0M3QLQ6,A0A1W5YX06	118	140
Strep_C116023	Strep_C116023A122	2	0.014285714285714285	A0A7H0NJ12	A0A6I6F7R5	A0A3G4W202,B4V5Q7,A0A0F7N6E3	267	140
Strep_C116133	Strep_C116133A0	1	0.007142857142857143	A0A6I6WZJ2	A0A6I6WZJ2	A0A0U3M6N1,A0A1V0QZF7,A0A2R4T7V3	143	138
Strep_C116273	Strep_C116273A33	2	0.014285714285714285	A0A1V0UHN6	A0A1U9QQ62	A0A0U3Q0U5,A0A0F7VXI6,A0A6I6S720	139	140
Strep_C116409	Strep_C116409A40	2	0.014285714285714285	A0A7H8ZSF0	A0A1V0TL11	A0A3S9MAD7,A0A6I6S0J3,A0A5J6FFV0	179	131
Strep_C116425	Strep_C116425A467	2	0.014285714285714285	A0A1V0UIJ6	A0A1V0TNX7	A0A7H8MW93,N0D1E2,A0A7H8ZU18	680	140
Strep_C116453	Strep_C116453A0	1	0.007142857142857143	A0A1V0TTG1	A0A1V0TTG1	A0A0A8EP74,A0A6I6RWF2,A0A5P9WL32	157	139
Strep_C116510	Strep_C116510A0	1	0.007142857142857143	A0A1V0UB66	A0A1V0UB66	A0A0C5FT48,A0A1S6J8Z8,A0A1Z1WGF5	142	139
Strep_C116789	Strep_C116789A1758	2	0.014285714285714285	A0A7H8ZVJ4	A0A1Z1W6Q2	A0A1P8TP51,A0A5P2CCE4,A0A6I6FEL7	2459	140
Strep_C116793	Strep_C116793A115	64	0.45714285714285713	A0A6I6MZ54	A0A1Z1WG10	A0A1L7GH91,A0A387HLN6,A0A6I6F7G6	124	140
Strep_C116810	Strep_C116810A0	1	0.007142857142857143	A0A1Z1WK76	A0A1Z1WK76	A0A0U3PWP6,A0A1P8TES7,A0A7H8H5G3	139	139
Strep_C116901	Strep_C116901A119	3	0.02142857142857143	A0A222T1H2	A0A1Z2L0A5	A0A0N6ZIL2,A0A3S8XMP0,A0A346C6Z8	123	136
Strep_C117055	Strep_C117055A95	2	0.014285714285714285	A0A6N9V8H9	A0A221P929	A0A3G2JAQ1,A0A5P2XI85,A0A0F7VNL1	139	140
Strep_C117261	Strep_C117261A131	2	0.014285714285714285	G2NY16	A0A0A8EPX3	N0D255,A0A7H8MTC1,A0A7H8ZN14	137	140
Strep_C117524	Strep_C117524A0	1	0.007142857142857143	A0A0U3M2N1	A0A0U3M2N1	A0A1L6PH30,A0A0N6ZI19,A0A7G7BIA1	140	140
Strep_C117681	Strep_C117681A0	1	0.007142857142857143	A0A1D8G1Z7	A0A1D8G1Z7	A0A0U3Q5M6,A0A0M3QJ41,A0A0N6ZMF1	308	140
Strep_C117695	Strep_C117695A0	1	0.007142857142857143	A0A1I6SYZ3	A0A1I6SYZ3	A0A0F7FUH0,A0A0F7VZK0,A0A6I6RYK8	140	140
Strep_C117701	Strep_C117701A116	4	0.02857142857142857	A0A1L6PK95	A0A1I6T2Y2	A0A0F7N607,A0A3Q8URS0,A0A2K9FHL9	127	140
Strep_C118439	Strep_C118439A118	5	0.03571428571428571	A0A0U3BD33	A0A7H8H330	A0A1V0UBR9,A0A1L6PJ89,A0A7H8ZQ68	264	140
Strep_C118561	Strep_C118561A12	2	0.014285714285714285	A0A6G9FLY0	A0A7H8JMI5	A0A7H9A190,A0A1V0U7P3,A0A516R4Z8	136	140
Strep_C118565	Strep_C118565A126	2	0.014285714285714285	A0A1V0U845	A0A7H8JMN1	A0A6N9VLP2,N0CUF9,A0A0U3NI58	134	136
Strep_C118617	Strep_C118617A0	1	0.007142857142857143	A0A7H8K1D5	A0A7H8K1D5	A0A1Z1W8U6,A0A0B5I6R1,A0A6M4WXY3	167	137
Strep_C118679	Strep_C118679A110	2	0.014285714285714285	A0A0U3KV95	A0A7H8N219	A0A1W5YWH8,A0A0M3QLU0,A0A291QHQ7	192	137
Strep_C118732	Strep_C118732A40	2	0.014285714285714285	A0A1V0UGF7	A0A7H8NDJ6	A0A1W7CUK3,A0A0F7FXV3,A0A6G5RKB2	139	140
Strep_C118952	Strep_C118952A106	2	0.014285714285714285	A0A7G6XNV2	A0A7L4XU04	A0A0M4DWU5,A0A6G9FPD7,A0A1W5XLC2	138	140
Strep_C119129	Strep_C119129A196	2	0.014285714285714285	A0A7H8ZJU2	A0A7L5SP80	A0A516R9W6,B1VP00,A0A7H0NLC2	588	140
Strep_C119137	Strep_C119137A0	1	0.007142857142857143	A0A7L5SPC6	A0A7L5SPC6	A0A1H5ANH2,A0A1U9R010,A0A6H0CKP1	139	139
Strep_C119246	Strep_C119246A157	2	0.014285714285714285	A0A6N9VCA2	A0A7L7ME61	A0A426S7N2,A0A7L4ZDB9,A0A7H8ZYA3	294	140
Strep_C119317	Strep_C119317A0	1	0.007142857142857143	A0A387HIZ0	A0A387HIZ0	A0A0U2WWV6,A0A0F7W174,A0A6I6WIQ8	140	140
Strep_C119493	Strep_C119493A0	1	0.007142857142857143	A0A3G4VZR5	A0A3G4VZR5	A0A5P2UIA4,A0A0F7CPB6,A0A6I6FK70	145	140
Strep_C119841	Strep_C119841A132	2	0.014285714285714285	B4V9B9	A0A3Q9FU37	A0A6N9V367,N0CUQ2,A0A7H8ZR05	254	140
Strep_C119908	Strep_C119908A0	1	0.007142857142857143	A0A3Q9KBY9	A0A3Q9KBY9	A0A0A8EKV6,A0A3S8WCM5,A0A7T7L5M8	140	140
Strep_C120024	Strep_C120024A0	1	0.007142857142857143	A0A3S8W189	A0A3S8W189	A0A0F7N1E3,A0A1Z2KXH6,D7BYX6	245	139
Strep_C120253	Strep_C120253A22	8	0.05714285714285714	A0A7G6XHV7	A0A7G6XHV7	A0A7L4Z3G0,A0A1X4GTC6,S5UVK1	101	140
Strep_C120321	Strep_C120321A72	3	0.02142857142857143	A0A1P8TNH3	A0A089X6C7	A0A0U3QVQ8,A0A7H8THH2,B4VAA3	258	140
Strep_C120387	Strep_C120387A0	1	0.007142857142857143	A0A0A8EVD8	A0A0A8EVD8	A0A0M4DUI3,A0A0M5IPL8,A0A7L4YVP7	140	140
Strep_C120451	Strep_C120451A50	2	0.014285714285714285	A0A0F7N492	A0A0F7CNC5	A0A1I6RMV8,A0A0F7W350,A0A7L5T455	168	140
Strep_C120705	Strep_C120705A42	2	0.014285714285714285	A0A1D7VGZ0	A0A1D7YBJ2	A0A1X4GNE5,A0A7L4YYY7,A0A2N9BFJ4	157	140
Strep_C12082	Strep_C12082A426	3	0.02142857142857143	A0A3Q8VSA4	A0A2R4TCS9	A0A5P2C5U9,A0A0M4DMS5,A0A1W5Z1X8	1132	140
Strep_C120928	Strep_C120928A42	2	0.014285714285714285	A0A7H8ZVZ6	A0A1Z1WQM4	A0A7T1WUR7,A0A3Q8W8B7,A0A5R9LVA5	174	140
Strep_C121176	Strep_C121176A606	12	0.08571428571428572	A0A7H8ZMZ1	A0A2R4JUS9	A0A1B1MI79,A0A7H8T4S4,A0A2R4JF36	1241	140
Strep_C121233	Strep_C121233A122	2	0.014285714285714285	A0A0N6ZIL8	A0A2U9NZF6	B1W5H8,A0A7H0NTB1,A0A1W5XTS5	387	140
Strep_C121317	Strep_C121317A0	1	0.007142857142857143	A0A1W7CZA0	A0A1W7CZA0	A0A0U3QEU3,A0A191UZG7,A0A1H4KCW3	157	140
Strep_C121416	Strep_C121416A350	2	0.014285714285714285	A0A7H8ZKT3	A0A1Z1W689	A0A2K8PR68,A0A1H4SG40,A0A1W5XJS5	566	139
Strep_C12164	Strep_C12164A1136	2	0.014285714285714285	A0A7H8ZWK4	A0A2S2G0P7	A0A7G6XSB2,A0A5P2DRM0,A0A7G7BU06	1345	140
Strep_C121644	Strep_C121644A354	9	0.06428571428571428	A0A1L7GK07	A0A1Z2L1Q6	A0A0M3QI36,A0A6G9FE59,A0A0B5IAK0	485	140
Strep_C121675	Strep_C121675A0	1	0.007142857142857143	A0A1Z2LB90	A0A1Z2LB90	A0A1W7D4A2,A0A222T7G8,A0A6G9FNN5	139	139
Strep_C122795	Strep_C122795A0	1	0.007142857142857143	A0A3Q8VEL1	A0A3Q8VEL1	A0A7G1ND57,A0A0A8ETP3,A0A5P2C2P5	195	139
Strep_C122858	Strep_C122858A43	7	0.05	A0A3S8WGE0	A0A3Q8W6Z5	L8ETG8,A0A6I6FG94,A0A516REP2	131	140
Strep_C123048	Strep_C123048A164	2	0.014285714285714285	A0A222SWP7	A0A3Q9K759	A0A0G3UN07,A0A3G4VUS2,A0A3S8XTS5	169	140
Strep_C123053	Strep_C123053A447	2	0.014285714285714285	A0A1W5XU66	A0A3Q9K7A9	A0A6N9VDW6,N0CVU9,A0A0B5HSK4	783	140
Strep_C123144	Strep_C123144A19	2	0.014285714285714285	A0A0U3BJ79	A0A3S8VXN7	A0A7H8ZK23,A0A1V0UJ14,A0A5P2CRF9	150	137
Strep_C123146	Strep_C123146A188	2	0.014285714285714285	A0A0C5FYE2	A0A3S8W3V1	A0A6N9VC20,N0CX18,A0A0F7W1H6	1613	140
Strep_C123369	Strep_C123369A28	2	0.014285714285714285	A0A7H8ZW31	A0A0K2ARU8	A0A0M4DVM3,A0A0M5IWW3,A0A7G7BPX5	138	139
Strep_C123489	Strep_C123489A0	1	0.007142857142857143	A0A1A9IXU0	A0A1A9IXU0	A0A1H4QWI1,A0A5P9WN72,A0A5J6GBG5	145	139
Strep_C123550	Strep_C123550A125	2	0.014285714285714285	A0A0F7VW11	A0A1D7Y5A8	N0CQ77,A0A6N9VPF2,A0A7H9A1H2	841	139
Strep_C123645	Strep_C123645A329	2	0.014285714285714285	A0A7H8ZL39	A0A1L7GPI4	A0A0M4DUC8,A0A6G9FJU4,A0A5J6JEW5	392	139
Strep_C123695	Strep_C123695A0	1	0.007142857142857143	A0A1U9QUG5	A0A1U9QUG5	A0A6C0Q7E2,A0A0N6ZJX2,A0A3Q9KG69	139	139
Strep_C123850	Strep_C123850A50	2	0.014285714285714285	A0A7H8ZMY0	A0A1W7D6R1	A0A0U3Q239,A0A0C5FUL6,A0A3S9ID57	249	138
Strep_C124141	Strep_C124141A35	2	0.014285714285714285	A0A1U9P3T3	A0A2R4JUY2	A0A1V0UGZ1,A0A7H8ZN99,A0A6N9V8G4	183	139
Strep_C124178	Strep_C124178A152	2	0.014285714285714285	A0A3S8VPY4	A0A2S1SSP9	A0A5J6HU19,A0A3S8WK35,A0A6N9VFT7	1710	140
Strep_C124243	Strep_C124243A12	2	0.014285714285714285	A0A0M4DTS8	A0A2Z4J2S4	A0A7H9A0N5,A0A1V0UEV5,A0A3Q8UQK3	134	140
Strep_C12445	Strep_C12445A119	2	0.014285714285714285	B4VCR5	A0A2Z5JLV2	A0A1L7GM78,A0A7G6XDL7,A0A0M4DIW3	327	140
Strep_C124696	Strep_C124696A22	5	0.03571428571428571	A0A0M3QNH6	A0A5B7USH1	A0A3G4VTP9,B4V4A5,N0CQ88	128	139
Strep_C1247	Strep_C1247A0	1	0.007142857142857143	A0A5B7USP9	A0A5B7USP9	A0A0F7N349,A0A5P2B9Y3,A0A7H8JQA9	139	139
Strep_C125025	Strep_C125025A89	6	0.04285714285714286	A0A346C6P2	A0A5P8K7L2	A0A5J6GCW3,A0A5J6HIV8,A0A291QFP0	196	138
Strep_C125096	Strep_C125096A120	2	0.014285714285714285	A0A3G4VXF4	A0A5R9M7H6	G2NLZ8,A0A2S2GBK1,A0A1H4T342	130	140
Strep_C125288	Strep_C125288A0	1	0.007142857142857143	G2P666	G2P666	A0A1Z2L9L5,A0A0C5FN37,A0A6I6WYZ8	141	140
Strep_C125294	Strep_C125294A0	1	0.007142857142857143	G2PAE1	G2PAE1	A0A1H4SZ69,A0A346C162,A0A3G2JK30	139	139
Strep_C125438	Strep_C125438A0	1	0.007142857142857143	J2JV86	J2JV86	A0A089XG24,A0A346C3Q8,A0A3Q8VW06	320	140
Strep_C125487	Strep_C125487A218	2	0.014285714285714285	B1VYP5	L8ET70	A0A5P2DWB9,A0A1V0QY19,A0A1V0UHB8	236	140
Strep_C125523	Strep_C125523A0	1	0.007142857142857143	N0CLU3	N0CLU3	A0A0U3NGW1,A0A0F7VWE7,A0A6I6FSU4	143	140
Strep_C125612	Strep_C125612A0	1	0.007142857142857143	Q82BQ5	Q82BQ5	A0A0U3P1K9,A0A1A9IV71,A0A426SFL0	139	139
Strep_C125796	Strep_C125796A116	3	0.02142857142857143	A0A1L6PIE0	A0A0U3PWD5	N0CWN9,A0A7R8RXF5,A0A6N9V9F2	253	140
Strep_C125820	Strep_C125820A0	1	0.007142857142857143	A0A1H4UDE6	A0A1H4UDE6	A0A222T1S5,A0A0B5DRK9,A0A6M4WUV1	140	140
Strep_C125830	Strep_C125830A108	4	0.02857142857142857	N0CX38	A0A1H5CE48	A0A7M2T3S8,A0A7M2SIT0,A0A221P3V4	118	140
Strep_C125907	Strep_C125907A26	2	0.014285714285714285	A0A7H8ZJV2	A0A0A8F049	A0A0U3PH16,A0A0N6ZF86,A0A7H8IH35	137	138
Strep_C125933	Strep_C125933A230	3	0.02142857142857143	A0A5P2BSM1	A0A0A8F0E9	A0A6N9V417,A0A7R8NNP5,N0CV80	487	140
Strep_C12601	Strep_C12601A17	8	0.05714285714285714	A0A1E5PP42	A0A344U446	A0A6H0CHS1,A0A6M4PNY2,A0A7M2SVH7	81	140
Strep_C126016	Strep_C126016A0	1	0.007142857142857143	A0A0F7N9G7	A0A0F7N9G7	A0A2K9F7U0,A0A0C5G4Z4,A0A6M4X131	138	138
Strep_C126154	Strep_C126154A261	2	0.014285714285714285	A0A0F7NAU2	A0A0U3D081	A0A0M4E835,A0A6N9VFP2,A0A6G5RRY4	486	138
Strep_C126200	Strep_C126200A103	2	0.014285714285714285	A0A516RBD2	A0A191V9Q6	A0A7H8ZU75,A0A1V0UDT0,A0A0N6ZEL3	350	140
Strep_C126216	Strep_C126216A0	1	0.007142857142857143	A0A1A9J200	A0A1A9J200	A0A0U3NKJ0,A0A0M4DQ93,Q826I8	140	140
Strep_C126350	Strep_C126350A11	2	0.014285714285714285	N0CRV1	J2JU99	G2PE49,A0A222T6G2,A0A3Q8UMB6	799	140
Strep_C126372	Strep_C126372A83	3	0.02142857142857143	A0A5P2BIZ5	L8EQ69	A0A1L6PDX7,A0A0U3KDY5,A0A516RFU2	303	139
Strep_C126378	Strep_C126378A0	1	0.007142857142857143	L8EUY6	L8EUY6	A0A0A8EP23,A0A0U3KE43,S5V797	324	140
Strep_C1264	Strep_C1264A29	2	0.014285714285714285	N0CSX1	A0A5B7UY33	A0A7H8ZW47,A0A1V0U8L3,A0A0M4DRN0	375	137
Strep_C126566	Strep_C126566A45	6	0.04285714285714286	A0A5J6GBT5	Q82KE0	A0A7H8ZLG8,A0A1V0UHS8,A0A1L7GKT9	122	139
Strep_C12675	Strep_C12675A0	1	0.007142857142857143	A0A345HMF6	A0A345HMF6	A0A0F7VU27,A0A1V0TR04,A0A1W5XN91	139	139
Strep_C126839	Strep_C126839A2244	2	0.014285714285714285	A0A7H8ZQ16	A0A0A8F1V2	A0A7H8ZUU0,A0A1V0UAI9,A0A1V0UDW0	3663	140
Strep_C126898	Strep_C126898A111	2	0.014285714285714285	B4VE81	A0A0C5FZA3	A0A0F7N203,A0A3Q8UNX8,A0A3Q8VZ02	139	140
Strep_C126956	Strep_C126956A0	1	0.007142857142857143	A0A0F7NAQ3	A0A0F7NAQ3	A0A1U9QRD5,A0A1Z2L1N5,A0A7M2SK86	138	138
Strep_C127133	Strep_C127133A31	2	0.014285714285714285	A0A1V0UAK7	A0A1A9J5P4	A0A6I6F4J6,A0A0K2ASN5,A0A6I6W8I3	225	131
Strep_C12714	Strep_C12714A67	2	0.014285714285714285	A0A1V0UL14	A0A345I0I3	A0A089X382,A0A2R4JX96,A0A0M4DVL9	235	139
Strep_C127149	Strep_C127149A0	1	0.007142857142857143	A0A1B1B010	A0A1B1B010	A0A1H4I9W5,A0A0C5GHV6,A0A5R9LW63	158	140
Strep_C12757	Strep_C12757A44	3	0.02142857142857143	A0A0F7NAT9	A0A346C7L0	A0A1H4UPN5,G2NYB5,A0A0F7VS51	128	140
Strep_C12817	Strep_C12817A475	2	0.014285714285714285	A0A3G4W1S5	A0A385DFZ2	N0CJC0,A0A6N9VBL8,A0A0U3GFI5	492	140
Strep_C12825	Strep_C12825A0	1	0.007142857142857143	A0A385DG27	A0A385DG27	A0A0U3M1P0,A0A7T1T5U8,A0A5P2BG13	360	140
Strep_C12926	Strep_C12926A0	1	0.007142857142857143	A0A387HRD2	A0A387HRD2	A0A1H4X790,A0A0U3NZY8,A0A7R8NFD6	197	136
Strep_C13018	Strep_C13018A0	1	0.007142857142857143	A0A6I6SE42	A0A6I6SE42	A0A0A8EUT3,A0A516R4P2,A0A3S9ZR23	138	138
Strep_C13085	Strep_C13085A31	2	0.014285714285714285	A0A1V0UAG8	A0A6I6WNR0	A0A1W5ZA16,A0A0M4DZF1,A0A5B7UU02	160	140
Strep_C13424	Strep_C13424A14	2	0.014285714285714285	A0A0C5G7Z9	A0A7G1NLU1	A0A3Q8UVZ0,A0A0F7ND07,A0A0A8EBS8	239	140
Strep_C1368	Strep_C1368A106	3	0.02142857142857143	A0A3S8Y114	A0A5B8IPX1	A0A5P2BEM1,A0A3Q8UT75,A0A0F7NAA9	201	140
Strep_C13755	Strep_C13755A129	3	0.02142857142857143	A0A5P2CCX5	A0A7G7BSK5	A0A1V0U6J9,A0A7H8ZYX5,A0A0M4E0R4	137	135
Strep_C13848	Strep_C13848A676	3	0.02142857142857143	A0A5B7UV13	A0A7H0I7V3	A0A0U3KL73,A0A1L6PET7,A0A7H9A0U1	1348	140
Strep_C13864	Strep_C13864A395	2	0.014285714285714285	A0A6N9V0U9	A0A7H0IE96	A0A0A8EY25,A0A0U2WSP8,A0A3Q8W1Z2	507	138
Strep_C13888	Strep_C13888A0	1	0.007142857142857143	A0A7H0IME5	A0A7H0IME5	A0A143BVN4,A0A2N9BIX4,A0A2S2GH74	272	138
Strep_C13919	Strep_C13919A306	2	0.014285714285714285	N0CSF7	A0A7H0NCG9	A0A345HQ61,A0A0F7N9U4,A0A2S1SU16	421	140
Strep_C13985	Strep_C13985A0	1	0.007142857142857143	A0A7H1B6Y7	A0A7H1B6Y7	A0A0F7VZV1,A0A494UWV3,A0A5P8KAX1	207	139
Strep_C14429	Strep_C14429A0	1	0.007142857142857143	A0A7H8TL93	A0A7H8TL93	A0A7T7L492,A0A5P2X883,A0A6I6SCQ6	700	140
Strep_C14459	Strep_C14459A36	2	0.014285714285714285	A0A0F7N6H8	A0A7H8ZNQ2	A0A7G6XMD1,A0A1L7GE27,A0A6N9VKW3	144	139
Strep_C14743	Strep_C14743A0	1	0.007142857142857143	A0A7L5T3G8	A0A7L5T3G8	A0A0M4DXE3,A0A0M4DF82,A0A7G1NBV4	165	140
Strep_C14751	Strep_C14751A61	16	0.11428571428571428	A0A5J6J7Q2	A0A7L5T6A5	A0A345HQ91,A0A6M4WS59,A0A7G8KDS8	61	140
Strep_C14769	Strep_C14769A0	1	0.007142857142857143	A0A7L7M8Q2	A0A7L7M8Q2	A0A1D7Y3V5,A0A191V1C1,A0A7H8H0G5	142	140
Strep_C14785	Strep_C14785A12	2	0.014285714285714285	A0A0G3UJV7	A0A7L7MAH0	A0A0U3Q1M8,A0A0F7NBG2,A0A6I6W7S3	139	140
Strep_C14832	Strep_C14832A32	2	0.014285714285714285	A0A7H8ZZ35	A0A7M2SA21	A0A7L7MET5,A0A0F7N408,A0A6M4WN84	140	137
Strep_C14852	Strep_C14852A0	1	0.007142857142857143	A0A7M2SEW6	A0A7M2SEW6	A0A3S9I9K7,A0A7T7L232,A0A2K9F7E5	197	140
Strep_C15048	Strep_C15048A0	1	0.007142857142857143	A0A3S9YPA0	A0A3S9YPA0	A0A2K8PPQ9,G2PCU4,A0A3Q9KU28	265	140
Strep_C15260	Strep_C15260A0	1	0.007142857142857143	A0A5P2ALF6	A0A5P2ALF6	A0A2N9BJ14,A0A7T1TD64,A0A1Z2LB04	232	136
Strep_C15295	Strep_C15295A136	2	0.014285714285714285	A0A6N9V534	A0A5P2BPC5	A0A291QBH5,A0A5B7UVM8,A0A6I6MXN3	139	140
Strep_C15432	Strep_C15432A1061	2	0.014285714285714285	A0A7H8ZVG3	A0A5P2XCK1	A0A7H9A0C5,A0A1V0UAC2,A0A222SMZ7	3032	140
Strep_C15698	Strep_C15698A0	1	0.007142857142857143	A0A6I6S5I9	A0A6I6S5I9	A0A0U3PIR7,A0A0N6ZFR6,A0A143C8N7	177	139
Strep_C15714	Strep_C15714A254	2	0.014285714285714285	B4VA67	A0A6I6W7G0	A0A1V0U6D2,A0A7H8ZYP3,A0A1H4WDB5	399	140
Strep_C15767	Strep_C15767A112	2	0.014285714285714285	A0A1U9P2K5	A0A6M4X2P1	A0A0N6ZHM5,A0A3Q8VSU1,A0A5P2BUC8	461	140
Strep_C15927	Strep_C15927A222	2	0.014285714285714285	A0A5P2B6E7	A0A7H0IBE8	A0A3S8VW49,A0A0F7NBW4,A0A0B5ICE7	234	139
Strep_C16041	Strep_C16041A298	2	0.014285714285714285	G2P0J4	A0A1H5AAE7	A0A222TBV7,A0A494UNL5,A0A8A1UXQ5	302	140
Strep_C16071	Strep_C16071A113	2	0.014285714285714285	A0A0F7NA97	A0A089Z2L0	A0A7H8ZP32,A0A1V0UEX7,A0A3G4VZ81	135	139
Strep_C16077	Strep_C16077A46	2	0.014285714285714285	A0A7H8ZM19	A0A0A8EIV8	A0A516RE52,A0A089XHT1,A0A2S1SXS7	482	140
Strep_C16129	Strep_C16129A30	2	0.014285714285714285	A0A5P2DKJ5	A0A0B5D8H4	A0A1V0U720,A0A7H9A059,A0A516R495	137	140
Strep_C16143	Strep_C16143A143	2	0.014285714285714285	N0CNP4	A0A0B5I5F6	A0A3Q8UNL3,A0A2K9F3G6,A0A516R5P8	244	140
Strep_C16382	Strep_C16382A0	1	0.007142857142857143	A0A1A9IW50	A0A1A9IW50	B1W0S9,A0A1A9IW74,A0A6I6N6Q3	421	140
Strep_C16426	Strep_C16426A125	2	0.014285714285714285	A0A1H4UNQ2	A0A1B1MID7	A0A0F7VNV6,A0A0C5FVQ7,A0A3Q8UU40	134	139
Strep_C16447	Strep_C16447A34	4	0.02857142857142857	A0A1S6J830	A0A1D7VTS4	G2P1H4,A0A222SWC8,A0A1H4PKF9	126	140
Strep_C16581	Strep_C16581A33	2	0.014285714285714285	A0A1V0U6K6	A0A1U9R0N1	A0A0M5IXQ9,A0A0F7FQR2,A0A6M4PW54	138	138
Strep_C16653	Strep_C16653A0	1	0.007142857142857143	A0A1W5XXZ3	A0A1W5XXZ3	A0A1D7VNA4,A0A0U3DA22,A0A1S6J4A3	365	140
Strep_C16777	Strep_C16777A0	1	0.007142857142857143	A0A221P2U7	A0A221P2U7	A0A1H4TP70,A0A3S9IGQ3,A0A5P2XAM7	140	140
Strep_C16896	Strep_C16896A2	6	0.04285714285714286	A0A089Z2C8	A0A2K9FC48	A0A1V0UF05,A0A1W5YZB5,B1W401	105	140
Strep_C17398	Strep_C17398A22	6	0.04285714285714286	A0A1V0R633	A0A191UW54	A0A1V0TPD9,A0A8B1N836,A0A0D4DW08	116	140
Strep_C17496	Strep_C17496A0	1	0.007142857142857143	A0A1A9JA93	A0A1A9JA93	A0A191V9V9,A0A191VA58,A0A2K9FB88	219	140
Strep_C17662	Strep_C17662A6	29	0.20714285714285716	A0A3Q8VAL4	A0A1B1MI34	A0A222T214,A0A0M4E3F7,A0A1H4UG59	49	140
Strep_C17690	Strep_C17690A0	1	0.007142857142857143	A0A1D7VGF3	A0A1D7VGF3	A0A1H4NX29,A0A1V0RBZ7,A0A221NXI0	147	138
Strep_C1777	Strep_C1777A56	2	0.014285714285714285	B4VD07	A0A5P2AJE4	G2NV03,A0A222T8Y8,A0A1D8FXC7	137	138
Strep_C17895	Strep_C17895A109	2	0.014285714285714285	A0A6N9VEA3	A0A1D8G2B3	A0A0C5G3H1,A0A6I6S8P2,A0A7M2TF30	138	139
Strep_C17898	Strep_C17898A112	2	0.014285714285714285	A0A3G4VWP2	A0A1D8G2F6	N0D148,A0A6N9VBX4,A0A0U3NEH2	140	140
Strep_C17941	Strep_C17941A36	29	0.20714285714285716	A0A7D5ZFA1	A0A1I6QXR3	A0A3S9ZL77,A0A0U3PSP3,A0A6G5R9T2	41	140
Strep_C17959	Strep_C17959A15	6	0.04285714285714286	A0A1B1M9T2	A0A1I6UP33	A0A494V1P4,A0A3Q8VXI7,A0A1S6JD43	91	138
Strep_C17965	Strep_C17965A114	2	0.014285714285714285	A0A5P2BIQ9	A0A1L6PDX6	A0A1V0UCJ3,A0A7H8ZR84,A0A3Q8UR86	236	139
Strep_C18049	Strep_C18049A0	1	0.007142857142857143	D7C2L3	D7C2L3	A0A387HS71,A0A6M4PCE9,A0A1W5XQA0	455	140
Strep_C18067	Strep_C18067A10	2	0.014285714285714285	A0A0F7VZW1	D7C585	A0A0U3QH13,A0A6I6RW52,A0A6I6W9F5	139	140
Strep_C18133	Strep_C18133A88	3	0.02142857142857143	A0A5P2CKB4	G2NB59	A0A7D5VEN2,A0A7L4YXJ5,A0A3G4VTN1	158	140
Strep_C18249	Strep_C18249A0	1	0.007142857142857143	G2P7K2	G2P7K2	A0A0C5G0H0,A0A221NWU7,A0A7H8GXS8	139	139
Strep_C18361	Strep_C18361A31	2	0.014285714285714285	A0A7H8ZU10	J1S3Z8	A0A0M4DQ82,A0A0F7VVF7,A0A6I6RXZ7	139	140
Strep_C18523	Strep_C18523A0	1	0.007142857142857143	N0D1Y9	N0D1Y9	A0A0U3QB47,A0A0K2AYJ7,B1W1G8	140	139
Strep_C18842	Strep_C18842A27	2	0.014285714285714285	A0A1V0UEE5	A0A0B5DPF7	A0A0F7VQ87,A0A0C5G3U7,A0A0M3QM93	137	139
Strep_C18894	Strep_C18894A106	3	0.02142857142857143	A0A3S8XVL6	A0A0F7N058	A0A1V0U838,A0A7H8ZY17,A0A516R636	136	140
Strep_C18895	Strep_C18895A6	2	0.014285714285714285	A0A0C5FXI1	A0A0F7N0A7	A0A1H4WEN4,A0A0N6ZQZ6,A0A7H8GXE2	139	140
Strep_C19034	Strep_C19034A1303	2	0.014285714285714285	A0A1V0UKT7	A0A5P2C2G3	A0A1H4XNA8,A0A222T6U8,A0A1V0UMD6	4670	140
Strep_C19691	Strep_C19691A0	1	0.007142857142857143	A0A5Q0LJS9	A0A5Q0LJS9	A0A0B5HUU1,A0A5J6JCK5,A0A5P9WU78	140	140
Strep_C20085	Strep_C20085A0	1	0.007142857142857143	A0A2K9ESF9	A0A2K9ESF9	A0A3Q8UV63,A0A6C0PYW7,A0A2R4JPQ8	234	138
Strep_C20202	Strep_C20202A60	2	0.014285714285714285	A0A7H8ZRQ6	A0A2S2GHM6	A0A5J6FJX4,A0A7G7BMB3,A0A6G5RG95	196	138
Strep_C20222	Strep_C20222A0	1	0.007142857142857143	A0A2Z4ISA5	A0A2Z4ISA5	A0A5P8K838,A0A2N9B7R8,A0A3Q9KRS3	245	138
Strep_C20305	Strep_C20305A0	1	0.007142857142857143	A0A344TUH5	A0A344TUH5	A0A0U3NXQ7,A0A0G3UMT7,A0A6G9FIT4	161	135
Strep_C20393	Strep_C20393A4	2	0.014285714285714285	A0A1U9P981	A0A385DKU4	A0A1V0U9K1,A0A7H8ZWI4,A0A1L6PNV5	137	139
Strep_C20494	Strep_C20494A15	2	0.014285714285714285	A0A0G3USS9	A0A3Q8UUC6	A0A1H4U6N0,A0A0U3NPY1,A0A7H8T5H8	139	140
Strep_C21174	Strep_C21174A14	2	0.014285714285714285	A0A3G4W3A0	A0A7G1NU90	A0A6N9V7B5,N0D048,A0A0M4DP33	306	140
Strep_C21223	Strep_C21223A131	2	0.014285714285714285	A0A6N9VG87	A0A7G1P1M8	A0A7H8ZR57,A0A1V0UC82,A0A3S8VRC6	133	138
Strep_C21757	Strep_C21757A0	1	0.007142857142857143	A0A7H1B9H8	A0A7H1B9H8	A0A0A8ETK3,A0A0F7W496,A0A5P2XC14	137	135
Strep_C2178	Strep_C2178A195	2	0.014285714285714285	A0A0F7NFP2	A0A1B1MKF7	A0A2U9PB34,A0A0B5DRK5,J1SCC5	412	140
Strep_C22019	Strep_C22019A127	2	0.014285714285714285	A0A3G4VWC3	A0A1B1B6J2	A0A6N9VGF9,N0CJZ6,A0A0M3QNL9	137	139
Strep_C2202	Strep_C2202A0	1	0.007142857142857143	A0A1D7VFQ9	A0A1D7VFQ9	A0A0F7FPE3,A0A5J6HUC6,A0A1D7YCW6	250	140
Strep_C22077	Strep_C22077A28	2	0.014285714285714285	A0A0M4DH18	A0A1B1MFJ9	A0A1D7VHF6,A0A1W5XM55,A0A7H8ZXR5	421	140
Strep_C22847	Strep_C22847A285	2	0.014285714285714285	A0A7H8ZU07	A0A1V0TVT9	A0A7H8ZS33,A0A1V0UDE8,A0A0A8ELG5	658	140
Strep_C23014	Strep_C23014A0	1	0.007142857142857143	A0A3S9MM10	A0A3S9MM10	A0A2R4TCS3,A0A7H8TMX3,A0A1A9J213	542	140
Strep_C23380	Strep_C23380A0	1	0.007142857142857143	A0A5B7UQW6	A0A5B7UQW6	A0A0C5FVF0,A0A1U9QNB4,A0A2N9BBY2	432	140
Strep_C23437	Strep_C23437A0	1	0.007142857142857143	A0A5B7V5K6	A0A5B7V5K6	A0A143BSZ0,A0A0F7N4V3,A0A1Z2L7A9	233	139
Strep_C23554	Strep_C23554A134	2	0.014285714285714285	N0CY11	A0A5J6F4X2	A0A1H4QZS6,A0A222SY84,A0A3G4VPN9	449	140
Strep_C23585	Strep_C23585A950	2	0.014285714285714285	A0A3G4W049	A0A5J6FDG8	A0A0B5DJ81,A0A346CBH5,A0A5P2CB46	1725	140
Strep_C23993	Strep_C23993A0	1	0.007142857142857143	A0A5P2BG76	A0A5P2BG76	A0A0N6ZUC0,A0A1H4PEC3,A0A3S9I6M8	213	138
Strep_C24003	Strep_C24003A36	39	0.2785714285714286	A0A1B1B4P1	J1ZRL6	A0A2S2G1Y4,A0A7H0NSY2,A0A6G9FNQ5	43	140
Strep_C24091	Strep_C24091A33	2	0.014285714285714285	A0A1V0UC37	A0A1V0UC37	A0A0F7N6N0,A0A3S8VS56,A0A0M4DXH6	151	140
Strep_C24125	Strep_C24125A69	2	0.014285714285714285	A0A0N6W6H0	A0A0U3Q071	A0A4V1QE13,A0A5B7UV41,A0A7H0NI47	209	140
Strep_C24258	Strep_C24258A83	9	0.06428571428571428	A0A1V0UFG1	A0A0B5I2J3	A0A143C4I2,A0A3Q9KWA2,A0A1B1MF67	95	140
Strep_C24313	Strep_C24313A1531	2	0.014285714285714285	A0A7H8ZZ55	A0A0F7FR98	G2PDR9,A0A222T4K2,A0A0M4DV75	1664	140
Strep_C24321	Strep_C24321A0	1	0.007142857142857143	A0A0F7N416	A0A0F7N416	A0A2K9EYV8,A0A344TXX0,A0A5P8K7V0	218	139
Strep_C2460	Strep_C2460A0	1	0.007142857142857143	A0A1I6RRF5	A0A1I6RRF5	A0A0F7CNA1,A0A5Q0LLK4,A0A1D8FWY1	438	140
Strep_C24775	Strep_C24775A0	2	0.014285714285714285	A0A1V0U968	A0A1V0U968	A0A3G4VU50,B4V3N3,A0A6N9VL66	135	140
Strep_C25138	Strep_C25138A0	1	0.007142857142857143	A0A6C0PZM7	A0A6C0PZM7	A0A0U3Q9V1,A0A1A9ITA0,G2NBI3	145	140
Strep_C25144	Strep_C25144A0	1	0.007142857142857143	A0A6C0PZS2	A0A6C0PZS2	A0A0B5I8J6,A0A2Z5JS52,A0A1S6J8N1	203	136
Strep_C25182	Strep_C25182A68	2	0.014285714285714285	A0A1L6PQS4	A0A6C0Q775	A0A7T1TAU1,A0A1Z2L955,A0A5J6GNC7	143	140
Strep_C25364	Strep_C25364A0	1	0.007142857142857143	A0A6G9GT85	A0A6G9GT85	A0A0F7NFK3,A0A7L5T6K9,A0A5P2BKP7	1607	140
Strep_C25394	Strep_C25394A2	3	0.02142857142857143	A0A1L7GE38	A0A6G9H425	A0A1V0R4M2,A0A2K8PLS9,A0A5P2DHS4	130	140
Strep_C25696	Strep_C25696A1498	2	0.014285714285714285	A0A222T8H8	A0A6I6S2R6	A0A0C5G3Q2,A0A0F7VM27,A0A0C5GEE3	1948	140
Strep_C25737	Strep_C25737A23	37	0.2642857142857143	A0A1S6JFV6	A0A6I6WAD0	A0A5P2D7P9,A0A0M3QKA8,A0A5B8J3J9	46	139
Strep_C25755	Strep_C25755A153	2	0.014285714285714285	A0A5P2CX94	A0A6I6WEH3	N0D5S8,A0A7H8MZQ0,A0A0A8EFD5	209	137
Strep_C25800	Strep_C25800A0	1	0.007142857142857143	A0A6I6WSK6	A0A6I6WSK6	A0A0F7CP11,A0A6G9GSU8,A0A5J6GPD3	175	140
Strep_C26	Strep_C26A0	1	0.007142857142857143	A0A6I6WH51	A0A6I6WH51	A0A0B5I5H1,G2NW99,A0A426SF16	140	140
Strep_C26094	Strep_C26094A1285	2	0.014285714285714285	A0A1V0U868	A0A1V0U868	A0A7H8ZWM9,A0A1V0U8A0,A0A0F7N5U0	1797	140
Strep_C26128	Strep_C26128A194	2	0.014285714285714285	A0A516R626	A0A143CAU2	N0CUH4,A0A6N9VDL2,A0A6M4PRV4	352	140
Strep_C26384	Strep_C26384A149	2	0.014285714285714285	A0A1L6PGJ4	A0A1B1BDF6	A0A5J6G9T0,A0A291QGE0,A0A0F7NBW2	1154	140
Strep_C26418	Strep_C26418A126	5	0.03571428571428571	A0A7R8NRE1	A0A1B1MCY9	A0A5P2BE44,A0A6G9FSN0,A0A0M3QIU2	156	140
Strep_C26475	Strep_C26475A39	3	0.02142857142857143	A0A0F7N3T9	A0A1D7VHN3	A0A5B7UQV4,A0A516R6B1,N0CMB1	130	140
Strep_C26723	Strep_C26723A104	2	0.014285714285714285	A0A1U9QZQ8	A0A1L6PFB8	A0A7H8ZWA0,A0A1V0U7K7,A0A291Q647	265	140
Strep_C26761	Strep_C26761A0	1	0.007142857142857143	A0A1L6PPL6	A0A1L6PPL6	A0A0U3NXA3,A0A0G3UJA5,A0A7G1NP39	338	140
Strep_C27168	Strep_C27168A0	1	0.007142857142857143	A0A0M5IQV7	A0A0M5IQV7	A0A0U3BHA1,A0A7H8ZMF1,A0A2Z5JIW7	153	139
Strep_C27218	Strep_C27218A163	3	0.02142857142857143	A0A0N6W4U9	A0A143BX24	A0A1V0U7L1,A0A7H8ZXD1,A0A0U3PXQ4	216	140
Strep_C27364	Strep_C27364A122	3	0.02142857142857143	A0A3S8VTM8	A0A1D8FZ70	G2PA68,A0A1H4S6I2,A0A222TCD9	291	139
Strep_C27389	Strep_C27389A53	3	0.02142857142857143	A0A0N6ZKZ1	A0A1L7GG45	A0A5B7UWW3,A0A516RB98,A0A6G9FHA5	129	140
Strep_C27584	Strep_C27584A0	1	0.007142857142857143	A0A1Z1W819	A0A1Z1W819	A0A0U3PYV5,A0A2Z5JAC1,G2PDS4	189	139
Strep_C27649	Strep_C27649A10	2	0.014285714285714285	A0A0G3UP86	A0A1Z2L224	N0CTL8,A0A6N9VGD0,A0A1V0UEZ7	188	140
Strep_C27804	Strep_C27804A23	2	0.014285714285714285	A0A1L7GI11	A0A2R4JVD7	A0A0F7VVF6,A0A0C5FTE0,A0A089Z6U6	293	137
Strep_C27811	Strep_C27811A0	1	0.007142857142857143	A0A2R4JVK4	A0A2R4JVK4	A0A2R4JWM9,A0A1B1MKG9,A0A7H1BEC1	530	140
Strep_C27890	Strep_C27890A35	2	0.014285714285714285	A0A0U3D7A3	A0A2S2G761	A0A7H8ZMA6,A0A1V0UHB0,A0A222T2E1	152	140
Strep_C2806	Strep_C2806A112	3	0.02142857142857143	B1W0V3	A0A1U9QZH1	A0A0M5ISC5,A0A7R8RLW5,A0A1W5Z5X9	123	140
Strep_C28173	Strep_C28173A0	1	0.007142857142857143	A0A2Z5K1B9	A0A2Z5K1B9	A0A0C5GMC4,A0A7G1P8L5,A0A7L7MD53	154	135
Strep_C2828	Strep_C2828A273	2	0.014285714285714285	A0A7H8ZNE0	A0A1V0QTY3	A0A5P2DWG2,A0A222T7D3,A0A5J6IAL8	618	140
Strep_C28348	Strep_C28348A150	2	0.014285714285714285	A0A5P2CTN3	A0A3G4WCU4	A0A0G3URZ0,A0A3G4VXY6,A0A1V0UHB2	685	140
Strep_C28872	Strep_C28872A144	2	0.014285714285714285	N0CJG2	A0A5P2CJ94	A0A089X6T5,A0A1D7YI08,A0A2Z5JWN4	144	140
Strep_C29029	Strep_C29029A2141	2	0.014285714285714285	A0A6N9VKL2	A0A1D8FWP3	N0D181,A0A7H8MXT9,G2NXC5	3192	140
Strep_C29056	Strep_C29056A0	1	0.007142857142857143	A0A1L7GIA4	A0A1L7GIA4	A0A1H4SE23,A0A0K2AXQ2,A0A6I6WXE2	190	140
Strep_C29163	Strep_C29163A31	2	0.014285714285714285	A0A7H8ZPP9	A0A1V0TWG4	A0A0U3NW47,A0A0K2AXM9,A0A6M4WWJ5	138	139
Strep_C29232	Strep_C29232A0	1	0.007142857142857143	A0A1Z1W786	A0A1Z1W786	A0A0M4E9L7,B1W358,A0A5J6JB97	141	140
Strep_C29302	Strep_C29302A134	2	0.014285714285714285	A0A7G6XIK4	A0A221NSL3	A0A1V0UES6,A0A7H8ZRM2,A0A0F7N9I2	308	140
Strep_C29403	Strep_C29403A38	41	0.29285714285714287	A0A1K1VUX3	A0A2N9B0V7	A0A143C5V8,A0A5B7UYW2,A0A221P2K2	154	140
Strep_C29404	Strep_C29404A0	1	0.007142857142857143	A0A2N9B0V9	A0A2N9B0V9	A0A0C5G9I1,A0A2Z5JTI0,A0A5J6GBM7	173	137
Strep_C29530	Strep_C29530A911	2	0.014285714285714285	A0A7H8ZNT0	A0A2S1SYL3	A0A6I6SCW2,A0A2N9B8J5,A0A5P2BP96	960	140
Strep_C29602	Strep_C29602A94	6	0.04285714285714286	A0A7H8ZMP1	A0A2Z5JIP8	A0A1P8TFC0,A0A5P2CSL4,A0A0K2AYQ8	102	140
Strep_C29866	Strep_C29866A117	2	0.014285714285714285	A0A1V0UEV0	A0A3Q9C8A9	A0A5P9WF53,A0A0N6ZGP1,A0A3S8VTU6	969	140
Strep_C29914	Strep_C29914A0	1	0.007142857142857143	A0A3Q9L025	A0A3Q9L025	A0A0U3NZM5,A0A0N6ZR80,A0A1V0TN07	140	140
Strep_C30119	Strep_C30119A0	1	0.007142857142857143	A0A0F7FUA9	A0A0F7FUA9	A0A7H8HAU1,A0A5B7UWF8,A0A5B8JBK3	140	139
Strep_C30174	Strep_C30174A152	4	0.02857142857142857	A0A191UW04	A0A0F7N4H6	A0A1P8TMN7,A0A5P2B7P1,A0A0C5FNP2	265	140
Strep_C30181	Strep_C30181A0	1	0.007142857142857143	A0A0F7N7Q9	A0A0F7N7Q9	A0A0U3F9Q3,A0A143C0N5,A0A7L4Y2V9	142	140
Strep_C30182	Strep_C30182A0	1	0.007142857142857143	A0A0F7N7R4	A0A0F7N7R4	A0A0U3Q5M7,A0A0U3LI54,G2NXP1	140	140
Strep_C30189	Strep_C30189A127	2	0.014285714285714285	A0A3G4W2E0	A0A0F7NCB2	A0A3Q8UUI3,A0A0F7NAX3,A0A2K9F1P3	151	140
Strep_C30234	Strep_C30234A84	2	0.014285714285714285	A0A1D7VHS0	A0A0F7VMF4	A0A0M5IT34,A0A1L6PV29,A0A1V0UM84	261	139
Strep_C30281	Strep_C30281A0	1	0.007142857142857143	A0A0F7VX90	A0A0F7VX90	A0A0B5HPT7,A0A6I6RYY6,A0A7H1BF96	283	139
Strep_C3053	Strep_C3053A116	3	0.02142857142857143	B1W3F9	A0A6I6WKS4	A0A6G9FMK9,A0A0M4DF65,A0A3G4VRX9	127	140
Strep_C30542	Strep_C30542A0	1	0.007142857142857143	A0A0M4DNC3	A0A0M4DNC3	A0A1L6PCE7,A0A3S9Z5S8,A0A0U3KPQ1	549	140
Strep_C30553	Strep_C30553A37	3	0.02142857142857143	A0A0F7N7L2	A0A0M4DTP9	A0A0U2SZ59,A0A1L6PK41,A0A1U9NZ97	140	140
Strep_C30770	Strep_C30770A117	2	0.014285714285714285	A0A516RHV2	A0A191UU78	A0A0U3PX67,A0A3Q8W0T7,A0A0N6ZS09	141	140
Strep_C30807	Strep_C30807A131	4	0.02857142857142857	A0A143C7W9	A0A191V6C5	A0A3Q8UV39,A0A2K9FC54,A0A0F7NFD5	343	140
Strep_C30828	Strep_C30828A0	1	0.007142857142857143	A0A1A9IWV3	A0A1A9IWV3	A0A0U3QUF0,A0A0M4E8N7,G2P6M2	140	140
Strep_C30922	Strep_C30922A16	67	0.4785714285714286	A0A7H8JWD2	A0A1B1AXT1	A0A1D8G4X2,A0A6C0Q6N0,A0A0B5IAV4	31	140
Strep_C310	Strep_C310A0	1	0.007142857142857143	A0A7H8JKF8	A0A7H8JKF8	A0A0U3Q8C3,A0A0K2AMT2,A0A7H1Q9R9	137	137
Strep_C31148	Strep_C31148A153	2	0.014285714285714285	A0A3G4VPF3	A0A7T1T5U3	A0A7H8ZQ19,A0A1V0UF61,A0A1H4SGM1	282	140
Strep_C31152	Strep_C31152A0	1	0.007142857142857143	A0A7T1T5W6	A0A7T1T5W6	A0A0F7N8L7,A0A1B1MFL1,A0A516RC72	140	140
Strep_C31169	Strep_C31169A131	2	0.014285714285714285	A0A7H8MKC7	A0A7T1TB43	A0A0U3PTT8,A0A1B1BCG6,A0A385DG83	275	139
Strep_C31192	Strep_C31192A23	4	0.02857142857142857	B1W1E2	A0A7T1WQP8	A0A6G5RIX5,A0A143C6D9,A0A2N9B7B0	231	140
Strep_C31240	Strep_C31240A119	2	0.014285714285714285	A0A1U9NUQ3	A0A7T4PNP2	A0A1V0UKC4,A0A7H8ZJR6,A0A0U3LR60	1033	140
Strep_C3127	Strep_C3127A76	2	0.014285714285714285	B4V419	A0A7D5VEF9	A0A387HPX6,A0A1P8TLK2,A0A191UX38	141	140
Strep_C31294	Strep_C31294A43	2	0.014285714285714285	A0A3S8VUA5	A0A7T7KWG2	A0A0U3QN17,A0A0F7VXD3,A0A6M4PH34	140	140
Strep_C31434	Strep_C31434A224	2	0.014285714285714285	A0A7G6XSB5	A0A8A1V0W0	A0A0A8EG64,A0A1L6PCH4,A0A385DAS7	291	138
Strep_C32077	Strep_C32077A140	2	0.014285714285714285	B4VCL1	A0A7H0I666	A0A0U3Q0W7,A0A3Q8VQN3,A0A5P9WVH0	194	140
Strep_C32224	Strep_C32224A565	2	0.014285714285714285	A0A3Q8UUV8	A0A7H1B0H5	N0D242,A0A6N9V6X3,A0A3Q8UUR4	923	140
Strep_C32234	Strep_C32234A0	1	0.007142857142857143	A0A7H1B675	A0A7H1B675	A0A0F7VWR7,A0A6I6SND3,A0A1H4TKI5	139	139
Strep_C32401	Strep_C32401A1299	2	0.014285714285714285	A0A1V0UB43	A0A7H8GYN5	A0A7H8ZY32,A0A1V0U8F0,A0A0F7MXH6	3476	140
Strep_C32550	Strep_C32550A0	1	0.007142857142857143	A0A7H8K286	A0A7H8K286	A0A1V0TZ22,A0A5P2D280,A0A5J6GAH8	161	137
Strep_C32586	Strep_C32586A29	2	0.014285714285714285	A0A1V0UIC8	A0A7H8MVJ8	A0A0U3NIN3,A0A0K2B182,A0A7M2SEN0	138	138
Strep_C32727	Strep_C32727A30	23	0.16428571428571428	A0A1X4GTS9	A0A7H8T7N5	A0A1U9P178,A0A6G9FGR8,A0A6M4WSJ7	57	140
Strep_C32964	Strep_C32964A21	3	0.02142857142857143	A0A7R8RW76	A0A7L4Z896	A0A2K8P9V1,A0A5J6J3W7,A0A3G4W165	128	137
Strep_C3306	Strep_C3306A0	1	0.007142857142857143	A0A7H0NQ83	A0A7H0NQ83	A0A1L6PP80,A0A7L5SU00,A0A0U3NWX7	139	139
Strep_C33191	Strep_C33191A118	3	0.02142857142857143	A0A0U3LEK6	A0A7L4Y1G5	A0A0C5GCJ9,A0A0F7W516,A0A3G4VVJ9	130	140
Strep_C33290	Strep_C33290A367	2	0.014285714285714285	N0CN41	A0A7L4Z8S0	A0A1W5XIA6,A0A0U3NLJ8,A0A6I6RZZ0	379	140
Strep_C33364	Strep_C33364A195	2	0.014285714285714285	A0A1V0UB86	A0A7L5T395	A0A7H8MN67,N0CW96,N0CZ00	398	140
Strep_C33447	Strep_C33447A26	2	0.014285714285714285	A0A0U3M7W1	A0A7L7MG53	A0A7G6XPU2,A0A1U9NUN3,A0A0F7NDF5	133	138
Strep_C33649	Strep_C33649A64	2	0.014285714285714285	A0A0C5G4A8	A0A7R8NT69	A0A0U3M5K0,A0A1L6PI20,A0A1V0UF99	217	140
Strep_C33893	Strep_C33893A1502	2	0.014285714285714285	A0A5P2BBN1	A0A7T7I051	N0CSW0,A0A7H8MIL5,A0A0N6ZFZ9	6105	140
Strep_C33945	Strep_C33945A159	2	0.014285714285714285	A0A6N9VF29	A0A7T7RGT4	A0A3Q8W126,A0A0N6ZUI2,N0D684	308	136
Strep_C34012	Strep_C34012A119	2	0.014285714285714285	A0A7G1NG04	A0A7L4Z0C9	B4V9E0,A0A3G4VUK4,N0CQS5	156	137
Strep_C34145	Strep_C34145A2	2	0.014285714285714285	A0A0F7VW89	A0A7T1WUT2	A0A5P2B7G6,A0A0A8EYU8,A0A089X3B7	137	139
Strep_C34195	Strep_C34195A909	2	0.014285714285714285	A0A7H8ZQI5	A0A7T7RGK6	A0A1W5YZN2,A0A0M3QMG0,A0A516RBM9	1335	140
Strep_C3429	Strep_C3429A0	1	0.007142857142857143	A0A7H8JYM8	A0A7H8JYM8	A0A3S8XYS1,A0A1Z1W3M6,A0A1V0U9Z1	261	140
Strep_C34342	Strep_C34342A123	2	0.014285714285714285	B4VCM6	G2P0M4	A0A1I6QG31,A0A0F7W6H3,A0A6M4PNK6	138	139
Strep_C34390	Strep_C34390A150	2	0.014285714285714285	N0CKV0	J2JXV2	A0A0C5FNC5,A0A0F7W6H8,A0A7H8ZZA7	159	140
Strep_C34413	Strep_C34413A147	2	0.014285714285714285	A0A7H9A0B0	N0CU57	A0A0F7N4D5,A0A3Q8URA2,A0A0U3PPQ6	222	139
Strep_C34491	Strep_C34491A38	3	0.02142857142857143	A0A5J6GEN0	A0A0U2WR92	A0A2N9BA40,A0A7G1NI33,A0A2Z5K4N8	125	140
Strep_C34518	Strep_C34518A127	3	0.02142857142857143	G2PCA0	A0A0U3GJN8	A0A3Q8VUS0,A0A1S6J6F4,A0A0N6ZGZ3	131	140
Strep_C34563	Strep_C34563A65	4	0.02857142857142857	A0A1V0UAB9	A0A0U3PWS2	A0A5P2BH71,A0A1L7GEZ2,A0A7G6XL84	164	140
Strep_C34627	Strep_C34627A0	1	0.007142857142857143	A0A1H4MW07	A0A1H4MW07	A0A0A8ESS4,G2NWT4,A0A291Q7W1	173	140
Strep_C34673	Strep_C34673A148	2	0.014285714285714285	A0A3G4W0E8	A0A1H4XVH5	A0A6N9VD81,N0D2K9,A0A0F7W6T2	419	140
Strep_C34691	Strep_C34691A38	5	0.03571428571428571	N0D2B9	N0D2B9	A0A0U3LK71,A0A1L6PGV3,A0A0M4DUZ6	106	140
Strep_C34766	Strep_C34766A1030	2	0.014285714285714285	A0A0F7MZ01	A0A0A8EE87	A0A5P2CGX9,B4V9D9,A0A3G4VYD8	1124	140
Strep_C34774	Strep_C34774A138	5	0.03571428571428571	A0A7R8NJC4	A0A0A8EEC8	A0A5P2C237,A0A3G4VRM1,B4VGB2	515	140
Strep_C34830	Strep_C34830A0	1	0.007142857142857143	A0A0A8ETU8	A0A0A8ETU8	A0A1H4LBL0,A0A222SSD0,A0A7D5ZN27	284	136
Strep_C34960	Strep_C34960A24	4	0.02857142857142857	A0A2Z5JVY8	A0A0B5HUG9	A0A0M5IXS0,A0A1W5Z773,A0A2S2G240	107	139
Strep_C35190	Strep_C35190A123	2	0.014285714285714285	A0A0F7N7S5	A0A291QBU1	A0A7L4Z4C2,A0A1X4GRJ3,A0A5P2CIE7	165	140
Strep_C35247	Strep_C35247A46	16	0.11428571428571428	A0A2S2G671	A0A291W4P5	A0A516R862,A0A1P8TK92,A0A3S8W9R5	55	140
Strep_C35460	Strep_C35460A74	4	0.02857142857142857	A0A5J6I163	A0A2K9FQ44	A0A3S8W0T6,A0A0F7NE23,A0A7R8RZX2	202	140
Strep_C36002	Strep_C36002A0	1	0.007142857142857143	A0A6H0CIM1	A0A6H0CIM1	A0A0F7FZA1,A0A3G4W1Y0,A0A7D5ZU47	143	138
Strep_C36015	Strep_C36015A27	4	0.02857142857142857	A0A1V0UAE2	A0A6H0CMF3	A0A5P9WQI3,A0A0N6ZNQ4,A0A346C0T4	124	140
Strep_C36035	Strep_C36035A220	2	0.014285714285714285	B4V936	A0A6H0CSN3	A0A291Q607,A0A5J6GMQ1,A0A516R5J2	442	140
Strep_C36273	Strep_C36273A6	2	0.014285714285714285	A0A3Q8UN02	A0A6I6S1G5	A0A345HJI8,A0A089YU89,A0A6G9H5H0	147	140
Strep_C36304	Strep_C36304A3	2	0.014285714285714285	A0A1V0UJL7	A0A6I6S8R0	A0A1I6VQX2,A0A0F7NHB0,A0A1U9PAQ7	410	140
Strep_C36309	Strep_C36309A1176	2	0.014285714285714285	A0A0U3LY38	A0A6I6S8V5	A0A7H8ZWF9,A0A1V0U811,A0A0M3QNI9	1923	140
Strep_C36311	Strep_C36311A0	1	0.007142857142857143	A0A6I6WBG3	A0A6I6WBG3	A0A0U3F033,A0A0K2ANE4,A0A7H1BF30	140	140
Strep_C36660	Strep_C36660A126	2	0.014285714285714285	A0A516RDD5	A0A7G1NK48	A0A1V0UJY8,A0A7H8ZK52,A0A1V0UBB1	1060	140
Strep_C36895	Strep_C36895A109	3	0.02142857142857143	A0A2K9F662	A0A7G6XSP9	A0A1V0UDG4,A0A7H8ZRU1,A0A0M4DX54	211	140
Strep_C3703	Strep_C3703A117	2	0.014285714285714285	A0A3G4VPQ3	A0A7T1WT39	A0A6G9FQE0,A0A0M5IZG0,N0CSI3	131	139
Strep_C3709	Strep_C3709A127	3	0.02142857142857143	G2P9Y0	A0A7T1WT74	A0A291QCP6,A0A5J6GGD0,A0A143C356	151	140
Strep_C37201	Strep_C37201A107	2	0.014285714285714285	A0A1V0U980	A0A7L5SQW3	A0A1L6PSL1,A0A0U3LAL6,A0A1V0UL51	4084	140
Strep_C37336	Strep_C37336A0	1	0.007142857142857143	A0A7T1T6V1	A0A7T1T6V1	B1VY73,A0A0F7FYA5,A0A5B7UZN9	153	139
Strep_C37342	Strep_C37342A30	2	0.014285714285714285	A0A1V0R2D2	A0A7T1WT90	A0A7H8ZRW9,A0A1V0UDS9,A0A1W5Z0V4	137	140
Strep_C37346	Strep_C37346A181	2	0.014285714285714285	A0A7H8ZTG5	A0A7T1WTC6	A0A7H8ZWP4,A0A1V0UA04,A0A0F7N1P4	278	140
Strep_C37427	Strep_C37427A0	1	0.007142857142857143	A0A8B1NUT7	A0A8B1NUT7	A0A0M4DS96,A0A7H0NNZ3,A0A5J6GN98	431	140
Strep_C37631	Strep_C37631A32	2	0.014285714285714285	A0A3G4VUN3	Q828N8	A0A1V0R5I6,A0A5P2DJH1,A0A7H8ZWW2	249	140
Strep_C37734	Strep_C37734A0	1	0.007142857142857143	A0A089XD81	A0A089XD81	A0A0B5DCK8,A0A494UTM0,A0A1L6PL16	138	138
Strep_C37905	Strep_C37905A143	2	0.014285714285714285	A0A222SUE5	A0A0F7FRI6	A0A7H8ZPY7,A0A1V0UGG1,A0A0U3MAJ8	167	140
Strep_C37919	Strep_C37919A0	1	0.007142857142857143	A0A0F7MYR8	A0A0F7MYR8	A0A0F7NAB5,A0A0B5I713,A0A6M4WMZ7	178	138
Strep_C37992	Strep_C37992A125	4	0.02857142857142857	A0A7H0NVH7	A0A0K2AZU4	A0A1W5YX80,A0A0M3QLR4,A0A2N9B633	133	140
Strep_C38197	Strep_C38197A134	2	0.014285714285714285	A0A3G4VYJ7	A0A5R9LYS2	A0A0C5G5C4,A0A0F7VNK7,A0A7H8ZPI4	136	139
Strep_C38218	Strep_C38218A64	2	0.014285714285714285	A0A516R973	A0A6C0Q4M5	A0A1U9QUZ0,A0A2S1STI2,A0A1V0TVF1	138	139
Strep_C38518	Strep_C38518A119	2	0.014285714285714285	A0A3G4VTE9	A0A7G1NZJ4	A0A6N9VDV1,N0CXK0,A0A1W5XNW5	137	140
Strep_C3858	Strep_C3858A0	1	0.007142857142857143	D7BRV8	D7BRV8	A0A7L5SZQ9,A0A1B1MGK5,A0A5J6GG71	201	140
Strep_C38704	Strep_C38704A49	3	0.02142857142857143	A0A5P2BJZ0	A0A7H1PWL1	A0A7H8ZMG6,A0A1V0UHU7,A0A1H4UZ01	174	140
Strep_C38765	Strep_C38765A119	3	0.02142857142857143	B1W3C4	A0A7H8JL87	B4VEC3,A0A3G4VPW1,A0A6N9VKE7	132	140
Strep_C38858	Strep_C38858A0	1	0.007142857142857143	A0A7H8ZZ20	A0A7H8ZZ20	A0A1H4KUC4,A0A1L7GC17,A0A5P8JZA9	140	140
Strep_C39034	Strep_C39034A1840	2	0.014285714285714285	A0A1V0UHZ6	A0A7H8IJW7	A0A0C5FUP3,A0A0F7VWK1,A0A1U9P0V7	1909	140
Strep_C39128	Strep_C39128A0	1	0.007142857142857143	A0A7H8JMA9	A0A7H8JMA9	A0A0F7FS23,G2NT39,A0A7G1NW58	279	140
Strep_C39779	Strep_C39779A172	2	0.014285714285714285	A0A6N9VBB0	A0A7L7M8C7	A0A1D7VDR6,A0A1W5XQJ2,A0A0A8EJM5	294	140
Strep_C39830	Strep_C39830A245	2	0.014285714285714285	A0A7H8ZTC8	A0A7L7MH42	Q82LP4,A0A0F7NJX7,A0A6I6S5M9	276	140
Strep_C39959	Strep_C39959A141	2	0.014285714285714285	A0A6G9FH05	A0A7M2T8D9	A0A1V0UGD4,A0A7H8ZPJ6,A0A5J6G8H3	265	140
Strep_C40018	Strep_C40018A143	2	0.014285714285714285	A0A6N9V9M6	A0A7H8IPY9	A0A0A8F0J3,A0A1I6UBF6,A0A5B8JGG2	173	139
Strep_C40329	Strep_C40329A112	2	0.014285714285714285	A0A1H4P0F5	A0A7T1WU33	A0A7H8ZVK0,A0A1V0UAK2,A0A0M4DYK2	604	140
Strep_C40336	Strep_C40336A0	1	0.007142857142857143	A0A7T1WU84	A0A7T1WU84	A0A1H4LPN4,A0A0K2AQQ9,A0A7H1BDH4	162	140
Strep_C40337	Strep_C40337A1750	3	0.02142857142857143	A0A2K9F3X1	A0A7T1WU88	A0A7H0NRS0,A0A1V0U7C9,B1W1W4	1920	140
Strep_C40339	Strep_C40339A0	1	0.007142857142857143	A0A7T1WUA4	A0A7T1WUA4	A0A222T4R1,A0A2K9FJK9,A0A3Q9FSH8	138	138
Strep_C40386	Strep_C40386A0	1	0.007142857142857143	A0A8B1PEN9	A0A8B1PEN9	A0A1D7YFX6,A0A0B5DLD0,A0A6G9GY65	146	140
Strep_C40528	Strep_C40528A0	1	0.007142857142857143	I2N237	I2N237	A0A1H4QYF2,A0A0K2AUL4,A0A6M4WQL6	139	139
Strep_C40529	Strep_C40529A0	1	0.007142857142857143	I2N257	I2N257	A0A0U3P2V2,A0A7H8JUA4,G2NEU7	152	139
Strep_C40709	Strep_C40709A0	1	0.007142857142857143	A0A1H4IAZ9	A0A1H4IAZ9	A0A2Z4J866,A0A0F7VXN1,A0A7H0NR56	604	140
Strep_C40794	Strep_C40794A67	14	0.1	G2NFA2	G2NFA2	A0A5B7UZC0,A0A1Z1WHE5,A0A3Q9FYQ2	74	140
Strep_C40797	Strep_C40797A8	18	0.12857142857142856	A0A346C4W3	A0A346C4W3	A0A2Z5K5Z7,A0A221NXZ6,A0A7M2T4I0	54	140
Strep_C40798	Strep_C40798A9	109	0.7785714285714286	A0A0A8ELJ5	A0A0A8ELJ5	N0CZG1,A0A7G1P585,A0A6G9H1G7	15	140
Strep_C40799	Strep_C40799A22	60	0.42857142857142855	D7BQX0	D7BQX0	A0A344TV80,A0A2R4T6Q3,A0A1V0TSF8	50	140
Strep_C40801	Strep_C40801A20	44	0.3142857142857143	A0A7M2T2K7	A0A7M2T2K7	A0A1P8TGT5,A0A0N6ZJ70,A0A7H8JV39	21	139
Strep_C40802	Strep_C40802A117	2	0.014285714285714285	A0A7H0NIU0	A0A7H0NIU0	C9YWA6,A0A5P8K9T0,A0A222T0E7	128	140
Strep_C40806	Strep_C40806A34	29	0.20714285714285716	A0A5J6GMC2	A0A5J6GMC2	A0A3S9M4H5,A0A6M4PUW9,A0A3Q8VY82	58	139
Strep_C40988	Strep_C40988A0	1	0.007142857142857143	A0A0A8ER30	A0A0A8ER30	A0A1H4SWY4,A0A3S9PI20,A0A5P2BD71	141	140
Strep_C41315	Strep_C41315A0	1	0.007142857142857143	A0A3Q8W8V4	A0A3Q8W8V4	A0A2K8PI46,A0A5P2DDT1,C9YZK3	139	139
Strep_C41410	Strep_C41410A142	2	0.014285714285714285	A0A0F7N1Q3	A0A3Q9EXC6	A0A0C5FXI9,A0A0F7VWT1,A0A3Q8UMX4	369	140
Strep_C41463	Strep_C41463A108	2	0.014285714285714285	A0A143BWG4	A0A3Q9G094	N0CMH1,A0A6N9VMG9,A0A1B1M5Z6	155	140
Strep_C41630	Strep_C41630A0	1	0.007142857142857143	A0A3S8WMB9	A0A3S8WMB9	A0A0U3GAU4,A0A346CCY5,A0A1S6JKD9	326	140
Strep_C41741	Strep_C41741A0	1	0.007142857142857143	A0A3S9ICX5	A0A3S9ICX5	A0A0U3NDW8,A0A3S8W1W2,A0A344TXT6	704	140
Strep_C41826	Strep_C41826A0	1	0.007142857142857143	A0A3S9PQ14	A0A3S9PQ14	A0A1H4X2M6,A0A3Q8UPD2,A0A2R4JPI5	197	136
Strep_C4189	Strep_C4189A37	3	0.02142857142857143	A0A5J6GNW7	A0A6H0D1J9	A0A0M3QK96,A0A6G9FP98,A0A3G4VPN6	122	140
Strep_C41952	Strep_C41952A0	1	0.007142857142857143	A0A494V7D0	A0A494V7D0	A0A0U3Q9D6,A0A0F7VY03,A0A7G3UIY4	141	140
Strep_C42011	Strep_C42011A0	1	0.007142857142857143	A0A291Q388	A0A291Q388	A0A1H4WH33,A0A0F7N1U1,A0A5P2X700	156	140
Strep_C42062	Strep_C42062A310	2	0.014285714285714285	A0A7H8ZVB9	A0A291QN24	A0A5P2B8X9,A0A0F7VKV9,A0A0C5FRL5	1027	140
Strep_C4221	Strep_C4221A0	1	0.007142857142857143	A0A6I6RYP3	A0A6I6RYP3	A0A1H4Z3M9,A0A1L6PDN3,A0A1L6PNH4	298	140
Strep_C42214	Strep_C42214A162	2	0.014285714285714285	A0A1V0UB53	A0A2K9FJV7	A0A0U3QGB0,A0A3Q8UPE8,A0A5P2C140	285	140
Strep_C42227	Strep_C42227A53	2	0.014285714285714285	A0A7H8ZSF3	A0A2N9B1Y2	A0A3S8Y9R0,A0A2K8PH11,A0A5B7UWS7	173	140
Strep_C42293	Strep_C42293A106	2	0.014285714285714285	A0A1V0UHY9	A0A2R4JEP2	A0A0A8EN99,A0A1W7CUP7,A0A7H1B4L3	139	140
Strep_C4260	Strep_C4260A114	3	0.02142857142857143	B1VSK3	A0A6I6WVP4	A0A5P2BWR8,A0A6G9FGN1,A0A0M3QIL1	127	140
Strep_C4264	Strep_C4264A130	3	0.02142857142857143	A0A222T224	A0A6I6WVW0	A0A1L6PG25,A0A0U3LK06,A0A5J6GEA3	134	140
Strep_C42644	Strep_C42644A0	1	0.007142857142857143	A0A2U9PBY8	A0A2U9PBY8	A0A143CCR3,A0A0M4DVD4,A0A7L4Z4C0	185	139
Strep_C43059	Strep_C43059A66	2	0.014285714285714285	A0A1V0U764	A0A5P2BT53	A0A0B5I3Q9,A0A1A9ISX2,A0A5P2XFC0	163	140
Strep_C43267	Strep_C43267A2	128	0.9142857142857143	A0A2R4T6J8	A0A5R9M617	A0A0F7FUI3,A0A6I6WJQ4,A0A1W7CWA2	7	139
Strep_C43460	Strep_C43460A23	4	0.02857142857142857	A0A0M4DXI4	A0A6I6W6M1	A0A346C279,A0A0N6ZK18,A0A5P9WLY4	135	140
Strep_C43710	Strep_C43710A120	2	0.014285714285714285	A0A3G4W508	A0A7H0ITC3	N0CJI7,A0A6N9VI55,A0A7G6XQB2	133	135
Strep_C43757	Strep_C43757A373	3	0.02142857142857143	G2P8Q6	A0A7H1PT06	B4V480,A0A3G4VUF7,A0A5P2CEP3	1377	140
Strep_C43852	Strep_C43852A27	17	0.12142857142857143	A0A7M2T6G4	A0A7H8JWM3	B1VZ14,A0A1W5Z9J5,A0A7H8ZZN6	307	140
Strep_C4388	Strep_C4388A992	2	0.014285714285714285	A0A7H8ZK47	A0A7G1PFD0	A0A0B5D6V3,A0A0U3GI08,A0A7D5ZIR3	1102	140
Strep_C43888	Strep_C43888A0	1	0.007142857142857143	A0A7H8NGN5	A0A7H8NGN5	A0A1B1MKC2,A0A0B5DIT8,A0A5P2BI83	181	140
Strep_C43974	Strep_C43974A123	2	0.014285714285714285	B4V9R4	A0A7L4Z2B7	A0A1H4QRC9,A0A0M4DK61,A0A7G6XJT8	174	139
Strep_C44301	Strep_C44301A122	3	0.02142857142857143	A0A1H4MVX7	A0A4P6U2V1	A0A3G4VUH0,B4V499,A0A1L6PNZ2	266	140
Strep_C44395	Strep_C44395A31	2	0.014285714285714285	A0A1L6PNX5	A0A516R790	A0A7H8ZWR7,A0A1V0U8Y3,A0A0U3GAD0	137	139
Strep_C44667	Strep_C44667A11	4	0.02857142857142857	A0A6M4PKC3	A0A5J6F9W4	A0A7L4Z3I6,A0A2Z4IYY2,A0A1X4GTG0	126	140
Strep_C44675	Strep_C44675A0	1	0.007142857142857143	A0A5J6FDN2	A0A5J6FDN2	A0A0A8ESK4,A0A1L7GDH0,A0A221NWM9	140	140
Strep_C44704	Strep_C44704A58	2	0.014285714285714285	A0A1V0UDB1	A0A5J6G4G6	A0A3S8XS10,A0A0N6ZPE3,A0A1U9P032	162	140
Strep_C45093	Strep_C45093A17	3	0.02142857142857143	A0A1V0R4J5	A0A5R9LMQ8	A0A5J6I413,A0A2N9BEU8,A0A2Z5JZY8	125	140
Strep_C45098	Strep_C45098A0	1	0.007142857142857143	A0A5R9LNG0	A0A5R9LNG0	A0A5R9MA94,A0A0F7VN81,A0A221NVY7	144	139
Strep_C45196	Strep_C45196A0	1	0.007142857142857143	A0A6H0CH50	A0A6H0CH50	A0A1I6RW54,A0A1W5XMW1,A0A5P2C2D6	147	140
Strep_C45328	Strep_C45328A188	3	0.02142857142857143	A0A7H0NJK2	A0A6I6WXW5	A0A0N6ZLS9,A0A3Q8VUU2,A0A346C451	1073	140
Strep_C45498	Strep_C45498A0	1	0.007142857142857143	A0A7H0HQW5	A0A7H0HQW5	A0A1U9P6N4,A0A0N6ZH20,A0A3S9Y755	1359	140
Strep_C4560	Strep_C4560A0	1	0.007142857142857143	A0A7H8IL43	A0A7H8IL43	A0A1H5AL32,A0A191UUR9,S5V5V7	867	140
Strep_C45666	Strep_C45666A176	2	0.014285714285714285	C9YTR5	A0A7H8K053	N0CP55,A0A6N9VQ58,A0A6G9FE55	584	140
Strep_C45679	Strep_C45679A1189	2	0.014285714285714285	A0A0M4DGB4	A0A7H8K0D8	A0A7H8ZX18,A0A1V0U7E8,A0A3G4VYU6	1368	140
Strep_C45727	Strep_C45727A135	2	0.014285714285714285	A0A7H8ZN92	A0A7H8NCU6	A0A516RLN0,A0A1H4THQ9,A0A089X1Y8	257	138
Strep_C4574	Strep_C4574A1378	2	0.014285714285714285	A0A222STD6	A0A7H8IX26	A0A7H8ZWM8,A0A1V0U9J5,A0A3G4VSK9	2307	140
Strep_C45798	Strep_C45798A138	2	0.014285714285714285	A0A291QCA0	A0A7L4YUS4	A0A7H8ZZ24,A0A1V0U700,A0A5B7UPV5	626	140
Strep_C46037	Strep_C46037A0	1	0.007142857142857143	A0A1S6JKC8	A0A1S6JKC8	A0A0M3QPJ0,A0A0F7N4T1,A0A6M4PN00	138	138
Strep_C46125	Strep_C46125A173	2	0.014285714285714285	A0A5B8INB3	A0A1V0UFM7	N0CWM2,A0A7H8MTH9,A0A0C5G5A0	372	140
Strep_C46146	Strep_C46146A0	1	0.007142857142857143	A0A1W5XV34	A0A1W5XV34	A0A1D7VR65,A0A8A1UYW9,A0A7R8P1X2	162	140
Strep_C46516	Strep_C46516A159	4	0.02857142857142857	A0A346BXS2	A0A2S2G5S2	A0A6I6RY88,J2JYB8,A0A3Q9K919	245	140
Strep_C46774	Strep_C46774A186	2	0.014285714285714285	A0A0N6ZHM0	A0A3G4VV31	A0A516RDF2,A0A5P2CRY7,N0CWM3	275	140
Strep_C46815	Strep_C46815A0	1	0.007142857142857143	A0A3Q8UZ49	A0A3Q8UZ49	A0A1H4LKE2,A0A0G3UHA0,A0A6M4PN16	141	137
Strep_C4684	Strep_C4684A100	2	0.014285714285714285	A0A5P2CLR8	A0A7L4XVK5	B1W0B5,A0A7H0NGT8,B4V2K0	271	140
Strep_C47048	Strep_C47048A0	1	0.007142857142857143	A0A5B8ILT0	A0A5B8ILT0	A0A0M4E4L6,A0A0F7W0H1,A0A7H0NIX1	158	140
Strep_C471	Strep_C471A0	1	0.007142857142857143	A0A7L5T3P0	A0A7L5T3P0	A0A0A8EQ42,A0A7H1B0N6,A0A3Q9C341	406	140
Strep_C47257	Strep_C47257A0	1	0.007142857142857143	A0A5J6HDU3	A0A5J6HDU3	A0A1P8TK47,A0A1H4P593,Q82DB1	149	140
Strep_C47809	Strep_C47809A0	1	0.007142857142857143	A0A5P2D2S7	A0A5P2D2S7	A0A1U9P0R8,A0A3S9MN48,A0A6I6SF25	141	138
Strep_C48001	Strep_C48001A32	2	0.014285714285714285	A0A1V0U6P6	A0A089X0Z7	A0A1H4KX97,A0A0M4DLG8,A0A6I6W8V2	139	140
Strep_C48070	Strep_C48070A0	1	0.007142857142857143	A0A089YVZ4	A0A089YVZ4	A0A1H4LKT3,A0A0M4DJS9,A0A6I6S3K9	140	139
Strep_C48154	Strep_C48154A19	9	0.06428571428571428	A0A1L6PKZ7	A0A0A8EKF1	A0A3Q8W798,A0A1L7GG37,A0A5J6JAI6	95	140
Strep_C48207	Strep_C48207A9	72	0.5142857142857142	A0A7G7BJR0	A0A0A8EUC4	A0A7M2TJ43,A0A0B5DLI3,A0A5P2BW40	18	140
Strep_C48300	Strep_C48300A41	2	0.014285714285714285	A0A6C0Q9P3	A0A0B5DE92	A0A1Z1WFM8,A0A1Z2KZP1,A0A5Q0LAN9	449	140
Strep_C48320	Strep_C48320A371	2	0.014285714285714285	A0A7H8MUU6	A0A0B5DMR9	A0A1Z2L4L5,A0A345HPS1,A0A3S8YA53	442	139
Strep_C4843	Strep_C4843A1762	2	0.014285714285714285	N0CZR5	A0A7T1T854	N0D0Y1,A0A6N9V9U1,N0CJT4	2543	140
Strep_C48473	Strep_C48473A143	2	0.014285714285714285	A0A7H8ZX62	A0A0F7CN25	A0A5P2CGF3,A0A0U3NJ64,A0A0K2APJ6	177	139
Strep_C48500	Strep_C48500A10	81	0.5785714285714286	A0A1U9P1D3	A0A0F7FSW0	A0A5J6GCW4,A0A291QDQ8,A0A7H8JV55	19	139
Strep_C4852	Strep_C4852A0	1	0.007142857142857143	A0A7T1T8A7	A0A7T1T8A7	A0A1D7VTZ8,A0A5R9MA36,A0A5J6HJN5	175	140
Strep_C48635	Strep_C48635A0	1	0.007142857142857143	A0A0F7NGL3	A0A0F7NGL3	A0A0U2X6W5,A0A7H8H5Y9,A0A5P2C3A2	159	140
Strep_C4870	Strep_C4870A0	1	0.007142857142857143	A0A7T7I3D8	A0A7T7I3D8	A0A1D7Y6J8,A0A385DJH3,A0A2K8PBF8	1286	140
Strep_C48777	Strep_C48777A122	2	0.014285714285714285	B4VAB2	A0A0K2API2	A0A1W5ZAP3,A0A1L6PV90,A0A1U9NUX6	132	139
Strep_C4907	Strep_C4907A64	2	0.014285714285714285	A0A0F7NB53	A0A8B1NPC7	A0A0U3MI57,A0A0F7VQ56,A0A6I6WRQ4	141	140
Strep_C49100	Strep_C49100A23	5	0.03571428571428571	A0A0N6ZJT3	A0A345HVW0	A0A1U9P0N4,A0A5P2DLD2,A0A2K8PIT7	244	140
Strep_C49170	Strep_C49170A70	12	0.08571428571428572	A0A5P2D4A5	A0A3G2J8I1	B1VM52,A0A7H0NJY8,A0A7H8ZQ96	197	140
Strep_C49502	Strep_C49502A119	2	0.014285714285714285	B4V314	A0A5B7V9V8	A0A7G6XI79,A0A1U9P0Z7,A0A7H8ZU83	173	140
Strep_C4952	Strep_C4952A0	1	0.007142857142857143	B4VDY5	B4VDY5	A0A2K8P9Y4,A0A7G3UM16,A0A0A8EX80	279	140
Strep_C49534	Strep_C49534A142	2	0.014285714285714285	A0A7R8RPM3	A0A5B7VA42	A0A222SPW7,G2P7V5,N0CQG1	219	140
Strep_C49558	Strep_C49558A216	11	0.07857142857142857	A0A6N9VBE4	A0A5J6FEN8	A0A3Q8V1L1,A0A5P2CHX9,A0A5P2X6V4	261	137
Strep_C49737	Strep_C49737A97	8	0.05714285714285714	A0A1L6PLE1	A0A5P2W165	A0A5P9WWW4,A0A2R4JI71,A0A6M4WRN7	113	140
Strep_C4996	Strep_C4996A374	2	0.014285714285714285	A0A0F7W309	C9ZE82	A0A143BVS6,A0A1A9J0J9,A0A7H0I6A2	668	140
Strep_C50009	Strep_C50009A1387	2	0.014285714285714285	A0A3S8VXM7	A0A344UBD4	A0A1V0UGM4,A0A7H8ZNC2,A0A1H4IBU1	2424	140
Strep_C50565	Strep_C50565A126	2	0.014285714285714285	B4V3C2	A0A3Q8UZR0	N0CUC3,A0A6N9VCB2,A0A1V0R5N5	136	140
Strep_C50738	Strep_C50738A47	2	0.014285714285714285	A0A7H8ZYI5	A0A3Q9C4V5	A0A0F7NG71,A0A3Q8UWH0,A0A385DK24	202	140
Strep_C50798	Strep_C50798A55	2	0.014285714285714285	B4V687	A0A3Q9FSJ5	A0A1B1B536,A0A5J6FHM7,A0A1W7D3R5	139	139
Strep_C50905	Strep_C50905A288	3	0.02142857142857143	A0A222SWM8	A0A3Q9KVQ4	A0A7G1PBQ9,A0A0F7N323,A0A7L4YZ60	343	140
Strep_C50928	Strep_C50928A76	3	0.02142857142857143	A0A5P2BAX5	A0A3S8VKX7	N0CTC8,A0A6N9VMZ4,A0A5P2DIG9	131	140
Strep_C51040	Strep_C51040A44	2	0.014285714285714285	A0A7H8MUQ7	A0A6C0Q992	A0A1U9QQF1,G2NYA3,A0A0M4DPX6	277	140
Strep_C51169	Strep_C51169A0	1	0.007142857142857143	A0A6G9FFS5	A0A6G9FFS5	A0A3G4W6J1,A0A1V0TTT5,A0A5J6GFX3	183	140
Strep_C51292	Strep_C51292A123	2	0.014285714285714285	A0A7H8ZW78	A0A6G9H7W9	A0A0M4DZS6,A0A1W5Z5H9,A0A0F7N586	283	140
Strep_C51427	Strep_C51427A0	1	0.007142857142857143	A0A6I6FE97	A0A6I6FE97	A0A0U3NJ37,A0A5R9M7E9,A0A6I6SAV8	593	140
Strep_C51572	Strep_C51572A111	3	0.02142857142857143	A0A0U3LDC3	A0A6I6S1Z9	A0A5J6HWZ2,A0A143BXI3,A0A2Z5JY72	122	140
Strep_C5159	Strep_C5159A169	16	0.11428571428571428	A0A3Q9EXI4	A0A5R9LWN7	A0A5J6GAI0,A0A5P2BGU0,A0A1Z1WJU5	211	140
Strep_C5163	Strep_C5163A0	1	0.007142857142857143	A0A5R9LWR1	A0A5R9LWR1	D7BXA1,A0A0F7VVD9,A0A1D7YE25	145	140
Strep_C51673	Strep_C51673A0	1	0.007142857142857143	A0A6I6WCX2	A0A6I6WCX2	A0A1H4VEF5,A0A1V0UIP3,A0A1W7CTT0	219	140
Strep_C51681	Strep_C51681A0	1	0.007142857142857143	A0A6I6WD49	A0A6I6WD49	A0A0K2AQJ9,A0A0F7VXG8,A0A6G9H3W3	148	139
Strep_C52085	Strep_C52085A0	1	0.007142857142857143	A0A344U7Z3	A0A344U7Z3	A0A5J6JAC5,A0A5B7V4Z7,A0A0U3PXE2	490	140
Strep_C5235	Strep_C5235A645	3	0.02142857142857143	A0A1V0UHL6	A0A6G9GS84	A0A6N9V7Q3,N0D202,A0A3Q8UTF3	1179	140
Strep_C52356	Strep_C52356A0	1	0.007142857142857143	A0A3S8VPA9	A0A3S8VPA9	A0A0F7NE01,A0A2Z5JDM3,A0A3S9ZG34	142	140
Strep_C52415	Strep_C52415A270	2	0.014285714285714285	N0CUF5	A0A3S9I2D1	A0A0K2ATP3,A0A7G1NDB8,A0A6I6WVE2	302	139
Strep_C52691	Strep_C52691A209	2	0.014285714285714285	A0A0F7N383	A0A5J6HTZ1	A0A1V0UGP3,A0A7H8ZP83,A0A387H4Q8	290	140
Strep_C52955	Strep_C52955A0	1	0.007142857142857143	A0A5P9WYA4	A0A5P9WYA4	A0A0B5HSF9,A0A089YVY3,A0A5P2ALT2	397	139
Strep_C53326	Strep_C53326A0	1	0.007142857142857143	A0A1Z2KZW5	A0A1Z2KZW5	A0A0B5HTI9,A0A5J6GC03,A0A516RAH3	208	140
Strep_C53332	Strep_C53332A114	12	0.08571428571428572	A0A7M2SG26	A0A1Z2L021	B1VYW8,A0A7L4Y7Z9,N0CZI5	131	139
Strep_C53345	Strep_C53345A119	2	0.014285714285714285	B4VBQ0	A0A1Z2L2T9	A0A1V0R2L2,A0A7G6XK87,A0A7H8ZT26	183	140
Strep_C53778	Strep_C53778A101	2	0.014285714285714285	A0A0M4DSM9	A0A2K8PT33	G2P4D9,A0A1H4W2R7,A0A0F7NCA5	215	140
Strep_C53806	Strep_C53806A27	2	0.014285714285714285	A0A1V0UDJ5	A0A2K9F6B5	A0A0B5I997,A0A1H5BQF0,A0A2Z5J7D9	440	139
Strep_C53916	Strep_C53916A234	2	0.014285714285714285	A0A3G4W2V9	A0A2R4JI41	A0A0U3ESN1,A0A0M4DS91,D7CHR6	274	140
Strep_C54071	Strep_C54071A135	2	0.014285714285714285	A0A6N9VFQ6	A0A3S8Y7G1	A0A1L6PQ84,A0A0U3KF55,A0A0N6ZPR5	154	138
Strep_C54182	Strep_C54182A80	2	0.014285714285714285	A0A0F7N4U9	A0A3S9PDP9	A0A0U3P6G5,A0A1L6PTR6,A0A1U9NVQ0	262	139
Strep_C54203	Strep_C54203A0	1	0.007142857142857143	A0A3S9PL16	A0A3S9PL16	A0A0U3Q1R2,A0A0F7N6R0,A0A6G5RER0	137	137
Strep_C54361	Strep_C54361A325	2	0.014285714285714285	A0A1V0U9J2	A0A4P6TV28	A0A7H8ZYN9,A0A1V0U6B0,A0A3Q9C140	527	139
Strep_C54376	Strep_C54376A258	2	0.014285714285714285	N0CW69	A0A4P6U0N2	A0A0K2AZP7,L8ET12,S5VAB3	278	140
Strep_C54378	Strep_C54378A0	1	0.007142857142857143	A0A4P6U0R2	A0A4P6U0R2	A0A1D7VL26,A0A0U3LIT0,A0A385DCD0	1880	140
Strep_C54413	Strep_C54413A119	2	0.014285714285714285	A0A1V0U6A5	A0A514JXS2	A0A5J6HCL9,A0A3S8W5G1,A0A1U9NUJ2	141	140
Strep_C54904	Strep_C54904A0	1	0.007142857142857143	A0A5J6HE41	A0A5J6HE41	A0A1D7VYV2,A0A089Z0D2,A0A5P9WMX3	207	140
Strep_C55052	Strep_C55052A31	2	0.014285714285714285	A0A1V0UFS6	A0A7L5T4G3	A0A5P8KFV1,A0A0F7FY22,A0A6N9VBK4	143	139
Strep_C55116	Strep_C55116A0	1	0.007142857142857143	A0A7L7MDB7	A0A7L7MDB7	A0A1B1M9V8,A0A0U3Q385,A0A2R4JLI6	144	139
Strep_C55300	Strep_C55300A0	1	0.007142857142857143	A0A7R8NQT5	A0A7R8NQT5	A0A0M3QMW8,A0A0G3UUR7,A0A7G7BMX6	275	140
Strep_C55304	Strep_C55304A24	2	0.014285714285714285	A0A1L6PLH0	A0A7R8NQY6	A0A7H8ZSK3,A0A1V0UE13,A0A2K9F587	135	140
Strep_C55416	Strep_C55416A106	2	0.014285714285714285	A0A3R8S3C7	A0A7T1T7D1	A0A3S8VRP4,A0A0F7N7Y7,A0A6N9VGQ5	460	140
Strep_C55420	Strep_C55420A0	1	0.007142857142857143	A0A7T1TBV4	A0A7T1TBV4	A0A0U3P019,A0A0M4DHG3,A0A7H0HNP9	156	138
Strep_C55845	Strep_C55845A0	2	0.014285714285714285	B4V4A8	B4V4A8	A0A0F7N1F8,A0A3Q8UP85,A0A3Q8W2R9	138	140
Strep_C55978	Strep_C55978A347	2	0.014285714285714285	A0A7H8ZM26	C9ZCF9	A0A089X343,A0A6I6SM37,L8EF90	535	140
Strep_C55992	Strep_C55992A0	1	0.007142857142857143	C9ZGT3	C9ZGT3	A0A5P8K9M7,A0A4P6TYX7,A0A6I6WFI2	140	140
Strep_C56000	Strep_C56000A149	2	0.014285714285714285	N0CS43	A0A1L7GFB6	A0A0G3ULS8,A0A3G4W040,A0A6G9FI41	156	134
Strep_C56364	Strep_C56364A27	4	0.02857142857142857	A0A1L7GEX6	A0A1Z2LE58	A0A0U3D0Z1,A0A7H0NN58,B1VUP2	184	140
Strep_C56371	Strep_C56371A0	1	0.007142857142857143	A0A1Z2LE70	A0A1Z2LE70	A0A0F7VSF7,A0A0U3MPP7,A0A7L7M7P9	141	138
Strep_C56412	Strep_C56412A10	2	0.014285714285714285	A0A1V0UBI6	A0A222T9T1	A0A7G1NLC5,A0A6G5RI44,A0A6G9FGY6	149	139
Strep_C56465	Strep_C56465A0	1	0.007142857142857143	A0A2K9FJ09	A0A2K9FJ09	A0A0F7FX84,A0A0A8EPK1,A0A5P2URF2	143	140
Strep_C56712	Strep_C56712A0	1	0.007142857142857143	A0A345HIU5	A0A345HIU5	A0A089X5I7,A0A0F7W329,A0A6M4PPL7	147	140
Strep_C56744	Strep_C56744A81	2	0.014285714285714285	A0A0U3D1V4	A0A385DF44	A0A0M4DFZ6,A0A0K2AWC1,A0A7L7MC47	139	140
Strep_C56759	Strep_C56759A104	2	0.014285714285714285	A0A7G6XGQ3	A0A387HB23	A0A0G3UMZ9,A0A3G4VY14,A0A0M4D8Z1	135	140
Strep_C5689	Strep_C5689A0	1	0.007142857142857143	A0A7H8JRD9	A0A7H8JRD9	A0A0A8ES01,A0A3S8Y9R8,A0A514JS77	546	140
Strep_C57023	Strep_C57023A344	5	0.03571428571428571	A0A5P2CG24	A0A7R8NHV8	A0A5P2CME9,A0A3Q8V1X3,A0A346BZ89	818	140
Strep_C57057	Strep_C57057A0	1	0.007142857142857143	A0A7T1T992	A0A7T1T992	A0A3Q8UW76,A0A0B5DB46,A0A6G5RET1	147	140
Strep_C57065	Strep_C57065A137	2	0.014285714285714285	A0A5P2BJR4	A0A7T4PC84	N0D2J0,A0A7H8MWS3,A0A1V0UGF0	760	140
Strep_C57181	Strep_C57181A117	2	0.014285714285714285	A0A3G4VPI5	C9Z669	N0CM04,A0A6N9VIX8,A0A291Q3I6	126	137
Strep_C57265	Strep_C57265A0	1	0.007142857142857143	D7CE93	D7CE93	A0A0U3NSP6,A0A7H8H4Z6,B1VWC7	341	137
Strep_C5728	Strep_C5728A0	1	0.007142857142857143	A0A7H8NBP6	A0A7H8NBP6	A0A0M4E2U0,A0A0F7VPX1,A0A2Z5JR93	140	140
Strep_C5732	Strep_C5732A52	11	0.07857142857142857	A0A5J6GRI2	A0A7H8NBR3	A0A1V0R4S8,A0A1U9P9L3,A0A344UA20	266	140
Strep_C57751	Strep_C57751A45	2	0.014285714285714285	A0A1H4N2D0	A0A0M4EBZ1	A0A0A8ERF7,A0A1Z2L769,A0A6I6NE01	139	140
Strep_C57803	Strep_C57803A59	4	0.02857142857142857	A0A6G5RGM2	A0A6G5RGM2	A0A1V0R330,A0A5P2DJM2,A0A3S8YBB3	300	140
Strep_C57826	Strep_C57826A120	2	0.014285714285714285	B4V1T1	A0A191V413	A0A222T3F6,G2PC99,N0CZT6	136	140
Strep_C58018	Strep_C58018A71	3	0.02142857142857143	A0A5P2BEB1	A0A1B1ME04	A0A3G4VR62,B4V3C7,N0CUC6	187	140
Strep_C58028	Strep_C58028A0	1	0.007142857142857143	A0A1D7VED0	A0A1D7VED0	A0A1W5XQ04,A0A1W7CX23,D7CHT1	262	140
Strep_C58062	Strep_C58062A0	1	0.007142857142857143	A0A1D8G0I7	A0A1D8G0I7	A0A0U3QGG7,A0A0M5IXI2,A0A6C0QEH2	487	138
Strep_C58360	Strep_C58360A126	2	0.014285714285714285	B4V2L9	A0A1Z1WJ32	A0A6N9V956,N0D4A5,A0A1W5YXS0	136	140
Strep_C58408	Strep_C58408A120	3	0.02142857142857143	G2P9M1	A0A1Z2L3E9	A0A7G6XJ27,A0A1L7GGS0,A0A7H0NVW1	133	140
Strep_C586	Strep_C586A495	3	0.02142857142857143	A0A516REH9	A0A7T1WRV0	A0A5P2BHC6,A0A3G4VTD6,A0A0G3UJ37	689	140
Strep_C58743	Strep_C58743A109	2	0.014285714285714285	A0A7G6XN68	A0A2Z5JB52	A0A0A8EY13,A0A5J6FLX1,A0A6I6N732	140	140
Strep_C58809	Strep_C58809A0	1	0.007142857142857143	A0A345HSU0	A0A345HSU0	A0A1Z1WHE8,A0A191V2B6,A0A7H8MQY2	141	139
Strep_C58814	Strep_C58814A254	2	0.014285714285714285	B4V3I1	A0A345HSW5	A0A0U3PN37,A0A5R9M5V9,A0A3Q9KZX1	319	140
Strep_C58900	Strep_C58900A0	1	0.007142857142857143	A0A387HH71	A0A387HH71	A0A1Z2L013,A0A0A8F077,A0A3Q9KFM5	211	138
Strep_C5893	Strep_C5893A130	2	0.014285714285714285	A0A7H8ZKD5	A0A7L7M793	A0A345HW86,A0A7T1TCH2,A0A1V0TYH7	136	137
Strep_C59022	Strep_C59022A0	1	0.007142857142857143	A0A7L7MEQ6	A0A7L7MEQ6	A0A0M5IV58,A0A0N6W6F3,A0A7H8T5I7	345	140
Strep_C59030	Strep_C59030A41	3	0.02142857142857143	A0A3Q8UUR2	A0A7L7MEW4	B4V8Q6,A0A3G4W1M8,I2N7M3	130	140
Strep_C59130	Strep_C59130A0	1	0.007142857142857143	A0A7T1TBE9	A0A7T1TBE9	A0A6I6W907,A0A1P8TNT0,A0A5P8JYT9	139	139
Strep_C59313	Strep_C59313A125	2	0.014285714285714285	A0A143C9H5	D7BYE5	A0A5P2BGJ8,A0A3G4W0W7,A0A0G3UKK5	207	139
Strep_C59395	Strep_C59395A148	3	0.02142857142857143	A0A7R8P1D5	J1ZM36	A0A6N9V8E1,N0CYX6,A0A7H8ZK81	165	140
Strep_C59643	Strep_C59643A794	2	0.014285714285714285	B4VFN4	A0A1H4LKK5	A0A5P2CBP5,A0A1B1B6L3,A0A7D5VEW0	916	140
Strep_C59691	Strep_C59691A85	3	0.02142857142857143	N0CK92	A0A1H4WC00	A0A0N6ZSC5,A0A3S8XYL6,A0A5P2BMD5	169	140
Strep_C59855	Strep_C59855A71	2	0.014285714285714285	A0A3G4VUI2	A0A0A8EFR0	A0A387HMI1,A0A1D7YDG2,A0A2K9EX51	316	140
Strep_C59896	Strep_C59896A106	2	0.014285714285714285	A0A1L7GJA2	A0A0A8EKZ5	A0A7H8ZPK1,A0A1V0UGB6,A0A3S8VUY0	136	139
Strep_C59955	Strep_C59955A0	1	0.007142857142857143	A0A0A8ET40	A0A0A8ET40	A0A097H0X2,A0A0B5DAJ4,N0CM48	175	140
Strep_C60	Strep_C60A303	2	0.014285714285714285	A0A3G4VZ09	A0A6M4WZV3	A0A1H4KIV7,A0A494UUC0,A0A5P2BE80	535	140
Strep_C60165	Strep_C60165A0	1	0.007142857142857143	A0A7G7BG86	A0A7G7BG86	A0A0U3NJ60,A0A0M3QLT8,A0A7L4Y690	140	140
Strep_C60167	Strep_C60167A1	2	0.014285714285714285	A0A7H8ZLD5	A0A7G7BG91	A0A1W5YWH2,G2NR21,Q82KL0	137	138
Strep_C60172	Strep_C60172A0	1	0.007142857142857143	A0A7G7BGE4	A0A7G7BGE4	A0A0U3PGN0,A0A0U3BI91,A0A7L4Z4V7	140	140
Strep_C60490	Strep_C60490A266	2	0.014285714285714285	A0A7H8ZJD0	A0A7H1BBG9	A0A1H4KGF7,A0A6I6W6V8,A0A514K145	886	140
Strep_C60494	Strep_C60494A63	2	0.014285714285714285	A0A7H8ZJU4	A0A7H1BBL7	A0A2Z4JAH9,A0A1I6PIW5,A0A3Q9C454	646	140
Strep_C60657	Strep_C60657A107	4	0.02857142857142857	A0A7H0NQU6	A0A7H8GZ83	A0A5P2C2B6,A0A1P8TM82,B4V3J1	117	140
Strep_C60729	Strep_C60729A0	1	0.007142857142857143	A0A7H8IN20	A0A7H8IN20	A0A1H4Q908,A0A7L5T1D8,A0A5R9M0Y9	151	140
Strep_C60736	Strep_C60736A576	2	0.014285714285714285	A0A7H8ZLK4	A0A7H8IQB2	A0A1D7VSI9,A0A1W5XUG6,A0A516REG7	925	140
Strep_C60737	Strep_C60737A9	9	0.06428571428571428	A0A2K8PFI3	A0A7H8IQB8	A0A7R8NT96,A0A0M5J4D9,A0A1L6PKR8	104	140
Strep_C60826	Strep_C60826A34	2	0.014285714285714285	A0A1V0UAL2	A0A7H8JTQ1	A0A2Z5K1W2,A0A2N9BCW8,A0A0N6ZQK2	197	140
Strep_C60968	Strep_C60968A175	2	0.014285714285714285	N0CWJ1	A0A7H8NC23	N0D6F0,A0A6N9VCM1,A0A1H4WZL2	239	137
Strep_C61274	Strep_C61274A8	2	0.014285714285714285	A0A0C5FPR6	A0A5B8J5X2	A0A0U3FBE8,A0A0K2ARU1,A0A6N9VH45	139	140
Strep_C61724	Strep_C61724A113	2	0.014285714285714285	A0A0U3KFV3	A0A5P2AVN3	B4V7M1,A0A3G4VUT8,A0A0A8EMP1	139	140
Strep_C6183	Strep_C6183A56	13	0.09285714285714286	A0A7H0NGE8	A0A2S1SXG2	A0A291QGV7,A0A5Q0LC56,A0A5J6G830	62	139
Strep_C62157	Strep_C62157A41	2	0.014285714285714285	A0A7H8ZSM1	A0A5P8K704	A0A1U9P0Z3,A0A5P2XDA8,B4V8U6	164	138
Strep_C62295	Strep_C62295A268	2	0.014285714285714285	A0A1V0UC75	A0A5Q0LB80	A0A0U3NLD5,A0A0M4DR82,A0A6I6FCF2	440	140
Strep_C62372	Strep_C62372A108	2	0.014285714285714285	A0A6N9V2U8	A0A5R9LRI2	A0A5Q0L882,A0A089X4Z5,A0A7H8ZP25	157	140
Strep_C62480	Strep_C62480A2966	6	0.04285714285714286	A0A2N9BDR7	A0A6C0Q1S0	A0A7H8ZU19,A0A1V0U9X3,B1VVM6	4136	140
Strep_C62628	Strep_C62628A120	2	0.014285714285714285	A0A3G4W1P8	A0A6G9GZ49	A0A0M4DIR1,A0A1W5Z217,A0A0U3PKX7	149	140
Strep_C62805	Strep_C62805A67	2	0.014285714285714285	A0A7H8ZVC9	A0A6I6FU22	A0A1W5Z4S7,A0A3S9YNF4,A0A5P2BLQ0	146	140
Strep_C6292	Strep_C6292A1367	2	0.014285714285714285	G2PCT2	A0A2U9P193	A0A516R2B7,A0A0N6ZSU7,A0A3S8XZ67	1505	140
Strep_C62933	Strep_C62933A72	3	0.02142857142857143	A0A516R5C3	A0A6I6S0Q2	A0A0M4E088,A0A0F7W1I0,A0A6N9VPF9	138	140
Strep_C6323	Strep_C6323A0	1	0.007142857142857143	A0A2U9PE94	A0A2U9PE94	A0A7G1PD28,A0A143BWQ0,A0A7G6XPA4	133	132
Strep_C63299	Strep_C63299A363	4	0.02857142857142857	A0A7H0NS82	A0A1Z1WFE6	A0A0F7N0U3,A0A2K9FBP2,A0A3S8VL10	1413	140
Strep_C63471	Strep_C63471A0	1	0.007142857142857143	A0A1Z2L875	A0A1Z2L875	A0A0B5HRT4,A0A5J6FH77,A0A291Q6M5	140	135
Strep_C63824	Strep_C63824A0	1	0.007142857142857143	A0A2K8PM52	A0A2K8PM52	A0A0U2WVS9,A0A0F7VUP8,A0A7H8JNB2	151	140
Strep_C63898	Strep_C63898A128	3	0.02142857142857143	G2P6E5	A0A2K9EZB7	A0A0M4DGA6,A0A6G9FPH7,A0A516R5A1	131	138
Strep_C63937	Strep_C63937A24	2	0.014285714285714285	A0A1L6PS60	A0A2K9FKH9	A0A3Q8UN41,A0A0F7N1Y7,A0A0F7MZ24	673	140
Strep_C63953	Strep_C63953A0	1	0.007142857142857143	A0A2N9B2D8	A0A2N9B2D8	A0A143BTU2,A0A6G5RRB1,A0A0B5DRS1	314	137
Strep_C64160	Strep_C64160A26	3	0.02142857142857143	A0A1L7GE85	A0A1H4N5Z0	A0A1W5Z4B3,A0A0M3QNB1,A0A6N9V1I9	146	140
Strep_C64243	Strep_C64243A21	3	0.02142857142857143	A0A0U3LCJ7	A0A0A8ERP7	A0A222T2C6,A0A1H4TLX1,G2NY13	426	140
Strep_C64299	Strep_C64299A0	1	0.007142857142857143	A0A0C5GC89	A0A0C5GC89	A0A089X0P5,A0A7H8IWM5,A0A6G9GYP8	151	136
Strep_C6432	Strep_C6432A15	8	0.05714285714285714	A0A0C5G644	A0A2Z4JDH4	A0A5J6HT56,A0A291QF10,A0A5P2BW47	597	140
Strep_C64436	Strep_C64436A0	1	0.007142857142857143	A0A0M4D5B2	A0A0M4D5B2	A0A1H4SKP1,A0A1B1BA70,A0A7H8JN33	246	135
Strep_C64674	Strep_C64674A129	2	0.014285714285714285	A0A3G4VS72	A0A1D8FZZ9	A0A1V0U9H1,A0A7H8ZWX7,A0A0C5GCI1	152	140
Strep_C64696	Strep_C64696A105	2	0.014285714285714285	A0A0F7N9W9	A0A1I6PMH3	A0A1V0UCU0,A0A7H8ZSP0,A0A5P9WF88	312	140
Strep_C64915	Strep_C64915A0	1	0.007142857142857143	A0A1Z1WAC1	A0A1Z1WAC1	A0A0M5J5B4,A0A1V0U8X5,J2A1T1	314	140
Strep_C65118	Strep_C65118A29	2	0.014285714285714285	A0A1L6PDC8	A0A7H0I5Y6	A0A7H8ZIX7,A0A1V0UKJ4,A0A1W5YUU6	140	136
Strep_C65136	Strep_C65136A378	23	0.16428571428571428	A0A7H0HV81	A0A7H0NCT2	A0A7H1B9Y1,A0A5J6HIM3,A0A3Q9C358	561	140
Strep_C65222	Strep_C65222A152	2	0.014285714285714285	N0CNU0	A0A7H8IGG2	A0A2Z5JNA3,A0A7G1N6D4,A0A5P2AZ02	155	139
Strep_C65425	Strep_C65425A1026	2	0.014285714285714285	G2NXC0	A0A7L5SUL4	A0A3G4VS21,B4V440,A0A1W5Z0D1	1148	140
Strep_C65470	Strep_C65470A352	2	0.014285714285714285	A0A7H8ZVJ7	A0A7L7MEN3	A0A6N9VGC2,N0CMT8,A0A0U3PY61	651	140
Strep_C65600	Strep_C65600A37	11	0.07857142857142857	A0A494UZG4	A0A7T1WVD7	A0A7G6XM97,A0A1L7GE07,A0A1U9NXY5	87	140
Strep_C65737	Strep_C65737A133	2	0.014285714285714285	A0A6N9V9U2	D7BPV0	A0A2K8PFR7,A0A0G3UP55,A0A1V0UFN5	134	140
Strep_C65985	Strep_C65985A58	11	0.07857142857142857	A0A6N9VDJ7	A0A0U3NN10	A0A3G2JC46,A0A494UT37,C9YW71	69	140
Strep_C66280	Strep_C66280A0	1	0.007142857142857143	A0A5P2CP42	A0A5P2CP42	A0A0M4DGQ9,A0A5J6HQW0,A0A5P2DF14	1510	140
Strep_C66695	Strep_C66695A17	2	0.014285714285714285	A0A3Q8UUR9	A0A5P8KDJ8	A0A0C5G2L6,A0A0F7VMR3,A0A0F7FZB8	136	138
Strep_C66760	Strep_C66760A0	1	0.007142857142857143	A0A5P9WM05	A0A5P9WM05	A0A0F7FTW8,G2NL78,A0A6I6N7W5	196	139
Strep_C66935	Strep_C66935A0	1	0.007142857142857143	A0A5R9M2C7	A0A5R9M2C7	A0A0A8ENR6,A0A0U2X3S7,A0A0F7N690	151	139
Strep_C66945	Strep_C66945A5	16	0.11428571428571428	A0A089X7U7	A0A5R9M5P5	A0A7H0NIR7,A0A1W5YZC8,A0A0M4DVS3	57	140
Strep_C66950	Strep_C66950A10	2	0.014285714285714285	A0A0M4DAB0	A0A5R9M5S5	B1W406,A0A7H0NIS3,A0A3G4W0E9	128	140
Strep_C6713	Strep_C6713A35	2	0.014285714285714285	A0A1V0UDP4	A0A345HPB4	A0A0U2WQV7,A0A0F7VSA5,A0A6I6F5H4	139	140
Strep_C6728	Strep_C6728A0	1	0.007142857142857143	A0A345HTG7	A0A345HTG7	L8EPB5,A0A0U3KN89,A0A0A8EQ39	173	137
Strep_C67573	Strep_C67573A148	2	0.014285714285714285	A0A7H8ZSA0	A0A5R9LQT3	A0A1D7VV43,A0A3G4VY27,A0A5Q0LDW4	271	138
Strep_C67587	Strep_C67587A105	2	0.014285714285714285	A0A3S8VWI0	A0A5R9LUY5	A0A0M4DJP8,A0A1D7VS07,L8EG14	139	140
Strep_C67591	Strep_C67591A0	1	0.007142857142857143	A0A5R9M003	A0A5R9M003	A0A1U9R5G2,A0A5P2CZP9,A0A7T7KYK5	416	140
Strep_C67670	Strep_C67670A213	2	0.014285714285714285	A0A1V0UJQ4	A0A6C0PYX4	A0A0M3QMJ1,A0A0F7W685,A0A6I6WFT5	286	138
Strep_C67710	Strep_C67710A0	1	0.007142857142857143	A0A6C0Q8N1	A0A6C0Q8N1	A0A089X9N1,A0A0M4DR31,A0A7L4Y8D6	140	139
Strep_C67895	Strep_C67895A0	1	0.007142857142857143	A0A6G9GVF2	A0A6G9GVF2	A0A345HM25,A0A1I6P0E7,A0A5P2DRN0	154	140
Strep_C68230	Strep_C68230A87	2	0.014285714285714285	N0CRE7	A0A4P6TRV5	A0A1H5ADE7,A0A0F7VY92,A0A5P2UWD9	233	140
Strep_C68327	Strep_C68327A131	2	0.014285714285714285	B4V3I9	A0A5B8IE43	A0A516R656,A0A0M3QNN7,A0A0F7N3L2	139	140
Strep_C68428	Strep_C68428A0	1	0.007142857142857143	A0A5J6ID77	A0A5J6ID77	A0A2N9BAJ5,A0A6G9FQU4,A0A516REH3	656	140
Strep_C68490	Strep_C68490A111	2	0.014285714285714285	A0A7H0NLN9	A0A5P2BV23	A0A1V0UM31,A0A7H8ZZW8,A0A1V0UDI4	219	139
Strep_C686	Strep_C686A0	1	0.007142857142857143	C9Z6E8	C9Z6E8	A0A1L7GNX8,L8EZN7,A0A5P9WSW8	180	133
Strep_C68712	Strep_C68712A120	2	0.014285714285714285	A0A1V0UDI6	A0A6C0Q3Q5	A0A1W5Z0J9,A0A0M4DT89,A0A1U9QVM6	215	140
Strep_C688	Strep_C688A0	1	0.007142857142857143	C9Z6I9	C9Z6I9	A0A1L6PRW9,A0A7L7MFA6,A0A7H8NFY1	197	139
Strep_C68875	Strep_C68875A55	3	0.02142857142857143	A0A1W5Z5J5	A0A6I6WC01	A0A5P2B8E5,A0A1L7GD85,A0A7G6XNA6	439	140
Strep_C68903	Strep_C68903A107	2	0.014285714285714285	B4V173	A0A6I6WU30	A0A0C5G326,A0A0F7VYS3,A0A1V0UGA7	286	140
Strep_C6912	Strep_C6912A145	2	0.014285714285714285	A0A7H8ZW62	A0A385DM85	A0A516RKR9,N0CST3,A0A6N9VDQ7	294	138
Strep_C6917	Strep_C6917A38	2	0.014285714285714285	A0A1V0UHR5	A0A385DMD0	A0A1H4KER3,A0A1H4UAY6,A0A6I6F2Y6	146	140
Strep_C69178	Strep_C69178A0	1	0.007142857142857143	C9YZH9	C9YZH9	A0A0F7FU13,A0A3G4VTA1,A0A7T7I8F3	140	140
Strep_C695	Strep_C695A1330	2	0.014285714285714285	A0A3Q8UUT2	D7BRJ6	A0A7H8ZXW8,A0A1V0U5J0,A0A3G4W2L6	2249	140
Strep_C69760	Strep_C69760A34	2	0.014285714285714285	A0A5P9WPV1	J2JZ28	A0A3Q8UPI8,A0A0F7N5I9,A0A6C0Q2M8	135	140
Strep_C69798	Strep_C69798A153	2	0.014285714285714285	G2P005	L8ENJ9	A0A6N9V2K6,N0CY84,A0A7H8ZSM2	159	140
Strep_C69808	Strep_C69808A125	2	0.014285714285714285	B4VF74	L8ETY1	A0A7H0NM45,A0A1L6PL96,A0A1V0UEB8	135	139
Strep_C70072	Strep_C70072A126	2	0.014285714285714285	A0A1V0UDC7	A0A345HQZ3	A0A7T1T7P2,A0A1B1MCE9,A0A7G6XK02	141	140
Strep_C70181	Strep_C70181A0	1	0.007142857142857143	A0A3Q8UNE7	A0A3Q8UNE7	A0A1D8FYJ9,A0A6G9H4J1,A0A7G1PCZ8	135	135
Strep_C70440	Strep_C70440A776	2	0.014285714285714285	A0A7H8ZWA6	A0A514K0F8	A0A5P2CFE1,A0A0F7G016,A0A0M3QP56	879	140
Strep_C70477	Strep_C70477A0	1	0.007142857142857143	A0A5B7V110	A0A5B7V110	A0A0U3F3A2,A0A0M4D3M8,A0A7H1PX90	140	140
Strep_C70708	Strep_C70708A147	2	0.014285714285714285	A0A6N9V5M1	A0A5P2X827	A0A7H8ZVL8,A0A1V0UA78,A0A7G7BWE6	460	140
Strep_C71247	Strep_C71247A76	2	0.014285714285714285	A0A0G3UQY9	A0A7H8IGB9	A0A1V0U5P7,A0A7H9A2F8,A0A1H5AFK3	203	137
Strep_C71286	Strep_C71286A18	2	0.014285714285714285	A0A3G4VUY9	A0A7H8JZX5	A0A7H8ZVM4,A0A1V0U9S0,A0A1W7CSP0	206	140
Strep_C71299	Strep_C71299A0	1	0.007142857142857143	A0A7H8MSZ4	A0A7H8MSZ4	A0A0M4DV70,B1W1K9,A0A426S159	282	140
Strep_C71342	Strep_C71342A0	1	0.007142857142857143	A0A7H8NI83	A0A7H8NI83	A0A2Z4J2C2,A0A143C0C0,A0A3G2JIA0	585	140
Strep_C71378	Strep_C71378A0	1	0.007142857142857143	A0A7H8ZTU4	A0A7H8ZTU4	A0A1V0ULW1,A0A1U9R5B2,A0A2Z5K2E2	145	139
Strep_C71453	Strep_C71453A137	2	0.014285714285714285	A0A0C5G0H7	A0A7L5SZ30	A0A222SQE6,A0A5P2CBF0,A0A7L5STU2	216	140
Strep_C7147	Strep_C7147A151	2	0.014285714285714285	A0A7H8ZV97	A0A0B5I775	A0A5P2AUI0,A0A0C5G6N8,A0A2Z5K137	247	140
Strep_C71551	Strep_C71551A264	2	0.014285714285714285	G2NSQ3	A0A7R8NL85	A0A7H8ZTV9,A0A1V0UBI1,A0A5P2BCJ4	376	140
Strep_C71600	Strep_C71600A13	2	0.014285714285714285	A0A3G4W0U9	A0A7T1WWX6	A0A3Q8V4X4,A0A5J6HM46,A0A0U3M301	136	140
Strep_C71850	Strep_C71850A25	2	0.014285714285714285	A0A7H8ZN88	N0D729	A0A5J6GCT7,A0A291QGK0,A0A3G4VZD9	1048	140
Strep_C7192	Strep_C7192A121	2	0.014285714285714285	A0A5P2CMZ0	A0A0B5IK28	A0A7G6XEZ9,A0A1L7GKN7,A0A089YS44	158	139
Strep_C72102	Strep_C72102A161	2	0.014285714285714285	A0A516R4L2	G2NU56	B4VAC4,A0A3G4VVN4,A0A0U3LQE2	392	140
Strep_C72148	Strep_C72148A23	2	0.014285714285714285	A0A7H8ZZX8	I2MUP1	A0A2K9EX19,A0A3S8VNJ1,A0A5B8J6K9	471	140
Strep_C72153	Strep_C72153A406	2	0.014285714285714285	A0A0G3UK51	J1RXI8	A0A7H9A007,A0A1V0U6C6,A0A2S1SPV2	1671	140
Strep_C72213	Strep_C72213A105	2	0.014285714285714285	A0A7G6XG59	Q82JA8	A0A3G4W113,B4V2N5,A0A7R8RV42	142	140
Strep_C72268	Strep_C72268A117	2	0.014285714285714285	B4V9P3	A0A7H8TEF5	A0A0G3UGL3,A0A2R4JSP3,A0A7G1NH83	175	139
Strep_C7257	Strep_C7257A1261	2	0.014285714285714285	B4V1A7	A0A0F7CPQ7	A0A6N9UZ68,N0D3G9,A0A1W5XRR7	2219	140
Strep_C72613	Strep_C72613A125	3	0.02142857142857143	A0A7R8NWM6	A0A7L7M9S5	A0A1L7GII5,A0A5J6JAU9,A0A344TVG8	128	140
Strep_C72645	Strep_C72645A0	1	0.007142857142857143	A0A7L7MCV0	A0A7L7MCV0	A0A0U3LZM6,A0A1H4N8S6,A0A7G7BPV4	138	137
Strep_C72671	Strep_C72671A251	2	0.014285714285714285	A0A1V0UIF7	A0A7L7MIL5	A0A1L6PLZ6,A0A0U3KNI7,A0A7H8ZVR3	1001	140
Strep_C72831	Strep_C72831A58	3	0.02142857142857143	A0A5B7UVT4	A0A7R8NRC1	B4V9L1,A0A3G4VV34,G2NXT6	228	140
Strep_C72940	Strep_C72940A120	2	0.014285714285714285	A0A7H8ZMC7	A0A7T1T4Y6	A0A1H4U7G3,A0A0G3UQ60,A0A7H8H546	138	139
Strep_C72996	Strep_C72996A10	2	0.014285714285714285	A0A0G3UTD9	A0A7T1WRK1	A0A6N9VBR4,N0CXW0,A0A1V0UHG0	134	137
Strep_C7317	Strep_C7317A0	1	0.007142857142857143	A0A0F7N4N8	A0A0F7N4N8	A0A0U3QHA5,A0A143BYX1,A0A1L6PNY8	177	140
Strep_C73190	Strep_C73190A0	1	0.007142857142857143	A0A8A1UHK3	A0A8A1UHK3	A0A5R9M0F1,A0A0A8E9U4,A0A7T7RFP0	170	139
Strep_C733	Strep_C733A123	4	0.02857142857142857	A0A0U3KQ18	G2NMP4	N0CY80,A0A7H8MQN9,A0A3Q8V224	273	140
Strep_C73500	Strep_C73500A101	2	0.014285714285714285	N0CTZ3	A0A7R8RPR1	A0A1L7GRE4,A0A7G6XUV2,A0A1S6JKV7	158	139
Strep_C73601	Strep_C73601A0	1	0.007142857142857143	A0A7T1WSG1	A0A7T1WSG1	A0A0M3QH68,A0A7H1QAM3,A0A494V7U7	212	140
Strep_C73676	Strep_C73676A0	1	0.007142857142857143	A0A7T7I2P9	A0A7T7I2P9	A0A0U3PZ31,A0A0M4DC64,A0A2S1SZP3	236	140
Strep_C73965	Strep_C73965A1	4	0.02857142857142857	A0A7H9A1C2	B1VZP1	A0A1W5ZAI2,A0A7R8NK83,A0A0M4DWP5	131	139
Strep_C74070	Strep_C74070A35	53	0.37857142857142856	Q82JX0	C9Z3P7	A0A6G9FGB8,A0A7L4Y9A8,A0A5P1ZS96	36	139
Strep_C74090	Strep_C74090A1116	2	0.014285714285714285	A0A0N6ZGK3	C9Z8C0	A0A6G9FC67,A0A0M4D6H6,A0A0U3LPE7	2713	140
Strep_C74324	Strep_C74324A0	1	0.007142857142857143	A0A8B1NGH6	A0A8B1NGH6	A0A0G3UPQ8,A0A5P2DN16,S5V0W6	147	136
Strep_C74359	Strep_C74359A1	2	0.014285714285714285	A0A5P9WG39	B1VQF3	A0A5P9WGY5,A0A0N6ZGM5,A0A1Z1W9E7	325	139
Strep_C75205	Strep_C75205A0	1	0.007142857142857143	A0A1D8G1N3	A0A1D8G1N3	A0A0U3PR87,A0A0F7VSU6,A0A5J6GN44	210	140
Strep_C75291	Strep_C75291A10	2	0.014285714285714285	A0A0C5G9K7	A0A7H8IWM7	A0A3G4VQ48,A0A0G3UFN6,A0A7G6XR70	162	140
Strep_C75642	Strep_C75642A0	1	0.007142857142857143	A0A7T1T6J9	A0A7T1T6J9	A0A0U3NNX1,A0A0M4DXP0,B1VM39	330	140
Strep_C75720	Strep_C75720A236	2	0.014285714285714285	A0A3G4VR76	A0A8A1USB3	A0A0F7NAA8,A0A3Q8UTZ0,A0A1D7VDS6	358	137
Strep_C75741	Strep_C75741A0	1	0.007142857142857143	A0A8B1P202	A0A8B1P202	A0A1S6JID9,A0A1V0TJQ7,A0A6G9FMU7	195	137
Strep_C75821	Strep_C75821A0	1	0.007142857142857143	D7BVZ9	D7BVZ9	A0A2K8PQP3,A0A514K1K7,A0A7H0NJM6	303	140
Strep_C75916	Strep_C75916A1	2	0.014285714285714285	A0A0C5FN03	I2MVH9	A0A5P2DZN5,A0A1V0RCA7,A0A0F7MYT6	875	140
Strep_C75921	Strep_C75921A102	2	0.014285714285714285	A0A1L7GDK2	J1RK67	B4VFD6,A0A3G4VU67,A0A5J6GL30	137	140
Strep_C76044	Strep_C76044A102	4	0.02857142857142857	N0CUM5	A0A0U3NWS3	A0A7G6XHU0,A0A1V0R0D8,A0A5P2DLW7	107	139
Strep_C76070	Strep_C76070A120	2	0.014285714285714285	B1W5H9	A0A1H4XG01	N0CJ79,A0A6N9VBV1,A0A7H8ZY43	131	139
Strep_C76109	Strep_C76109A31	2	0.014285714285714285	A0A7H8ZP28	A0A0A8EI39	A0A291Q1W0,A0A7H8IEW0,A0A5B8JNG0	165	140
Strep_C76322	Strep_C76322A0	1	0.007142857142857143	A0A2K8PIW7	A0A2K8PIW7	A0A0G3UKJ1,A0A1L6PUV3,A0A8A1ULK2	195	140
Strep_C76376	Strep_C76376A184	2	0.014285714285714285	A0A1V0UER1	A0A2R4JL85	A0A1H4KD08,A0A1I6W913,A0A5J6JBW3	289	140
Strep_C764	Strep_C764A0	1	0.007142857142857143	I2MZX5	I2MZX5	A0A0U3QFC8,A0A0C5GDQ5,A0A7H1BAF7	139	139
Strep_C76420	Strep_C76420A637	2	0.014285714285714285	A0A1V0UAH9	A0A2R4TDE0	A0A0A8EJU0,A0A0F7W1P0,A0A1U9NUT5	940	140
Strep_C76553	Strep_C76553A1027	2	0.014285714285714285	A0A0N6ZEP9	A0A2Z5JUE1	A0A1V0UIW4,A0A7H8ZLV0,A0A3Q8UN38	1029	140
Strep_C76619	Strep_C76619A111	8	0.05714285714285714	A0A2K8PMD9	A0A345HJG6	A0A0U3LPZ6,A0A1L6PRU1,B1W4A5	122	140
Strep_C76654	Strep_C76654A223	3	0.02142857142857143	A0A3S8VV55	A0A385DE68	A0A7G6XJY3,A0A1U9NZI5,A0A1L7GHK2	324	140
Strep_C77245	Strep_C77245A0	1	0.007142857142857143	A0A5J6JH32	A0A5J6JH32	A0A0U2WX12,A0A0K2AQ50,A0A6M4PMY3	140	140
Strep_C77326	Strep_C77326A0	1	0.007142857142857143	A0A6G9GY64	A0A6G9GY64	A0A0A8ECT5,A0A1L7GIP5,A0A222T0G9	302	140
Strep_C77336	Strep_C77336A0	1	0.007142857142857143	A0A6G9H203	A0A6G9H203	A0A2S1SRU1,A0A6G9FLW7,A0A0C5G1A2	140	140
Strep_C77344	Strep_C77344A267	2	0.014285714285714285	A0A7H8ZWM0	A0A6G9H5P3	A0A1U9QZW9,A0A7H8N2L0,A0A7L4ZAA4	414	140
Strep_C77453	Strep_C77453A105	2	0.014285714285714285	A0A7H8ZPX8	A0A6I6EZ29	A0A7L5SPV4,D7CBW4,A0A1D8G8B5	450	140
Strep_C77541	Strep_C77541A46	2	0.014285714285714285	A0A7H8ZZF6	A0A6I6N027	A0A4V0ZZ49,A0A0A8EYB5,A0A5J6GJM4	194	139
Strep_C77621	Strep_C77621A0	1	0.007142857142857143	A0A6I6RY67	A0A6I6RY67	A0A0A8EVK8,A0A1D7YEL7,A0A2Z5JJ57	302	140
Strep_C77697	Strep_C77697A74	2	0.014285714285714285	A0A1V0UHN3	A0A6I6SD18	A0A1H4UJS4,A0A3Q8UUB2,A0A346C7F0	140	140
Strep_C77989	Strep_C77989A20	2	0.014285714285714285	A0A7H8ZYX3	A0A6N9VPX1	A0A3G4VQ31,B4VAA7,A0A089X8I6	136	138
Strep_C78041	Strep_C78041A186	2	0.014285714285714285	A0A6N9VA78	A0A7D5ZDJ7	A0A1V0UB38,A0A7H8ZTD6,A0A1L7GF73	538	140
Strep_C78050	Strep_C78050A0	1	0.007142857142857143	A0A7D5ZNW9	A0A7D5ZNW9	A0A1B1ASN8,A0A0F7N944,A0A7G7BKG5	146	139
Strep_C78055	Strep_C78055A13	2	0.014285714285714285	A0A7H8ZSX8	A0A7D5ZUU0	A0A0U3Q5A4,A0A1D7YC85,A0A5J6GIU4	153	139
Strep_C78057	Strep_C78057A37	9	0.06428571428571428	A0A1V0TWC6	A0A7D5ZUY9	A0A6G5RKG6,A0A5P9WJU2,A0A6M4WTS6	120	140
Strep_C78211	Strep_C78211A0	1	0.007142857142857143	A0A7G1P3T5	A0A7G1P3T5	A0A0U3PRK2,A0A0N6ZJR2,A0A7H0IDR9	144	140
Strep_C78235	Strep_C78235A115	5	0.03571428571428571	A0A1L6PN48	A0A7G1P6Y9	A0A2K8PKG2,A0A5P2UMC8,A0A1V0R4B8	119	139
Strep_C78302	Strep_C78302A47	24	0.17142857142857143	A0A1B1AQG0	A0A1D7VEJ1	A0A7G1NMD5,A0A5P9WKZ9,A0A143C461	188	140
Strep_C78537	Strep_C78537A1182	4	0.02857142857142857	A0A0U3LA46	A0A1D8G8U3	A0A5P2B9C6,A0A0F7VVP0,A0A0C5GBM9	1196	140
Strep_C78555	Strep_C78555A301	2	0.014285714285714285	A0A3G4W1W5	A0A1L6PDN7	A0A0M4DP94,A0A7H8ZL84,A0A5B7UYN4	302	138
Strep_C78766	Strep_C78766A0	1	0.007142857142857143	A0A1U9P6K9	A0A1U9P6K9	A0A0M4EAM6,A0A143BSL3,A0A6I6N9C6	159	140
Strep_C78862	Strep_C78862A169	2	0.014285714285714285	A0A3G4VTF0	A0A1U9R3K2	A0A1V0UA80,A0A7H8ZTQ1,N0CXG0	468	140
Strep_C78980	Strep_C78980A37	28	0.2	A0A3Q9ENM2	A0A1V0TUD2	A0A2R4T4C8,A0A7G1P087,A0A5B7UVF2	38	140
Strep_C79042	Strep_C79042A298	2	0.014285714285714285	A0A1V0UCD0	A0A1V0U5Y9	A0A1L7GPD2,B1W5X5,A0A1V0QX05	780	140
Strep_C79127	Strep_C79127A35	8	0.05714285714285714	A0A3S9I5P1	A0A1W5XJL4	A0A7H8ZQH0,A0A1L6PIK4,A0A7H0NJ07	273	140
Strep_C79239	Strep_C79239A138	2	0.014285714285714285	A0A6N9V633	A0A1W7CTD4	A0A0F7G0B3,A0A0B5DR55,A0A6I6NHI8	140	140
Strep_C79291	Strep_C79291A127	2	0.014285714285714285	B4VG44	A0A1L7GFV1	A0A0M3QMF1,A0A1W5Z094,A0A0U3NQB7	138	140
Strep_C7932	Strep_C7932A361	2	0.014285714285714285	A0A516RLU6	A0A143CCD2	A0A1B1MP99,A0A6I6FCY3,A0A2Z5KDP0	879	140
Strep_C79426	Strep_C79426A276	2	0.014285714285714285	A0A3G4W0G8	A0A1U9NYL8	A0A0M4DQ26,A0A1W5Z0P5,A0A089XC84	814	140
Strep_C79481	Strep_C79481A133	2	0.014285714285714285	A0A3G4W1K0	A0A1U9QPH5	A0A1V0UI21,A0A7H8ZMD4,A0A0U3N8L8	140	139
Strep_C79489	Strep_C79489A111	3	0.02142857142857143	B1W444	A0A1U9QS61	A0A3Q8UT42,A0A2K9F8X7,A0A0F7N9W7	123	140
Strep_C79576	Strep_C79576A0	1	0.007142857142857143	A0A1V0R6Z0	A0A1V0R6Z0	A0A7H8ZYS0,A0A191UV54,A0A5B7ULH5	1662	140
Strep_C79613	Strep_C79613A136	2	0.014285714285714285	N0D5P8	A0A1V0TQY3	A0A1V0UJL8,A0A7H8ZL12,A0A0U3Q6R4	150	134
Strep_C79652	Strep_C79652A0	1	0.007142857142857143	A0A1V0TYP4	A0A1V0TYP4	A0A0U3QJJ8,A0A0F7VNB2,A0A7D5VI24	142	139
Strep_C79877	Strep_C79877A122	2	0.014285714285714285	B4V1D5	A0A1W7CVV9	N0CXQ9,A0A6N9V8H4,A0A6C0Q7N1	133	139
Strep_C79891	Strep_C79891A102	6	0.04285714285714286	A0A0M5J447	A0A1W7CW25	A0A6I6N8N6,A0A1B1AQN9,A0A3S9MC75	113	140
Strep_C79928	Strep_C79928A143	3	0.02142857142857143	A0A0F7NAT2	A0A1W7D4A9	A0A6G9FPN3,A0A0M4DFI9,A0A1H5AMN9	147	139
Strep_C79981	Strep_C79981A143	2	0.014285714285714285	A0A5P2CEU2	A0A1Z1W8D7	A0A1V0U7J1,A0A7H8ZWN3,A0A0M3QNS7	239	140
Strep_C80518	Strep_C80518A0	1	0.007142857142857143	A0A7G3UT07	A0A7G3UT07	A0A1Z2LDX7,A0A7H8GTQ7,A0A5J6G9B2	166	140
Strep_C80653	Strep_C80653A26	2	0.014285714285714285	A0A1L6PRR0	A0A7G8K7X1	A0A7H8ZYI0,A0A1V0U6S1,A0A5B7UNI8	326	140
Strep_C80667	Strep_C80667A113	2	0.014285714285714285	A0A5P2B851	A0A7H0HQI1	A0A7H8JSE8,A0A1A9IUU2,N0CK74	217	140
Strep_C80744	Strep_C80744A0	1	0.007142857142857143	A0A7H0ID83	A0A7H0ID83	A0A0C5GG54,A0A3Q9EQQ3,A0A6G5RHT5	140	140
Strep_C80764	Strep_C80764A0	1	0.007142857142857143	A0A7H0IFI8	A0A7H0IFI8	A0A7H1BB68,A0A0F7N1Z4,A0A6I6F9P6	141	140
Strep_C80875	Strep_C80875A58	4	0.02857142857142857	A0A346C0C6	A0A7H0NNY4	A0A222SV32,G2P8X4,N0CQW7	129	139
Strep_C80938	Strep_C80938A0	1	0.007142857142857143	A0A7H1BDJ6	A0A7H1BDJ6	A0A2S2GFK8,A0A0N6ZTD8,A0A291Q4V1	216	138
Strep_C81236	Strep_C81236A7	15	0.10714285714285714	A0A0N6W5Z9	A0A7H8IS08	A0A7R8NJU4,N0CSR4,A0A0U3CY69	101	140
Strep_C81394	Strep_C81394A10	8	0.05714285714285714	A0A7D5ZW13	A0A1B1MFD6	I2N4I5,A0A1Z1WH54,A0A6G9FG42	76	140
Strep_C81396	Strep_C81396A6	111	0.7928571428571428	A0A7H0IDE0	A0A1B1MFG8	B4V506,A0A1L7GI69,A0A1V0R0T3	14	140
Strep_C81722	Strep_C81722A102	2	0.014285714285714285	A0A7H8ZSA8	A0A1Z1WDF0	A0A089YZQ4,A0A1D7VUD5,A0A3Q8UQC3	280	140
Strep_C81876	Strep_C81876A110	2	0.014285714285714285	A0A7H8ZR56	A0A2K9EUA4	A0A089X687,A0A8B1NCU9,D7C8V7	146	139
Strep_C82274	Strep_C82274A106	2	0.014285714285714285	A0A7G6XJT9	A0A5J6FBI9	A0A1H4QQW8,A0A0F7N7P4,A0A6I6WTN3	146	140
Strep_C82512	Strep_C82512A213	2	0.014285714285714285	A0A222SVA5	A0A5P8JX90	A0A1V0UJR0,A0A7H8ZKB6,A0A1L6PKP8	385	138
Strep_C82538	Strep_C82538A0	1	0.007142857142857143	A0A5P9WFR1	A0A5P9WFR1	A0A089XAP5,A0A1S6JA07,A0A2Z5JY48	189	140
Strep_C82718	Strep_C82718A67	2	0.014285714285714285	N0CRB2	A0A6I6N3X5	A0A5P9WTK5,A0A7G1P9U6,A0A3Q9BX08	146	140
Strep_C83064	Strep_C83064A193	2	0.014285714285714285	A0A3S8XJ41	A0A7H1BKX2	A0A0N6ZMJ4,A0A3Q8VVJ6,A0A1D7Y588	450	140
Strep_C8326	Strep_C8326A106	3	0.02142857142857143	B4V1P6	N0D3C6	A0A5P8KC38,C9Z3Q3,A0A7H0IAW3	114	140
Strep_C83290	Strep_C83290A0	1	0.007142857142857143	A0A0B5DHI7	A0A0B5DHI7	A0A0U3PVN3,A0A221NWP9,A0A5P2CGI3	140	140
Strep_C83295	Strep_C83295A44	2	0.014285714285714285	A0A1V0UF22	A0A0B5DM05	A0A5B7UU63,A0A1H4PLP9,A0A5R9LJQ8	145	139
Strep_C83362	Strep_C83362A298	2	0.014285714285714285	A0A7H9A222	A0A0B5IGV8	A0A7H8ZSK2,A0A1V0UCI3,A0A291Q972	322	136
Strep_C8343	Strep_C8343A126	3	0.02142857142857143	A0A6N9VFZ3	N0D3Q6	A0A3S8Y1L2,A0A346C334,A0A0N6ZKQ9	201	140
Strep_C83534	Strep_C83534A133	2	0.014285714285714285	N0CPV3	A0A0F7N175	A0A7G6XR47,A0A1U9NUK5,A0A0U3PXD4	276	140
Strep_C83536	Strep_C83536A0	1	0.007142857142857143	A0A0F7N187	A0A0F7N187	A0A0U3F1C6,A0A1A9IRP5,A0A7T7RG19	168	140
Strep_C83656	Strep_C83656A129	2	0.014285714285714285	A0A1H4PEU6	A0A0F7VZS3	A0A1V0UG21,A0A7H8ZNT5,A0A5J6HMV5	284	140
Strep_C83690	Strep_C83690A376	3	0.02142857142857143	A0A1H5A8N3	A0A0G3UL36	A0A1V0UDY4,A0A7H8ZS88,A0A3Q8UQW2	508	138
Strep_C84194	Strep_C84194A0	1	0.007142857142857143	A0A1A9IUT2	A0A1A9IUT2	A0A0A8EWR7,A0A3Q9F106,A0A6I6FP51	630	140
Strep_C84197	Strep_C84197A1227	6	0.04285714285714286	A0A5P2B7M8	A0A1A9IUW9	A0A1U9NUC9,A0A7G6XQ16,A0A1V0R7D6	1492	140
Strep_C84216	Strep_C84216A29	3	0.02142857142857143	A0A7G6XHX4	A0A1B1AQL3	A0A0C5GG16,A0A0F7VRP8,A0A3G4VWT4	132	140
Strep_C84235	Strep_C84235A103	2	0.014285714285714285	A0A1H4M9R9	A0A1B1AW14	A0A3G4W2H1,A0A0G3URJ8,N0CXP5	447	137
Strep_C84273	Strep_C84273A128	2	0.014285714285714285	A0A6N9VI21	A0A6I6WGC1	A0A1U9QW66,A0A7T4PGP8,A0A6M4WQQ0	271	140
Strep_C84578	Strep_C84578A232	2	0.014285714285714285	A0A2K9FIA8	A0A7H8GVP1	A0A2Z5K5S9,A0A1V0R1W3,A0A7M2SN68	404	140
Strep_C84669	Strep_C84669A167	2	0.014285714285714285	A0A1V0U6L8	A0A7H8NIR3	A0A0A8F1R3,A0A2Z5K1Z4,A0A1L7GSA4	535	140
Strep_C8473	Strep_C8473A0	1	0.007142857142857143	A0A1H4Z5L2	A0A1H4Z5L2	A0A516R1L4,L8F0Q6,A0A5Q0LN14	346	140
Strep_C8481	Strep_C8481A134	2	0.014285714285714285	G2NW81	A0A1H4Z7A7	A0A6N9VND4,A0A7R8NJC5,A0A6G9H4B0	139	139
Strep_C8495	Strep_C8495A151	3	0.02142857142857143	A0A1V0UIA1	A0A089Z6D0	A0A1U9QPV8,A0A6C0QBE4,A0A0M4DMF4	164	140
Strep_C85032	Strep_C85032A113	2	0.014285714285714285	A0A1V0UDL8	C9Z0U2	A0A1H4Q6J7,A0A0F7CNX7,J1S751	136	137
Strep_C85056	Strep_C85056A122	3	0.02142857142857143	N0CJ19	D7BU44	A0A5P9WTX8,A0A0N6ZR30,A0A3S8XWV6	124	138
Strep_C85116	Strep_C85116A28	2	0.014285714285714285	A0A7H8ZU14	D7CHS7	A0A1H4RYP6,A0A0A8EMS8,A0A1B1AQ62	139	140
Strep_C85136	Strep_C85136A0	1	0.007142857142857143	G2NY36	G2NY36	A0A2S1SYV9,A0A0F7NA46,A0A6M4PIE3	141	139
Strep_C85221	Strep_C85221A245	2	0.014285714285714285	A0A7H8ZK94	G2PHX4	A0A1V0U6K1,A0A7H8ZYU4,A0A0A8ETY7	275	136
Strep_C854	Strep_C854A11	2	0.014285714285714285	A0A7H8ZLI5	A0A7H8ZLI5	A0A516REM1,A0A0M4DFI8,A0A0B5I0K1	138	140
Strep_C85611	Strep_C85611A102	2	0.014285714285714285	A0A6N9VCN4	A0A5P2CJY6	A0A1L6PHI5,A0A1V0UFM9,A0A1X4GTZ8	138	139
Strep_C85802	Strep_C85802A0	1	0.007142857142857143	A0A5P2UD33	A0A5P2UD33	A0A387H3V8,A0A1A9J775,A0A387HN85	193	138
Strep_C8585	Strep_C8585A0	1	0.007142857142857143	A0A0B5IIX0	A0A0B5IIX0	A0A6C0Q1F9,A0A0F7CN69,A0A5P2D932	303	140
Strep_C85891	Strep_C85891A141	2	0.014285714285714285	A0A7H8ZSY8	A0A5P2WB39	A0A1V0TXU9,A0A222T0F2,A0A3Q8VY22	208	140
Strep_C86082	Strep_C86082A242	2	0.014285714285714285	N0CZS8	A0A5P8KI52	A0A3G4VYQ8,B4V2Z2,A0A7H8ZM23	680	140
Strep_C8629	Strep_C8629A165	2	0.014285714285714285	A0A0U3MG75	A0A0F7G0G1	A0A1V0UF06,A0A7H8ZQJ9,A0A3G4W2A6	423	140
Strep_C86409	Strep_C86409A0	1	0.007142857142857143	A0A1L7G9U5	A0A1L7G9U5	A0A1U9NTS6,A0A0B5IPC3,A0A3Q9K3I8	155	140
Strep_C86595	Strep_C86595A262	5	0.03571428571428571	A0A7L5SR76	A0A1W7D0B0	A0A346BXD7,A0A3Q8W0R0,A0A0N6W638	879	140
Strep_C86738	Strep_C86738A248	2	0.014285714285714285	N0CV49	A0A1Z2L5U7	A0A7H8ZU72,A0A1V0UA67,A0A5R9M0R2	787	139
Strep_C86819	Strep_C86819A139	2	0.014285714285714285	A0A3G4VWH7	A0A2H5BVA7	A0A1H5C1P4,A0A1Z2LBY4,A0A1V0R0Z1	172	140
Strep_C86867	Strep_C86867A143	2	0.014285714285714285	A0A7H8ZNS8	A0A2K9F7T7	A0A0U3Q1U3,A0A3G4VU58,A0A1L6PIX3	440	140
Strep_C86871	Strep_C86871A72	2	0.014285714285714285	A0A7H9A0C4	A0A2K9F806	A0A0F7N082,A0A1U9QV66,A0A3Q8W2J6	263	140
Strep_C87091	Strep_C87091A13	2	0.014285714285714285	A0A0F7VWU5	A0A2Z5K4C5	N0CK33,A0A6N9VJQ8,A0A0G3UKB6	291	140
Strep_C87147	Strep_C87147A0	1	0.007142857142857143	A0A345I053	A0A345I053	A0A0M5J071,A0A0U3LWB1,B4V642	140	140
Strep_C87363	Strep_C87363A11	2	0.014285714285714285	N0CMV1	A0A7R8RNR3	A0A0M3QNA1,G2NKU3,A0A6G9FK57	139	140
Strep_C87417	Strep_C87417A0	1	0.007142857142857143	A0A7T1T9K9	A0A7T1T9K9	A0A1H4N088,A0A1U9QX59,A0A7L4Y1H6	140	140
Strep_C87512	Strep_C87512A250	3	0.02142857142857143	A0A5B7UQA9	A0A7T4TXF0	A0A1U9NVX2,A0A1L7GCQ2,A0A7G6XNU9	266	140
Strep_C87639	Strep_C87639A23	3	0.02142857142857143	A0A1D7VH02	A0A7T7RHX8	A0A0N6ZP75,A0A3S8XUX8,A0A5P9WR30	130	140
Strep_C87829	Strep_C87829A0	1	0.007142857142857143	B4VD87	B4VD87	A0A0M3QLN3,A0A0K2B0P2,A0A7H8JZ21	142	140
Strep_C87835	Strep_C87835A0	1	0.007142857142857143	C9YUJ9	C9YUJ9	A0A1H4V7Z7,A0A0K2B0R2,A0A6I6N7Z1	321	140
Strep_C87841	Strep_C87841A543	8	0.05714285714285714	A0A1L6PDN2	C9YUP6	A0A346BXB5,A0A3S8XX89,A0A5P9WT42	1032	140
Strep_C87933	Strep_C87933A133	2	0.014285714285714285	B4V4X9	C9ZGB1	A0A1V0UFH2,A0A7H8ZP86,A0A1W5YZ90	143	140
Strep_C87994	Strep_C87994A149	2	0.014285714285714285	A0A0N6ZIB9	D7C1Q9	A0A0U3PWD4,A0A1Z2L6V9,A0A1W5XTC7	312	140
Strep_C88175	Strep_C88175A20	2	0.014285714285714285	A0A6C0PXY7	G2NUS9	A0A1V0U647,A0A7H9A032,A0A6N9VJY9	153	140
Strep_C88372	Strep_C88372A16	2	0.014285714285714285	A0A5P2BG06	A0A5B7UZ64	A0A1V0UGQ4,A0A7H8ZMT7,A0A0U3F519	138	139
Strep_C88374	Strep_C88374A10	2	0.014285714285714285	A0A1W5YXR9	A0A5B7UZ88	A0A5P9WJ60,A0A3S8XN64,A0A0F7NBU4	135	140
Strep_C88458	Strep_C88458A1014	2	0.014285714285714285	A0A1V0UIK6	A0A5J6GI09	A0A3G4VM62,B4VGJ9,A0A3Q8USN2	1116	140
Strep_C88661	Strep_C88661A193	2	0.014285714285714285	A0A7L4Z1E2	A0A5P2USA3	A0A5P2DEP7,A0A2K9FLM9,A0A2K8PFP5	434	138
Strep_C8878	Strep_C8878A60	2	0.014285714285714285	A0A1V0UC61	A0A1B1BCK9	A0A221P9A7,A0A2N9B2J8,A0A5B7UWA2	348	140
Strep_C88802	Strep_C88802A147	2	0.014285714285714285	A0A7H8ZYV8	A0A6C0Q9V0	A0A0U3BGF1,A0A1L6PH46,A0A1V0UGW5	287	140
Strep_C88909	Strep_C88909A115	2	0.014285714285714285	B4V5G8	A0A6I6N7D3	A0A7H8ZRU4,A0A1V0UCV8,A0A3Q8VX25	135	140
Strep_C88977	Strep_C88977A0	1	0.007142857142857143	A0A6I6WFS5	A0A6I6WFS5	A0A1B1M2X9,A0A191UUP1,A0A7L7MDU7	737	140
Strep_C89182	Strep_C89182A137	2	0.014285714285714285	N0CTW2	A0A7H0I6E4	A0A0F7FQ99,A0A0B5I8S5,A0A6I6FPG9	307	140
Strep_C89391	Strep_C89391A0	1	0.007142857142857143	A0A5J6GCD5	A0A5J6GCD5	A0A1U9P1Z2,A0A222TBR8,A0A5P2XQX3	140	140
Strep_C8952	Strep_C8952A129	3	0.02142857142857143	G2PA04	A0A1D8FX29	A0A1V0UCC1,A0A7H8ZQD1,A0A0F7N8I6	137	139
Strep_C89907	Strep_C89907A0	1	0.007142857142857143	A0A6I6S4T4	A0A6I6S4T4	A0A1H4XTS2,A0A1V0U566,A0A0A8EHJ0	251	138
Strep_C89938	Strep_C89938A131	2	0.014285714285714285	A0A7H8ZXT9	A0A6I6WLE9	A0A089X7S2,A0A1D7YGZ5,A0A387HHY7	138	139
Strep_C90296	Strep_C90296A0	1	0.007142857142857143	A0A7H0I9R7	A0A7H0I9R7	A0A1H4P9N4,G2NXG3,A0A3S8WQ47	234	140
Strep_C90341	Strep_C90341A0	1	0.007142857142857143	A0A7H1Q0Y8	A0A7H1Q0Y8	A0A0U3QDG0,A0A6M4WUJ8,A0A6I6FLQ0	265	139
Strep_C90417	Strep_C90417A118	2	0.014285714285714285	A0A5P2CWL8	A0A7H8MV74	N0D6S0,A0A7H8MWT8,A0A1V0UMZ3	187	138
Strep_C90423	Strep_C90423A0	1	0.007142857142857143	A0A7H8N4V6	A0A7H8N4V6	A0A0U3FCP7,A0A0M4DWE1,A0A7G6XNE7	286	138
Strep_C90657	Strep_C90657A163	2	0.014285714285714285	B4VCL5	A0A7T1TDV7	A0A3S9YJA8,A0A6I6S875,A0A5J6HDM9	459	140
Strep_C91108	Strep_C91108A22	5	0.03571428571428571	A0A0N6ZLX4	A0A1H4SA40	A0A0M4DSB8,A0A1W5YZ83,A0A0U3LIS0	105	140
Strep_C91109	Strep_C91109A20	9	0.06428571428571428	A0A5J6J565	A0A1H4SB41	A0A1P8TGZ5,A0A5J6HHA8,A0A5P2XE78	81	140
Strep_C91110	Strep_C91110A112	6	0.04285714285714286	A0A1W5YZA0	A0A1H4SBG1	A0A0M4DSA6,A0A6G9FIW7,B4V4Y5	123	140
Strep_C91381	Strep_C91381A19	2	0.014285714285714285	A0A7H8ZWV0	A0A345HZH3	A0A291Q5X7,A0A5J6GJ63,A0A0C5GBG8	153	140
Strep_C91416	Strep_C91416A118	2	0.014285714285714285	A0A3S8XXF0	A0A387HE04	A0A516R444,A0A3G4VRE6,B4V641	205	140
Strep_C9160	Strep_C9160A0	1	0.007142857142857143	A0A3Q9JZR3	A0A3Q9JZR3	A0A1B1AZY4,A0A1Z2KZ55,A0A387HQN1	226	140
Strep_C91811	Strep_C91811A0	1	0.007142857142857143	A0A5J6F581	A0A5J6F581	A0A5Q0L7A5,A0A7H8ZK66,A0A3S8WQB9	282	137
Strep_C91816	Strep_C91816A130	3	0.02142857142857143	A0A222STH5	A0A5J6F5B8	A0A3G4VSB5,B4VFV8,A0A1V0U6X7	136	137
Strep_C92016	Strep_C92016A44	2	0.014285714285714285	A0A1V0U692	A0A5P2DX21	A0A0G3UY86,B4V8J2,A0A5P8JZZ0	151	140
Strep_C92296	Strep_C92296A177	2	0.014285714285714285	A0A7G6XHH6	A0A0U3QBV3	A0A1V0UFE0,A0A7H8ZQC6,A0A5P9WKL7	385	140
Strep_C92300	Strep_C92300A19	5	0.03571428571428571	A0A5J6JEY8	A0A0U3QC71	A0A1L6PRM8,A0A0U3CWK4,A0A0M3QNV1	129	140
Strep_C92313	Strep_C92313A152	2	0.014285714285714285	N0CW28	A0A1H4I9V2	A0A1H4I9Y7,A0A0A8ENZ3,A0A5P9WIV0	156	140
Strep_C92327	Strep_C92327A301	2	0.014285714285714285	N0CJ99	A0A1H4IAH3	A0A1H4V058,A0A7G1PDZ9,A0A1Z1WD05	498	140
Strep_C92418	Strep_C92418A5	22	0.15714285714285714	A0A1B1M5W8	A0A1B1M5W8	A0A0U3Q6S4,A0A514JYY0,A0A2U9NYY3	61	140
Strep_C92421	Strep_C92421A70	15	0.10714285714285714	A0A2R4SY62	A0A2R4SY62	A0A6M4PPN5,A0A3G2JLE4,A0A1A9IS89	72	140
Strep_C92445	Strep_C92445A65	7	0.05	A0A514JU00	A0A089X7Q0	A0A7L4Y317,A0A5J6I8A3,A0A0K2AWM8	178	139
Strep_C92572	Strep_C92572A0	1	0.007142857142857143	A0A0A8EHR1	A0A0A8EHR1	A0A1U9R307,A0A2R4JMW1,N0CHG7	487	139
Strep_C92744	Strep_C92744A102	2	0.014285714285714285	B4VFD2	A0A0B5DH23	A0A0F7VSX3,A0A0C5G1P5,A0A0U3PWI6	166	140
Strep_C92888	Strep_C92888A0	1	0.007142857142857143	A0A0C5GDH0	A0A0C5GDH0	A0A1H4P983,A0A0F7W8S4,A0A7H0NN78	143	139
Strep_C92993	Strep_C92993A124	2	0.014285714285714285	A0A3G4W1N5	A0A0F7G045	A0A1U9R1C5,A0A6C0PWZ2,A0A7H8ZXW9	133	140
Strep_C93036	Strep_C93036A2267	3	0.02142857142857143	A0A0F7N8P5	A0A0F7N6Y3	A0A222SWY3,G2P1A8,A0A1H4Q436	2847	140
Strep_C93096	Strep_C93096A242	5	0.03571428571428571	A0A0U3KEU2	A0A0G3UFG2	A0A1V0R2M1,A0A3G4VUM8,B4VBM0	252	140
Strep_C93372	Strep_C93372A0	1	0.007142857142857143	A0A6I6W7U0	A0A6I6W7U0	A0A0A8ESY5,A0A0F7NDL5,A0A7H0IJY5	140	140
Strep_C93374	Strep_C93374A34	2	0.014285714285714285	A0A7H8ZZ46	A0A6I6W7W1	A0A0M5J5D4,A0A0F7MYY9,A0A6G9FNW7	170	139
Strep_C93379	Strep_C93379A33	2	0.014285714285714285	A0A1V0U841	A0A6I6W815	A0A0U3QCK8,A0A0G3UJ28,A0A6I6FBE7	139	140
Strep_C93387	Strep_C93387A0	1	0.007142857142857143	A0A6I6W879	A0A6I6W879	A0A0U3PKP5,A0A2K9FG06,A0A6C0Q2D5	141	137
Strep_C93453	Strep_C93453A0	1	0.007142857142857143	A0A7D5ZL88	A0A7D5ZL88	A0A0U3NM55,A0A1V0U106,A0A2N9BGS1	239	140
Strep_C93536	Strep_C93536A0	1	0.007142857142857143	A0A7G3UPN0	A0A7G3UPN0	A0A0A8EW25,A0A1S6JG23,A0A7G1PEM7	312	139
Strep_C93556	Strep_C93556A140	2	0.014285714285714285	A0A6N9VDQ0	A0A7G7BDG2	A0A7G6XEZ1,A0A1U9P4E8,A0A1H4UWN5	159	140
Strep_C93645	Strep_C93645A2556	4	0.02857142857142857	A0A1U9P0G9	A0A7H1BFX0	A0A1L6PUK1,A0A7H0NL53,B1VP98	3328	140
Strep_C93694	Strep_C93694A73	3	0.02142857142857143	A0A516R451	A0A7H8ILW0	A0A7R8RKJ6,A0A6N9VIX6,A0A0C5FMW0	133	139
Strep_C93994	Strep_C93994A0	1	0.007142857142857143	A0A7T1TAK0	A0A7T1TAK0	A0A0F7FQV6,A0A3G4VR65,A0A6H0CK07	147	140
Strep_C94003	Strep_C94003A0	1	0.007142857142857143	A0A7T1WUL4	A0A7T1WUL4	A0A1H4WDN1,A0A1U9NVB5,A0A7H0ILV5	140	140
Strep_C94358	Strep_C94358A11	2	0.014285714285714285	A0A6G9FQ16	A0A3G4VQ25	A0A2S2G2S4,G2NAJ7,A0A5B8J2K4	131	140
Strep_C94490	Strep_C94490A1222	2	0.014285714285714285	A0A7H8ZT51	A0A3Q8USQ5	A0A7H8ZKU1,A0A1V0UI79,A0A7H8ZRD7	1539	140
Strep_C94600	Strep_C94600A0	1	0.007142857142857143	A0A3Q8W2V2	A0A3Q8W2V2	A0A2K8PA47,A0A2Z4JER1,A0A5J6I377	256	139
Strep_C94664	Strep_C94664A0	1	0.007142857142857143	A0A3Q9C455	A0A3Q9C455	A0A7H0IQ68,A0A143C595,A0A2N9B8V9	415	140
Strep_C94716	Strep_C94716A0	1	0.007142857142857143	A0A3Q9EVG2	A0A3Q9EVG2	A0A0B5DEX5,A0A7R8RRQ1,A0A2N9B9T2	140	140
Strep_C94718	Strep_C94718A216	2	0.014285714285714285	A0A7H8ZNW4	A0A3Q9EVG9	A0A7H8ZYM9,A0A1V0U5R5,A0A191V9J0	324	140
Strep_C94806	Strep_C94806A0	1	0.007142857142857143	A0A3Q9K640	A0A3Q9K640	J1ZWN4,A0A0B5I4G6,A0A3Q8VTW1	706	140
Strep_C94869	Strep_C94869A0	1	0.007142857142857143	A0A3S8VKQ1	A0A3S8VKQ1	A0A1H4L0K4,A0A5P2D6U2,A0A5P2C7I9	276	138
Strep_C95138	Strep_C95138A104	2	0.014285714285714285	A0A2K9EN30	A0A3S9PKJ8	A0A6N9VPU7,N0D097,A0A5P2CBH9	668	140
Strep_C95345	Strep_C95345A0	1	0.007142857142857143	A0A0U3NT44	A0A0U3NT44	A0A1H4UVX5,A0A0M3QLM4,A0A7G1NXQ7	139	139
Strep_C9544	Strep_C9544A257	2	0.014285714285714285	A0A1V0UC35	A0A3S9PCK1	A0A1H4LW85,A0A5J6GT83,A0A2S1T3R1	831	140
Strep_C95484	Strep_C95484A473	10	0.07142857142857142	A0A1L6PMK0	A0A0B5I7J2	A0A1Z1WC02,A0A5J6GJ74,A0A291Q9N9	858	140
Strep_C9557	Strep_C9557A385	2	0.014285714285714285	A0A7H8MIY9	A0A3S9PCY0	A0A7H8ZWG3,A0A1V0U8I6,B4VAX2	573	140
Strep_C95570	Strep_C95570A20	2	0.014285714285714285	A0A1L6PH60	A0A0F7VWS1	A0A0N6ZHX0,A0A3Q8VSM1,A0A0M4DV26	140	140
Strep_C95598	Strep_C95598A278	2	0.014285714285714285	A0A3G4VRA7	A0A0K2B0U3	A0A516R8B6,A0A0B5D6X1,A0A7L4ZAQ6	320	140
Strep_C95625	Strep_C95625A45	2	0.014285714285714285	A0A1V0UFB3	A0A0M4D6Y2	A0A2R4TAU8,A0A387HFG7,A0A5P8KAY1	605	140
Strep_C95687	Strep_C95687A121	2	0.014285714285714285	A0A0U3LP75	A0A143C0B0	A0A6N9VFB9,N0CUD9,A0A3G4VNI1	158	140
Strep_C95752	Strep_C95752A0	1	0.007142857142857143	A0A1B1AX33	A0A1B1AX33	A0A0A8EHM4,A0A1W7CTF6,A0A6M4PGE6	228	136
Strep_C95787	Strep_C95787A27	2	0.014285714285714285	A0A7H9A024	A0A1D7VJF4	A0A1H4WHN4,A0A0M4E9S5,A0A7H8THR5	147	140
Strep_C95865	Strep_C95865A128	2	0.014285714285714285	A0A7H8ZW48	A0A1L7GEI6	A0A0G3UN31,A0A7H1Q4E4,A0A1Z2L6J0	138	139
Strep_C96093	Strep_C96093A41	3	0.02142857142857143	A0A1H4PAW4	A0A1Z1WFL4	A0A2K9EWF3,A0A0F7N7E7,A0A3S8VNZ7	197	137
Strep_C96130	Strep_C96130A25	6	0.04285714285714286	A0A7G6XIL5	A0A1Z2KUQ6	N0CSW9,A0A1L6PLD8,A0A6N9VDH3	125	140
Strep_C96171	Strep_C96171A0	1	0.007142857142857143	A0A1Z2LDM7	A0A1Z2LDM7	A0A1D7YC02,A0A2R4JZQ0,A0A0C5G6B6	772	140
Strep_C96420	Strep_C96420A26	2	0.014285714285714285	A0A0U3C3M6	A0A6I6NF06	A0A1V0UH36,A0A7H8ZN60,A0A0F7NC99	141	139
Strep_C96487	Strep_C96487A40	2	0.014285714285714285	A0A7H8ZYG2	A0A6I6S3I9	A0A1H4WKM6,A0A222T5H8,A0A1B1BDK3	150	140
Strep_C96499	Strep_C96499A0	1	0.007142857142857143	A0A6I6S770	A0A6I6S770	A0A0U3N6Q6,A0A0F7VZB7,A0A6G9FC48	289	140
Strep_C96593	Strep_C96593A12	2	0.014285714285714285	A0A3G4VUX8	A0A6I6WHV9	A0A7H8ZS84,A0A1V0UCR4,A0A1V0R273	138	140
Strep_C9663	Strep_C9663A10	2	0.014285714285714285	A0A5P2BWC8	A0A494UUM9	A0A1V0ULM0,A0A7H8ZW25,A0A5B8IK34	561	139
Strep_C96638	Strep_C96638A0	1	0.007142857142857143	A0A6I6WS27	A0A6I6WS27	A0A0U3PT63,A0A0F7W5X8,A0A6M4PR62	140	139
Strep_C96645	Strep_C96645A0	1	0.007142857142857143	A0A6I6WVG2	A0A6I6WVG2	A0A0F7NA48,A0A1Z2L0U6,A0A143C6A0	393	140
Strep_C97016	Strep_C97016A70	2	0.014285714285714285	A0A426SB66	A0A7G1NPJ8	A0A1H4UQR9,A0A0K2AZV7,A0A6I6NG97	139	140
Strep_C97087	Strep_C97087A0	1	0.007142857142857143	A0A7G1P2C6	A0A7G1P2C6	A0A3Q8VDK6,A0A1W5Y0Y8,A0A2N9B7D1	1117	140
Strep_C97273	Strep_C97273A107	2	0.014285714285714285	A0A5B7UYJ0	G2N9Z8	A0A3G4VZL8,B4V1N4,A0A1V0UFP2	463	140
Strep_C97362	Strep_C97362A0	1	0.007142857142857143	G2P4N7	G2P4N7	A0A1H4YE34,A0A0F7FNW3,A0A6M4PQQ8	138	138
Strep_C97519	Strep_C97519A0	1	0.007142857142857143	I2N1E3	I2N1E3	A0A5B8JCL4,A0A1L7GMZ2,A0A3G4VY91	501	140
Strep_C97664	Strep_C97664A271	3	0.02142857142857143	A0A5P2BWY6	N0CQB0	A0A0M5IUJ6,A0A1W5Z3F6,A0A222T5K1	1264	140
Strep_C98121	Strep_C98121A146	2	0.014285714285714285	A0A3G4VR18	A0A0F7VN69	A0A1V0U687,A0A7H8ZYJ0,A0A1H4IC67	295	140
Strep_C9837	Strep_C9837A38	2	0.014285714285714285	A0A1W5YY12	A0A516R5G3	A0A0F7W626,A0A089Z3S7,A0A6I6SAG5	269	140
Strep_C98419	Strep_C98419A0	1	0.007142857142857143	A0A2R4T697	A0A2R4T697	A0A1H4S4K2,A0A0K2AWC4,A0A6M4WS58	140	140
Strep_C98563	Strep_C98563A60	2	0.014285714285714285	A0A3S8XVB2	A0A2S2G4A1	A0A0U2WW80,A0A0M3QNM0,A0A7G6XMX4	133	134
Strep_C98569	Strep_C98569A104	2	0.014285714285714285	B4V9N6	A0A2S2G8L0	A0A1V0UDC8,A0A7H8ZRA3,A0A1H4QT61	137	139
Strep_C98606	Strep_C98606A5	126	0.9	A0A5P2ARJ5	A0A2U9P0A6	A0A0F7FUY8,A0A1I6SMZ4,A0A1W7CXM2	14	138
Strep_C98823	Strep_C98823A0	1	0.007142857142857143	A0A2Z5JF41	A0A2Z5JF41	A0A2S2G7Z4,A0A0M4DEC9,A0A3Q9EW21	168	138
Strep_C98940	Strep_C98940A0	1	0.007142857142857143	A0A2Z5KAQ8	A0A2Z5KAQ8	A0A291Q0P7,A0A5B7UKZ3,A0A1A9ITG0	417	140
Strep_C98996	Strep_C98996A435	3	0.02142857142857143	A0A1W5XQ29	A0A344U5E7	A0A3G4VUM5,B4V374,A0A6N9VPJ7	805	140
Strep_C99238	Strep_C99238A133	3	0.02142857142857143	N0CSF2	A0A385DH03	A0A7H8ZWQ5,A0A1V0U7E7,A0A0F7VXT7	136	140
Strep_C99464	Strep_C99464A280	2	0.014285714285714285	B4V9I2	C9ZDE1	A0A2R4JUU8,A0A0U3LFK1,A0A3Q9KEF7	374	139
Strep_C99537	Strep_C99537A121	2	0.014285714285714285	A0A7H8ZKI4	D7BZ91	A0A5P2CP22,A0A0U3NW87,A0A1L6PUA0	210	136
Strep_C99558	Strep_C99558A0	1	0.007142857142857143	D7C5P7	D7C5P7	A0A0A8EVU0,A0A5B8J609,A0A5J6HIA7	134	134
Strep_C99599	Strep_C99599A0	1	0.007142857142857143	D7C8V5	D7C8V5	A0A0B5I0L7,A0A089Z0M7,A0A3S8YAR0	140	140
Strep_C99872	Strep_C99872A236	2	0.014285714285714285	A0A3Q8UQM6	I2N0E0	A0A0F7NFC5,A0A3Q8UV26,A0A7H9A1J9	819	140
Strep_C99964	Strep_C99964A1072	2	0.014285714285714285	A0A0G3UR22	L8ERH2	A0A1V0UF03,A0A7H8ZQH7,A0A5P2CMH7	3284	140
Strep_C99974	Strep_C99974A115	3	0.02142857142857143	A0A0F7N9M2	N0CUP6	A0A1V0UEK9,A0A7H8ZQC7,A0A1X4GT71	645	140
