gene	strain_count	frequency_percent
Strep_C2356	9	100.0
Strep_C17900	9	100.0
Strep_C17815	9	100.0
Strep_C17824	9	100.0
Strep_C17832	9	100.0
Strep_C17846	9	100.0
Strep_C1169	9	100.0
Strep_C1785	9	100.0
Strep_C2701	9	100.0
Strep_C5991	9	100.0
Strep_C25385	9	100.0
Strep_C11687	9	100.0
Strep_C11684	9	100.0
Strep_C2766	9	100.0
Strep_C11680	9	100.0
Strep_C9215	9	100.0
Strep_C5958	9	100.0
Strep_C6014	9	100.0
Strep_C9221	9	100.0
Strep_C1795	9	100.0
Strep_C5934	9	100.0
Strep_C17980	9	100.0
Strep_C5923	9	100.0
Strep_C17988	9	100.0
Strep_C5918	9	100.0
Strep_C2535	9	100.0
Strep_C18004	9	100.0
Strep_C5905	9	100.0
Strep_C25358	9	100.0
Strep_C1164	9	100.0
Strep_C25357	9	100.0
Strep_C25355	9	100.0
Strep_C6013	9	100.0
Strep_C6015	9	100.0
Strep_C5893	9	100.0
Strep_C17712	9	100.0
Strep_C9175	9	100.0
Strep_C6114	9	100.0
Strep_C17620	9	100.0
Strep_C11761	9	100.0
Strep_C6100	9	100.0
Strep_C609	9	100.0
Strep_C17647	9	100.0
Strep_C17648	9	100.0
Strep_C27003	9	100.0
Strep_C17653	9	100.0
Strep_C2874	9	100.0
Strep_C11749	9	100.0
Strep_C918	9	100.0
Strep_C6068	9	100.0
Strep_C17715	9	100.0
Strep_C6019	9	100.0
Strep_C17716	9	100.0
Strep_C17722	9	100.0
Strep_C17723	9	100.0
Strep_C1172	9	100.0
Strep_C25426	9	100.0
Strep_C6048	9	100.0
Strep_C17751	9	100.0
Strep_C17755	9	100.0
Strep_C17757	9	100.0
Strep_C17760	9	100.0
Strep_C6041	9	100.0
Strep_C1777	9	100.0
Strep_C602	9	100.0
Strep_C17799	9	100.0
Strep_C18019	9	100.0
Strep_C5889	9	100.0
Strep_C1674	9	100.0
Strep_C11544	9	100.0
Strep_C18256	9	100.0
Strep_C25285	9	100.0
Strep_C25284	9	100.0
Strep_C18303	9	100.0
Strep_C18305	9	100.0
Strep_C11560	9	100.0
Strep_C18306	9	100.0
Strep_C5748	9	100.0
Strep_C18311	9	100.0
Strep_C5742	9	100.0
Strep_C18324	9	100.0
Strep_C1833	9	100.0
Strep_C11548	9	100.0
Strep_C11547	9	100.0
Strep_C11543	9	100.0
Strep_C18252	9	100.0
Strep_C5727	9	100.0
Strep_C9285	9	100.0
Strep_C1836	9	100.0
Strep_C18376	9	100.0
Strep_C18377	9	100.0
Strep_C5702	9	100.0
Strep_C5698	9	100.0
Strep_C11523	9	100.0
Strep_C9299	9	100.0
Strep_C18412	9	100.0
Strep_C9300	9	100.0
Strep_C18432	9	100.0
Strep_C28883	9	100.0
Strep_C28884	9	100.0
Strep_C11574	9	100.0
Strep_C5780	9	100.0
Strep_C18074	9	100.0
Strep_C25307	9	100.0
Strep_C18090	9	100.0
Strep_C1162	9	100.0
Strep_C2881	9	100.0
Strep_C5853	9	100.0
Strep_C11626	9	100.0
Strep_C11621	9	100.0
Strep_C25320	9	100.0
Strep_C9247	9	100.0
Strep_C11615	9	100.0
Strep_C18159	9	100.0
Strep_C18164	9	100.0
Strep_C18165	9	100.0
Strep_C18170	9	100.0
Strep_C18175	9	100.0
Strep_C18182	9	100.0
Strep_C25290	9	100.0
Strep_C9250	9	100.0
Strep_C18189	9	100.0
Strep_C18190	9	100.0
Strep_C5810	9	100.0
Strep_C1819	9	100.0
Strep_C5803	9	100.0
Strep_C1820	9	100.0
Strep_C925	9	100.0
Strep_C9262	9	100.0
Strep_C5797	9	100.0
Strep_C5795	9	100.0
Strep_C5792	9	100.0
Strep_C926	9	100.0
Strep_C1823	9	100.0
Strep_C6115	9	100.0
Strep_C17615	9	100.0
Strep_C17601	9	100.0
Strep_C17061	9	100.0
Strep_C25647	9	100.0
Strep_C6480	9	100.0
Strep_C27716	9	100.0
Strep_C6478	9	100.0
Strep_C25641	9	100.0
Strep_C11965	9	100.0
Strep_C6473	9	100.0
Strep_C11959	9	100.0
Strep_C16997	9	100.0
Strep_C6445	9	100.0
Strep_C17014	9	100.0
Strep_C17020	9	100.0
Strep_C6435	9	100.0
Strep_C17055	9	100.0
Strep_C11943	9	100.0
Strep_C16929	9	100.0
Strep_C17065	9	100.0
Strep_C2560	9	100.0
Strep_C9091	9	100.0
Strep_C17077	9	100.0
Strep_C17079	9	100.0
Strep_C25607	9	100.0
Strep_C6408	9	100.0
Strep_C1710	9	100.0
Strep_C2559	9	100.0
Strep_C11928	9	100.0
Strep_C17121	9	100.0
Strep_C11923	9	100.0
Strep_C25593	9	100.0
Strep_C6383	9	100.0
Strep_C27718	9	100.0
Strep_C25651	9	100.0
Strep_C17597	9	100.0
Strep_C16842	9	100.0
Strep_C6594	9	100.0
Strep_C2568	9	100.0
Strep_C16767	9	100.0
Strep_C16768	9	100.0
Strep_C6583	9	100.0
Strep_C28605	9	100.0
Strep_C6578	9	100.0
Strep_C16800	9	100.0
Strep_C12022	9	100.0
Strep_C25679	9	100.0
Strep_C6557	9	100.0
Strep_C12018	9	100.0
Strep_C12016	9	100.0
Strep_C12015	9	100.0
Strep_C6541	9	100.0
Strep_C16924	9	100.0
Strep_C12010	9	100.0
Strep_C6540	9	100.0
Strep_C16862	9	100.0
Strep_C12003	9	100.0
Strep_C16890	9	100.0
Strep_C651	9	100.0
Strep_C11996	9	100.0
Strep_C9069	9	100.0
Strep_C6519	9	100.0
Strep_C11993	9	100.0
Strep_C6518	9	100.0
Strep_C6516	9	100.0
Strep_C2694	9	100.0
Strep_C16912	9	100.0
Strep_C11919	9	100.0
Strep_C17131	9	100.0
Strep_C17142	9	100.0
Strep_C9155	9	100.0
Strep_C17396	9	100.0
Strep_C25504	9	100.0
Strep_C17402	9	100.0
Strep_C9144	9	100.0
Strep_C11830	9	100.0
Strep_C6214	9	100.0
Strep_C6213	9	100.0
Strep_C11827	9	100.0
Strep_C11824	9	100.0
Strep_C1744	9	100.0
Strep_C17455	9	100.0
Strep_C17463	9	100.0
Strep_C11815	9	100.0
Strep_C6180	9	100.0
Strep_C6169	9	100.0
Strep_C6362	9	100.0
Strep_C17513	9	100.0
Strep_C6167	9	100.0
Strep_C17523	9	100.0
Strep_C1753	9	100.0
Strep_C17540	9	100.0
Strep_C11793	9	100.0
Strep_C17575	9	100.0
Strep_C17576	9	100.0
Strep_C17579	9	100.0
Strep_C11780	9	100.0
Strep_C17586	9	100.0
Strep_C9168	9	100.0
Strep_C9169	9	100.0
Strep_C612	9	100.0
Strep_C26984	9	100.0
Strep_C26983	9	100.0
Strep_C2550	9	100.0
Strep_C17385	9	100.0
Strep_C6361	9	100.0
Strep_C11905	9	100.0
Strep_C17175	9	100.0
Strep_C17183	9	100.0
Strep_C9112	9	100.0
Strep_C11897	9	100.0
Strep_C17198	9	100.0
Strep_C17234	9	100.0
Strep_C6327	9	100.0
Strep_C11889	9	100.0
Strep_C6319	9	100.0
Strep_C17267	9	100.0
Strep_C6307	9	100.0
Strep_C28684	9	100.0
Strep_C6294	9	100.0
Strep_C9124	9	100.0
Strep_C6281	9	100.0
Strep_C17313	9	100.0
Strep_C17315	9	100.0
Strep_C17316	9	100.0
Strep_C25532	9	100.0
Strep_C6276	9	100.0
Strep_C6275	9	100.0
Strep_C17339	9	100.0
Strep_C17340	9	100.0
Strep_C25525	9	100.0
Strep_C17343	9	100.0
Strep_C17377	9	100.0
Strep_C26982	9	100.0
Strep_C5668	9	100.0
Strep_C5657	9	100.0
Strep_C5656	9	100.0
Strep_C27584	9	100.0
Strep_C19603	9	100.0
Strep_C4951	9	100.0
Strep_C4947	9	100.0
Strep_C11147	9	100.0
Strep_C4946	9	100.0
Strep_C9477	9	100.0
Strep_C19653	9	100.0
Strep_C19661	9	100.0
Strep_C4938	9	100.0
Strep_C27585	9	100.0
Strep_C4933	9	100.0
Strep_C11136	9	100.0
Strep_C19688	9	100.0
Strep_C19689	9	100.0
Strep_C4921	9	100.0
Strep_C4989	9	100.0
Strep_C19702	9	100.0
Strep_C1111	9	100.0
Strep_C19725	9	100.0
Strep_C19731	9	100.0
Strep_C4892	9	100.0
Strep_C4889	9	100.0
Strep_C4888	9	100.0
Strep_C4886	9	100.0
Strep_C19770	9	100.0
Strep_C4883	9	100.0
Strep_C19782	9	100.0
Strep_C4875	9	100.0
Strep_C4873	9	100.0
Strep_C19794	9	100.0
Strep_C4980	9	100.0
Strep_C19573	9	100.0
Strep_C5100	9	100.0
Strep_C11190	9	100.0
Strep_C5099	9	100.0
Strep_C5093	9	100.0
Strep_C19400	9	100.0
Strep_C19402	9	100.0
Strep_C5085	9	100.0
Strep_C19422	9	100.0
Strep_C944	9	100.0
Strep_C5070	9	100.0
Strep_C1945	9	100.0
Strep_C5059	9	100.0
Strep_C5051	9	100.0
Strep_C19473	9	100.0
Strep_C19475	9	100.0
Strep_C19477	9	100.0
Strep_C5047	9	100.0
Strep_C9471	9	100.0
Strep_C11185	9	100.0
Strep_C19524	9	100.0
Strep_C5020	9	100.0
Strep_C11179	9	100.0
Strep_C11174	9	100.0
Strep_C9461	9	100.0
Strep_C9462	9	100.0
Strep_C19549	9	100.0
Strep_C19551	9	100.0
Strep_C5001	9	100.0
Strep_C5000	9	100.0
Strep_C19560	9	100.0
Strep_C4999	9	100.0
Strep_C2490	9	100.0
Strep_C19796	9	100.0
Strep_C27160	9	100.0
Strep_C19808	9	100.0
Strep_C4707	9	100.0
Strep_C29164	9	100.0
Strep_C11024	9	100.0
Strep_C29165	9	100.0
Strep_C29166	9	100.0
Strep_C4733	9	100.0
Strep_C29167	9	100.0
Strep_C20023	9	100.0
Strep_C4730	9	100.0
Strep_C4725	9	100.0
Strep_C20031	9	100.0
Strep_C29171	9	100.0
Strep_C27175	9	100.0
Strep_C471	9	100.0
Strep_C2005	9	100.0
Strep_C1099	9	100.0
Strep_C19814	9	100.0
Strep_C2008	9	100.0
Strep_C10998	9	100.0
Strep_C4692	9	100.0
Strep_C20095	9	100.0
Strep_C20102	9	100.0
Strep_C4684	9	100.0
Strep_C27181	9	100.0
Strep_C27182	9	100.0
Strep_C4676	9	100.0
Strep_C10984	9	100.0
Strep_C4662	9	100.0
Strep_C4655	9	100.0
Strep_C9550	9	100.0
Strep_C4650	9	100.0
Strep_C4745	9	100.0
Strep_C4750	9	100.0
Strep_C4754	9	100.0
Strep_C4757	9	100.0
Strep_C19825	9	100.0
Strep_C4843	9	100.0
Strep_C4839	9	100.0
Strep_C11075	9	100.0
Strep_C4830	9	100.0
Strep_C950	9	100.0
Strep_C4825	9	100.0
Strep_C4824	9	100.0
Strep_C19877	9	100.0
Strep_C19880	9	100.0
Strep_C4819	9	100.0
Strep_C24821	9	100.0
Strep_C1105	9	100.0
Strep_C4801	9	100.0
Strep_C4799	9	100.0
Strep_C4797	9	100.0
Strep_C24813	9	100.0
Strep_C4791	9	100.0
Strep_C4790	9	100.0
Strep_C11049	9	100.0
Strep_C9521	9	100.0
Strep_C4772	9	100.0
Strep_C19955	9	100.0
Strep_C4770	9	100.0
Strep_C9526	9	100.0
Strep_C11038	9	100.0
Strep_C4768	9	100.0
Strep_C11036	9	100.0
Strep_C4761	9	100.0
Strep_C9439	9	100.0
Strep_C5106	9	100.0
Strep_C18463	9	100.0
Strep_C18769	9	100.0
Strep_C1869	9	100.0
Strep_C186	9	100.0
Strep_C11428	9	100.0
Strep_C5499	9	100.0
Strep_C5498	9	100.0
Strep_C11425	9	100.0
Strep_C1872	9	100.0
Strep_C18731	9	100.0
Strep_C11418	9	100.0
Strep_C5487	9	100.0
Strep_C9345	9	100.0
Strep_C11413	9	100.0
Strep_C5474	9	100.0
Strep_C5473	9	100.0
Strep_C25136	9	100.0
Strep_C1867	9	100.0
Strep_C18793	9	100.0
Strep_C18800	9	100.0
Strep_C5446	9	100.0
Strep_C5439	9	100.0
Strep_C5437	9	100.0
Strep_C11393	9	100.0
Strep_C25123	9	100.0
Strep_C5427	9	100.0
Strep_C5419	9	100.0
Strep_C5418	9	100.0
Strep_C25114	9	100.0
Strep_C25113	9	100.0
Strep_C18860	9	100.0
Strep_C25110	9	100.0
Strep_C5507	9	100.0
Strep_C9339	9	100.0
Strep_C19365	9	100.0
Strep_C25197	9	100.0
Strep_C9307	9	100.0
Strep_C5633	9	100.0
Strep_C5632	9	100.0
Strep_C11496	9	100.0
Strep_C5629	9	100.0
Strep_C5624	9	100.0
Strep_C1852	9	100.0
Strep_C18530	9	100.0
Strep_C18531	9	100.0
Strep_C5599	9	100.0
Strep_C5598	9	100.0
Strep_C5597	9	100.0
Strep_C11472	9	100.0
Strep_C25198	9	100.0
Strep_C5587	9	100.0
Strep_C18675	9	100.0
Strep_C27070	9	100.0
Strep_C5576	9	100.0
Strep_C5574	9	100.0
Strep_C2518	9	100.0
Strep_C932	9	100.0
Strep_C18601	9	100.0
Strep_C5560	9	100.0
Strep_C9333	9	100.0
Strep_C5552	9	100.0
Strep_C5540	9	100.0
Strep_C552	9	100.0
Strep_C18667	9	100.0
Strep_C9338	9	100.0
Strep_C18671	9	100.0
Strep_C28955	9	100.0
Strep_C18887	9	100.0
Strep_C18888	9	100.0
Strep_C5181	9	100.0
Strep_C11294	9	100.0
Strep_C5235	9	100.0
Strep_C5234	9	100.0
Strep_C19185	9	100.0
Strep_C27116	9	100.0
Strep_C19191	9	100.0
Strep_C5211	9	100.0
Strep_C19200	9	100.0
Strep_C9417	9	100.0
Strep_C19203	9	100.0
Strep_C9420	9	100.0
Strep_C5193	9	100.0
Strep_C5190	9	100.0
Strep_C9427	9	100.0
Strep_C19245	9	100.0
Strep_C11373	9	100.0
Strep_C19252	9	100.0
Strep_C5166	9	100.0
Strep_C11246	9	100.0
Strep_C5157	9	100.0
Strep_C1928	9	100.0
Strep_C24981	9	100.0
Strep_C11239	9	100.0
Strep_C192	9	100.0
Strep_C9433	9	100.0
Strep_C19309	9	100.0
Strep_C19310	9	100.0
Strep_C5132	9	100.0
Strep_C19333	9	100.0
Strep_C5117	9	100.0
Strep_C19152	9	100.0
Strep_C11296	9	100.0
Strep_C5237	9	100.0
Strep_C5258	9	100.0
Strep_C18900	9	100.0
Strep_C5383	9	100.0
Strep_C5371	9	100.0
Strep_C25081	9	100.0
Strep_C18940	9	100.0
Strep_C535	9	100.0
Strep_C1895	9	100.0
Strep_C18961	9	100.0
Strep_C11353	9	100.0
Strep_C5333	9	100.0
Strep_C5332	9	100.0
Strep_C5328	9	100.0
Strep_C1899	9	100.0
Strep_C5321	9	100.0
Strep_C19014	9	100.0
Strep_C11340	9	100.0
Strep_C19015	9	100.0
Strep_C25055	9	100.0
Strep_C5293	9	100.0
Strep_C5290	9	100.0
Strep_C25048	9	100.0
Strep_C25045	9	100.0
Strep_C19079	9	100.0
Strep_C19081	9	100.0
Strep_C9396	9	100.0
Strep_C25036	9	100.0
Strep_C19105	9	100.0
Strep_C5261	9	100.0
Strep_C11305	9	100.0
Strep_C9044	9	100.0
Strep_C9038	9	100.0
Strep_C20167	9	100.0
Strep_C14480	9	100.0
Strep_C7805	9	100.0
Strep_C7797	9	100.0
Strep_C14420	9	100.0
Strep_C14424	9	100.0
Strep_C12793	9	100.0
Strep_C26724	9	100.0
Strep_C7790	9	100.0
Strep_C26297	9	100.0
Strep_C12787	9	100.0
Strep_C14442	9	100.0
Strep_C28189	9	100.0
Strep_C8659	9	100.0
Strep_C7780	9	100.0
Strep_C7764	9	100.0
Strep_C14481	9	100.0
Strep_C12800	9	100.0
Strep_C14488	9	100.0
Strep_C7750	9	100.0
Strep_C7749	9	100.0
Strep_C14503	9	100.0
Strep_C12771	9	100.0
Strep_C8667	9	100.0
Strep_C12767	9	100.0
Strep_C8669	9	100.0
Strep_C14506	9	100.0
Strep_C1450	9	100.0
Strep_C7728	9	100.0
Strep_C7724	9	100.0
Strep_C14555	9	100.0
Strep_C14559	9	100.0
Strep_C26722	9	100.0
Strep_C26721	9	100.0
Strep_C28226	9	100.0
Strep_C7879	9	100.0
Strep_C14134	9	100.0
Strep_C14136	9	100.0
Strep_C7938	9	100.0
Strep_C14152	9	100.0
Strep_C7923	9	100.0
Strep_C7918	9	100.0
Strep_C2813	9	100.0
Strep_C8625	9	100.0
Strep_C14204	9	100.0
Strep_C14215	9	100.0
Strep_C7905	9	100.0
Strep_C7903	9	100.0
Strep_C7894	9	100.0
Strep_C7882	9	100.0
Strep_C28159	9	100.0
Strep_C26720	9	100.0
Strep_C7867	9	100.0
Strep_C28160	9	100.0
Strep_C785	9	100.0
Strep_C27889	9	100.0
Strep_C7855	9	100.0
Strep_C7850	9	100.0
Strep_C7846	9	100.0
Strep_C7845	9	100.0
Strep_C14344	9	100.0
Strep_C7831	9	100.0
Strep_C14361	9	100.0
Strep_C1280	9	100.0
Strep_C12808	9	100.0
Strep_C14369	9	100.0
Strep_C14572	9	100.0
Strep_C28227	9	100.0
Strep_C1673	9	100.0
Strep_C7505	9	100.0
Strep_C14859	9	100.0
Strep_C14861	9	100.0
Strep_C7559	9	100.0
Strep_C7555	9	100.0
Strep_C2827	9	100.0
Strep_C7551	9	100.0
Strep_C7535	9	100.0
Strep_C14906	9	100.0
Strep_C12642	9	100.0
Strep_C14910	9	100.0
Strep_C14912	9	100.0
Strep_C7523	9	100.0
Strep_C1262	9	100.0
Strep_C8747	9	100.0
Strep_C14976	9	100.0
Strep_C14842	9	100.0
Strep_C14982	9	100.0
Strep_C15000	9	100.0
Strep_C26142	9	100.0
Strep_C26141	9	100.0
Strep_C15015	9	100.0
Strep_C8759	9	100.0
Strep_C28306	9	100.0
Strep_C28307	9	100.0
Strep_C15034	9	100.0
Strep_C15035	9	100.0
Strep_C15036	9	100.0
Strep_C15037	9	100.0
Strep_C7472	9	100.0
Strep_C7469	9	100.0
Strep_C14844	9	100.0
Strep_C14833	9	100.0
Strep_C7686	9	100.0
Strep_C14698	9	100.0
Strep_C14621	9	100.0
Strep_C14634	9	100.0
Strep_C14640	9	100.0
Strep_C14642	9	100.0
Strep_C26233	9	100.0
Strep_C12722	9	100.0
Strep_C1465	9	100.0
Strep_C12719	9	100.0
Strep_C28243	9	100.0
Strep_C1467	9	100.0
Strep_C12713	9	100.0
Strep_C7649	9	100.0
Strep_C7644	9	100.0
Strep_C8699	9	100.0
Strep_C7637	9	100.0
Strep_C14822	9	100.0
Strep_C14711	9	100.0
Strep_C14717	9	100.0
Strep_C14721	9	100.0
Strep_C14725	9	100.0
Strep_C14726	9	100.0
Strep_C8707	9	100.0
Strep_C14736	9	100.0
Strep_C8709	9	100.0
Strep_C7627	9	100.0
Strep_C14772	9	100.0
Strep_C14781	9	100.0
Strep_C14782	9	100.0
Strep_C14786	9	100.0
Strep_C14814	9	100.0
Strep_C14131	9	100.0
Strep_C14120	9	100.0
Strep_C14110	9	100.0
Strep_C13523	9	100.0
Strep_C13088	9	100.0
Strep_C13431	9	100.0
Strep_C8321	9	100.0
Strep_C13439	9	100.0
Strep_C26551	9	100.0
Strep_C13466	9	100.0
Strep_C8300	9	100.0
Strep_C13484	9	100.0
Strep_C851	9	100.0
Strep_C8290	9	100.0
Strep_C13504	9	100.0
Strep_C13064	9	100.0
Strep_C13510	9	100.0
Strep_C8279	9	100.0
Strep_C13529	9	100.0
Strep_C13386	9	100.0
Strep_C26655	9	100.0
Strep_C13541	9	100.0
Strep_C13543	9	100.0
Strep_C8260	9	100.0
Strep_C8534	9	100.0
Strep_C824	9	100.0
Strep_C8247	9	100.0
Strep_C13579	9	100.0
Strep_C1357	9	100.0
Strep_C13598	9	100.0
Strep_C26523	9	100.0
Strep_C13602	9	100.0
Strep_C26521	9	100.0
Strep_C26520	9	100.0
Strep_C13387	9	100.0
Strep_C8353	9	100.0
Strep_C7956	9	100.0
Strep_C8488	9	100.0
Strep_C8440	9	100.0
Strep_C13160	9	100.0
Strep_C8467	9	100.0
Strep_C8438	9	100.0
Strep_C13218	9	100.0
Strep_C846	9	100.0
Strep_C2795	9	100.0
Strep_C27959	9	100.0
Strep_C13151	9	100.0
Strep_C8424	9	100.0
Strep_C8423	9	100.0
Strep_C8480	9	100.0
Strep_C13138	9	100.0
Strep_C8421	9	100.0
Strep_C1330	9	100.0
Strep_C13098	9	100.0
Strep_C8394	9	100.0
Strep_C13316	9	100.0
Strep_C8391	9	100.0
Strep_C8390	9	100.0
Strep_C8498	9	100.0
Strep_C8388	9	100.0
Strep_C849	9	100.0
Strep_C1310	9	100.0
Strep_C8383	9	100.0
Strep_C1333	9	100.0
Strep_C13365	9	100.0
Strep_C13370	9	100.0
Strep_C8355	9	100.0
Strep_C1309	9	100.0
Strep_C13019	9	100.0
Strep_C821	9	100.0
Strep_C13637	9	100.0
Strep_C26415	9	100.0
Strep_C8082	9	100.0
Strep_C13890	9	100.0
Strep_C2643	9	100.0
Strep_C13908	9	100.0
Strep_C806	9	100.0
Strep_C8062	9	100.0
Strep_C13930	9	100.0
Strep_C13932	9	100.0
Strep_C8048	9	100.0
Strep_C12918	9	100.0
Strep_C13968	9	100.0
Strep_C26417	9	100.0
Strep_C8019	9	100.0
Strep_C26416	9	100.0
Strep_C26414	9	100.0
Strep_C8212	9	100.0
Strep_C8013	9	100.0
Strep_C8008	9	100.0
Strep_C8000	9	100.0
Strep_C14042	9	100.0
Strep_C14043	9	100.0
Strep_C14049	9	100.0
Strep_C14051	9	100.0
Strep_C14053	9	100.0
Strep_C14057	9	100.0
Strep_C8614	9	100.0
Strep_C7976	9	100.0
Strep_C7975	9	100.0
Strep_C8617	9	100.0
Strep_C12874	9	100.0
Strep_C8584	9	100.0
Strep_C28086	9	100.0
Strep_C8085	9	100.0
Strep_C8096	9	100.0
Strep_C8205	9	100.0
Strep_C1365	9	100.0
Strep_C13667	9	100.0
Strep_C1366	9	100.0
Strep_C13679	9	100.0
Strep_C13685	9	100.0
Strep_C8183	9	100.0
Strep_C1369	9	100.0
Strep_C13720	9	100.0
Strep_C13725	9	100.0
Strep_C26483	9	100.0
Strep_C26479	9	100.0
Strep_C13749	9	100.0
Strep_C26477	9	100.0
Strep_C13754	9	100.0
Strep_C13759	9	100.0
Strep_C13762	9	100.0
Strep_C12966	9	100.0
Strep_C8119	9	100.0
Strep_C13816	9	100.0
Strep_C13818	9	100.0
Strep_C1382	9	100.0
Strep_C13842	9	100.0
Strep_C13848	9	100.0
Strep_C13854	9	100.0
Strep_C8581	9	100.0
Strep_C12950	9	100.0
Strep_C809	9	100.0
Strep_C8098	9	100.0
Strep_C28308	9	100.0
Strep_C26131	9	100.0
Strep_C7461	9	100.0
Strep_C6937	9	100.0
Strep_C16024	9	100.0
Strep_C25881	9	100.0
Strep_C12256	9	100.0
Strep_C6957	9	100.0
Strep_C16076	9	100.0
Strep_C16077	9	100.0
Strep_C16080	9	100.0
Strep_C16083	9	100.0
Strep_C12241	9	100.0
Strep_C16105	9	100.0
Strep_C28493	9	100.0
Strep_C16113	9	100.0
Strep_C16118	9	100.0
Strep_C1222	9	100.0
Strep_C2850	9	100.0
Strep_C16010	9	100.0
Strep_C16181	9	100.0
Strep_C25838	9	100.0
Strep_C25837	9	100.0
Strep_C16192	9	100.0
Strep_C16219	9	100.0
Strep_C6872	9	100.0
Strep_C6869	9	100.0
Strep_C6866	9	100.0
Strep_C8967	9	100.0
Strep_C27771	9	100.0
Strep_C6860	9	100.0
Strep_C28530	9	100.0
Strep_C16292	9	100.0
Strep_C12187	9	100.0
Strep_C6983	9	100.0
Strep_C16008	9	100.0
Strep_C15874	9	100.0
Strep_C15947	9	100.0
Strep_C15889	9	100.0
Strep_C158	9	100.0
Strep_C15908	9	100.0
Strep_C25915	9	100.0
Strep_C25913	9	100.0
Strep_C8907	9	100.0
Strep_C1591	9	100.0
Strep_C15924	9	100.0
Strep_C26862	9	100.0
Strep_C15925	9	100.0
Strep_C15929	9	100.0
Strep_C15933	9	100.0
Strep_C7027	9	100.0
Strep_C15944	9	100.0
Strep_C891	9	100.0
Strep_C698	9	100.0
Strep_C7017	9	100.0
Strep_C15954	9	100.0
Strep_C15963	9	100.0
Strep_C12286	9	100.0
Strep_C12282	9	100.0
Strep_C7012	9	100.0
Strep_C28469	9	100.0
Strep_C28473	9	100.0
Strep_C7002	9	100.0
Strep_C15997	9	100.0
Strep_C12273	9	100.0
Strep_C16000	9	100.0
Strep_C16002	9	100.0
Strep_C16004	9	100.0
Strep_C28532	9	100.0
Strep_C6839	9	100.0
Strep_C16305	9	100.0
Strep_C12080	9	100.0
Strep_C1657	9	100.0
Strep_C12108	9	100.0
Strep_C12107	9	100.0
Strep_C16582	9	100.0
Strep_C12104	9	100.0
Strep_C12103	9	100.0
Strep_C16587	9	100.0
Strep_C1209	9	100.0
Strep_C16588	9	100.0
Strep_C1659	9	100.0
Strep_C26916	9	100.0
Strep_C6668	9	100.0
Strep_C16631	9	100.0
Strep_C6663	9	100.0
Strep_C6657	9	100.0
Strep_C8973	9	100.0
Strep_C6654	9	100.0
Strep_C16657	9	100.0
Strep_C9028	9	100.0
Strep_C16695	9	100.0
Strep_C16696	9	100.0
Strep_C16699	9	100.0
Strep_C1669	9	100.0
Strep_C25707	9	100.0
Strep_C2858	9	100.0
Strep_C16719	9	100.0
Strep_C12057	9	100.0
Strep_C2569	9	100.0
Strep_C6606	9	100.0
Strep_C16735	9	100.0
Strep_C2573	9	100.0
Strep_C16563	9	100.0
Strep_C9007	9	100.0
Strep_C6711	9	100.0
Strep_C16307	9	100.0
Strep_C12180	9	100.0
Strep_C6818	9	100.0
Strep_C16334	9	100.0
Strep_C8977	9	100.0
Strep_C8980	9	100.0
Strep_C8982	9	100.0
Strep_C16405	9	100.0
Strep_C16423	9	100.0
Strep_C16424	9	100.0
Strep_C6762	9	100.0
Strep_C8991	9	100.0
Strep_C6755	9	100.0
Strep_C16458	9	100.0
Strep_C16462	9	100.0
Strep_C16468	9	100.0
Strep_C16473	9	100.0
Strep_C16477	9	100.0
Strep_C16502	9	100.0
Strep_C28554	9	100.0
Strep_C6723	9	100.0
Strep_C8994	9	100.0
Strep_C6721	9	100.0
Strep_C8997	9	100.0
Strep_C16516	9	100.0
Strep_C8999	9	100.0
Strep_C12126	9	100.0
Strep_C12125	9	100.0
Strep_C16530	9	100.0
Strep_C15875	9	100.0
Strep_C12327	9	100.0
Strep_C12585	9	100.0
Strep_C1530	9	100.0
Strep_C7377	9	100.0
Strep_C12524	9	100.0
Strep_C15241	9	100.0
Strep_C15242	9	100.0
Strep_C1525	9	100.0
Strep_C15262	9	100.0
Strep_C7357	9	100.0
Strep_C15265	9	100.0
Strep_C7352	9	100.0
Strep_C15273	9	100.0
Strep_C8802	9	100.0
Strep_C7344	9	100.0
Strep_C26069	9	100.0
Strep_C26066	9	100.0
Strep_C732	9	100.0
Strep_C7383	9	100.0
Strep_C15315	9	100.0
Strep_C8810	9	100.0
Strep_C15322	9	100.0
Strep_C15328	9	100.0
Strep_C15338	9	100.0
Strep_C7305	9	100.0
Strep_C15366	9	100.0
Strep_C15367	9	100.0
Strep_C8819	9	100.0
Strep_C15368	9	100.0
Strep_C15370	9	100.0
Strep_C15380	9	100.0
Strep_C15382	9	100.0
Strep_C15383	9	100.0
Strep_C15229	9	100.0
Strep_C7389	9	100.0
Strep_C12328	9	100.0
Strep_C7403	9	100.0
Strep_C7459	9	100.0
Strep_C15074	9	100.0
Strep_C7448	9	100.0
Strep_C26121	9	100.0
Strep_C7443	9	100.0
Strep_C7439	9	100.0
Strep_C7438	9	100.0
Strep_C7436	9	100.0
Strep_C15119	9	100.0
Strep_C1512	9	100.0
Strep_C2610	9	100.0
Strep_C15138	9	100.0
Strep_C1514	9	100.0
Strep_C15156	9	100.0
Strep_C15175	9	100.0
Strep_C15201	9	100.0
Strep_C27840	9	100.0
Strep_C26794	9	100.0
Strep_C27839	9	100.0
Strep_C27838	9	100.0
Strep_C15179	9	100.0
Strep_C15186	9	100.0
Strep_C2833	9	100.0
Strep_C7397	9	100.0
Strep_C12541	9	100.0
Strep_C15193	9	100.0
Strep_C7396	9	100.0
Strep_C15198	9	100.0
Strep_C7392	9	100.0
Strep_C15200	9	100.0
Strep_C7296	9	100.0
Strep_C15395	9	100.0
Strep_C26042	9	100.0
Strep_C15761	9	100.0
Strep_C15676	9	100.0
Strep_C15677	9	100.0
Strep_C7138	9	100.0
Strep_C7134	9	100.0
Strep_C7131	9	100.0
Strep_C12377	9	100.0
Strep_C2595	9	100.0
Strep_C15729	9	100.0
Strep_C8871	9	100.0
Strep_C15731	9	100.0
Strep_C8873	9	100.0
Strep_C15739	9	100.0
Strep_C7106	9	100.0
Strep_C1574	9	100.0
Strep_C7096	9	100.0
Strep_C28376	9	100.0
Strep_C15766	9	100.0
Strep_C15775	9	100.0
Strep_C15778	9	100.0
Strep_C7081	9	100.0
Strep_C25940	9	100.0
Strep_C15806	9	100.0
Strep_C15807	9	100.0
Strep_C15809	9	100.0
Strep_C2593	9	100.0
Strep_C15831	9	100.0
Strep_C15834	9	100.0
Strep_C15837	9	100.0
Strep_C7057	9	100.0
Strep_C8893	9	100.0
Strep_C12393	9	100.0
Strep_C7145	9	100.0
Strep_C12403	9	100.0
Strep_C15644	9	100.0
Strep_C7272	9	100.0
Strep_C15437	9	100.0
Strep_C15447	9	100.0
Strep_C15452	9	100.0
Strep_C7258	9	100.0
Strep_C12459	9	100.0
Strep_C15468	9	100.0
Strep_C12453	9	100.0
Strep_C2838	9	100.0
Strep_C7233	9	100.0
Strep_C8838	9	100.0
Strep_C12444	9	100.0
Strep_C12442	9	100.0
Strep_C15506	9	100.0
Strep_C15515	9	100.0
Strep_C15518	9	100.0
Strep_C7209	9	100.0
Strep_C2599	9	100.0
Strep_C25996	9	100.0
Strep_C12423	9	100.0
Strep_C7184	9	100.0
Strep_C7181	9	100.0
Strep_C7179	9	100.0
Strep_C15604	9	100.0
Strep_C15629	9	100.0
Strep_C7167	9	100.0
Strep_C7164	9	100.0
Strep_C15643	9	100.0
Strep_C8856	9	100.0
Strep_C4649	9	100.0
Strep_C18235	9	100.0
Strep_C10382	9	100.0
Strep_C10116	9	100.0
Strep_C10045	9	100.0
Strep_C4218	9	100.0
Strep_C22069	9	100.0
Strep_C22067	9	100.0
Strep_C9834	9	100.0
Strep_C3494	9	100.0
Strep_C30211	9	100.0
Strep_C10414	9	100.0
Strep_C24203	9	100.0
Strep_C3520	9	100.0
Strep_C23089	9	100.0
Strep_C10419	9	100.0
Strep_C27462	9	100.0
Strep_C20921	9	100.0
Strep_C3532	9	100.0
Strep_C20937	9	100.0
Strep_C10766	9	100.0
Strep_C3489	9	100.0
Strep_C4223	9	100.0
Strep_C22079	9	100.0
Strep_C9842	9	100.0
Strep_C10780	9	100.0
Strep_C3456	9	100.0
Strep_C10389	9	100.0
Strep_C3472	9	100.0
Strep_C23819	9	100.0
Strep_C9648	9	100.0
Strep_C23667	9	100.0
Strep_C20836	9	100.0
Strep_C20843	9	100.0
Strep_C24174	9	100.0
Strep_C4244	9	100.0
Strep_C23818	9	100.0
Strep_C20865	9	100.0
Strep_C1076	9	100.0
Strep_C3538	9	100.0
Strep_C4185	9	100.0
Strep_C29309	9	100.0
Strep_C24242	9	100.0
Strep_C24239	9	100.0
Strep_C20997	9	100.0
Strep_C24240	9	100.0
Strep_C10729	9	100.0
Strep_C2380	9	100.0
Strep_C10727	9	100.0
Strep_C10726	9	100.0
Strep_C29773	9	100.0
Strep_C3542	9	100.0
Strep_C360	9	100.0
Strep_C24245	9	100.0
Strep_C23353	9	100.0
Strep_C23676	9	100.0
Strep_C3614	9	100.0
Strep_C3620	9	100.0
Strep_C21873	9	100.0
Strep_C21912	9	100.0
Strep_C21914	9	100.0
Strep_C2976	9	100.0
Strep_C24238	9	100.0
Strep_C10111	9	100.0
Strep_C1010	9	100.0
Strep_C4176	9	100.0
Strep_C21981	9	100.0
Strep_C21980	9	100.0
Strep_C1073	9	100.0
Strep_C3557	9	100.0
Strep_C24512	9	100.0
Strep_C23357	9	100.0
Strep_C9821	9	100.0
Strep_C24509	9	100.0
Strep_C4160	9	100.0
Strep_C23354	9	100.0
Strep_C23095	9	100.0
Strep_C2422	9	100.0
Strep_C2415	9	100.0
Strep_C4258	9	100.0
Strep_C20622	9	100.0
Strep_C10342	9	100.0
Strep_C9992	9	100.0
Strep_C22294	9	100.0
Strep_C10820	9	100.0
Strep_C23424	9	100.0
Strep_C23423	9	100.0
Strep_C22283	9	100.0
Strep_C23036	9	100.0
Strep_C3379	9	100.0
Strep_C4314	9	100.0
Strep_C10127	9	100.0
Strep_C4326	9	100.0
Strep_C9861	9	100.0
Strep_C22226	9	100.0
Strep_C4321	9	100.0
Strep_C9859	9	100.0
Strep_C22222	9	100.0
Strep_C2068	9	100.0
Strep_C20688	9	100.0
Strep_C3347	9	100.0
Strep_C30248	9	100.0
Strep_C10837	9	100.0
Strep_C9876	9	100.0
Strep_C9875	9	100.0
Strep_C22355	9	100.0
Strep_C10325	9	100.0
Strep_C10832	9	100.0
Strep_C9871	9	100.0
Strep_C9870	9	100.0
Strep_C3313	9	100.0
Strep_C20672	9	100.0
Strep_C20673	9	100.0
Strep_C23854	9	100.0
Strep_C3025	9	100.0
Strep_C3334	9	100.0
Strep_C29994	9	100.0
Strep_C24133	9	100.0
Strep_C3405	9	100.0
Strep_C4261	9	100.0
Strep_C3425	9	100.0
Strep_C10036	9	100.0
Strep_C3423	9	100.0
Strep_C10369	9	100.0
Strep_C20779	9	100.0
Strep_C22174	9	100.0
Strep_C4289	9	100.0
Strep_C20782	9	100.0
Strep_C3426	9	100.0
Strep_C10358	9	100.0
Strep_C22157	9	100.0
Strep_C20805	9	100.0
Strep_C4269	9	100.0
Strep_C22147	9	100.0
Strep_C10038	9	100.0
Strep_C22139	9	100.0
Strep_C4266	9	100.0
Strep_C22194	9	100.0
Strep_C24575	9	100.0
Strep_C3023	9	100.0
Strep_C3417	9	100.0
Strep_C2220	9	100.0
Strep_C4313	9	100.0
Strep_C23421	9	100.0
Strep_C4308	9	100.0
Strep_C4304	9	100.0
Strep_C22203	9	100.0
Strep_C3413	9	100.0
Strep_C9641	9	100.0
Strep_C20763	9	100.0
Strep_C10362	9	100.0
Strep_C3414	9	100.0
Strep_C10035	9	100.0
Strep_C10124	9	100.0
Strep_C27454	9	100.0
Strep_C20773	9	100.0
Strep_C2449	9	100.0
Strep_C9677	9	100.0
Strep_C21864	9	100.0
Strep_C24418	9	100.0
Strep_C3978	9	100.0
Strep_C24424	9	100.0
Strep_C21639	9	100.0
Strep_C27293	9	100.0
Strep_C27291	9	100.0
Strep_C21286	9	100.0
Strep_C27290	9	100.0
Strep_C30150	9	100.0
Strep_C3952	9	100.0
Strep_C23757	9	100.0
Strep_C10088	9	100.0
Strep_C27289	9	100.0
Strep_C27288	9	100.0
Strep_C29832	9	100.0
Strep_C21309	9	100.0
Strep_C3956	9	100.0
Strep_C3980	9	100.0
Strep_C3982	9	100.0
Strep_C10069	9	100.0
Strep_C21273	9	100.0
Strep_C10655	9	100.0
Strep_C977	9	100.0
Strep_C3745	9	100.0
Strep_C10654	9	100.0
Strep_C23190	9	100.0
Strep_C3999	9	100.0
Strep_C29386	9	100.0
Strep_C29387	9	100.0
Strep_C3749	9	100.0
Strep_C2938	9	100.0
Strep_C3007	9	100.0
Strep_C3753	9	100.0
Strep_C2166	9	100.0
Strep_C3759	9	100.0
Strep_C21658	9	100.0
Strep_C10631	9	100.0
Strep_C21631	9	100.0
Strep_C9811	9	100.0
Strep_C2371	9	100.0
Strep_C23708	9	100.0
Strep_C10612	9	100.0
Strep_C1060	9	100.0
Strep_C3897	9	100.0
Strep_C2373	9	100.0
Strep_C23258	9	100.0
Strep_C3836	9	100.0
Strep_C23265	9	100.0
Strep_C3948	9	100.0
Strep_C21447	9	100.0
Strep_C21516	9	100.0
Strep_C3847	9	100.0
Strep_C21503	9	100.0
Strep_C24373	9	100.0
Strep_C10597	9	100.0
Strep_C2146	9	100.0
Strep_C10614	9	100.0
Strep_C2157	9	100.0
Strep_C9978	9	100.0
Strep_C2136	9	100.0
Strep_C10549	9	100.0
Strep_C9721	9	100.0
Strep_C3946	9	100.0
Strep_C3943	9	100.0
Strep_C1054	9	100.0
Strep_C3774	9	100.0
Strep_C21339	9	100.0
Strep_C3778	9	100.0
Strep_C23706	9	100.0
Strep_C9759	9	100.0
Strep_C10555	9	100.0
Strep_C3784	9	100.0
Strep_C21351	9	100.0
Strep_C21357	9	100.0
Strep_C21363	9	100.0
Strep_C3739	9	100.0
Strep_C21695	9	100.0
Strep_C4002	9	100.0
Strep_C3669	9	100.0
Strep_C3650	9	100.0
Strep_C4105	9	100.0
Strep_C2181	9	100.0
Strep_C3665	9	100.0
Strep_C3666	9	100.0
Strep_C4102	9	100.0
Strep_C23682	9	100.0
Strep_C2180	9	100.0
Strep_C21246	9	100.0
Strep_C4097	9	100.0
Strep_C4094	9	100.0
Strep_C4082	9	100.0
Strep_C21121	9	100.0
Strep_C2179	9	100.0
Strep_C3674	9	100.0
Strep_C3005	9	100.0
Strep_C10478	9	100.0
Strep_C4108	9	100.0
Strep_C20169	9	100.0
Strep_C2312	9	100.0
Strep_C24255	9	100.0
Strep_C24497	9	100.0
Strep_C21031	9	100.0
Strep_C3635	9	100.0
Strep_C4130	9	100.0
Strep_C4129	9	100.0
Strep_C10466	9	100.0
Strep_C3637	9	100.0
Strep_C2184	9	100.0
Strep_C21055	9	100.0
Strep_C10470	9	100.0
Strep_C4118	9	100.0
Strep_C4116	9	100.0
Strep_C29781	9	100.0
Strep_C23677	9	100.0
Strep_C10490	9	100.0
Strep_C10491	9	100.0
Strep_C21146	9	100.0
Strep_C3709	9	100.0
Strep_C1066	9	100.0
Strep_C21727	9	100.0
Strep_C23179	9	100.0
Strep_C9786	9	100.0
Strep_C10668	9	100.0
Strep_C24445	9	100.0
Strep_C27258	9	100.0
Strep_C10663	9	100.0
Strep_C10662	9	100.0
Strep_C10063	9	100.0
Strep_C29836	9	100.0
Strep_C21241	9	100.0
Strep_C10659	9	100.0
Strep_C27414	9	100.0
Strep_C4003	9	100.0
Strep_C4017	9	100.0
Strep_C3705	9	100.0
Strep_C21790	9	100.0
Strep_C10511	9	100.0
Strep_C10494	9	100.0
Strep_C4061	9	100.0
Strep_C4060	9	100.0
Strep_C21774	9	100.0
Strep_C4042	9	100.0
Strep_C24282	9	100.0
Strep_C10500	9	100.0
Strep_C3691	9	100.0
Strep_C10677	9	100.0
Strep_C10675	9	100.0
Strep_C21206	9	100.0
Strep_C3006	9	100.0
Strep_C21741	9	100.0
Strep_C23177	9	100.0
Strep_C27254	9	100.0
Strep_C22364	9	100.0
Strep_C21478	9	100.0
Strep_C9623	9	100.0
Strep_C22513	9	100.0
Strep_C20531	9	100.0
Strep_C24724	9	100.0
Strep_C9570	9	100.0
Strep_C23906	9	100.0
Strep_C10143	9	100.0
Strep_C3228	9	100.0
Strep_C24723	9	100.0
Strep_C20530	9	100.0
Strep_C23576	9	100.0
Strep_C22754	9	100.0
Strep_C22752	9	100.0
Strep_C10164	9	100.0
Strep_C24647	9	100.0
Strep_C4595	9	100.0
Strep_C20524	9	100.0
Strep_C4593	9	100.0
Strep_C4438	9	100.0
Strep_C4592	9	100.0
Strep_C4591	9	100.0
Strep_C4587	9	100.0
Strep_C20283	9	100.0
Strep_C3066	9	100.0
Strep_C24650	9	100.0
Strep_C3071	9	100.0
Strep_C27539	9	100.0
Strep_C20532	9	100.0
Strep_C20533	9	100.0
Strep_C9891	9	100.0
Strep_C23507	9	100.0
Strep_C3257	9	100.0
Strep_C3255	9	100.0
Strep_C23557	9	100.0
Strep_C24060	9	100.0
Strep_C4420	9	100.0
Strep_C4621	9	100.0
Strep_C960	9	100.0
Strep_C20219	9	100.0
Strep_C4426	9	100.0
Strep_C2919	9	100.0
Strep_C2053	9	100.0
Strep_C20229	9	100.0
Strep_C22760	9	100.0
Strep_C3249	9	100.0
Strep_C3049	9	100.0
Strep_C2472	9	100.0
Strep_C9569	9	100.0
Strep_C10285	9	100.0
Strep_C2023	9	100.0
Strep_C24059	9	100.0
Strep_C3054	9	100.0
Strep_C24058	9	100.0
Strep_C3244	9	100.0
Strep_C460	9	100.0
Strep_C20497	9	100.0
Strep_C23582	9	100.0
Strep_C10292	9	100.0
Strep_C4579	9	100.0
Strep_C2041	9	100.0
Strep_C4499	9	100.0
Strep_C29723	9	100.0
Strep_C10919	9	100.0
Strep_C20347	9	100.0
Strep_C22672	9	100.0
Strep_C22671	9	100.0
Strep_C10901	9	100.0
Strep_C22602	9	100.0
Strep_C9908	9	100.0
Strep_C22666	9	100.0
Strep_C10149	9	100.0
Strep_C4513	9	100.0
Strep_C4518	9	100.0
Strep_C24012	9	100.0
Strep_C27364	9	100.0
Strep_C451	9	100.0
Strep_C4523	9	100.0
Strep_C10150	9	100.0
Strep_C24007	9	100.0
Strep_C22643	9	100.0
Strep_C23888	9	100.0
Strep_C3124	9	100.0
Strep_C29657	9	100.0
Strep_C302	9	100.0
Strep_C10244	9	100.0
Strep_C23585	9	100.0
Strep_C10245	9	100.0
Strep_C3101	9	100.0
Strep_C3205	9	100.0
Strep_C9942	9	100.0
Strep_C22536	9	100.0
Strep_C22538	9	100.0
Strep_C10256	9	100.0
Strep_C3196	9	100.0
Strep_C2030	9	100.0
Strep_C22919	9	100.0
Strep_C20473	9	100.0
Strep_C2291	9	100.0
Strep_C24661	9	100.0
Strep_C20467	9	100.0
Strep_C22594	9	100.0
Strep_C9944	9	100.0
Strep_C10892	9	100.0
Strep_C4472	9	100.0
Strep_C10147	9	100.0
Strep_C23994	9	100.0
Strep_C3106	9	100.0
Strep_C10250	9	100.0
Strep_C2921	9	100.0
Strep_C448	9	100.0
Strep_C3178	9	100.0
Strep_C3163	9	100.0
Strep_C22990	9	100.0
Strep_C10874	9	100.0
Strep_C3261	9	100.0
Strep_C22881	9	100.0
Strep_C3281	9	100.0
Strep_C10301	9	100.0
Strep_C4628	9	100.0
Strep_C10302	9	100.0
Strep_C3285	9	100.0
Strep_C4400	9	100.0
Strep_C10853	9	100.0
Strep_C9564	9	100.0
Strep_C4397	9	100.0
Strep_C10001	9	100.0
Strep_C10306	9	100.0
Strep_C9561	9	100.0
Strep_C3286	9	100.0
Strep_C9881	9	100.0
Strep_C30391	9	100.0
Strep_C20601	9	100.0
Strep_C9618	9	100.0
Strep_C2299	9	100.0
Strep_C10845	9	100.0
Strep_C2721	9	100.0
Strep_C4386	9	100.0
Strep_C23003	9	100.0
Strep_C4643	9	100.0
Strep_C10840	9	100.0
Strep_C29891	9	100.0
Strep_C4644	9	100.0
Strep_C30367	9	100.0
Strep_C9879	9	100.0
Strep_C4405	9	100.0
Strep_C30381	9	100.0
Strep_C4539	9	100.0
Strep_C3278	9	100.0
Strep_C10168	9	100.0
Strep_C4410	9	100.0
Strep_C2242	9	100.0
Strep_C9934	9	100.0
Strep_C23505	9	100.0
Strep_C22437	9	100.0
Strep_C228	9	100.0
Strep_C9792	8	88.88888888888889
Strep_C2947	8	88.88888888888889
Strep_C1713	8	88.88888888888889
Strep_C25506	8	88.88888888888889
Strep_C6366	8	88.88888888888889
Strep_C22681	8	88.88888888888889
Strep_C26267	8	88.88888888888889
Strep_C3841	8	88.88888888888889
Strep_C22673	8	88.88888888888889
Strep_C17395	8	88.88888888888889
Strep_C10580	8	88.88888888888889
Strep_C6554	8	88.88888888888889
Strep_C6548	8	88.88888888888889
Strep_C14823	8	88.88888888888889
Strep_C14862	8	88.88888888888889
Strep_C1009	8	88.88888888888889
Strep_C6564	8	88.88888888888889
Strep_C13935	8	88.88888888888889
Strep_C8051	8	88.88888888888889
Strep_C14556	8	88.88888888888889
Strep_C16791	8	88.88888888888889
Strep_C16790	8	88.88888888888889
Strep_C14858	8	88.88888888888889
Strep_C22843	8	88.88888888888889
Strep_C10508	8	88.88888888888889
Strep_C16863	8	88.88888888888889
Strep_C14834	8	88.88888888888889
Strep_C21526	8	88.88888888888889
Strep_C21517	8	88.88888888888889
Strep_C811	8	88.88888888888889
Strep_C14826	8	88.88888888888889
Strep_C9065	8	88.88888888888889
Strep_C1276	8	88.88888888888889
Strep_C3107	8	88.88888888888889
Strep_C22825	8	88.88888888888889
Strep_C26729	8	88.88888888888889
Strep_C23141	8	88.88888888888889
Strep_C7726	8	88.88888888888889
Strep_C12006	8	88.88888888888889
Strep_C6538	8	88.88888888888889
Strep_C3693	8	88.88888888888889
Strep_C1736	8	88.88888888888889
Strep_C905	8	88.88888888888889
Strep_C13946	8	88.88888888888889
Strep_C26179	8	88.88888888888889
Strep_C7562	8	88.88888888888889
Strep_C21766	8	88.88888888888889
Strep_C16776	8	88.88888888888889
Strep_C23139	8	88.88888888888889
Strep_C3853	8	88.88888888888889
Strep_C8137	8	88.88888888888889
Strep_C3116	8	88.88888888888889
Strep_C14915	8	88.88888888888889
Strep_C12798	8	88.88888888888889
Strep_C2817	8	88.88888888888889
Strep_C13787	8	88.88888888888889
Strep_C12921	8	88.88888888888889
Strep_C7530	8	88.88888888888889
Strep_C6196	8	88.88888888888889
Strep_C17486	8	88.88888888888889
Strep_C10154	8	88.88888888888889
Strep_C22850	8	88.88888888888889
Strep_C3861	8	88.88888888888889
Strep_C6613	8	88.88888888888889
Strep_C17149	8	88.88888888888889
Strep_C16716	8	88.88888888888889
Strep_C3653	8	88.88888888888889
Strep_C6623	8	88.88888888888889
Strep_C6624	8	88.88888888888889
Strep_C7522	8	88.88888888888889
Strep_C17500	8	88.88888888888889
Strep_C6601	8	88.88888888888889
Strep_C17453	8	88.88888888888889
Strep_C21508	8	88.88888888888889
Strep_C6205	8	88.88888888888889
Strep_C8071	8	88.88888888888889
Strep_C14865	8	88.88888888888889
Strep_C30396	8	88.88888888888889
Strep_C1203	8	88.88888888888889
Strep_C1294	8	88.88888888888889
Strep_C11912	8	88.88888888888889
Strep_C2676	8	88.88888888888889
Strep_C17442	8	88.88888888888889
Strep_C3111	8	88.88888888888889
Strep_C7549	8	88.88888888888889
Strep_C14901	8	88.88888888888889
Strep_C6595	8	88.88888888888889
Strep_C2692	8	88.88888888888889
Strep_C3850	8	88.88888888888889
Strep_C6598	8	88.88888888888889
Strep_C22878	8	88.88888888888889
Strep_C16751	8	88.88888888888889
Strep_C6208	8	88.88888888888889
Strep_C16750	8	88.88888888888889
Strep_C1490	8	88.88888888888889
Strep_C2549	8	88.88888888888889
Strep_C1198	8	88.88888888888889
Strep_C17188	8	88.88888888888889
Strep_C9073	8	88.88888888888889
Strep_C21574	8	88.88888888888889
Strep_C3123	8	88.88888888888889
Strep_C17056	8	88.88888888888889
Strep_C14592	8	88.88888888888889
Strep_C2561	8	88.88888888888889
Strep_C6320	8	88.88888888888889
Strep_C2863	8	88.88888888888889
Strep_C14580	8	88.88888888888889
Strep_C14705	8	88.88888888888889
Strep_C24345	8	88.88888888888889
Strep_C8088	8	88.88888888888889
Strep_C6442	8	88.88888888888889
Strep_C9074	8	88.88888888888889
Strep_C13824	8	88.88888888888889
Strep_C26741	8	88.88888888888889
Strep_C6282	8	88.88888888888889
Strep_C21681	8	88.88888888888889
Strep_C12942	8	88.88888888888889
Strep_C23222	8	88.88888888888889
Strep_C17006	8	88.88888888888889
Strep_C6454	8	88.88888888888889
Strep_C14706	8	88.88888888888889
Strep_C28229	8	88.88888888888889
Strep_C24337	8	88.88888888888889
Strep_C14655	8	88.88888888888889
Strep_C23907	8	88.88888888888889
Strep_C9926	8	88.88888888888889
Strep_C2865	8	88.88888888888889
Strep_C22767	8	88.88888888888889
Strep_C1711	8	88.88888888888889
Strep_C7687	8	88.88888888888889
Strep_C28659	8	88.88888888888889
Strep_C22761	8	88.88888888888889
Strep_C14620	8	88.88888888888889
Strep_C23205	8	88.88888888888889
Strep_C7692	8	88.88888888888889
Strep_C17085	8	88.88888888888889
Strep_C9095	8	88.88888888888889
Strep_C17211	8	88.88888888888889
Strep_C3773	8	88.88888888888889
Strep_C28673	8	88.88888888888889
Strep_C24336	8	88.88888888888889
Strep_C6415	8	88.88888888888889
Strep_C22899	8	88.88888888888889
Strep_C10537	8	88.88888888888889
Strep_C14664	8	88.88888888888889
Strep_C12739	8	88.88888888888889
Strep_C8089	8	88.88888888888889
Strep_C28230	8	88.88888888888889
Strep_C3070	8	88.88888888888889
Strep_C6468	8	88.88888888888889
Strep_C24355	8	88.88888888888889
Strep_C9132	8	88.88888888888889
Strep_C28088	8	88.88888888888889
Strep_C21712	8	88.88888888888889
Strep_C23747	8	88.88888888888889
Strep_C23913	8	88.88888888888889
Strep_C14768	8	88.88888888888889
Strep_C16930	8	88.88888888888889
Strep_C14769	8	88.88888888888889
Strep_C12951	8	88.88888888888889
Strep_C27697	8	88.88888888888889
Strep_C14770	8	88.88888888888889
Strep_C9134	8	88.88888888888889
Strep_C21539	8	88.88888888888889
Strep_C21632	8	88.88888888888889
Strep_C14773	8	88.88888888888889
Strep_C7668	8	88.88888888888889
Strep_C16907	8	88.88888888888889
Strep_C11856	8	88.88888888888889
Strep_C9748	8	88.88888888888889
Strep_C6264	8	88.88888888888889
Strep_C3771	8	88.88888888888889
Strep_C29711	8	88.88888888888889
Strep_C807	8	88.88888888888889
Strep_C22884	8	88.88888888888889
Strep_C29467	8	88.88888888888889
Strep_C9128	8	88.88888888888889
Strep_C9130	8	88.88888888888889
Strep_C2376	8	88.88888888888889
Strep_C2317	8	88.88888888888889
Strep_C7714	8	88.88888888888889
Strep_C6472	8	88.88888888888889
Strep_C10200	8	88.88888888888889
Strep_C7630	8	88.88888888888889
Strep_C3080	8	88.88888888888889
Strep_C16965	8	88.88888888888889
Strep_C27482	8	88.88888888888889
Strep_C22720	8	88.88888888888889
Strep_C17130	8	88.88888888888889
Strep_C9782	8	88.88888888888889
Strep_C9923	8	88.88888888888889
Strep_C7618	8	88.88888888888889
Strep_C1196	8	88.88888888888889
Strep_C11970	8	88.88888888888889
Strep_C3823	8	88.88888888888889
Strep_C14758	8	88.88888888888889
Strep_C14762	8	88.88888888888889
Strep_C12789	8	88.88888888888889
Strep_C22957	8	88.88888888888889
Strep_C6627	8	88.88888888888889
Strep_C7032	8	88.88888888888889
Strep_C8901	8	88.88888888888889
Strep_C9890	8	88.88888888888889
Strep_C12316	8	88.88888888888889
Strep_C15904	8	88.88888888888889
Strep_C28356	8	88.88888888888889
Strep_C8899	8	88.88888888888889
Strep_C7336	8	88.88888888888889
Strep_C15876	8	88.88888888888889
Strep_C3420	8	88.88888888888889
Strep_C22989	8	88.88888888888889
Strep_C15872	8	88.88888888888889
Strep_C1013	8	88.88888888888889
Strep_C22436	8	88.88888888888889
Strep_C15342	8	88.88888888888889
Strep_C7315	8	88.88888888888889
Strep_C7058	8	88.88888888888889
Strep_C25931	8	88.88888888888889
Strep_C28161	8	88.88888888888889
Strep_C1233	8	88.88888888888889
Strep_C15830	8	88.88888888888889
Strep_C14305	8	88.88888888888889
Strep_C792	8	88.88888888888889
Strep_C7864	8	88.88888888888889
Strep_C15827	8	88.88888888888889
Strep_C15810	8	88.88888888888889
Strep_C1234	8	88.88888888888889
Strep_C3400	8	88.88888888888889
Strep_C26814	8	88.88888888888889
Strep_C1578	8	88.88888888888889
Strep_C25914	8	88.88888888888889
Strep_C23869	8	88.88888888888889
Strep_C2570	8	88.88888888888889
Strep_C15919	8	88.88888888888889
Strep_C1252	8	88.88888888888889
Strep_C3481	8	88.88888888888889
Strep_C2608	8	88.88888888888889
Strep_C16022	8	88.88888888888889
Strep_C16020	8	88.88888888888889
Strep_C10276	8	88.88888888888889
Strep_C9840	8	88.88888888888889
Strep_C3232	8	88.88888888888889
Strep_C2416	8	88.88888888888889
Strep_C22118	8	88.88888888888889
Strep_C15996	8	88.88888888888889
Strep_C24162	8	88.88888888888889
Strep_C2954	8	88.88888888888889
Strep_C12283	8	88.88888888888889
Strep_C23821	8	88.88888888888889
Strep_C735	8	88.88888888888889
Strep_C10383	8	88.88888888888889
Strep_C9156	8	88.88888888888889
Strep_C3450	8	88.88888888888889
Strep_C8919	8	88.88888888888889
Strep_C7018	8	88.88888888888889
Strep_C15283	8	88.88888888888889
Strep_C10286	8	88.88888888888889
Strep_C10379	8	88.88888888888889
Strep_C28352	8	88.88888888888889
Strep_C28353	8	88.88888888888889
Strep_C15930	8	88.88888888888889
Strep_C15923	8	88.88888888888889
Strep_C8906	8	88.88888888888889
Strep_C7089	8	88.88888888888889
Strep_C339	8	88.88888888888889
Strep_C1576	8	88.88888888888889
Strep_C15403	8	88.88888888888889
Strep_C3341	8	88.88888888888889
Strep_C12456	8	88.88888888888889
Strep_C2230	8	88.88888888888889
Strep_C24096	8	88.88888888888889
Strep_C22376	8	88.88888888888889
Strep_C1562	8	88.88888888888889
Strep_C15471	8	88.88888888888889
Strep_C14271	8	88.88888888888889
Strep_C22348	8	88.88888888888889
Strep_C7174	8	88.88888888888889
Strep_C7178	8	88.88888888888889
Strep_C10315	8	88.88888888888889
Strep_C15502	8	88.88888888888889
Strep_C14232	8	88.88888888888889
Strep_C12846	8	88.88888888888889
Strep_C12422	8	88.88888888888889
Strep_C15503	8	88.88888888888889
Strep_C15569	8	88.88888888888889
Strep_C7890	8	88.88888888888889
Strep_C22360	8	88.88888888888889
Strep_C7203	8	88.88888888888889
Strep_C987	8	88.88888888888889
Strep_C12431	8	88.88888888888889
Strep_C15537	8	88.88888888888889
Strep_C15536	8	88.88888888888889
Strep_C15532	8	88.88888888888889
Strep_C12443	8	88.88888888888889
Strep_C15517	8	88.88888888888889
Strep_C7228	8	88.88888888888889
Strep_C15645	8	88.88888888888889
Strep_C23847	8	88.88888888888889
Strep_C8858	8	88.88888888888889
Strep_C22384	8	88.88888888888889
Strep_C28136	8	88.88888888888889
Strep_C22228	8	88.88888888888889
Strep_C8878	8	88.88888888888889
Strep_C2603	8	88.88888888888889
Strep_C15746	8	88.88888888888889
Strep_C7109	8	88.88888888888889
Strep_C7285	8	88.88888888888889
Strep_C3381	8	88.88888888888889
Strep_C12370	8	88.88888888888889
Strep_C15738	8	88.88888888888889
Strep_C3368	8	88.88888888888889
Strep_C7275	8	88.88888888888889
Strep_C7129	8	88.88888888888889
Strep_C22285	8	88.88888888888889
Strep_C7155	8	88.88888888888889
Strep_C14298	8	88.88888888888889
Strep_C15448	8	88.88888888888889
Strep_C2228	8	88.88888888888889
Strep_C7139	8	88.88888888888889
Strep_C8864	8	88.88888888888889
Strep_C15456	8	88.88888888888889
Strep_C9869	8	88.88888888888889
Strep_C26361	8	88.88888888888889
Strep_C12394	8	88.88888888888889
Strep_C7142	8	88.88888888888889
Strep_C7251	8	88.88888888888889
Strep_C25972	8	88.88888888888889
Strep_C12851	8	88.88888888888889
Strep_C24049	8	88.88888888888889
Strep_C1225	8	88.88888888888889
Strep_C12258	8	88.88888888888889
Strep_C2671	8	88.88888888888889
Strep_C16548	8	88.88888888888889
Strep_C16547	8	88.88888888888889
Strep_C9003	8	88.88888888888889
Strep_C16544	8	88.88888888888889
Strep_C12595	8	88.88888888888889
Strep_C15058	8	88.88888888888889
Strep_C3160	8	88.88888888888889
Strep_C24244	8	88.88888888888889
Strep_C24243	8	88.88888888888889
Strep_C6718	8	88.88888888888889
Strep_C16517	8	88.88888888888889
Strep_C10242	8	88.88888888888889
Strep_C9902	8	88.88888888888889
Strep_C27318	8	88.88888888888889
Strep_C7463	8	88.88888888888889
Strep_C8763	8	88.88888888888889
Strep_C7458	8	88.88888888888889
Strep_C14010	8	88.88888888888889
Strep_C28310	8	88.88888888888889
Strep_C22580	8	88.88888888888889
Strep_C8007	8	88.88888888888889
Strep_C25771	8	88.88888888888889
Strep_C3573	8	88.88888888888889
Strep_C25777	8	88.88888888888889
Strep_C8005	8	88.88888888888889
Strep_C6760	8	88.88888888888889
Strep_C26786	8	88.88888888888889
Strep_C2631	8	88.88888888888889
Strep_C16443	8	88.88888888888889
Strep_C22599	8	88.88888888888889
Strep_C16549	8	88.88888888888889
Strep_C15505	8	88.88888888888889
Strep_C8027	8	88.88888888888889
Strep_C25711	8	88.88888888888889
Strep_C14965	8	88.88888888888889
Strep_C8746	8	88.88888888888889
Strep_C25722	8	88.88888888888889
Strep_C6652	8	88.88888888888889
Strep_C21847	8	88.88888888888889
Strep_C24258	8	88.88888888888889
Strep_C16639	8	88.88888888888889
Strep_C26316	8	88.88888888888889
Strep_C12807	8	88.88888888888889
Strep_C12087	8	88.88888888888889
Strep_C363	8	88.88888888888889
Strep_C16621	8	88.88888888888889
Strep_C25736	8	88.88888888888889
Strep_C8018	8	88.88888888888889
Strep_C6685	8	88.88888888888889
Strep_C3636	8	88.88888888888889
Strep_C3144	8	88.88888888888889
Strep_C8022	8	88.88888888888889
Strep_C14363	8	88.88888888888889
Strep_C1502	8	88.88888888888889
Strep_C3149	8	88.88888888888889
Strep_C22613	8	88.88888888888889
Strep_C22610	8	88.88888888888889
Strep_C16580	8	88.88888888888889
Strep_C12600	8	88.88888888888889
Strep_C3618	8	88.88888888888889
Strep_C23110	8	88.88888888888889
Strep_C29515	8	88.88888888888889
Strep_C8003	8	88.88888888888889
Strep_C10118	8	88.88888888888889
Strep_C3558	8	88.88888888888889
Strep_C12209	8	88.88888888888889
Strep_C7987	8	88.88888888888889
Strep_C16198	8	88.88888888888889
Strep_C22512	8	88.88888888888889
Strep_C2203	8	88.88888888888889
Strep_C15192	8	88.88888888888889
Strep_C3509	8	88.88888888888889
Strep_C3504	8	88.88888888888889
Strep_C6912	8	88.88888888888889
Strep_C16163	8	88.88888888888889
Strep_C3502	8	88.88888888888889
Strep_C3211	8	88.88888888888889
Strep_C2638	8	88.88888888888889
Strep_C8949	8	88.88888888888889
Strep_C3212	8	88.88888888888889
Strep_C16088	8	88.88888888888889
Strep_C8944	8	88.88888888888889
Strep_C7394	8	88.88888888888889
Strep_C12240	8	88.88888888888889
Strep_C3214	8	88.88888888888889
Strep_C16086	8	88.88888888888889
Strep_C3223	8	88.88888888888889
Strep_C3225	8	88.88888888888889
Strep_C1607	8	88.88888888888889
Strep_C878	8	88.88888888888889
Strep_C10401	8	88.88888888888889
Strep_C7962	8	88.88888888888889
Strep_C16067	8	88.88888888888889
Strep_C16052	8	88.88888888888889
Strep_C15182	8	88.88888888888889
Strep_C6875	8	88.88888888888889
Strep_C3523	8	88.88888888888889
Strep_C2198	8	88.88888888888889
Strep_C6787	8	88.88888888888889
Strep_C14033	8	88.88888888888889
Strep_C6794	8	88.88888888888889
Strep_C799	8	88.88888888888889
Strep_C16372	8	88.88888888888889
Strep_C6803	8	88.88888888888889
Strep_C12569	8	88.88888888888889
Strep_C16353	8	88.88888888888889
Strep_C6806	8	88.88888888888889
Strep_C25797	8	88.88888888888889
Strep_C21982	8	88.88888888888889
Strep_C10110	8	88.88888888888889
Strep_C2951	8	88.88888888888889
Strep_C6834	8	88.88888888888889
Strep_C10418	8	88.88888888888889
Strep_C7424	8	88.88888888888889
Strep_C12567	8	88.88888888888889
Strep_C14050	8	88.88888888888889
Strep_C14052	8	88.88888888888889
Strep_C1628	8	88.88888888888889
Strep_C6855	8	88.88888888888889
Strep_C6859	8	88.88888888888889
Strep_C3528	8	88.88888888888889
Strep_C8969	8	88.88888888888889
Strep_C8786	8	88.88888888888889
Strep_C10113	8	88.88888888888889
Strep_C15181	8	88.88888888888889
Strep_C27773	8	88.88888888888889
Strep_C20168	8	88.88888888888889
Strep_C2434	8	88.88888888888889
Strep_C13777	8	88.88888888888889
Strep_C2365	8	88.88888888888889
Strep_C11806	8	88.88888888888889
Strep_C5422	8	88.88888888888889
Strep_C8298	8	88.88888888888889
Strep_C13476	8	88.88888888888889
Strep_C18853	8	88.88888888888889
Strep_C18859	8	88.88888888888889
Strep_C11379	8	88.88888888888889
Strep_C26649	8	88.88888888888889
Strep_C13465	8	88.88888888888889
Strep_C20791	8	88.88888888888889
Strep_C4288	8	88.88888888888889
Strep_C5374	8	88.88888888888889
Strep_C24574	8	88.88888888888889
Strep_C5361	8	88.88888888888889
Strep_C9371	8	88.88888888888889
Strep_C18822	8	88.88888888888889
Strep_C4255	8	88.88888888888889
Strep_C8317	8	88.88888888888889
Strep_C4251	8	88.88888888888889
Strep_C20888	8	88.88888888888889
Strep_C4221	8	88.88888888888889
Strep_C18718	8	88.88888888888889
Strep_C18725	8	88.88888888888889
Strep_C25151	8	88.88888888888889
Strep_C20879	8	88.88888888888889
Strep_C5488	8	88.88888888888889
Strep_C4241	8	88.88888888888889
Strep_C23365	8	88.88888888888889
Strep_C13511	8	88.88888888888889
Strep_C11405	8	88.88888888888889
Strep_C18776	8	88.88888888888889
Strep_C5462	8	88.88888888888889
Strep_C23372	8	88.88888888888889
Strep_C10041	8	88.88888888888889
Strep_C8314	8	88.88888888888889
Strep_C24576	8	88.88888888888889
Strep_C5505	8	88.88888888888889
Strep_C19091	8	88.88888888888889
Strep_C4327	8	88.88888888888889
Strep_C9397	8	88.88888888888889
Strep_C19093	8	88.88888888888889
Strep_C5270	8	88.88888888888889
Strep_C2070	8	88.88888888888889
Strep_C5257	8	88.88888888888889
Strep_C5256	8	88.88888888888889
Strep_C26577	8	88.88888888888889
Strep_C25024	8	88.88888888888889
Strep_C20687	8	88.88888888888889
Strep_C20682	8	88.88888888888889
Strep_C2067	8	88.88888888888889
Strep_C8354	8	88.88888888888889
Strep_C19165	8	88.88888888888889
Strep_C19174	8	88.88888888888889
Strep_C11312	8	88.88888888888889
Strep_C1908	8	88.88888888888889
Strep_C4299	8	88.88888888888889
Strep_C13403	8	88.88888888888889
Strep_C5329	8	88.88888888888889
Strep_C29879	8	88.88888888888889
Strep_C531	8	88.88888888888889
Strep_C20749	8	88.88888888888889
Strep_C1133	8	88.88888888888889
Strep_C19016	8	88.88888888888889
Strep_C19019	8	88.88888888888889
Strep_C9382	8	88.88888888888889
Strep_C5304	8	88.88888888888889
Strep_C8333	8	88.88888888888889
Strep_C5295	8	88.88888888888889
Strep_C8335	8	88.88888888888889
Strep_C1906	8	88.88888888888889
Strep_C19075	8	88.88888888888889
Strep_C20713	8	88.88888888888889
Strep_C11430	8	88.88888888888889
Strep_C4217	8	88.88888888888889
Strep_C11285	8	88.88888888888889
Strep_C4145	8	88.88888888888889
Strep_C5691	8	88.88888888888889
Strep_C13573	8	88.88888888888889
Strep_C21007	8	88.88888888888889
Strep_C18407	8	88.88888888888889
Strep_C4148	8	88.88888888888889
Strep_C18421	8	88.88888888888889
Strep_C20999	8	88.88888888888889
Strep_C10052	8	88.88888888888889
Strep_C5665	8	88.88888888888889
Strep_C4153	8	88.88888888888889
Strep_C2098	8	88.88888888888889
Strep_C18470	8	88.88888888888889
Strep_C5644	8	88.88888888888889
Strep_C18475	8	88.88888888888889
Strep_C18480	8	88.88888888888889
Strep_C9297	8	88.88888888888889
Strep_C8241	8	88.88888888888889
Strep_C18486	8	88.88888888888889
Strep_C4144	8	88.88888888888889
Strep_C4112	8	88.88888888888889
Strep_C18310	8	88.88888888888889
Strep_C18317	8	88.88888888888889
Strep_C13595	8	88.88888888888889
Strep_C21048	8	88.88888888888889
Strep_C18333	8	88.88888888888889
Strep_C18334	8	88.88888888888889
Strep_C5732	8	88.88888888888889
Strep_C11545	8	88.88888888888889
Strep_C10716	8	88.88888888888889
Strep_C5723	8	88.88888888888889
Strep_C9288	8	88.88888888888889
Strep_C13584	8	88.88888888888889
Strep_C18390	8	88.88888888888889
Strep_C11527	8	88.88888888888889
Strep_C5640	8	88.88888888888889
Strep_C10733	8	88.88888888888889
Strep_C13527	8	88.88888888888889
Strep_C4198	8	88.88888888888889
Strep_C20918	8	88.88888888888889
Strep_C27075	8	88.88888888888889
Strep_C18619	8	88.88888888888889
Strep_C18627	8	88.88888888888889
Strep_C28020	8	88.88888888888889
Strep_C1864	8	88.88888888888889
Strep_C8269	8	88.88888888888889
Strep_C20915	8	88.88888888888889
Strep_C9337	8	88.88888888888889
Strep_C20912	8	88.88888888888889
Strep_C5520	8	88.88888888888889
Strep_C11443	8	88.88888888888889
Strep_C4204	8	88.88888888888889
Strep_C25165	8	88.88888888888889
Strep_C10046	8	88.88888888888889
Strep_C18605	8	88.88888888888889
Strep_C20947	8	88.88888888888889
Strep_C8536	8	88.88888888888889
Strep_C11469	8	88.88888888888889
Strep_C5622	8	88.88888888888889
Strep_C13563	8	88.88888888888889
Strep_C13559	8	88.88888888888889
Strep_C25209	8	88.88888888888889
Strep_C20976	8	88.88888888888889
Strep_C9317	8	88.88888888888889
Strep_C4168	8	88.88888888888889
Strep_C18536	8	88.88888888888889
Strep_C13550	8	88.88888888888889
Strep_C8530	8	88.88888888888889
Strep_C4173	8	88.88888888888889
Strep_C11476	8	88.88888888888889
Strep_C18556	8	88.88888888888889
Strep_C11473	8	88.88888888888889
Strep_C28023	8	88.88888888888889
Strep_C11287	8	88.88888888888889
Strep_C11284	8	88.88888888888889
Strep_C18304	8	88.88888888888889
Strep_C11087	8	88.88888888888889
Strep_C19826	8	88.88888888888889
Strep_C8428	8	88.88888888888889
Strep_C4847	8	88.88888888888889
Strep_C2483	8	88.88888888888889
Strep_C20348	8	88.88888888888889
Strep_C1322	8	88.88888888888889
Strep_C13227	8	88.88888888888889
Strep_C19863	8	88.88888888888889
Strep_C10922	8	88.88888888888889
Strep_C2482	8	88.88888888888889
Strep_C10923	8	88.88888888888889
Strep_C9515	8	88.88888888888889
Strep_C27957	8	88.88888888888889
Strep_C19883	8	88.88888888888889
Strep_C4812	8	88.88888888888889
Strep_C20351	8	88.88888888888889
Strep_C9503	8	88.88888888888889
Strep_C9580	8	88.88888888888889
Strep_C4851	8	88.88888888888889
Strep_C20409	8	88.88888888888889
Strep_C11113	8	88.88888888888889
Strep_C19739	8	88.88888888888889
Strep_C1975	8	88.88888888888889
Strep_C9493	8	88.88888888888889
Strep_C20405	8	88.88888888888889
Strep_C27201	8	88.88888888888889
Strep_C11101	8	88.88888888888889
Strep_C13139	8	88.88888888888889
Strep_C10911	8	88.88888888888889
Strep_C9497	8	88.88888888888889
Strep_C26604	8	88.88888888888889
Strep_C23584	8	88.88888888888889
Strep_C23583	8	88.88888888888889
Strep_C4852	8	88.88888888888889
Strep_C19901	8	88.88888888888889
Strep_C4567	8	88.88888888888889
Strep_C11118	8	88.88888888888889
Strep_C24734	8	88.88888888888889
Strep_C4718	8	88.88888888888889
Strep_C10958	8	88.88888888888889
Strep_C11000	8	88.88888888888889
Strep_C4705	8	88.88888888888889
Strep_C1095	8	88.88888888888889
Strep_C4630	8	88.88888888888889
Strep_C8445	8	88.88888888888889
Strep_C4689	8	88.88888888888889
Strep_C4678	8	88.88888888888889
Strep_C13164	8	88.88888888888889
Strep_C8453	8	88.88888888888889
Strep_C10983	8	88.88888888888889
Strep_C4641	8	88.88888888888889
Strep_C9549	8	88.88888888888889
Strep_C24742	8	88.88888888888889
Strep_C20034	8	88.88888888888889
Strep_C29170	8	88.88888888888889
Strep_C24706	8	88.88888888888889
Strep_C29168	8	88.88888888888889
Strep_C24812	8	88.88888888888889
Strep_C19948	8	88.88888888888889
Strep_C1994	8	88.88888888888889
Strep_C23579	8	88.88888888888889
Strep_C10936	8	88.88888888888889
Strep_C13225	8	88.88888888888889
Strep_C2027	8	88.88888888888889
Strep_C19989	8	88.88888888888889
Strep_C2660	8	88.88888888888889
Strep_C1102	8	88.88888888888889
Strep_C4744	8	88.88888888888889
Strep_C11026	8	88.88888888888889
Strep_C10005	8	88.88888888888889
Strep_C11021	8	88.88888888888889
Strep_C2001	8	88.88888888888889
Strep_C19729	8	88.88888888888889
Strep_C4502	8	88.88888888888889
Strep_C20675	8	88.88888888888889
Strep_C2346	8	88.88888888888889
Strep_C19280	8	88.88888888888889
Strep_C2060	8	88.88888888888889
Strep_C19313	8	88.88888888888889
Strep_C20599	8	88.88888888888889
Strep_C19330	8	88.88888888888889
Strep_C13326	8	88.88888888888889
Strep_C19349	8	88.88888888888889
Strep_C13116	8	88.88888888888889
Strep_C20572	8	88.88888888888889
Strep_C19403	8	88.88888888888889
Strep_C19414	8	88.88888888888889
Strep_C2905	8	88.88888888888889
Strep_C27593	8	88.88888888888889
Strep_C5078	8	88.88888888888889
Strep_C5074	8	88.88888888888889
Strep_C29032	8	88.88888888888889
Strep_C27127	8	88.88888888888889
Strep_C9610	8	88.88888888888889
Strep_C5169	8	88.88888888888889
Strep_C8361	8	88.88888888888889
Strep_C19190	8	88.88888888888889
Strep_C27118	8	88.88888888888889
Strep_C5207	8	88.88888888888889
Strep_C4353	8	88.88888888888889
Strep_C23625	8	88.88888888888889
Strep_C5205	8	88.88888888888889
Strep_C1126	8	88.88888888888889
Strep_C20657	8	88.88888888888889
Strep_C8368	8	88.88888888888889
Strep_C1334	8	88.88888888888889
Strep_C23622	8	88.88888888888889
Strep_C5192	8	88.88888888888889
Strep_C9624	8	88.88888888888889
Strep_C11256	8	88.88888888888889
Strep_C19442	8	88.88888888888889
Strep_C11193	8	88.88888888888889
Strep_C4918	8	88.88888888888889
Strep_C19605	8	88.88888888888889
Strep_C19612	8	88.88888888888889
Strep_C24897	8	88.88888888888889
Strep_C1962	8	88.88888888888889
Strep_C19631	8	88.88888888888889
Strep_C4464	8	88.88888888888889
Strep_C4466	8	88.88888888888889
Strep_C13288	8	88.88888888888889
Strep_C1326	8	88.88888888888889
Strep_C11133	8	88.88888888888889
Strep_C11132	8	88.88888888888889
Strep_C1967	8	88.88888888888889
Strep_C29237	8	88.88888888888889
Strep_C4922	8	88.88888888888889
Strep_C19696	8	88.88888888888889
Strep_C13136	8	88.88888888888889
Strep_C4973	8	88.88888888888889
Strep_C20487	8	88.88888888888889
Strep_C20538	8	88.88888888888889
Strep_C4992	8	88.88888888888889
Strep_C20537	8	88.88888888888889
Strep_C8490	8	88.88888888888889
Strep_C19482	8	88.88888888888889
Strep_C19485	8	88.88888888888889
Strep_C20534	8	88.88888888888889
Strep_C5022	8	88.88888888888889
Strep_C13124	8	88.88888888888889
Strep_C11177	8	88.88888888888889
Strep_C2907	8	88.88888888888889
Strep_C24646	8	88.88888888888889
Strep_C19554	8	88.88888888888889
Strep_C4439	8	88.88888888888889
Strep_C4440	8	88.88888888888889
Strep_C13290	8	88.88888888888889
Strep_C24649	8	88.88888888888889
Strep_C9684	8	88.88888888888889
Strep_C30359	8	88.88888888888889
Strep_C21154	8	88.88888888888889
Strep_C17953	8	88.88888888888889
Strep_C21428	8	88.88888888888889
Strep_C24461	8	88.88888888888889
Strep_C21429	8	88.88888888888889
Strep_C2443	8	88.88888888888889
Strep_C819	8	88.88888888888889
Strep_C5938	8	88.88888888888889
Strep_C17582	8	88.88888888888889
Strep_C17725	8	88.88888888888889
Strep_C8229	8	88.88888888888889
Strep_C11667	8	88.88888888888889
Strep_C17733	8	88.88888888888889
Strep_C18178	8	88.88888888888889
Strep_C9249	8	88.88888888888889
Strep_C17739	8	88.88888888888889
Strep_C5814	8	88.88888888888889
Strep_C17590	8	88.88888888888889
Strep_C11786	8	88.88888888888889
Strep_C21144	8	88.88888888888889
Strep_C6139	8	88.88888888888889
Strep_C1159	8	88.88888888888889
Strep_C8148	8	88.88888888888889
Strep_C17931	8	88.88888888888889
Strep_C18196	8	88.88888888888889
Strep_C21126	8	88.88888888888889
Strep_C394	8	88.88888888888889
Strep_C21123	8	88.88888888888889
Strep_C17562	8	88.88888888888889
Strep_C17909	8	88.88888888888889
Strep_C18217	8	88.88888888888889
Strep_C25299	8	88.88888888888889
Strep_C6061	8	88.88888888888889
Strep_C13011	8	88.88888888888889
Strep_C28735	8	88.88888888888889
Strep_C28807	8	88.88888888888889
Strep_C10062	8	88.88888888888889
Strep_C1362	8	88.88888888888889
Strep_C21392	8	88.88888888888889
Strep_C18073	8	88.88888888888889
Strep_C3920	8	88.88888888888889
Strep_C18061	8	88.88888888888889
Strep_C17642	8	88.88888888888889
Strep_C11638	8	88.88888888888889
Strep_C17641	8	88.88888888888889
Strep_C17632	8	88.88888888888889
Strep_C4033	8	88.88888888888889
Strep_C13012	8	88.88888888888889
Strep_C21401	8	88.88888888888889
Strep_C30061	8	88.88888888888889
Strep_C17692	8	88.88888888888889
Strep_C1372	8	88.88888888888889
Strep_C6074	8	88.88888888888889
Strep_C4034	8	88.88888888888889
Strep_C6072	8	88.88888888888889
Strep_C5829	8	88.88888888888889
Strep_C26478	8	88.88888888888889
Strep_C24447	8	88.88888888888889
Strep_C18153	8	88.88888888888889
Strep_C18158	8	88.88888888888889
Strep_C9231	8	88.88888888888889
Strep_C21230	8	88.88888888888889
Strep_C9724	8	88.88888888888889
Strep_C30099	8	88.88888888888889
Strep_C6128	8	88.88888888888889
Strep_C17598	8	88.88888888888889
Strep_C6147	8	88.88888888888889
Strep_C18084	8	88.88888888888889
Strep_C28734	8	88.88888888888889
Strep_C9272	8	88.88888888888889
Strep_C1006	8	88.88888888888889
Strep_C23729	8	88.88888888888889
Strep_C17845	8	88.88888888888889
Strep_C8177	8	88.88888888888889
Strep_C1069	8	88.88888888888889
Strep_C13692	8	88.88888888888889
Strep_C26522	8	88.88888888888889
Strep_C2367	8	88.88888888888889
Strep_C17518	8	88.88888888888889
Strep_C11692	8	88.88888888888889
Strep_C21083	8	88.88888888888889
Strep_C8145	8	88.88888888888889
Strep_C8196	8	88.88888888888889
Strep_C13769	8	88.88888888888889
Strep_C2108	8	88.88888888888889
Strep_C2877	8	88.88888888888889
Strep_C21299	8	88.88888888888889
Strep_C6034	8	88.88888888888889
Strep_C17820	8	88.88888888888889
Strep_C1825	8	88.88888888888889
Strep_C12997	8	88.88888888888889
Strep_C17537	8	88.88888888888889
Strep_C11572	8	88.88888888888889
Strep_C29833	8	88.88888888888889
Strep_C17895	8	88.88888888888889
Strep_C21314	8	88.88888888888889
Strep_C21071	8	88.88888888888889
Strep_C18251	8	88.88888888888889
Strep_C21078	8	88.88888888888889
Strep_C27049	8	88.88888888888889
Strep_C13171	8	88.88888888888889
Strep_C9204	8	88.88888888888889
Strep_C4099	8	88.88888888888889
Strep_C13674	8	88.88888888888889
Strep_C29423	8	88.88888888888889
Strep_C12542	7	77.77777777777779
Strep_C12540	7	77.77777777777779
Strep_C25437	7	77.77777777777779
Strep_C17677	7	77.77777777777779
Strep_C17195	7	77.77777777777779
Strep_C1328	7	77.77777777777779
Strep_C12986	7	77.77777777777779
Strep_C25565	7	77.77777777777779
Strep_C5168	7	77.77777777777779
Strep_C15210	7	77.77777777777779
Strep_C8790	7	77.77777777777779
Strep_C5005	7	77.77777777777779
Strep_C14262	7	77.77777777777779
Strep_C9622	7	77.77777777777779
Strep_C7246	7	77.77777777777779
Strep_C2161	7	77.77777777777779
Strep_C10275	7	77.77777777777779
Strep_C17788	7	77.77777777777779
Strep_C15504	7	77.77777777777779
Strep_C15407	7	77.77777777777779
Strep_C24040	7	77.77777777777779
Strep_C4971	7	77.77777777777779
Strep_C11886	7	77.77777777777779
Strep_C3187	7	77.77777777777779
Strep_C22558	7	77.77777777777779
Strep_C23527	7	77.77777777777779
Strep_C5191	7	77.77777777777779
Strep_C4941	7	77.77777777777779
Strep_C9117	7	77.77777777777779
Strep_C9116	7	77.77777777777779
Strep_C27125	7	77.77777777777779
Strep_C22556	7	77.77777777777779
Strep_C6009	7	77.77777777777779
Strep_C29247	7	77.77777777777779
Strep_C15144	7	77.77777777777779
Strep_C319	7	77.77777777777779
Strep_C1923	7	77.77777777777779
Strep_C29094	7	77.77777777777779
Strep_C11255	7	77.77777777777779
Strep_C10259	7	77.77777777777779
Strep_C15174	7	77.77777777777779
Strep_C22537	7	77.77777777777779
Strep_C26481	7	77.77777777777779
Strep_C14353	7	77.77777777777779
Strep_C3201	7	77.77777777777779
Strep_C17659	7	77.77777777777779
Strep_C13849	7	77.77777777777779
Strep_C11891	7	77.77777777777779
Strep_C12549	7	77.77777777777779
Strep_C26588	7	77.77777777777779
Strep_C11154	7	77.77777777777779
Strep_C12551	7	77.77777777777779
Strep_C8800	7	77.77777777777779
Strep_C13292	7	77.77777777777779
Strep_C14272	7	77.77777777777779
Strep_C26602	7	77.77777777777779
Strep_C9613	7	77.77777777777779
Strep_C15351	7	77.77777777777779
Strep_C2696	7	77.77777777777779
Strep_C14313	7	77.77777777777779
Strep_C22435	7	77.77777777777779
Strep_C1120	7	77.77777777777779
Strep_C9101	7	77.77777777777779
Strep_C26335	7	77.77777777777779
Strep_C29831	7	77.77777777777779
Strep_C26589	7	77.77777777777779
Strep_C24079	7	77.77777777777779
Strep_C13718	7	77.77777777777779
Strep_C13327	7	77.77777777777779
Strep_C23594	7	77.77777777777779
Strep_C28655	7	77.77777777777779
Strep_C5128	7	77.77777777777779
Strep_C12483	7	77.77777777777779
Strep_C13724	7	77.77777777777779
Strep_C1542	7	77.77777777777779
Strep_C1933	7	77.77777777777779
Strep_C5090	7	77.77777777777779
Strep_C4404	7	77.77777777777779
Strep_C10855	7	77.77777777777779
Strep_C1429	7	77.77777777777779
Strep_C22401	7	77.77777777777779
Strep_C2239	7	77.77777777777779
Strep_C509	7	77.77777777777779
Strep_C10852	7	77.77777777777779
Strep_C13319	7	77.77777777777779
Strep_C15324	7	77.77777777777779
Strep_C3293	7	77.77777777777779
Strep_C20608	7	77.77777777777779
Strep_C17711	7	77.77777777777779
Strep_C29622	7	77.77777777777779
Strep_C13731	7	77.77777777777779
Strep_C7847	7	77.77777777777779
Strep_C3299	7	77.77777777777779
Strep_C10281	7	77.77777777777779
Strep_C20592	7	77.77777777777779
Strep_C5032	7	77.77777777777779
Strep_C23751	7	77.77777777777779
Strep_C19489	7	77.77777777777779
Strep_C5152	7	77.77777777777779
Strep_C13702	7	77.77777777777779
Strep_C10625	7	77.77777777777779
Strep_C6060	7	77.77777777777779
Strep_C13317	7	77.77777777777779
Strep_C17168	7	77.77777777777779
Strep_C12509	7	77.77777777777779
Strep_C11733	7	77.77777777777779
Strep_C441	7	77.77777777777779
Strep_C29037	7	77.77777777777779
Strep_C9451	7	77.77777777777779
Strep_C11730	7	77.77777777777779
Strep_C1943	7	77.77777777777779
Strep_C2463	7	77.77777777777779
Strep_C5072	7	77.77777777777779
Strep_C15314	7	77.77777777777779
Strep_C1942	7	77.77777777777779
Strep_C7253	7	77.77777777777779
Strep_C6658	7	77.77777777777779
Strep_C10012	7	77.77777777777779
Strep_C11138	7	77.77777777777779
Strep_C614	7	77.77777777777779
Strep_C3081	7	77.77777777777779
Strep_C14734	7	77.77777777777779
Strep_C2272	7	77.77777777777779
Strep_C26751	7	77.77777777777779
Strep_C1178	7	77.77777777777779
Strep_C27567	7	77.77777777777779
Strep_C26750	7	77.77777777777779
Strep_C6225	7	77.77777777777779
Strep_C20258	7	77.77777777777779
Strep_C3848	7	77.77777777777779
Strep_C621	7	77.77777777777779
Strep_C1468	7	77.77777777777779
Strep_C28244	7	77.77777777777779
Strep_C21501	7	77.77777777777779
Strep_C12714	7	77.77777777777779
Strep_C4735	7	77.77777777777779
Strep_C7767	7	77.77777777777779
Strep_C11045	7	77.77777777777779
Strep_C26211	7	77.77777777777779
Strep_C4774	7	77.77777777777779
Strep_C3094	7	77.77777777777779
Strep_C8124	7	77.77777777777779
Strep_C8434	7	77.77777777777779
Strep_C14795	7	77.77777777777779
Strep_C14794	7	77.77777777777779
Strep_C7602	7	77.77777777777779
Strep_C24820	7	77.77777777777779
Strep_C3097	7	77.77777777777779
Strep_C2825	7	77.77777777777779
Strep_C14761	7	77.77777777777779
Strep_C20326	7	77.77777777777779
Strep_C27958	7	77.77777777777779
Strep_C6234	7	77.77777777777779
Strep_C20301	7	77.77777777777779
Strep_C11053	7	77.77777777777779
Strep_C2144	7	77.77777777777779
Strep_C4783	7	77.77777777777779
Strep_C4731	7	77.77777777777779
Strep_C11825	7	77.77777777777779
Strep_C26787	7	77.77777777777779
Strep_C11012	7	77.77777777777779
Strep_C8684	7	77.77777777777779
Strep_C14570	7	77.77777777777779
Strep_C12748	7	77.77777777777779
Strep_C4633	7	77.77777777777779
Strep_C20116	7	77.77777777777779
Strep_C12770	7	77.77777777777779
Strep_C2546	7	77.77777777777779
Strep_C6160	7	77.77777777777779
Strep_C8454	7	77.77777777777779
Strep_C20187	7	77.77777777777779
Strep_C23944	7	77.77777777777779
Strep_C14537	7	77.77777777777779
Strep_C14534	7	77.77777777777779
Strep_C25482	7	77.77777777777779
Strep_C26272	7	77.77777777777779
Strep_C4647	7	77.77777777777779
Strep_C22852	7	77.77777777777779
Strep_C30383	7	77.77777777777779
Strep_C14574	7	77.77777777777779
Strep_C14584	7	77.77777777777779
Strep_C10959	7	77.77777777777779
Strep_C30404	7	77.77777777777779
Strep_C9931	7	77.77777777777779
Strep_C9163	7	77.77777777777779
Strep_C11822	7	77.77777777777779
Strep_C24772	7	77.77777777777779
Strep_C21465	7	77.77777777777779
Strep_C4711	7	77.77777777777779
Strep_C21497	7	77.77777777777779
Strep_C12741	7	77.77777777777779
Strep_C29911	7	77.77777777777779
Strep_C6154	7	77.77777777777779
Strep_C7753	7	77.77777777777779
Strep_C23954	7	77.77777777777779
Strep_C24738	7	77.77777777777779
Strep_C20093	7	77.77777777777779
Strep_C17462	7	77.77777777777779
Strep_C21430	7	77.77777777777779
Strep_C17383	7	77.77777777777779
Strep_C17584	7	77.77777777777779
Strep_C19881	7	77.77777777777779
Strep_C17286	7	77.77777777777779
Strep_C10563	7	77.77777777777779
Strep_C22606	7	77.77777777777779
Strep_C21637	7	77.77777777777779
Strep_C26734	7	77.77777777777779
Strep_C4507	7	77.77777777777779
Strep_C15020	7	77.77777777777779
Strep_C28695	7	77.77777777777779
Strep_C6107	7	77.77777777777779
Strep_C3818	7	77.77777777777779
Strep_C11102	7	77.77777777777779
Strep_C15009	7	77.77777777777779
Strep_C22631	7	77.77777777777779
Strep_C21558	7	77.77777777777779
Strep_C26147	7	77.77777777777779
Strep_C14988	7	77.77777777777779
Strep_C22632	7	77.77777777777779
Strep_C12599	7	77.77777777777779
Strep_C19720	7	77.77777777777779
Strep_C12597	7	77.77777777777779
Strep_C13265	7	77.77777777777779
Strep_C8486	7	77.77777777777779
Strep_C11135	7	77.77777777777779
Strep_C7446	7	77.77777777777779
Strep_C1257	7	77.77777777777779
Strep_C2258	7	77.77777777777779
Strep_C9180	7	77.77777777777779
Strep_C3914	7	77.77777777777779
Strep_C841	7	77.77777777777779
Strep_C15055	7	77.77777777777779
Strep_C2612	7	77.77777777777779
Strep_C21575	7	77.77777777777779
Strep_C28309	7	77.77777777777779
Strep_C19703	7	77.77777777777779
Strep_C13829	7	77.77777777777779
Strep_C15059	7	77.77777777777779
Strep_C1971	7	77.77777777777779
Strep_C14979	7	77.77777777777779
Strep_C3029	7	77.77777777777779
Strep_C24354	7	77.77777777777779
Strep_C17354	7	77.77777777777779
Strep_C7550	7	77.77777777777779
Strep_C29659	7	77.77777777777779
Strep_C9749	7	77.77777777777779
Strep_C1983	7	77.77777777777779
Strep_C12652	7	77.77777777777779
Strep_C19844	7	77.77777777777779
Strep_C25523	7	77.77777777777779
Strep_C9583	7	77.77777777777779
Strep_C2141	7	77.77777777777779
Strep_C2551	7	77.77777777777779
Strep_C30320	7	77.77777777777779
Strep_C14433	7	77.77777777777779
Strep_C3833	7	77.77777777777779
Strep_C2749	7	77.77777777777779
Strep_C26185	7	77.77777777777779
Strep_C7578	7	77.77777777777779
Strep_C11081	7	77.77777777777779
Strep_C22940	7	77.77777777777779
Strep_C4538	7	77.77777777777779
Strep_C4856	7	77.77777777777779
Strep_C21407	7	77.77777777777779
Strep_C14372	7	77.77777777777779
Strep_C17614	7	77.77777777777779
Strep_C14955	7	77.77777777777779
Strep_C13249	7	77.77777777777779
Strep_C8741	7	77.77777777777779
Strep_C11769	7	77.77777777777779
Strep_C10915	7	77.77777777777779
Strep_C11084	7	77.77777777777779
Strep_C14928	7	77.77777777777779
Strep_C6120	7	77.77777777777779
Strep_C21417	7	77.77777777777779
Strep_C3832	7	77.77777777777779
Strep_C1000	7	77.77777777777779
Strep_C29725	7	77.77777777777779
Strep_C11085	7	77.77777777777779
Strep_C7205	7	77.77777777777779
Strep_C12424	7	77.77777777777779
Strep_C21744	7	77.77777777777779
Strep_C16037	7	77.77777777777779
Strep_C9265	7	77.77777777777779
Strep_C7960	7	77.77777777777779
Strep_C24175	7	77.77777777777779
Strep_C6976	7	77.77777777777779
Strep_C1810	7	77.77777777777779
Strep_C5791	7	77.77777777777779
Strep_C1873	7	77.77777777777779
Strep_C21751	7	77.77777777777779
Strep_C12002	7	77.77777777777779
Strep_C13926	7	77.77777777777779
Strep_C2762	7	77.77777777777779
Strep_C18759	7	77.77777777777779
Strep_C8931	7	77.77777777777779
Strep_C8249	7	77.77777777777779
Strep_C21809	7	77.77777777777779
Strep_C16056	7	77.77777777777779
Strep_C22155	7	77.77777777777779
Strep_C13522	7	77.77777777777779
Strep_C160	7	77.77777777777779
Strep_C16095	7	77.77777777777779
Strep_C11433	7	77.77777777777779
Strep_C25322	7	77.77777777777779
Strep_C25323	7	77.77777777777779
Strep_C1287	7	77.77777777777779
Strep_C2792	7	77.77777777777779
Strep_C6963	7	77.77777777777779
Strep_C26877	7	77.77777777777779
Strep_C8221	7	77.77777777777779
Strep_C11590	7	77.77777777777779
Strep_C1351	7	77.77777777777779
Strep_C25668	7	77.77777777777779
Strep_C7961	7	77.77777777777779
Strep_C8930	7	77.77777777777779
Strep_C3479	7	77.77777777777779
Strep_C18766	7	77.77777777777779
Strep_C6609	7	77.77777777777779
Strep_C6722	7	77.77777777777779
Strep_C18241	7	77.77777777777779
Strep_C15962	7	77.77777777777779
Strep_C7014	7	77.77777777777779
Strep_C14127	7	77.77777777777779
Strep_C30005	7	77.77777777777779
Strep_C2948	7	77.77777777777779
Strep_C22099	7	77.77777777777779
Strep_C25289	7	77.77777777777779
Strep_C8918	7	77.77777777777779
Strep_C10692	7	77.77777777777779
Strep_C29492	7	77.77777777777779
Strep_C6514	7	77.77777777777779
Strep_C15936	7	77.77777777777779
Strep_C15966	7	77.77777777777779
Strep_C18240	7	77.77777777777779
Strep_C18087	7	77.77777777777779
Strep_C12281	7	77.77777777777779
Strep_C23380	7	77.77777777777779
Strep_C969	7	77.77777777777779
Strep_C8281	7	77.77777777777779
Strep_C8065	7	77.77777777777779
Strep_C5661	7	77.77777777777779
Strep_C7001	7	77.77777777777779
Strep_C21913	7	77.77777777777779
Strep_C25760	7	77.77777777777779
Strep_C12139	7	77.77777777777779
Strep_C345	7	77.77777777777779
Strep_C25661	7	77.77777777777779
Strep_C2307	7	77.77777777777779
Strep_C16880	7	77.77777777777779
Strep_C11434	7	77.77777777777779
Strep_C18694	7	77.77777777777779
Strep_C2892	7	77.77777777777779
Strep_C10049	7	77.77777777777779
Strep_C4178	7	77.77777777777779
Strep_C5592	7	77.77777777777779
Strep_C8057	7	77.77777777777779
Strep_C16795	7	77.77777777777779
Strep_C25196	7	77.77777777777779
Strep_C27421	7	77.77777777777779
Strep_C16285	7	77.77777777777779
Strep_C16806	7	77.77777777777779
Strep_C5573	7	77.77777777777779
Strep_C556	7	77.77777777777779
Strep_C28022	7	77.77777777777779
Strep_C10496	7	77.77777777777779
Strep_C28909	7	77.77777777777779
Strep_C2802	7	77.77777777777779
Strep_C14048	7	77.77777777777779
Strep_C18560	7	77.77777777777779
Strep_C1630	7	77.77777777777779
Strep_C21984	7	77.77777777777779
Strep_C18553	7	77.77777777777779
Strep_C8975	7	77.77777777777779
Strep_C12174	7	77.77777777777779
Strep_C2984	7	77.77777777777779
Strep_C10686	7	77.77777777777779
Strep_C18183	7	77.77777777777779
Strep_C18539	7	77.77777777777779
Strep_C21784	7	77.77777777777779
Strep_C13022	7	77.77777777777779
Strep_C16383	7	77.77777777777779
Strep_C6769	7	77.77777777777779
Strep_C25786	7	77.77777777777779
Strep_C6792	7	77.77777777777779
Strep_C3526	7	77.77777777777779
Strep_C16808	7	77.77777777777779
Strep_C5515	7	77.77777777777779
Strep_C21182	7	77.77777777777779
Strep_C655	7	77.77777777777779
Strep_C6898	7	77.77777777777779
Strep_C11613	7	77.77777777777779
Strep_C10499	7	77.77777777777779
Strep_C24531	7	77.77777777777779
Strep_C27775	7	77.77777777777779
Strep_C5637	7	77.77777777777779
Strep_C6764	7	77.77777777777779
Strep_C25673	7	77.77777777777779
Strep_C6908	7	77.77777777777779
Strep_C8953	7	77.77777777777779
Strep_C3688	7	77.77777777777779
Strep_C3491	7	77.77777777777779
Strep_C2194	7	77.77777777777779
Strep_C9041	7	77.77777777777779
Strep_C16200	7	77.77777777777779
Strep_C18163	7	77.77777777777779
Strep_C6887	7	77.77777777777779
Strep_C6886	7	77.77777777777779
Strep_C24510	7	77.77777777777779
Strep_C10756	7	77.77777777777779
Strep_C6882	7	77.77777777777779
Strep_C3521	7	77.77777777777779
Strep_C12206	7	77.77777777777779
Strep_C16815	7	77.77777777777779
Strep_C6880	7	77.77777777777779
Strep_C16440	7	77.77777777777779
Strep_C23091	7	77.77777777777779
Strep_C16813	7	77.77777777777779
Strep_C20916	7	77.77777777777779
Strep_C10754	7	77.77777777777779
Strep_C10037	7	77.77777777777779
Strep_C21737	7	77.77777777777779
Strep_C1166	7	77.77777777777779
Strep_C21256	7	77.77777777777779
Strep_C15713	7	77.77777777777779
Strep_C29748	7	77.77777777777779
Strep_C11678	7	77.77777777777779
Strep_C20710	7	77.77777777777779
Strep_C17899	7	77.77777777777779
Strep_C15691	7	77.77777777777779
Strep_C15686	7	77.77777777777779
Strep_C18269	7	77.77777777777779
Strep_C27022	7	77.77777777777779
Strep_C27807	7	77.77777777777779
Strep_C11685	7	77.77777777777779
Strep_C19144	7	77.77777777777779
Strep_C19150	7	77.77777777777779
Strep_C16666	7	77.77777777777779
Strep_C2226	7	77.77777777777779
Strep_C5770	7	77.77777777777779
Strep_C13665	7	77.77777777777779
Strep_C15728	7	77.77777777777779
Strep_C5730	7	77.77777777777779
Strep_C14180	7	77.77777777777779
Strep_C13661	7	77.77777777777779
Strep_C1338	7	77.77777777777779
Strep_C22251	7	77.77777777777779
Strep_C6471	7	77.77777777777779
Strep_C19089	7	77.77777777777779
Strep_C9013	7	77.77777777777779
Strep_C3396	7	77.77777777777779
Strep_C25239	7	77.77777777777779
Strep_C15748	7	77.77777777777779
Strep_C7105	7	77.77777777777779
Strep_C5941	7	77.77777777777779
Strep_C20692	7	77.77777777777779
Strep_C6441	7	77.77777777777779
Strep_C20723	7	77.77777777777779
Strep_C18316	7	77.77777777777779
Strep_C9418	7	77.77777777777779
Strep_C7182	7	77.77777777777779
Strep_C10538	7	77.77777777777779
Strep_C29025	7	77.77777777777779
Strep_C15581	7	77.77777777777779
Strep_C16624	7	77.77777777777779
Strep_C1662	7	77.77777777777779
Strep_C15653	7	77.77777777777779
Strep_C8556	7	77.77777777777779
Strep_C18285	7	77.77777777777779
Strep_C9422	7	77.77777777777779
Strep_C2425	7	77.77777777777779
Strep_C17819	7	77.77777777777779
Strep_C13977	7	77.77777777777779
Strep_C26834	7	77.77777777777779
Strep_C8555	7	77.77777777777779
Strep_C15596	7	77.77777777777779
Strep_C27745	7	77.77777777777779
Strep_C21852	7	77.77777777777779
Strep_C17070	7	77.77777777777779
Strep_C9413	7	77.77777777777779
Strep_C10068	7	77.77777777777779
Strep_C23447	7	77.77777777777779
Strep_C3758	7	77.77777777777779
Strep_C24260	7	77.77777777777779
Strep_C21664	7	77.77777777777779
Strep_C6676	7	77.77777777777779
Strep_C16608	7	77.77777777777779
Strep_C23631	7	77.77777777777779
Strep_C2901	7	77.77777777777779
Strep_C11690	7	77.77777777777779
Strep_C19066	7	77.77777777777779
Strep_C23093	7	77.77777777777779
Strep_C25650	7	77.77777777777779
Strep_C5705	7	77.77777777777779
Strep_C8514	7	77.77777777777779
Strep_C2929	7	77.77777777777779
Strep_C6510	7	77.77777777777779
Strep_C5704	7	77.77777777777779
Strep_C10804	7	77.77777777777779
Strep_C15853	7	77.77777777777779
Strep_C8904	7	77.77777777777779
Strep_C26426	7	77.77777777777779
Strep_C27025	7	77.77777777777779
Strep_C13437	7	77.77777777777779
Strep_C28809	7	77.77777777777779
Strep_C18383	7	77.77777777777779
Strep_C5343	7	77.77777777777779
Strep_C18905	7	77.77777777777779
Strep_C11354	7	77.77777777777779
Strep_C21715	7	77.77777777777779
Strep_C5359	7	77.77777777777779
Strep_C18020	7	77.77777777777779
Strep_C13587	7	77.77777777777779
Strep_C3612	7	77.77777777777779
Strep_C1587	7	77.77777777777779
Strep_C6701	7	77.77777777777779
Strep_C18939	7	77.77777777777779
Strep_C27647	7	77.77777777777779
Strep_C1588	7	77.77777777777779
Strep_C18925	7	77.77777777777779
Strep_C18938	7	77.77777777777779
Strep_C6506	7	77.77777777777779
Strep_C15844	7	77.77777777777779
Strep_C21238	7	77.77777777777779
Strep_C19018	7	77.77777777777779
Strep_C12303	7	77.77777777777779
Strep_C16541	7	77.77777777777779
Strep_C5299	7	77.77777777777779
Strep_C25053	7	77.77777777777779
Strep_C7079	7	77.77777777777779
Strep_C2879	7	77.77777777777779
Strep_C668	7	77.77777777777779
Strep_C5715	7	77.77777777777779
Strep_C27027	7	77.77777777777779
Strep_C15808	7	77.77777777777779
Strep_C4137	7	77.77777777777779
Strep_C3431	7	77.77777777777779
Strep_C9381	7	77.77777777777779
Strep_C6484	7	77.77777777777779
Strep_C25937	7	77.77777777777779
Strep_C9380	7	77.77777777777779
Strep_C10661	7	77.77777777777779
Strep_C7931	7	77.77777777777779
Strep_C1211	7	77.77777777777779
Strep_C10094	7	77.77777777777779
Strep_C1163	7	77.77777777777779
Strep_C11345	7	77.77777777777779
Strep_C2216	7	77.77777777777779
Strep_C8542	7	77.77777777777779
Strep_C1036	7	77.77777777777779
Strep_C13193	6	66.66666666666666
Strep_C13597	6	66.66666666666666
Strep_C29919	6	66.66666666666666
Strep_C280	6	66.66666666666666
Strep_C8037	6	66.66666666666666
Strep_C13978	6	66.66666666666666
Strep_C23581	6	66.66666666666666
Strep_C8130	6	66.66666666666666
Strep_C8129	6	66.66666666666666
Strep_C23686	6	66.66666666666666
Strep_C8006	6	66.66666666666666
Strep_C13198	6	66.66666666666666
Strep_C8004	6	66.66666666666666
Strep_C26609	6	66.66666666666666
Strep_C8009	6	66.66666666666666
Strep_C8023	6	66.66666666666666
Strep_C1378	6	66.66666666666666
Strep_C3033	6	66.66666666666666
Strep_C8125	6	66.66666666666666
Strep_C8239	6	66.66666666666666
Strep_C30195	6	66.66666666666666
Strep_C7768	6	66.66666666666666
Strep_C1379	6	66.66666666666666
Strep_C8251	6	66.66666666666666
Strep_C23101	6	66.66666666666666
Strep_C8373	6	66.66666666666666
Strep_C14452	6	66.66666666666666
Strep_C14351	6	66.66666666666666
Strep_C264	6	66.66666666666666
Strep_C13400	6	66.66666666666666
Strep_C8343	6	66.66666666666666
Strep_C28166	6	66.66666666666666
Strep_C23422	6	66.66666666666666
Strep_C23202	6	66.66666666666666
Strep_C23509	6	66.66666666666666
Strep_C2974	6	66.66666666666666
Strep_C1432	6	66.66666666666666
Strep_C29947	6	66.66666666666666
Strep_C23041	6	66.66666666666666
Strep_C8398	6	66.66666666666666
Strep_C8310	6	66.66666666666666
Strep_C23750	6	66.66666666666666
Strep_C13898	6	66.66666666666666
Strep_C23881	6	66.66666666666666
Strep_C2296	6	66.66666666666666
Strep_C22999	6	66.66666666666666
Strep_C14190	6	66.66666666666666
Strep_C23844	6	66.66666666666666
Strep_C23602	6	66.66666666666666
Strep_C8091	6	66.66666666666666
Strep_C8382	6	66.66666666666666
Strep_C7884	6	66.66666666666666
Strep_C23469	6	66.66666666666666
Strep_C23858	6	66.66666666666666
Strep_C13871	6	66.66666666666666
Strep_C2973	6	66.66666666666666
Strep_C13691	6	66.66666666666666
Strep_C7915	6	66.66666666666666
Strep_C14269	6	66.66666666666666
Strep_C23595	6	66.66666666666666
Strep_C8192	6	66.66666666666666
Strep_C23002	6	66.66666666666666
Strep_C23307	6	66.66666666666666
Strep_C14296	6	66.66666666666666
Strep_C23433	6	66.66666666666666
Strep_C13464	6	66.66666666666666
Strep_C7833	6	66.66666666666666
Strep_C2652	6	66.66666666666666
Strep_C13641	6	66.66666666666666
Strep_C23692	6	66.66666666666666
Strep_C7966	6	66.66666666666666
Strep_C23886	6	66.66666666666666
Strep_C7967	6	66.66666666666666
Strep_C13252	6	66.66666666666666
Strep_C14395	6	66.66666666666666
Strep_C23672	6	66.66666666666666
Strep_C8223	6	66.66666666666666
Strep_C14408	6	66.66666666666666
Strep_C1406	6	66.66666666666666
Strep_C7986	6	66.66666666666666
Strep_C14062	6	66.66666666666666
Strep_C2327	6	66.66666666666666
Strep_C13230	6	66.66666666666666
Strep_C22932	6	66.66666666666666
Strep_C23361	6	66.66666666666666
Strep_C14440	6	66.66666666666666
Strep_C2653	6	66.66666666666666
Strep_C8116	6	66.66666666666666
Strep_C13255	6	66.66666666666666
Strep_C23771	6	66.66666666666666
Strep_C23822	6	66.66666666666666
Strep_C2295	6	66.66666666666666
Strep_C14130	6	66.66666666666666
Strep_C7830	6	66.66666666666666
Strep_C26546	6	66.66666666666666
Strep_C8296	6	66.66666666666666
Strep_C26378	6	66.66666666666666
Strep_C26381	6	66.66666666666666
Strep_C1424	6	66.66666666666666
Strep_C8104	6	66.66666666666666
Strep_C7952	6	66.66666666666666
Strep_C13505	6	66.66666666666666
Strep_C2807	6	66.66666666666666
Strep_C23218	6	66.66666666666666
Strep_C23780	6	66.66666666666666
Strep_C26456	6	66.66666666666666
Strep_C8292	6	66.66666666666666
Strep_C25719	6	66.66666666666666
Strep_C26269	6	66.66666666666666
Strep_C4143	6	66.66666666666666
Strep_C28897	6	66.66666666666666
Strep_C5634	6	66.66666666666666
Strep_C5639	6	66.66666666666666
Strep_C4159	6	66.66666666666666
Strep_C5669	6	66.66666666666666
Strep_C5689	6	66.66666666666666
Strep_C25240	6	66.66666666666666
Strep_C18387	6	66.66666666666666
Strep_C21011	6	66.66666666666666
Strep_C5703	6	66.66666666666666
Strep_C18384	6	66.66666666666666
Strep_C4128	6	66.66666666666666
Strep_C5626	6	66.66666666666666
Strep_C21049	6	66.66666666666666
Strep_C5745	6	66.66666666666666
Strep_C410	6	66.66666666666666
Strep_C576	6	66.66666666666666
Strep_C25286	6	66.66666666666666
Strep_C18239	6	66.66666666666666
Strep_C25298	6	66.66666666666666
Strep_C4077	6	66.66666666666666
Strep_C4065	6	66.66666666666666
Strep_C21160	6	66.66666666666666
Strep_C4054	6	66.66666666666666
Strep_C2097	6	66.66666666666666
Strep_C2520	6	66.66666666666666
Strep_C18130	6	66.66666666666666
Strep_C4211	6	66.66666666666666
Strep_C18798	6	66.66666666666666
Strep_C4250	6	66.66666666666666
Strep_C5457	6	66.66666666666666
Strep_C20834	6	66.66666666666666
Strep_C5469	6	66.66666666666666
Strep_C5478	6	66.66666666666666
Strep_C20844	6	66.66666666666666
Strep_C18733	6	66.66666666666666
Strep_C18721	6	66.66666666666666
Strep_C25159	6	66.66666666666666
Strep_C4220	6	66.66666666666666
Strep_C2090	6	66.66666666666666
Strep_C5618	6	66.66666666666666
Strep_C20911	6	66.66666666666666
Strep_C18653	6	66.66666666666666
Strep_C18630	6	66.66666666666666
Strep_C20931	6	66.66666666666666
Strep_C4191	6	66.66666666666666
Strep_C20943	6	66.66666666666666
Strep_C2095	6	66.66666666666666
Strep_C20966	6	66.66666666666666
Strep_C25201	6	66.66666666666666
Strep_C25202	6	66.66666666666666
Strep_C5610	6	66.66666666666666
Strep_C4043	6	66.66666666666666
Strep_C5846	6	66.66666666666666
Strep_C17412	6	66.66666666666666
Strep_C175	6	66.66666666666666
Strep_C24415	6	66.66666666666666
Strep_C6038	6	66.66666666666666
Strep_C17754	6	66.66666666666666
Strep_C6050	6	66.66666666666666
Strep_C17714	6	66.66666666666666
Strep_C3937	6	66.66666666666666
Strep_C3936	6	66.66666666666666
Strep_C25436	6	66.66666666666666
Strep_C17651	6	66.66666666666666
Strep_C21393	6	66.66666666666666
Strep_C6118	6	66.66666666666666
Strep_C21422	6	66.66666666666666
Strep_C6029	6	66.66666666666666
Strep_C3888	6	66.66666666666666
Strep_C17577	6	66.66666666666666
Strep_C6142	6	66.66666666666666
Strep_C21459	6	66.66666666666666
Strep_C6156	6	66.66666666666666
Strep_C3868	6	66.66666666666666
Strep_C6176	6	66.66666666666666
Strep_C25492	6	66.66666666666666
Strep_C21482	6	66.66666666666666
Strep_C3859	6	66.66666666666666
Strep_C21500	6	66.66666666666666
Strep_C24417	6	66.66666666666666
Strep_C3973	6	66.66666666666666
Strep_C1811	6	66.66666666666666
Strep_C5962	6	66.66666666666666
Strep_C24451	6	66.66666666666666
Strep_C5863	6	66.66666666666666
Strep_C1807	6	66.66666666666666
Strep_C2880	6	66.66666666666666
Strep_C5887	6	66.66666666666666
Strep_C5909	6	66.66666666666666
Strep_C5921	6	66.66666666666666
Strep_C5922	6	66.66666666666666
Strep_C17976	6	66.66666666666666
Strep_C17943	6	66.66666666666666
Strep_C17918	6	66.66666666666666
Strep_C17893	6	66.66666666666666
Strep_C21287	6	66.66666666666666
Strep_C3991	6	66.66666666666666
Strep_C17887	6	66.66666666666666
Strep_C5987	6	66.66666666666666
Strep_C2442	6	66.66666666666666
Strep_C24429	6	66.66666666666666
Strep_C5992	6	66.66666666666666
Strep_C2539	6	66.66666666666666
Strep_C17856	6	66.66666666666666
Strep_C17848	6	66.66666666666666
Strep_C6005	6	66.66666666666666
Strep_C29391	6	66.66666666666666
Strep_C4252	6	66.66666666666666
Strep_C5436	6	66.66666666666666
Strep_C18824	6	66.66666666666666
Strep_C19677	6	66.66666666666666
Strep_C19806	6	66.66666666666666
Strep_C4865	6	66.66666666666666
Strep_C4536	6	66.66666666666666
Strep_C20374	6	66.66666666666666
Strep_C19740	6	66.66666666666666
Strep_C4901	6	66.66666666666666
Strep_C19704	6	66.66666666666666
Strep_C20421	6	66.66666666666666
Strep_C4497	6	66.66666666666666
Strep_C29105	6	66.66666666666666
Strep_C29104	6	66.66666666666666
Strep_C4488	6	66.66666666666666
Strep_C20354	6	66.66666666666666
Strep_C20447	6	66.66666666666666
Strep_C4934	6	66.66666666666666
Strep_C20504	6	66.66666666666666
Strep_C20510	6	66.66666666666666
Strep_C5015	6	66.66666666666666
Strep_C5016	6	66.66666666666666
Strep_C1952	6	66.66666666666666
Strep_C19503	6	66.66666666666666
Strep_C5033	6	66.66666666666666
Strep_C5046	6	66.66666666666666
Strep_C5048	6	66.66666666666666
Strep_C4860	6	66.66666666666666
Strep_C29128	6	66.66666666666666
Strep_C29308	6	66.66666666666666
Strep_C2478	6	66.66666666666666
Strep_C2015	6	66.66666666666666
Strep_C4667	6	66.66666666666666
Strep_C4668	6	66.66666666666666
Strep_C20188	6	66.66666666666666
Strep_C4634	6	66.66666666666666
Strep_C4632	6	66.66666666666666
Strep_C2009	6	66.66666666666666
Strep_C4704	6	66.66666666666666
Strep_C4706	6	66.66666666666666
Strep_C4623	6	66.66666666666666
Strep_C4607	6	66.66666666666666
Strep_C24791	6	66.66666666666666
Strep_C19831	6	66.66666666666666
Strep_C4582	6	66.66666666666666
Strep_C4771	6	66.66666666666666
Strep_C20287	6	66.66666666666666
Strep_C19952	6	66.66666666666666
Strep_C457	6	66.66666666666666
Strep_C2031	6	66.66666666666666
Strep_C4557	6	66.66666666666666
Strep_C4554	6	66.66666666666666
Strep_C4550	6	66.66666666666666
Strep_C19862	6	66.66666666666666
Strep_C2033	6	66.66666666666666
Strep_C2494	6	66.66666666666666
Strep_C4412	6	66.66666666666666
Strep_C19410	6	66.66666666666666
Strep_C18944	6	66.66666666666666
Strep_C5273	6	66.66666666666666
Strep_C25038	6	66.66666666666666
Strep_C4322	6	66.66666666666666
Strep_C4316	6	66.66666666666666
Strep_C5296	6	66.66666666666666
Strep_C19031	6	66.66666666666666
Strep_C20745	6	66.66666666666666
Strep_C28984	6	66.66666666666666
Strep_C5342	6	66.66666666666666
Strep_C5344	6	66.66666666666666
Strep_C5354	6	66.66666666666666
Strep_C18941	6	66.66666666666666
Strep_C19405	6	66.66666666666666
Strep_C4292	6	66.66666666666666
Strep_C25099	6	66.66666666666666
Strep_C5399	6	66.66666666666666
Strep_C18868	6	66.66666666666666
Strep_C28956	6	66.66666666666666
Strep_C20797	6	66.66666666666666
Strep_C18852	6	66.66666666666666
Strep_C20813	6	66.66666666666666
Strep_C4264	6	66.66666666666666
Strep_C5420	6	66.66666666666666
Strep_C5423	6	66.66666666666666
Strep_C19090	6	66.66666666666666
Strep_C20702	6	66.66666666666666
Strep_C20697	6	66.66666666666666
Strep_C19130	6	66.66666666666666
Strep_C508	6	66.66666666666666
Strep_C20595	6	66.66666666666666
Strep_C5129	6	66.66666666666666
Strep_C19322	6	66.66666666666666
Strep_C5151	6	66.66666666666666
Strep_C19278	6	66.66666666666666
Strep_C19275	6	66.66666666666666
Strep_C4384	6	66.66666666666666
Strep_C516	6	66.66666666666666
Strep_C19242	6	66.66666666666666
Strep_C2062	6	66.66666666666666
Strep_C4365	6	66.66666666666666
Strep_C5195	6	66.66666666666666
Strep_C5198	6	66.66666666666666
Strep_C5201	6	66.66666666666666
Strep_C2065	6	66.66666666666666
Strep_C4350	6	66.66666666666666
Strep_C5216	6	66.66666666666666
Strep_C5221	6	66.66666666666666
Strep_C5226	6	66.66666666666666
Strep_C19161	6	66.66666666666666
Strep_C5238	6	66.66666666666666
Strep_C5239	6	66.66666666666666
Strep_C17413	6	66.66666666666666
Strep_C3842	6	66.66666666666666
Strep_C14552	6	66.66666666666666
Strep_C15375	6	66.66666666666666
Strep_C3305	6	66.66666666666666
Strep_C22369	6	66.66666666666666
Strep_C15499	6	66.66666666666666
Strep_C7234	6	66.66666666666666
Strep_C15479	6	66.66666666666666
Strep_C2236	6	66.66666666666666
Strep_C7252	6	66.66666666666666
Strep_C3295	6	66.66666666666666
Strep_C7266	6	66.66666666666666
Strep_C28381	6	66.66666666666666
Strep_C26047	6	66.66666666666666
Strep_C7302	6	66.66666666666666
Strep_C7196	6	66.66666666666666
Strep_C3279	6	66.66666666666666
Strep_C2406	6	66.66666666666666
Strep_C3268	6	66.66666666666666
Strep_C7313	6	66.66666666666666
Strep_C7322	6	66.66666666666666
Strep_C3260	6	66.66666666666666
Strep_C15311	6	66.66666666666666
Strep_C28360	6	66.66666666666666
Strep_C15295	6	66.66666666666666
Strep_C3243	6	66.66666666666666
Strep_C15246	6	66.66666666666666
Strep_C7218	6	66.66666666666666
Strep_C22359	6	66.66666666666666
Strep_C24048	6	66.66666666666666
Strep_C7123	6	66.66666666666666
Strep_C3448	6	66.66666666666666
Strep_C22156	6	66.66666666666666
Strep_C7050	6	66.66666666666666
Strep_C15868	6	66.66666666666666
Strep_C7059	6	66.66666666666666
Strep_C1583	6	66.66666666666666
Strep_C3412	6	66.66666666666666
Strep_C15828	6	66.66666666666666
Strep_C22227	6	66.66666666666666
Strep_C15741	6	66.66666666666666
Strep_C3378	6	66.66666666666666
Strep_C15708	6	66.66666666666666
Strep_C15574	6	66.66666666666666
Strep_C15706	6	66.66666666666666
Strep_C15685	6	66.66666666666666
Strep_C2596	6	66.66666666666666
Strep_C22298	6	66.66666666666666
Strep_C7147	6	66.66666666666666
Strep_C15652	6	66.66666666666666
Strep_C7157	6	66.66666666666666
Strep_C22334	6	66.66666666666666
Strep_C29599	6	66.66666666666666
Strep_C7186	6	66.66666666666666
Strep_C7188	6	66.66666666666666
Strep_C15238	6	66.66666666666666
Strep_C320	6	66.66666666666666
Strep_C17386	6	66.66666666666666
Strep_C14670	6	66.66666666666666
Strep_C7568	6	66.66666666666666
Strep_C22689	6	66.66666666666666
Strep_C7589	6	66.66666666666666
Strep_C758	6	66.66666666666666
Strep_C23991	6	66.66666666666666
Strep_C3092	6	66.66666666666666
Strep_C14764	6	66.66666666666666
Strep_C14763	6	66.66666666666666
Strep_C22714	6	66.66666666666666
Strep_C14700	6	66.66666666666666
Strep_C7647	6	66.66666666666666
Strep_C28242	6	66.66666666666666
Strep_C7561	6	66.66666666666666
Strep_C3046	6	66.66666666666666
Strep_C30398	6	66.66666666666666
Strep_C7673	6	66.66666666666666
Strep_C30395	6	66.66666666666666
Strep_C14631	6	66.66666666666666
Strep_C7695	6	66.66666666666666
Strep_C22813	6	66.66666666666666
Strep_C14588	6	66.66666666666666
Strep_C7713	6	66.66666666666666
Strep_C771	6	66.66666666666666
Strep_C1455	6	66.66666666666666
Strep_C7565	6	66.66666666666666
Strep_C14864	6	66.66666666666666
Strep_C29630	6	66.66666666666666
Strep_C7493	6	66.66666666666666
Strep_C22520	6	66.66666666666666
Strep_C7402	6	66.66666666666666
Strep_C15176	6	66.66666666666666
Strep_C15140	6	66.66666666666666
Strep_C15124	6	66.66666666666666
Strep_C3183	6	66.66666666666666
Strep_C743	6	66.66666666666666
Strep_C7473	6	66.66666666666666
Strep_C3145	6	66.66666666666666
Strep_C15016	6	66.66666666666666
Strep_C3137	6	66.66666666666666
Strep_C14997	6	66.66666666666666
Strep_C3115	6	66.66666666666666
Strep_C7496	6	66.66666666666666
Strep_C14977	6	66.66666666666666
Strep_C750	6	66.66666666666666
Strep_C14947	6	66.66666666666666
Strep_C14945	6	66.66666666666666
Strep_C28291	6	66.66666666666666
Strep_C14926	6	66.66666666666666
Strep_C14923	6	66.66666666666666
Strep_C14917	6	66.66666666666666
Strep_C14914	6	66.66666666666666
Strep_C239	6	66.66666666666666
Strep_C15958	6	66.66666666666666
Strep_C7013	6	66.66666666666666
Strep_C24160	6	66.66666666666666
Strep_C21740	6	66.66666666666666
Strep_C16999	6	66.66666666666666
Strep_C6469	6	66.66666666666666
Strep_C16974	6	66.66666666666666
Strep_C3735	6	66.66666666666666
Strep_C16944	6	66.66666666666666
Strep_C21708	6	66.66666666666666
Strep_C16941	6	66.66666666666666
Strep_C21722	6	66.66666666666666
Strep_C6505	6	66.66666666666666
Strep_C6511	6	66.66666666666666
Strep_C2173	6	66.66666666666666
Strep_C1688	6	66.66666666666666
Strep_C3751	6	66.66666666666666
Strep_C16879	6	66.66666666666666
Strep_C25667	6	66.66666666666666
Strep_C6547	6	66.66666666666666
Strep_C21775	6	66.66666666666666
Strep_C16801	6	66.66666666666666
Strep_C6570	6	66.66666666666666
Strep_C16792	6	66.66666666666666
Strep_C16783	6	66.66666666666666
Strep_C21780	6	66.66666666666666
Strep_C3668	6	66.66666666666666
Strep_C364	6	66.66666666666666
Strep_C1700	6	66.66666666666666
Strep_C3760	6	66.66666666666666
Strep_C15967	6	66.66666666666666
Strep_C17236	6	66.66666666666666
Strep_C6243	6	66.66666666666666
Strep_C17351	6	66.66666666666666
Strep_C626	6	66.66666666666666
Strep_C17324	6	66.66666666666666
Strep_C21563	6	66.66666666666666
Strep_C3814	6	66.66666666666666
Strep_C17304	6	66.66666666666666
Strep_C6303	6	66.66666666666666
Strep_C6305	6	66.66666666666666
Strep_C17259	6	66.66666666666666
Strep_C17247	6	66.66666666666666
Strep_C21589	6	66.66666666666666
Strep_C255	6	66.66666666666666
Strep_C6353	6	66.66666666666666
Strep_C17179	6	66.66666666666666
Strep_C17174	6	66.66666666666666
Strep_C21628	6	66.66666666666666
Strep_C1716	6	66.66666666666666
Strep_C6372	6	66.66666666666666
Strep_C17145	6	66.66666666666666
Strep_C17128	6	66.66666666666666
Strep_C6386	6	66.66666666666666
Strep_C25594	6	66.66666666666666
Strep_C25597	6	66.66666666666666
Strep_C24263	6	66.66666666666666
Strep_C16681	6	66.66666666666666
Strep_C3648	6	66.66666666666666
Strep_C16157	6	66.66666666666666
Strep_C16294	6	66.66666666666666
Strep_C3534	6	66.66666666666666
Strep_C28531	6	66.66666666666666
Strep_C16252	6	66.66666666666666
Strep_C687	6	66.66666666666666
Strep_C6881	6	66.66666666666666
Strep_C16216	6	66.66666666666666
Strep_C6888	6	66.66666666666666
Strep_C6893	6	66.66666666666666
Strep_C16196	6	66.66666666666666
Strep_C16188	6	66.66666666666666
Strep_C16107	6	66.66666666666666
Strep_C25728	6	66.66666666666666
Strep_C16090	6	66.66666666666666
Strep_C348	6	66.66666666666666
Strep_C22075	6	66.66666666666666
Strep_C16075	6	66.66666666666666
Strep_C24176	6	66.66666666666666
Strep_C6970	6	66.66666666666666
Strep_C6974	6	66.66666666666666
Strep_C1602	6	66.66666666666666
Strep_C22103	6	66.66666666666666
Strep_C24170	6	66.66666666666666
Strep_C2847	6	66.66666666666666
Strep_C21995	6	66.66666666666666
Strep_C21992	6	66.66666666666666
Strep_C6824	6	66.66666666666666
Strep_C16327	6	66.66666666666666
Strep_C16636	6	66.66666666666666
Strep_C16620	6	66.66666666666666
Strep_C16610	6	66.66666666666666
Strep_C6687	6	66.66666666666666
Strep_C16586	6	66.66666666666666
Strep_C24248	6	66.66666666666666
Strep_C16562	6	66.66666666666666
Strep_C6700	6	66.66666666666666
Strep_C1652	6	66.66666666666666
Strep_C16522	6	66.66666666666666
Strep_C24241	6	66.66666666666666
Strep_C25759	6	66.66666666666666
Strep_C25761	6	66.66666666666666
Strep_C16480	6	66.66666666666666
Strep_C6745	6	66.66666666666666
Strep_C21934	6	66.66666666666666
Strep_C2421	6	66.66666666666666
Strep_C3570	6	66.66666666666666
Strep_C25778	6	66.66666666666666
Strep_C3568	6	66.66666666666666
Strep_C16392	6	66.66666666666666
Strep_C6789	6	66.66666666666666
Strep_C16382	6	66.66666666666666
Strep_C13180	6	66.66666666666666
Strep_C18704	6	66.66666666666666
Strep_C8961	6	66.66666666666666
Strep_C11512	6	66.66666666666666
Strep_C9251	6	66.66666666666666
Strep_C12805	6	66.66666666666666
Strep_C11052	6	66.66666666666666
Strep_C10223	6	66.66666666666666
Strep_C10218	6	66.66666666666666
Strep_C11062	6	66.66666666666666
Strep_C11064	6	66.66666666666666
Strep_C10208	6	66.66666666666666
Strep_C10203	6	66.66666666666666
Strep_C10202	6	66.66666666666666
Strep_C12848	6	66.66666666666666
Strep_C9930	6	66.66666666666666
Strep_C27573	6	66.66666666666666
Strep_C11096	6	66.66666666666666
Strep_C9290	6	66.66666666666666
Strep_C9291	6	66.66666666666666
Strep_C9495	6	66.66666666666666
Strep_C11043	6	66.66666666666666
Strep_C11611	6	66.66666666666666
Strep_C11612	6	66.66666666666666
Strep_C11645	6	66.66666666666666
Strep_C9544	6	66.66666666666666
Strep_C10996	6	66.66666666666666
Strep_C10304	6	66.66666666666666
Strep_C12726	6	66.66666666666666
Strep_C9225	6	66.66666666666666
Strep_C11648	6	66.66666666666666
Strep_C10291	6	66.66666666666666
Strep_C9538	6	66.66666666666666
Strep_C10251	6	66.66666666666666
Strep_C10280	6	66.66666666666666
Strep_C11016	6	66.66666666666666
Strep_C9892	6	66.66666666666666
Strep_C10266	6	66.66666666666666
Strep_C1025	6	66.66666666666666
Strep_C12780	6	66.66666666666666
Strep_C10252	6	66.66666666666666
Strep_C11515	6	66.66666666666666
Strep_C1150	6	66.66666666666666
Strep_C11686	6	66.66666666666666
Strep_C11509	6	66.66666666666666
Strep_C9467	6	66.66666666666666
Strep_C9463	6	66.66666666666666
Strep_C9460	6	66.66666666666666
Strep_C2791	6	66.66666666666666
Strep_C11398	6	66.66666666666666
Strep_C935	6	66.66666666666666
Strep_C8538	6	66.66666666666666
Strep_C13045	6	66.66666666666666
Strep_C10076	6	66.66666666666666
Strep_C13059	6	66.66666666666666
Strep_C11357	6	66.66666666666666
Strep_C10050	6	66.66666666666666
Strep_C9376	6	66.66666666666666
Strep_C11328	6	66.66666666666666
Strep_C9990	6	66.66666666666666
Strep_C11324	6	66.66666666666666
Strep_C10027	6	66.66666666666666
Strep_C9965	6	66.66666666666666
Strep_C10109	6	66.66666666666666
Strep_C1296	6	66.66666666666666
Strep_C1112	6	66.66666666666666
Strep_C8615	6	66.66666666666666
Strep_C27377	6	66.66666666666666
Strep_C8608	6	66.66666666666666
Strep_C8606	6	66.66666666666666
Strep_C27582	6	66.66666666666666
Strep_C2790	6	66.66666666666666
Strep_C2737	6	66.66666666666666
Strep_C1147	6	66.66666666666666
Strep_C26684	6	66.66666666666666
Strep_C11478	6	66.66666666666666
Strep_C11134	6	66.66666666666666
Strep_C8589	6	66.66666666666666
Strep_C11468	6	66.66666666666666
Strep_C9475	6	66.66666666666666
Strep_C11453	6	66.66666666666666
Strep_C12964	6	66.66666666666666
Strep_C8700	6	66.66666666666666
Strep_C27183	6	66.66666666666666
Strep_C13117	6	66.66666666666666
Strep_C9098	6	66.66666666666666
Strep_C10635	6	66.66666666666666
Strep_C10776	6	66.66666666666666
Strep_C10781	6	66.66666666666666
Strep_C8927	6	66.66666666666666
Strep_C10601	6	66.66666666666666
Strep_C10796	6	66.66666666666666
Strep_C10802	6	66.66666666666666
Strep_C2778	6	66.66666666666666
Strep_C1230	6	66.66666666666666
Strep_C12319	6	66.66666666666666
Strep_C10589	6	66.66666666666666
Strep_C10824	6	66.66666666666666
Strep_C9750	6	66.66666666666666
Strep_C2779	6	66.66666666666666
Strep_C10828	6	66.66666666666666
Strep_C11942	6	66.66666666666666
Strep_C12366	6	66.66666666666666
Strep_C12053	6	66.66666666666666
Strep_C9654	6	66.66666666666666
Strep_C12056	6	66.66666666666666
Strep_C12177	6	66.66666666666666
Strep_C12150	6	66.66666666666666
Strep_C10694	6	66.66666666666666
Strep_C26904	6	66.66666666666666
Strep_C10711	6	66.66666666666666
Strep_C12110	6	66.66666666666666
Strep_C12105	6	66.66666666666666
Strep_C9695	6	66.66666666666666
Strep_C12179	6	66.66666666666666
Strep_C9655	6	66.66666666666666
Strep_C26917	6	66.66666666666666
Strep_C12086	6	66.66666666666666
Strep_C12184	6	66.66666666666666
Strep_C9024	6	66.66666666666666
Strep_C10742	6	66.66666666666666
Strep_C2688	6	66.66666666666666
Strep_C10641	6	66.66666666666666
Strep_C26841	6	66.66666666666666
Strep_C12399	6	66.66666666666666
Strep_C8712	6	66.66666666666666
Strep_C9114	6	66.66666666666666
Strep_C1176	6	66.66666666666666
Strep_C12601	6	66.66666666666666
Strep_C10940	6	66.66666666666666
Strep_C12614	6	66.66666666666666
Strep_C9187	6	66.66666666666666
Strep_C10944	6	66.66666666666666
Strep_C9848	6	66.66666666666666
Strep_C10370	6	66.66666666666666
Strep_C11722	6	66.66666666666666
Strep_C10361	6	66.66666666666666
Strep_C10954	6	66.66666666666666
Strep_C9860	6	66.66666666666666
Strep_C11705	6	66.66666666666666
Strep_C9205	6	66.66666666666666
Strep_C10338	6	66.66666666666666
Strep_C10974	6	66.66666666666666
Strep_C10332	6	66.66666666666666
Strep_C9579	6	66.66666666666666
Strep_C12573	6	66.66666666666666
Strep_C10914	6	66.66666666666666
Strep_C12502	6	66.66666666666666
Strep_C9788	6	66.66666666666666
Strep_C11883	6	66.66666666666666
Strep_C10505	6	66.66666666666666
Strep_C9795	6	66.66666666666666
Strep_C1243	6	66.66666666666666
Strep_C9603	6	66.66666666666666
Strep_C12501	6	66.66666666666666
Strep_C12507	6	66.66666666666666
Strep_C12559	6	66.66666666666666
Strep_C11826	6	66.66666666666666
Strep_C10900	6	66.66666666666666
Strep_C8793	6	66.66666666666666
Strep_C11805	6	66.66666666666666
Strep_C9158	6	66.66666666666666
Strep_C10427	6	66.66666666666666
Strep_C11799	6	66.66666666666666
Strep_C9390	6	66.66666666666666
Strep_C9559	6	66.66666666666666
Strep_C13155	6	66.66666666666666
Strep_C2662	6	66.66666666666666
Strep_C13127	6	66.66666666666666
Strep_C11248	6	66.66666666666666
Strep_C9410	6	66.66666666666666
Strep_C27953	6	66.66666666666666
Strep_C10024	5	55.55555555555556
Strep_C1486	5	55.55555555555556
Strep_C2221	5	55.55555555555556
Strep_C14886	5	55.55555555555556
Strep_C23511	5	55.55555555555556
Strep_C9862	5	55.55555555555556
Strep_C22229	5	55.55555555555556
Strep_C2412	5	55.55555555555556
Strep_C14860	5	55.55555555555556
Strep_C3383	5	55.55555555555556
Strep_C461	5	55.55555555555556
Strep_C1265	5	55.55555555555556
Strep_C6018	5	55.55555555555556
Strep_C7563	5	55.55555555555556
Strep_C2540	5	55.55555555555556
Strep_C20190	5	55.55555555555556
Strep_C955	5	55.55555555555556
Strep_C20184	5	55.55555555555556
Strep_C1907	5	55.55555555555556
Strep_C23515	5	55.55555555555556
Strep_C20218	5	55.55555555555556
Strep_C7583	5	55.55555555555556
Strep_C11739	5	55.55555555555556
Strep_C22154	5	55.55555555555556
Strep_C14967	5	55.55555555555556
Strep_C3434	5	55.55555555555556
Strep_C24728	5	55.55555555555556
Strep_C17724	5	55.55555555555556
Strep_C8432	5	55.55555555555556
Strep_C17729	5	55.55555555555556
Strep_C25427	5	55.55555555555556
Strep_C6054	5	55.55555555555556
Strep_C10368	5	55.55555555555556
Strep_C17738	5	55.55555555555556
Strep_C20231	5	55.55555555555556
Strep_C17742	5	55.55555555555556
Strep_C10952	5	55.55555555555556
Strep_C22196	5	55.55555555555556
Strep_C14913	5	55.55555555555556
Strep_C20226	5	55.55555555555556
Strep_C14908	5	55.55555555555556
Strep_C7582	5	55.55555555555556
Strep_C12670	5	55.55555555555556
Strep_C22278	5	55.55555555555556
Strep_C3312	5	55.55555555555556
Strep_C14730	5	55.55555555555556
Strep_C14729	5	55.55555555555556
Strep_C22356	5	55.55555555555556
Strep_C17907	5	55.55555555555556
Strep_C9878	5	55.55555555555556
Strep_C3302	5	55.55555555555556
Strep_C4672	5	55.55555555555556
Strep_C14716	5	55.55555555555556
Strep_C14715	5	55.55555555555556
Strep_C1470	5	55.55555555555556
Strep_C14707	5	55.55555555555556
Strep_C12704	5	55.55555555555556
Strep_C17920	5	55.55555555555556
Strep_C14695	5	55.55555555555556
Strep_C7653	5	55.55555555555556
Strep_C8696	5	55.55555555555556
Strep_C7657	5	55.55555555555556
Strep_C14671	5	55.55555555555556
Strep_C22392	5	55.55555555555556
Strep_C14733	5	55.55555555555556
Strep_C2012	5	55.55555555555556
Strep_C4605	5	55.55555555555556
Strep_C2959	5	55.55555555555556
Strep_C4640	5	55.55555555555556
Strep_C1481	5	55.55555555555556
Strep_C10340	5	55.55555555555556
Strep_C20179	5	55.55555555555556
Strep_C7597	5	55.55555555555556
Strep_C9868	5	55.55555555555556
Strep_C9206	5	55.55555555555556
Strep_C22302	5	55.55555555555556
Strep_C9553	5	55.55555555555556
Strep_C24743	5	55.55555555555556
Strep_C5989	5	55.55555555555556
Strep_C2675	5	55.55555555555556
Strep_C22320	5	55.55555555555556
Strep_C22322	5	55.55555555555556
Strep_C14760	5	55.55555555555556
Strep_C1787	5	55.55555555555556
Strep_C3319	5	55.55555555555556
Strep_C3318	5	55.55555555555556
Strep_C17901	5	55.55555555555556
Strep_C6065	5	55.55555555555556
Strep_C14980	5	55.55555555555556
Strep_C6071	5	55.55555555555556
Strep_C24208	5	55.55555555555556
Strep_C17516	5	55.55555555555556
Strep_C4529	5	55.55555555555556
Strep_C3545	5	55.55555555555556
Strep_C12547	5	55.55555555555556
Strep_C12556	5	55.55555555555556
Strep_C24692	5	55.55555555555556
Strep_C7414	5	55.55555555555556
Strep_C1041	5	55.55555555555556
Strep_C17558	5	55.55555555555556
Strep_C2678	5	55.55555555555556
Strep_C17561	5	55.55555555555556
Strep_C6140	5	55.55555555555556
Strep_C351	5	55.55555555555556
Strep_C3515	5	55.55555555555556
Strep_C20336	5	55.55555555555556
Strep_C29537	5	55.55555555555556
Strep_C6136	5	55.55555555555556
Strep_C15128	5	55.55555555555556
Strep_C28325	5	55.55555555555556
Strep_C25010	5	55.55555555555556
Strep_C8791	5	55.55555555555556
Strep_C29178	5	55.55555555555556
Strep_C9157	5	55.55555555555556
Strep_C17440	5	55.55555555555556
Strep_C20427	5	55.55555555555556
Strep_C6204	5	55.55555555555556
Strep_C15282	5	55.55555555555556
Strep_C10898	5	55.55555555555556
Strep_C21931	5	55.55555555555556
Strep_C12515	5	55.55555555555556
Strep_C26079	5	55.55555555555556
Strep_C24220	5	55.55555555555556
Strep_C20404	5	55.55555555555556
Strep_C17482	5	55.55555555555556
Strep_C4512	5	55.55555555555556
Strep_C7374	5	55.55555555555556
Strep_C6184	5	55.55555555555556
Strep_C4514	5	55.55555555555556
Strep_C15228	5	55.55555555555556
Strep_C7385	5	55.55555555555556
Strep_C7386	5	55.55555555555556
Strep_C4519	5	55.55555555555556
Strep_C2699	5	55.55555555555556
Strep_C8771	5	55.55555555555556
Strep_C7427	5	55.55555555555556
Strep_C17578	5	55.55555555555556
Strep_C15038	5	55.55555555555556
Strep_C24714	5	55.55555555555556
Strep_C17656	5	55.55555555555556
Strep_C2543	5	55.55555555555556
Strep_C3464	5	55.55555555555556
Strep_C22121	5	55.55555555555556
Strep_C3462	5	55.55555555555556
Strep_C8757	5	55.55555555555556
Strep_C15011	5	55.55555555555556
Strep_C2829	5	55.55555555555556
Strep_C15008	5	55.55555555555556
Strep_C11747	5	55.55555555555556
Strep_C17678	5	55.55555555555556
Strep_C9843	5	55.55555555555556
Strep_C10385	5	55.55555555555556
Strep_C17688	5	55.55555555555556
Strep_C10380	5	55.55555555555556
Strep_C17694	5	55.55555555555556
Strep_C25433	5	55.55555555555556
Strep_C15045	5	55.55555555555556
Strep_C1259	5	55.55555555555556
Strep_C15053	5	55.55555555555556
Strep_C1314	5	55.55555555555556
Strep_C9166	5	55.55555555555556
Strep_C11781	5	55.55555555555556
Strep_C22056	5	55.55555555555556
Strep_C3499	5	55.55555555555556
Strep_C269	5	55.55555555555556
Strep_C23521	5	55.55555555555556
Strep_C2206	5	55.55555555555556
Strep_C10404	5	55.55555555555556
Strep_C22078	5	55.55555555555556
Strep_C15054	5	55.55555555555556
Strep_C11766	5	55.55555555555556
Strep_C12580	5	55.55555555555556
Strep_C3482	5	55.55555555555556
Strep_C2029	5	55.55555555555556
Strep_C24172	5	55.55555555555556
Strep_C6103	5	55.55555555555556
Strep_C22100	5	55.55555555555556
Strep_C6099	5	55.55555555555556
Strep_C19160	5	55.55555555555556
Strep_C24073	5	55.55555555555556
Strep_C20083	5	55.55555555555556
Strep_C5247	5	55.55555555555556
Strep_C27899	5	55.55555555555556
Strep_C18327	5	55.55555555555556
Strep_C11079	5	55.55555555555556
Strep_C26362	5	55.55555555555556
Strep_C9925	5	55.55555555555556
Strep_C18332	5	55.55555555555556
Strep_C11551	5	55.55555555555556
Strep_C12856	5	55.55555555555556
Strep_C19835	5	55.55555555555556
Strep_C11082	5	55.55555555555556
Strep_C10197	5	55.55555555555556
Strep_C3056	5	55.55555555555556
Strep_C1285	5	55.55555555555556
Strep_C22762	5	55.55555555555556
Strep_C14170	5	55.55555555555556
Strep_C14169	5	55.55555555555556
Strep_C18355	5	55.55555555555556
Strep_C11541	5	55.55555555555556
Strep_C484	5	55.55555555555556
Strep_C22731	5	55.55555555555556
Strep_C26353	5	55.55555555555556
Strep_C4853	5	55.55555555555556
Strep_C23985	5	55.55555555555556
Strep_C2528	5	55.55555555555556
Strep_C19140	5	55.55555555555556
Strep_C27893	5	55.55555555555556
Strep_C25287	5	55.55555555555556
Strep_C23996	5	55.55555555555556
Strep_C29661	5	55.55555555555556
Strep_C14277	5	55.55555555555556
Strep_C10210	5	55.55555555555556
Strep_C3099	5	55.55555555555556
Strep_C19884	5	55.55555555555556
Strep_C10209	5	55.55555555555556
Strep_C5766	5	55.55555555555556
Strep_C18286	5	55.55555555555556
Strep_C13132	5	55.55555555555556
Strep_C24828	5	55.55555555555556
Strep_C1423	5	55.55555555555556
Strep_C23989	5	55.55555555555556
Strep_C19864	5	55.55555555555556
Strep_C10204	5	55.55555555555556
Strep_C7930	5	55.55555555555556
Strep_C27056	5	55.55555555555556
Strep_C6212	5	55.55555555555556
Strep_C12885	5	55.55555555555556
Strep_C798	5	55.55555555555556
Strep_C14056	5	55.55555555555556
Strep_C22851	5	55.55555555555556
Strep_C12890	5	55.55555555555556
Strep_C14044	5	55.55555555555556
Strep_C18468	5	55.55555555555556
Strep_C23934	5	55.55555555555556
Strep_C30358	5	55.55555555555556
Strep_C19737	5	55.55555555555556
Strep_C1972	5	55.55555555555556
Strep_C8011	5	55.55555555555556
Strep_C4908	5	55.55555555555556
Strep_C12907	5	55.55555555555556
Strep_C22888	5	55.55555555555556
Strep_C1970	5	55.55555555555556
Strep_C23919	5	55.55555555555556
Strep_C19707	5	55.55555555555556
Strep_C5617	5	55.55555555555556
Strep_C12912	5	55.55555555555556
Strep_C19749	5	55.55555555555556
Strep_C14066	5	55.55555555555556
Strep_C8416	5	55.55555555555556
Strep_C14069	5	55.55555555555556
Strep_C14142	5	55.55555555555556
Strep_C4863	5	55.55555555555556
Strep_C14137	5	55.55555555555556
Strep_C18389	5	55.55555555555556
Strep_C9295	5	55.55555555555556
Strep_C28129	5	55.55555555555556
Strep_C11524	5	55.55555555555556
Strep_C22805	5	55.55555555555556
Strep_C568	5	55.55555555555556
Strep_C19787	5	55.55555555555556
Strep_C19783	5	55.55555555555556
Strep_C7955	5	55.55555555555556
Strep_C27375	5	55.55555555555556
Strep_C7959	5	55.55555555555556
Strep_C26387	5	55.55555555555556
Strep_C9937	5	55.55555555555556
Strep_C2911	5	55.55555555555556
Strep_C9303	5	55.55555555555556
Strep_C5660	5	55.55555555555556
Strep_C14315	5	55.55555555555556
Strep_C11059	5	55.55555555555556
Strep_C7854	5	55.55555555555556
Strep_C14562	5	55.55555555555556
Strep_C14553	5	55.55555555555556
Strep_C18052	5	55.55555555555556
Strep_C5884	5	55.55555555555556
Strep_C5877	5	55.55555555555556
Strep_C4734	5	55.55555555555556
Strep_C18075	5	55.55555555555556
Strep_C3222	5	55.55555555555556
Strep_C14522	5	55.55555555555556
Strep_C18082	5	55.55555555555556
Strep_C4740	5	55.55555555555556
Strep_C22510	5	55.55555555555556
Strep_C14508	5	55.55555555555556
Strep_C5862	5	55.55555555555556
Strep_C5855	5	55.55555555555556
Strep_C14491	5	55.55555555555556
Strep_C22527	5	55.55555555555556
Strep_C10262	5	55.55555555555556
Strep_C5850	5	55.55555555555556
Strep_C18116	5	55.55555555555556
Strep_C2625	5	55.55555555555556
Strep_C1803	5	55.55555555555556
Strep_C3127	5	55.55555555555556
Strep_C12743	5	55.55555555555556
Strep_C25367	5	55.55555555555556
Strep_C7669	5	55.55555555555556
Strep_C5929	5	55.55555555555556
Strep_C7677	5	55.55555555555556
Strep_C14625	5	55.55555555555556
Strep_C22428	5	55.55555555555556
Strep_C14622	5	55.55555555555556
Strep_C14616	5	55.55555555555556
Strep_C10296	5	55.55555555555556
Strep_C7696	5	55.55555555555556
Strep_C26243	5	55.55555555555556
Strep_C22439	5	55.55555555555556
Strep_C11650	5	55.55555555555556
Strep_C29015	5	55.55555555555556
Strep_C18021	5	55.55555555555556
Strep_C14593	5	55.55555555555556
Strep_C18023	5	55.55555555555556
Strep_C28804	5	55.55555555555556
Strep_C14590	5	55.55555555555556
Strep_C9401	5	55.55555555555556
Strep_C29161	5	55.55555555555556
Strep_C10257	5	55.55555555555556
Strep_C7771	5	55.55555555555556
Strep_C22595	5	55.55555555555556
Strep_C11607	5	55.55555555555556
Strep_C28175	5	55.55555555555556
Strep_C25302	5	55.55555555555556
Strep_C2260	5	55.55555555555556
Strep_C19935	5	55.55555555555556
Strep_C3151	5	55.55555555555556
Strep_C12810	5	55.55555555555556
Strep_C24810	5	55.55555555555556
Strep_C5806	5	55.55555555555556
Strep_C14354	5	55.55555555555556
Strep_C3143	5	55.55555555555556
Strep_C4792	5	55.55555555555556
Strep_C29650	5	55.55555555555556
Strep_C25301	5	55.55555555555556
Strep_C19923	5	55.55555555555556
Strep_C1991	5	55.55555555555556
Strep_C11056	5	55.55555555555556
Strep_C5794	5	55.55555555555556
Strep_C10246	5	55.55555555555556
Strep_C11608	5	55.55555555555556
Strep_C7811	5	55.55555555555556
Strep_C778	5	55.55555555555556
Strep_C18123	5	55.55555555555556
Strep_C7774	5	55.55555555555556
Strep_C7778	5	55.55555555555556
Strep_C18132	5	55.55555555555556
Strep_C19981	5	55.55555555555556
Strep_C9242	5	55.55555555555556
Strep_C18143	5	55.55555555555556
Strep_C4763	5	55.55555555555556
Strep_C14432	5	55.55555555555556
Strep_C13262	5	55.55555555555556
Strep_C9525	5	55.55555555555556
Strep_C14426	5	55.55555555555556
Strep_C14425	5	55.55555555555556
Strep_C14416	5	55.55555555555556
Strep_C14410	5	55.55555555555556
Strep_C5164	5	55.55555555555556
Strep_C13261	5	55.55555555555556
Strep_C26303	5	55.55555555555556
Strep_C1250	5	55.55555555555556
Strep_C26989	5	55.55555555555556
Strep_C8028	5	55.55555555555556
Strep_C28606	5	55.55555555555556
Strep_C422	5	55.55555555555556
Strep_C6948	5	55.55555555555556
Strep_C1609	5	55.55555555555556
Strep_C29311	5	55.55555555555556
Strep_C20837	5	55.55555555555556
Strep_C2940	5	55.55555555555556
Strep_C16821	5	55.55555555555556
Strep_C10613	5	55.55555555555556
Strep_C29023	5	55.55555555555556
Strep_C2139	5	55.55555555555556
Strep_C4253	5	55.55555555555556
Strep_C2930	5	55.55555555555556
Strep_C16843	5	55.55555555555556
Strep_C12012	5	55.55555555555556
Strep_C4260	5	55.55555555555556
Strep_C3898	5	55.55555555555556
Strep_C27782	5	55.55555555555556
Strep_C16026	5	55.55555555555556
Strep_C6536	5	55.55555555555556
Strep_C6945	5	55.55555555555556
Strep_C8952	5	55.55555555555556
Strep_C6533	5	55.55555555555556
Strep_C12229	5	55.55555555555556
Strep_C3963	5	55.55555555555556
Strep_C3962	5	55.55555555555556
Strep_C21305	5	55.55555555555556
Strep_C25843	5	55.55555555555556
Strep_C16169	5	55.55555555555556
Strep_C3959	5	55.55555555555556
Strep_C3953	5	55.55555555555556
Strep_C25848	5	55.55555555555556
Strep_C16159	5	55.55555555555556
Strep_C27776	5	55.55555555555556
Strep_C21319	5	55.55555555555556
Strep_C9652	5	55.55555555555556
Strep_C6596	5	55.55555555555556
Strep_C1675	5	55.55555555555556
Strep_C21331	5	55.55555555555556
Strep_C3945	5	55.55555555555556
Strep_C20876	5	55.55555555555556
Strep_C16774	5	55.55555555555556
Strep_C16124	5	55.55555555555556
Strep_C12004	5	55.55555555555556
Strep_C16015	5	55.55555555555556
Strep_C3971	5	55.55555555555556
Strep_C12298	5	55.55555555555556
Strep_C10805	5	55.55555555555556
Strep_C2845	5	55.55555555555556
Strep_C15928	5	55.55555555555556
Strep_C3864	5	55.55555555555556
Strep_C27126	5	55.55555555555556
Strep_C2074	5	55.55555555555556
Strep_C10593	5	55.55555555555556
Strep_C13197	5	55.55555555555556
Strep_C27528	5	55.55555555555556
Strep_C1590	5	55.55555555555556
Strep_C6485	5	55.55555555555556
Strep_C16954	5	55.55555555555556
Strep_C25642	5	55.55555555555556
Strep_C16963	5	55.55555555555556
Strep_C2591	5	55.55555555555556
Strep_C3851	5	55.55555555555556
Strep_C4318	5	55.55555555555556
Strep_C6474	5	55.55555555555556
Strep_C16971	5	55.55555555555556
Strep_C21469	5	55.55555555555556
Strep_C7021	5	55.55555555555556
Strep_C21427	5	55.55555555555556
Strep_C24372	5	55.55555555555556
Strep_C20801	5	55.55555555555556
Strep_C6991	5	55.55555555555556
Strep_C20800	5	55.55555555555556
Strep_C3890	5	55.55555555555556
Strep_C15995	5	55.55555555555556
Strep_C28479	5	55.55555555555556
Strep_C9645	5	55.55555555555556
Strep_C16889	5	55.55555555555556
Strep_C11994	5	55.55555555555556
Strep_C28470	5	55.55555555555556
Strep_C9644	5	55.55555555555556
Strep_C6508	5	55.55555555555556
Strep_C25656	5	55.55555555555556
Strep_C20772	5	55.55555555555556
Strep_C11982	5	55.55555555555556
Strep_C12287	5	55.55555555555556
Strep_C12290	5	55.55555555555556
Strep_C3877	5	55.55555555555556
Strep_C3874	5	55.55555555555556
Strep_C20913	5	55.55555555555556
Strep_C2128	5	55.55555555555556
Strep_C10014	5	55.55555555555556
Strep_C6786	5	55.55555555555556
Strep_C9694	5	55.55555555555556
Strep_C21057	5	55.55555555555556
Strep_C4062	5	55.55555555555556
Strep_C6790	5	55.55555555555556
Strep_C405	5	55.55555555555556
Strep_C16374	5	55.55555555555556
Strep_C16553	5	55.55555555555556
Strep_C16369	5	55.55555555555556
Strep_C6703	5	55.55555555555556
Strep_C679	5	55.55555555555556
Strep_C16357	5	55.55555555555556
Strep_C16571	5	55.55555555555556
Strep_C12173	5	55.55555555555556
Strep_C6688	5	55.55555555555556
Strep_C16593	5	55.55555555555556
Strep_C16339	5	55.55555555555556
Strep_C16596	5	55.55555555555556
Strep_C6682	5	55.55555555555556
Strep_C21013	5	55.55555555555556
Strep_C16534	5	55.55555555555556
Strep_C1639	5	55.55555555555556
Strep_C21006	5	55.55555555555556
Strep_C9000	5	55.55555555555556
Strep_C6747	5	55.55555555555556
Strep_C12142	5	55.55555555555556
Strep_C27249	5	55.55555555555556
Strep_C4096	5	55.55555555555556
Strep_C2935	5	55.55555555555556
Strep_C16452	5	55.55555555555556
Strep_C9689	5	55.55555555555556
Strep_C5197	5	55.55555555555556
Strep_C21084	5	55.55555555555556
Strep_C16494	5	55.55555555555556
Strep_C21081	5	55.55555555555556
Strep_C27762	5	55.55555555555556
Strep_C1642	5	55.55555555555556
Strep_C2750	5	55.55555555555556
Strep_C27250	5	55.55555555555556
Strep_C21128	5	55.55555555555556
Strep_C2775	5	55.55555555555556
Strep_C4113	5	55.55555555555556
Strep_C4114	5	55.55555555555556
Strep_C4041	5	55.55555555555556
Strep_C6827	5	55.55555555555556
Strep_C21289	5	55.55555555555556
Strep_C4181	5	55.55555555555556
Strep_C10748	5	55.55555555555556
Strep_C16248	5	55.55555555555556
Strep_C16680	5	55.55555555555556
Strep_C26920	5	55.55555555555556
Strep_C27519	5	55.55555555555556
Strep_C16686	5	55.55555555555556
Strep_C29388	5	55.55555555555556
Strep_C3993	5	55.55555555555556
Strep_C25710	5	55.55555555555556
Strep_C6873	5	55.55555555555556
Strep_C20922	5	55.55555555555556
Strep_C24427	5	55.55555555555556
Strep_C2452	5	55.55555555555556
Strep_C25708	5	55.55555555555556
Strep_C6885	5	55.55555555555556
Strep_C12211	5	55.55555555555556
Strep_C6890	5	55.55555555555556
Strep_C6892	5	55.55555555555556
Strep_C12214	5	55.55555555555556
Strep_C6642	5	55.55555555555556
Strep_C25720	5	55.55555555555556
Strep_C21001	5	55.55555555555556
Strep_C417	5	55.55555555555556
Strep_C9698	5	55.55555555555556
Strep_C12181	5	55.55555555555556
Strep_C16626	5	55.55555555555556
Strep_C24999	5	55.55555555555556
Strep_C20986	5	55.55555555555556
Strep_C16634	5	55.55555555555556
Strep_C21210	5	55.55555555555556
Strep_C4024	5	55.55555555555556
Strep_C4162	5	55.55555555555556
Strep_C12186	5	55.55555555555556
Strep_C6659	5	55.55555555555556
Strep_C6841	5	55.55555555555556
Strep_C21220	5	55.55555555555556
Strep_C16280	5	55.55555555555556
Strep_C16279	5	55.55555555555556
Strep_C25816	5	55.55555555555556
Strep_C20963	5	55.55555555555556
Strep_C2581	5	55.55555555555556
Strep_C16268	5	55.55555555555556
Strep_C15877	5	55.55555555555556
Strep_C20734	5	55.55555555555556
Strep_C10587	5	55.55555555555556
Strep_C6311	5	55.55555555555556
Strep_C15516	5	55.55555555555556
Strep_C9609	5	55.55555555555556
Strep_C27967	5	55.55555555555556
Strep_C7229	5	55.55555555555556
Strep_C29479	5	55.55555555555556
Strep_C12440	5	55.55555555555556
Strep_C10869	5	55.55555555555556
Strep_C29250	5	55.55555555555556
Strep_C2427	5	55.55555555555556
Strep_C9606	5	55.55555555555556
Strep_C29481	5	55.55555555555556
Strep_C3675	5	55.55555555555556
Strep_C3673	5	55.55555555555556
Strep_C9600	5	55.55555555555556
Strep_C12454	5	55.55555555555556
Strep_C10489	5	55.55555555555556
Strep_C12455	5	55.55555555555556
Strep_C15467	5	55.55555555555556
Strep_C26820	5	55.55555555555556
Strep_C9119	5	55.55555555555556
Strep_C3699	5	55.55555555555556
Strep_C8832	5	55.55555555555556
Strep_C28681	5	55.55555555555556
Strep_C17213	5	55.55555555555556
Strep_C17218	5	55.55555555555556
Strep_C15580	5	55.55555555555556
Strep_C17232	5	55.55555555555556
Strep_C7191	5	55.55555555555556
Strep_C3710	5	55.55555555555556
Strep_C2682	5	55.55555555555556
Strep_C7197	5	55.55555555555556
Strep_C9789	5	55.55555555555556
Strep_C3706	5	55.55555555555556
Strep_C17246	5	55.55555555555556
Strep_C17248	5	55.55555555555556
Strep_C7206	5	55.55555555555556
Strep_C7207	5	55.55555555555556
Strep_C17254	5	55.55555555555556
Strep_C8841	5	55.55555555555556
Strep_C3701	5	55.55555555555556
Strep_C20548	5	55.55555555555556
Strep_C17260	5	55.55555555555556
Strep_C15465	5	55.55555555555556
Strep_C9126	5	55.55555555555556
Strep_C25926	5	55.55555555555556
Strep_C1184	5	55.55555555555556
Strep_C20474	5	55.55555555555556
Strep_C25514	5	55.55555555555556
Strep_C20471	5	55.55555555555556
Strep_C9812	5	55.55555555555556
Strep_C7311	5	55.55555555555556
Strep_C7312	5	55.55555555555556
Strep_C10891	5	55.55555555555556
Strep_C7314	5	55.55555555555556
Strep_C25507	5	55.55555555555556
Strep_C21884	5	55.55555555555556
Strep_C10459	5	55.55555555555556
Strep_C21891	5	55.55555555555556
Strep_C10456	5	55.55555555555556
Strep_C17409	5	55.55555555555556
Strep_C17411	5	55.55555555555556
Strep_C10894	5	55.55555555555556
Strep_C29239	5	55.55555555555556
Strep_C10896	5	55.55555555555556
Strep_C1741	5	55.55555555555556
Strep_C15378	5	55.55555555555556
Strep_C15381	5	55.55555555555556
Strep_C882	5	55.55555555555556
Strep_C21860	5	55.55555555555556
Strep_C959	5	55.55555555555556
Strep_C21807	5	55.55555555555556
Strep_C9801	5	55.55555555555556
Strep_C2552	5	55.55555555555556
Strep_C12465	5	55.55555555555556
Strep_C3662	5	55.55555555555556
Strep_C3655	5	55.55555555555556
Strep_C10885	5	55.55555555555556
Strep_C4456	5	55.55555555555556
Strep_C7280	5	55.55555555555556
Strep_C9135	5	55.55555555555556
Strep_C11855	5	55.55555555555556
Strep_C1541	5	55.55555555555556
Strep_C10476	5	55.55555555555556
Strep_C6260	5	55.55555555555556
Strep_C3638	5	55.55555555555556
Strep_C21856	5	55.55555555555556
Strep_C1538	5	55.55555555555556
Strep_C3633	5	55.55555555555556
Strep_C11894	5	55.55555555555556
Strep_C2170	5	55.55555555555556
Strep_C29262	5	55.55555555555556
Strep_C1319	5	55.55555555555556
Strep_C3825	5	55.55555555555556
Strep_C7083	5	55.55555555555556
Strep_C7087	5	55.55555555555556
Strep_C15790	5	55.55555555555556
Strep_C8452	5	55.55555555555556
Strep_C8885	5	55.55555555555556
Strep_C7091	5	55.55555555555556
Strep_C29269	5	55.55555555555556
Strep_C277	5	55.55555555555556
Strep_C21572	5	55.55555555555556
Strep_C10561	5	55.55555555555556
Strep_C25613	5	55.55555555555556
Strep_C6422	5	55.55555555555556
Strep_C11944	5	55.55555555555556
Strep_C10830	5	55.55555555555556
Strep_C7098	5	55.55555555555556
Strep_C1706	5	55.55555555555556
Strep_C9090	5	55.55555555555556
Strep_C17071	5	55.55555555555556
Strep_C15805	5	55.55555555555556
Strep_C7077	5	55.55555555555556
Strep_C29466	5	55.55555555555556
Strep_C21544	5	55.55555555555556
Strep_C10586	5	55.55555555555556
Strep_C4320	5	55.55555555555556
Strep_C8894	5	55.55555555555556
Strep_C9741	5	55.55555555555556
Strep_C9636	5	55.55555555555556
Strep_C705	5	55.55555555555556
Strep_C7068	5	55.55555555555556
Strep_C1699	5	55.55555555555556
Strep_C15836	5	55.55555555555556
Strep_C4333	5	55.55555555555556
Strep_C21535	5	55.55555555555556
Strep_C1081	5	55.55555555555556
Strep_C25625	5	55.55555555555556
Strep_C15822	5	55.55555555555556
Strep_C15821	5	55.55555555555556
Strep_C15820	5	55.55555555555556
Strep_C15819	5	55.55555555555556
Strep_C4340	5	55.55555555555556
Strep_C15812	5	55.55555555555556
Strep_C17072	5	55.55555555555556
Strep_C4357	5	55.55555555555556
Strep_C4358	5	55.55555555555556
Strep_C435	5	55.55555555555556
Strep_C25589	5	55.55555555555556
Strep_C15666	5	55.55555555555556
Strep_C885	5	55.55555555555556
Strep_C15663	5	55.55555555555556
Strep_C28425	5	55.55555555555556
Strep_C17158	5	55.55555555555556
Strep_C6369	5	55.55555555555556
Strep_C15655	5	55.55555555555556
Strep_C9998	5	55.55555555555556
Strep_C15650	5	55.55555555555556
Strep_C6365	5	55.55555555555556
Strep_C15648	5	55.55555555555556
Strep_C6364	5	55.55555555555556
Strep_C7158	5	55.55555555555556
Strep_C20605	5	55.55555555555556
Strep_C25982	5	55.55555555555556
Strep_C17187	5	55.55555555555556
Strep_C6347	5	55.55555555555556
Strep_C15615	5	55.55555555555556
Strep_C4381	5	55.55555555555556
Strep_C8865	5	55.55555555555556
Strep_C24620	5	55.55555555555556
Strep_C15712	5	55.55555555555556
Strep_C21597	5	55.55555555555556
Strep_C15737	5	55.55555555555556
Strep_C9097	5	55.55555555555556
Strep_C6409	5	55.55555555555556
Strep_C10558	5	55.55555555555556
Strep_C7119	5	55.55555555555556
Strep_C15719	5	55.55555555555556
Strep_C21617	5	55.55555555555556
Strep_C25595	5	55.55555555555556
Strep_C21644	5	55.55555555555556
Strep_C7128	5	55.55555555555556
Strep_C20633	5	55.55555555555556
Strep_C10550	5	55.55555555555556
Strep_C27287	5	55.55555555555556
Strep_C7136	5	55.55555555555556
Strep_C15687	5	55.55555555555556
Strep_C17140	5	55.55555555555556
Strep_C12387	5	55.55555555555556
Strep_C23910	5	55.55555555555556
Strep_C21096	5	55.55555555555556
Strep_C10102	5	55.55555555555556
Strep_C13817	5	55.55555555555556
Strep_C23811	5	55.55555555555556
Strep_C26645	5	55.55555555555556
Strep_C542	5	55.55555555555556
Strep_C5534	5	55.55555555555556
Strep_C8550	5	55.55555555555556
Strep_C931	5	55.55555555555556
Strep_C28058	5	55.55555555555556
Strep_C5073	5	55.55555555555556
Strep_C13013	5	55.55555555555556
Strep_C19032	5	55.55555555555556
Strep_C10084	5	55.55555555555556
Strep_C8084	5	55.55555555555556
Strep_C19488	5	55.55555555555556
Strep_C28096	5	55.55555555555556
Strep_C1892	5	55.55555555555556
Strep_C13372	5	55.55555555555556
Strep_C19685	5	55.55555555555556
Strep_C8210	5	55.55555555555556
Strep_C18858	5	55.55555555555556
Strep_C23321	5	55.55555555555556
Strep_C13670	5	55.55555555555556
Strep_C1374	5	55.55555555555556
Strep_C5300	5	55.55555555555556
Strep_C13495	5	55.55555555555556
Strep_C11129	5	55.55555555555556
Strep_C18804	5	55.55555555555556
Strep_C5531	5	55.55555555555556
Strep_C23151	5	55.55555555555556
Strep_C5336	5	55.55555555555556
Strep_C19476	5	55.55555555555556
Strep_C23000	5	55.55555555555556
Strep_C5259	5	55.55555555555556
Strep_C4948	5	55.55555555555556
Strep_C2761	5	55.55555555555556
Strep_C18569	5	55.55555555555556
Strep_C23189	5	55.55555555555556
Strep_C13066	5	55.55555555555556
Strep_C29792	5	55.55555555555556
Strep_C8367	5	55.55555555555556
Strep_C5377	5	55.55555555555556
Strep_C10051	5	55.55555555555556
Strep_C30249	5	55.55555555555556
Strep_C8512	5	55.55555555555556
Strep_C11232	5	55.55555555555556
Strep_C30066	5	55.55555555555556
Strep_C11200	5	55.55555555555556
Strep_C18608	5	55.55555555555556
Strep_C19028	5	55.55555555555556
Strep_C8050	5	55.55555555555556
Strep_C13508	5	55.55555555555556
Strep_C11143	5	55.55555555555556
Strep_C23769	5	55.55555555555556
Strep_C8344	5	55.55555555555556
Strep_C8347	5	55.55555555555556
Strep_C18801	5	55.55555555555556
Strep_C9321	5	55.55555555555556
Strep_C13478	5	55.55555555555556
Strep_C23867	5	55.55555555555556
Strep_C10126	5	55.55555555555556
Strep_C19412	5	55.55555555555556
Strep_C19369	5	55.55555555555556
Strep_C19484	5	55.55555555555556
Strep_C19487	5	55.55555555555556
Strep_C8126	5	55.55555555555556
Strep_C18552	5	55.55555555555556
Strep_C13760	5	55.55555555555556
Strep_C13927	5	55.55555555555556
Strep_C29102	5	55.55555555555556
Strep_C5028	5	55.55555555555556
Strep_C19509	5	55.55555555555556
Strep_C8517	5	55.55555555555556
Strep_C27926	5	55.55555555555556
Strep_C18794	5	55.55555555555556
Strep_C25117	5	55.55555555555556
Strep_C8121	5	55.55555555555556
Strep_C11474	5	55.55555555555556
Strep_C2366	5	55.55555555555556
Strep_C24905	5	55.55555555555556
Strep_C29732	5	55.55555555555556
Strep_C13914	5	55.55555555555556
Strep_C23235	5	55.55555555555556
Strep_C19107	5	55.55555555555556
Strep_C8540	5	55.55555555555556
Strep_C18952	5	55.55555555555556
Strep_C8053	5	55.55555555555556
Strep_C24963	5	55.55555555555556
Strep_C5424	5	55.55555555555556
Strep_C8120	5	55.55555555555556
Strep_C2515	5	55.55555555555556
Strep_C13095	5	55.55555555555556
Strep_C13094	5	55.55555555555556
Strep_C8236	5	55.55555555555556
Strep_C11341	5	55.55555555555556
Strep_C13073	5	55.55555555555556
Strep_C27426	5	55.55555555555556
Strep_C10044	5	55.55555555555556
Strep_C29724	5	55.55555555555556
Strep_C29733	5	55.55555555555556
Strep_C13737	5	55.55555555555556
Strep_C5024	5	55.55555555555556
Strep_C1880	5	55.55555555555556
Strep_C29789	5	55.55555555555556
Strep_C19472	5	55.55555555555556
Strep_C11216	5	55.55555555555556
Strep_C13625	5	55.55555555555556
Strep_C8267	5	55.55555555555556
Strep_C2492	5	55.55555555555556
Strep_C13970	5	55.55555555555556
Strep_C13901	5	55.55555555555556
Strep_C5441	5	55.55555555555556
Strep_C19634	5	55.55555555555556
Strep_C8324	5	55.55555555555556
Strep_C18672	5	55.55555555555556
Strep_C13295	5	55.55555555555556
Strep_C1119	5	55.55555555555556
Strep_C27143	5	55.55555555555556
Strep_C23111	5	55.55555555555556
Strep_C13895	5	55.55555555555556
Strep_C18674	5	55.55555555555556
Strep_C26537	5	55.55555555555556
Strep_C13293	5	55.55555555555556
Strep_C13727	5	55.55555555555556
Strep_C1861	5	55.55555555555556
Strep_C13556	5	55.55555555555556
Strep_C19068	5	55.55555555555556
Strep_C13728	5	55.55555555555556
Strep_C1862	5	55.55555555555556
Strep_C28961	5	55.55555555555556
Strep_C11417	5	55.55555555555556
Strep_C23688	5	55.55555555555556
Strep_C5052	5	55.55555555555556
Strep_C9987	5	55.55555555555556
Strep_C2895	5	55.55555555555556
Strep_C25195	5	55.55555555555556
Strep_C5050	5	55.55555555555556
Strep_C18575	5	55.55555555555556
Strep_C11352	5	55.55555555555556
Strep_C26486	5	55.55555555555556
Strep_C13440	5	55.55555555555556
Strep_C25126	5	55.55555555555556
Strep_C5608	5	55.55555555555556
Strep_C23732	5	55.55555555555556
Strep_C23198	5	55.55555555555556
Strep_C13975	5	55.55555555555556
Strep_C12957	5	55.55555555555556
Strep_C10100	5	55.55555555555556
Strep_C12992	5	55.55555555555556
Strep_C8168	5	55.55555555555556
Strep_C23005	5	55.55555555555556
Strep_C23776	5	55.55555555555556
Strep_C11178	5	55.55555555555556
Strep_C10131	5	55.55555555555556
Strep_C13825	5	55.55555555555556
Strep_C11127	5	55.55555555555556
Strep_C10145	5	55.55555555555556
Strep_C2999	5	55.55555555555556
Strep_C23761	5	55.55555555555556
Strep_C11176	5	55.55555555555556
Strep_C18825	5	55.55555555555556
Strep_C19337	5	55.55555555555556
Strep_C13444	5	55.55555555555556
Strep_C18826	5	55.55555555555556
Strep_C13060	5	55.55555555555556
Strep_C28967	5	55.55555555555556
Strep_C13904	5	55.55555555555556
Strep_C5442	5	55.55555555555556
Strep_C19446	5	55.55555555555556
Strep_C23426	5	55.55555555555556
Strep_C10163	5	55.55555555555556
Strep_C8379	5	55.55555555555556
Strep_C23204	5	55.55555555555556
Strep_C23434	5	55.55555555555556
Strep_C27639	5	55.55555555555556
Strep_C19628	5	55.55555555555556
Strep_C21812	4	44.44444444444444
Strep_C6262	4	44.44444444444444
Strep_C10482	4	44.44444444444444
Strep_C27306	4	44.44444444444444
Strep_C9797	4	44.44444444444444
Strep_C12445	4	44.44444444444444
Strep_C10868	4	44.44444444444444
Strep_C6299	4	44.44444444444444
Strep_C1734	4	44.44444444444444
Strep_C9800	4	44.44444444444444
Strep_C17314	4	44.44444444444444
Strep_C25522	4	44.44444444444444
Strep_C23754	4	44.44444444444444
Strep_C13620	4	44.44444444444444
Strep_C11879	4	44.44444444444444
Strep_C5438	4	44.44444444444444
Strep_C17323	4	44.44444444444444
Strep_C5039	4	44.44444444444444
Strep_C7236	4	44.44444444444444
Strep_C15411	4	44.44444444444444
Strep_C15451	4	44.44444444444444
Strep_C1049	4	44.44444444444444
Strep_C11878	4	44.44444444444444
Strep_C17321	4	44.44444444444444
Strep_C26823	4	44.44444444444444
Strep_C4429	4	44.44444444444444
Strep_C5038	4	44.44444444444444
Strep_C1186	4	44.44444444444444
Strep_C4442	4	44.44444444444444
Strep_C27399	4	44.44444444444444
Strep_C9601	4	44.44444444444444
Strep_C17297	4	44.44444444444444
Strep_C9356	4	44.44444444444444
Strep_C17327	4	44.44444444444444
Strep_C20492	4	44.44444444444444
Strep_C21825	4	44.44444444444444
Strep_C15416	4	44.44444444444444
Strep_C4457	4	44.44444444444444
Strep_C21830	4	44.44444444444444
Strep_C15427	4	44.44444444444444
Strep_C9123	4	44.44444444444444
Strep_C17302	4	44.44444444444444
Strep_C4444	4	44.44444444444444
Strep_C726	4	44.44444444444444
Strep_C9357	4	44.44444444444444
Strep_C9125	4	44.44444444444444
Strep_C17326	4	44.44444444444444
Strep_C20522	4	44.44444444444444
Strep_C11876	4	44.44444444444444
Strep_C28393	4	44.44444444444444
Strep_C9604	4	44.44444444444444
Strep_C15462	4	44.44444444444444
Strep_C9605	4	44.44444444444444
Strep_C23219	4	44.44444444444444
Strep_C6280	4	44.44444444444444
Strep_C23753	4	44.44444444444444
Strep_C6278	4	44.44444444444444
Strep_C26038	4	44.44444444444444
Strep_C15417	4	44.44444444444444
Strep_C9607	4	44.44444444444444
Strep_C10487	4	44.44444444444444
Strep_C2555	4	44.44444444444444
Strep_C883	4	44.44444444444444
Strep_C15612	4	44.44444444444444
Strep_C7168	4	44.44444444444444
Strep_C28957	4	44.44444444444444
Strep_C28416	4	44.44444444444444
Strep_C24310	4	44.44444444444444
Strep_C3740	4	44.44444444444444
Strep_C6351	4	44.44444444444444
Strep_C17190	4	44.44444444444444
Strep_C17194	4	44.44444444444444
Strep_C4393	4	44.44444444444444
Strep_C13562	4	44.44444444444444
Strep_C8533	4	44.44444444444444
Strep_C29465	4	44.44444444444444
Strep_C4394	4	44.44444444444444
Strep_C6346	4	44.44444444444444
Strep_C21682	4	44.44444444444444
Strep_C1137	4	44.44444444444444
Strep_C25988	4	44.44444444444444
Strep_C15607	4	44.44444444444444
Strep_C19474	4	44.44444444444444
Strep_C3728	4	44.44444444444444
Strep_C3727	4	44.44444444444444
Strep_C24629	4	44.44444444444444
Strep_C29814	4	44.44444444444444
Strep_C15599	4	44.44444444444444
Strep_C21711	4	44.44444444444444
Strep_C12412	4	44.44444444444444
Strep_C15595	4	44.44444444444444
Strep_C24298	4	44.44444444444444
Strep_C21683	4	44.44444444444444
Strep_C28663	4	44.44444444444444
Strep_C5219	4	44.44444444444444
Strep_C6367	4	44.44444444444444
Strep_C2431	4	44.44444444444444
Strep_C15674	4	44.44444444444444
Strep_C18882	4	44.44444444444444
Strep_C9772	4	44.44444444444444
Strep_C20614	4	44.44444444444444
Strep_C13549	4	44.44444444444444
Strep_C3755	4	44.44444444444444
Strep_C9773	4	44.44444444444444
Strep_C25588	4	44.44444444444444
Strep_C7151	4	44.44444444444444
Strep_C18873	4	44.44444444444444
Strep_C25585	4	44.44444444444444
Strep_C25106	4	44.44444444444444
Strep_C9774	4	44.44444444444444
Strep_C8254	4	44.44444444444444
Strep_C13555	4	44.44444444444444
Strep_C7156	4	44.44444444444444
Strep_C15647	4	44.44444444444444
Strep_C26973	4	44.44444444444444
Strep_C12404	4	44.44444444444444
Strep_C12406	4	44.44444444444444
Strep_C19312	4	44.44444444444444
Strep_C20606	4	44.44444444444444
Strep_C715	4	44.44444444444444
Strep_C11902	4	44.44444444444444
Strep_C20603	4	44.44444444444444
Strep_C2557	4	44.44444444444444
Strep_C2059	4	44.44444444444444
Strep_C3719	4	44.44444444444444
Strep_C28411	4	44.44444444444444
Strep_C27620	4	44.44444444444444
Strep_C15523	4	44.44444444444444
Strep_C21748	4	44.44444444444444
Strep_C1553	4	44.44444444444444
Strep_C8843	4	44.44444444444444
Strep_C2174	4	44.44444444444444
Strep_C21750	4	44.44444444444444
Strep_C1924	4	44.44444444444444
Strep_C11881	4	44.44444444444444
Strep_C13583	4	44.44444444444444
Strep_C25115	4	44.44444444444444
Strep_C9453	4	44.44444444444444
Strep_C29252	4	44.44444444444444
Strep_C19483	4	44.44444444444444
Strep_C3698	4	44.44444444444444
Strep_C12435	4	44.44444444444444
Strep_C12416	4	44.44444444444444
Strep_C4424	4	44.44444444444444
Strep_C17266	4	44.44444444444444
Strep_C3697	4	44.44444444444444
Strep_C8840	4	44.44444444444444
Strep_C24643	4	44.44444444444444
Strep_C25118	4	44.44444444444444
Strep_C12438	4	44.44444444444444
Strep_C10504	4	44.44444444444444
Strep_C1358	4	44.44444444444444
Strep_C20542	4	44.44444444444444
Strep_C30130	4	44.44444444444444
Strep_C24285	4	44.44444444444444
Strep_C12439	4	44.44444444444444
Strep_C3702	4	44.44444444444444
Strep_C3645	4	44.44444444444444
Strep_C17251	4	44.44444444444444
Strep_C11882	4	44.44444444444444
Strep_C10858	4	44.44444444444444
Strep_C28410	4	44.44444444444444
Strep_C11893	4	44.44444444444444
Strep_C21723	4	44.44444444444444
Strep_C23240	4	44.44444444444444
Strep_C15578	4	44.44444444444444
Strep_C15577	4	44.44444444444444
Strep_C718	4	44.44444444444444
Strep_C11890	4	44.44444444444444
Strep_C28409	4	44.44444444444444
Strep_C9409	4	44.44444444444444
Strep_C11885	4	44.44444444444444
Strep_C23239	4	44.44444444444444
Strep_C15568	4	44.44444444444444
Strep_C28408	4	44.44444444444444
Strep_C7193	4	44.44444444444444
Strep_C370	4	44.44444444444444
Strep_C5409	4	44.44444444444444
Strep_C8244	4	44.44444444444444
Strep_C1723	4	44.44444444444444
Strep_C3707	4	44.44444444444444
Strep_C540	4	44.44444444444444
Strep_C6323	4	44.44444444444444
Strep_C20556	4	44.44444444444444
Strep_C4417	4	44.44444444444444
Strep_C5410	4	44.44444444444444
Strep_C15547	4	44.44444444444444
Strep_C10475	4	44.44444444444444
Strep_C6244	4	44.44444444444444
Strep_C24653	4	44.44444444444444
Strep_C8777	4	44.44444444444444
Strep_C4537	4	44.44444444444444
Strep_C9585	4	44.44444444444444
Strep_C1516	4	44.44444444444444
Strep_C19175	4	44.44444444444444
Strep_C9164	4	44.44444444444444
Strep_C24696	4	44.44444444444444
Strep_C17553	4	44.44444444444444
Strep_C18777	4	44.44444444444444
Strep_C18775	4	44.44444444444444
Strep_C15155	4	44.44444444444444
Strep_C15154	4	44.44444444444444
Strep_C3524	4	44.44444444444444
Strep_C4545	4	44.44444444444444
Strep_C25464	4	44.44444444444444
Strep_C23786	4	44.44444444444444
Strep_C25011	4	44.44444444444444
Strep_C4546	4	44.44444444444444
Strep_C22032	4	44.44444444444444
Strep_C12562	4	44.44444444444444
Strep_C5464	4	44.44444444444444
Strep_C1756	4	44.44444444444444
Strep_C8775	4	44.44444444444444
Strep_C7419	4	44.44444444444444
Strep_C7420	4	44.44444444444444
Strep_C15134	4	44.44444444444444
Strep_C3017	4	44.44444444444444
Strep_C15131	4	44.44444444444444
Strep_C5021	4	44.44444444444444
Strep_C8773	4	44.44444444444444
Strep_C4553	4	44.44444444444444
Strep_C10423	4	44.44444444444444
Strep_C3535	4	44.44444444444444
Strep_C9581	4	44.44444444444444
Strep_C1751	4	44.44444444444444
Strep_C23163	4	44.44444444444444
Strep_C13005	4	44.44444444444444
Strep_C8549	4	44.44444444444444
Strep_C15215	4	44.44444444444444
Strep_C17502	4	44.44444444444444
Strep_C18783	4	44.44444444444444
Strep_C4526	4	44.44444444444444
Strep_C6172	4	44.44444444444444
Strep_C17508	4	44.44444444444444
Strep_C15207	4	44.44444444444444
Strep_C20377	4	44.44444444444444
Strep_C19517	4	44.44444444444444
Strep_C21989	4	44.44444444444444
Strep_C18780	4	44.44444444444444
Strep_C17522	4	44.44444444444444
Strep_C22004	4	44.44444444444444
Strep_C11801	4	44.44444444444444
Strep_C11800	4	44.44444444444444
Strep_C23159	4	44.44444444444444
Strep_C1253	4	44.44444444444444
Strep_C2993	4	44.44444444444444
Strep_C3546	4	44.44444444444444
Strep_C8193	4	44.44444444444444
Strep_C6157	4	44.44444444444444
Strep_C10426	4	44.44444444444444
Strep_C15183	4	44.44444444444444
Strep_C13675	4	44.44444444444444
Strep_C24204	4	44.44444444444444
Strep_C1517	4	44.44444444444444
Strep_C20359	4	44.44444444444444
Strep_C18767	4	44.44444444444444
Strep_C18765	4	44.44444444444444
Strep_C11850	4	44.44444444444444
Strep_C3475	4	44.44444444444444
Strep_C3484	4	44.44444444444444
Strep_C9176	4	44.44444444444444
Strep_C28312	4	44.44444444444444
Strep_C11762	4	44.44444444444444
Strep_C2378	4	44.44444444444444
Strep_C6112	4	44.44444444444444
Strep_C29544	4	44.44444444444444
Strep_C7460	4	44.44444444444444
Strep_C5480	4	44.44444444444444
Strep_C12590	4	44.44444444444444
Strep_C6101	4	44.44444444444444
Strep_C12592	4	44.44444444444444
Strep_C746	4	44.44444444444444
Strep_C20293	4	44.44444444444444
Strep_C9179	4	44.44444444444444
Strep_C25145	4	44.44444444444444
Strep_C8175	4	44.44444444444444
Strep_C13709	4	44.44444444444444
Strep_C5486	4	44.44444444444444
Strep_C15052	4	44.44444444444444
Strep_C25446	4	44.44444444444444
Strep_C7474	4	44.44444444444444
Strep_C9181	4	44.44444444444444
Strep_C15047	4	44.44444444444444
Strep_C1764	4	44.44444444444444
Strep_C19557	4	44.44444444444444
Strep_C15044	4	44.44444444444444
Strep_C15043	4	44.44444444444444
Strep_C25444	4	44.44444444444444
Strep_C4581	4	44.44444444444444
Strep_C744	4	44.44444444444444
Strep_C20305	4	44.44444444444444
Strep_C8182	4	44.44444444444444
Strep_C17596	4	44.44444444444444
Strep_C19094	4	44.44444444444444
Strep_C8557	4	44.44444444444444
Strep_C5019	4	44.44444444444444
Strep_C1757	4	44.44444444444444
Strep_C6132	4	44.44444444444444
Strep_C817	4	44.44444444444444
Strep_C17588	4	44.44444444444444
Strep_C4556	4	44.44444444444444
Strep_C17592	4	44.44444444444444
Strep_C27458	4	44.44444444444444
Strep_C28317	4	44.44444444444444
Strep_C15107	4	44.44444444444444
Strep_C27000	4	44.44444444444444
Strep_C2713	4	44.44444444444444
Strep_C19308	4	44.44444444444444
Strep_C5268	4	44.44444444444444
Strep_C20324	4	44.44444444444444
Strep_C4559	4	44.44444444444444
Strep_C23520	4	44.44444444444444
Strep_C6124	4	44.44444444444444
Strep_C15097	4	44.44444444444444
Strep_C19541	4	44.44444444444444
Strep_C28316	4	44.44444444444444
Strep_C12578	4	44.44444444444444
Strep_C22077	4	44.44444444444444
Strep_C5007	4	44.44444444444444
Strep_C11768	4	44.44444444444444
Strep_C17611	4	44.44444444444444
Strep_C20306	4	44.44444444444444
Strep_C15088	4	44.44444444444444
Strep_C3016	4	44.44444444444444
Strep_C20390	4	44.44444444444444
Strep_C10906	4	44.44444444444444
Strep_C15334	4	44.44444444444444
Strep_C13635	4	44.44444444444444
Strep_C13636	4	44.44444444444444
Strep_C21878	4	44.44444444444444
Strep_C17384	4	44.44444444444444
Strep_C8815	4	44.44444444444444
Strep_C7317	4	44.44444444444444
Strep_C6240	4	44.44444444444444
Strep_C10893	4	44.44444444444444
Strep_C11841	4	44.44444444444444
Strep_C2045	4	44.44444444444444
Strep_C26985	4	44.44444444444444
Strep_C1533	4	44.44444444444444
Strep_C25505	4	44.44444444444444
Strep_C24664	4	44.44444444444444
Strep_C17401	4	44.44444444444444
Strep_C5443	4	44.44444444444444
Strep_C26987	4	44.44444444444444
Strep_C8548	4	44.44444444444444
Strep_C12495	4	44.44444444444444
Strep_C10455	4	44.44444444444444
Strep_C8812	4	44.44444444444444
Strep_C297	4	44.44444444444444
Strep_C3610	4	44.44444444444444
Strep_C7324	4	44.44444444444444
Strep_C9456	4	44.44444444444444
Strep_C28364	4	44.44444444444444
Strep_C4489	4	44.44444444444444
Strep_C10453	4	44.44444444444444
Strep_C8209	4	44.44444444444444
Strep_C20441	4	44.44444444444444
Strep_C26510	4	44.44444444444444
Strep_C3623	4	44.44444444444444
Strep_C20393	4	44.44444444444444
Strep_C23760	4	44.44444444444444
Strep_C10472	4	44.44444444444444
Strep_C29245	4	44.44444444444444
Strep_C12475	4	44.44444444444444
Strep_C10468	4	44.44444444444444
Strep_C12476	4	44.44444444444444
Strep_C8401	4	44.44444444444444
Strep_C28371	4	44.44444444444444
Strep_C24659	4	44.44444444444444
Strep_C12477	4	44.44444444444444
Strep_C21857	4	44.44444444444444
Strep_C7298	4	44.44444444444444
Strep_C10464	4	44.44444444444444
Strep_C729	4	44.44444444444444
Strep_C11184	4	44.44444444444444
Strep_C15376	4	44.44444444444444
Strep_C15359	4	44.44444444444444
Strep_C8821	4	44.44444444444444
Strep_C25517	4	44.44444444444444
Strep_C1008	4	44.44444444444444
Strep_C24250	4	44.44444444444444
Strep_C25515	4	44.44444444444444
Strep_C1088	4	44.44444444444444
Strep_C12488	4	44.44444444444444
Strep_C8818	4	44.44444444444444
Strep_C8817	4	44.44444444444444
Strep_C26052	4	44.44444444444444
Strep_C20470	4	44.44444444444444
Strep_C23763	4	44.44444444444444
Strep_C21874	4	44.44444444444444
Strep_C3765	4	44.44444444444444
Strep_C23183	4	44.44444444444444
Strep_C28361	4	44.44444444444444
Strep_C29238	4	44.44444444444444
Strep_C28943	4	44.44444444444444
Strep_C9820	4	44.44444444444444
Strep_C2548	4	44.44444444444444
Strep_C2871	4	44.44444444444444
Strep_C7362	4	44.44444444444444
Strep_C13658	4	44.44444444444444
Strep_C21952	4	44.44444444444444
Strep_C7367	4	44.44444444444444
Strep_C27541	4	44.44444444444444
Strep_C17479	4	44.44444444444444
Strep_C15247	4	44.44444444444444
Strep_C5450	4	44.44444444444444
Strep_C6187	4	44.44444444444444
Strep_C15244	4	44.44444444444444
Strep_C21958	4	44.44444444444444
Strep_C4510	4	44.44444444444444
Strep_C10013	4	44.44444444444444
Strep_C1523	4	44.44444444444444
Strep_C2467	4	44.44444444444444
Strep_C6186	4	44.44444444444444
Strep_C3565	4	44.44444444444444
Strep_C6185	4	44.44444444444444
Strep_C26799	4	44.44444444444444
Strep_C21968	4	44.44444444444444
Strep_C13007	4	44.44444444444444
Strep_C3561	4	44.44444444444444
Strep_C13664	4	44.44444444444444
Strep_C6181	4	44.44444444444444
Strep_C23908	4	44.44444444444444
Strep_C17492	4	44.44444444444444
Strep_C3559	4	44.44444444444444
Strep_C3574	4	44.44444444444444
Strep_C15260	4	44.44444444444444
Strep_C24676	4	44.44444444444444
Strep_C11400	4	44.44444444444444
Strep_C23586	4	44.44444444444444
Strep_C6220	4	44.44444444444444
Strep_C2870	4	44.44444444444444
Strep_C20430	4	44.44444444444444
Strep_C4494	4	44.44444444444444
Strep_C12505	4	44.44444444444444
Strep_C21911	4	44.44444444444444
Strep_C10447	4	44.44444444444444
Strep_C11829	4	44.44444444444444
Strep_C5031	4	44.44444444444444
Strep_C21915	4	44.44444444444444
Strep_C1743	4	44.44444444444444
Strep_C1139	4	44.44444444444444
Strep_C8804	4	44.44444444444444
Strep_C8206	4	44.44444444444444
Strep_C29502	4	44.44444444444444
Strep_C502	4	44.44444444444444
Strep_C11823	4	44.44444444444444
Strep_C17447	4	44.44444444444444
Strep_C6206	4	44.44444444444444
Strep_C17456	4	44.44444444444444
Strep_C17457	4	44.44444444444444
Strep_C28715	4	44.44444444444444
Strep_C20415	4	44.44444444444444
Strep_C17466	4	44.44444444444444
Strep_C26076	4	44.44444444444444
Strep_C26077	4	44.44444444444444
Strep_C11814	4	44.44444444444444
Strep_C6197	4	44.44444444444444
Strep_C3010	4	44.44444444444444
Strep_C13980	4	44.44444444444444
Strep_C11914	4	44.44444444444444
Strep_C6617	4	44.44444444444444
Strep_C5312	4	44.44444444444444
Strep_C24528	4	44.44444444444444
Strep_C25059	4	44.44444444444444
Strep_C3986	4	44.44444444444444
Strep_C20923	4	44.44444444444444
Strep_C9711	4	44.44444444444444
Strep_C1900	4	44.44444444444444
Strep_C16705	4	44.44444444444444
Strep_C10040	4	44.44444444444444
Strep_C27774	4	44.44444444444444
Strep_C16214	4	44.44444444444444
Strep_C9036	4	44.44444444444444
Strep_C6618	4	44.44444444444444
Strep_C1620	4	44.44444444444444
Strep_C1936	4	44.44444444444444
Strep_C16234	4	44.44444444444444
Strep_C16714	4	44.44444444444444
Strep_C9713	4	44.44444444444444
Strep_C29326	4	44.44444444444444
Strep_C13396	4	44.44444444444444
Strep_C9659	4	44.44444444444444
Strep_C5320	4	44.44444444444444
Strep_C9715	4	44.44444444444444
Strep_C24965	4	44.44444444444444
Strep_C28591	4	44.44444444444444
Strep_C12215	4	44.44444444444444
Strep_C30033	4	44.44444444444444
Strep_C10639	4	44.44444444444444
Strep_C1671	4	44.44444444444444
Strep_C12217	4	44.44444444444444
Strep_C10750	4	44.44444444444444
Strep_C1668	4	44.44444444444444
Strep_C16191	4	44.44444444444444
Strep_C19207	4	44.44444444444444
Strep_C16283	4	44.44444444444444
Strep_C24998	4	44.44444444444444
Strep_C27240	4	44.44444444444444
Strep_C19030	4	44.44444444444444
Strep_C21229	4	44.44444444444444
Strep_C2496	4	44.44444444444444
Strep_C664	4	44.44444444444444
Strep_C20961	4	44.44444444444444
Strep_C19027	4	44.44444444444444
Strep_C5307	4	44.44444444444444
Strep_C5309	4	44.44444444444444
Strep_C10660	4	44.44444444444444
Strep_C6858	4	44.44444444444444
Strep_C10658	4	44.44444444444444
Strep_C10657	4	44.44444444444444
Strep_C6631	4	44.44444444444444
Strep_C6646	4	44.44444444444444
Strep_C4182	4	44.44444444444444
Strep_C21249	4	44.44444444444444
Strep_C663	4	44.44444444444444
Strep_C19021	4	44.44444444444444
Strep_C16251	4	44.44444444444444
Strep_C16250	4	44.44444444444444
Strep_C27772	4	44.44444444444444
Strep_C2093	4	44.44444444444444
Strep_C19363	4	44.44444444444444
Strep_C6635	4	44.44444444444444
Strep_C27103	4	44.44444444444444
Strep_C6634	4	44.44444444444444
Strep_C6633	4	44.44444444444444
Strep_C8346	4	44.44444444444444
Strep_C10043	4	44.44444444444444
Strep_C20854	4	44.44444444444444
Strep_C1677	4	44.44444444444444
Strep_C21332	4	44.44444444444444
Strep_C1613	4	44.44444444444444
Strep_C2506	4	44.44444444444444
Strep_C16138	4	44.44444444444444
Strep_C20877	4	44.44444444444444
Strep_C2585	4	44.44444444444444
Strep_C20875	4	44.44444444444444
Strep_C6582	4	44.44444444444444
Strep_C11317	4	44.44444444444444
Strep_C16129	4	44.44444444444444
Strep_C16127	4	44.44444444444444
Strep_C9050	4	44.44444444444444
Strep_C16779	4	44.44444444444444
Strep_C24404	4	44.44444444444444
Strep_C19386	4	44.44444444444444
Strep_C9722	4	44.44444444444444
Strep_C6577	4	44.44444444444444
Strep_C10620	4	44.44444444444444
Strep_C21352	4	44.44444444444444
Strep_C6938	4	44.44444444444444
Strep_C20870	4	44.44444444444444
Strep_C6574	4	44.44444444444444
Strep_C6940	4	44.44444444444444
Strep_C12031	4	44.44444444444444
Strep_C3932	4	44.44444444444444
Strep_C21359	4	44.44444444444444
Strep_C5338	4	44.44444444444444
Strep_C656	4	44.44444444444444
Strep_C9988	4	44.44444444444444
Strep_C16099	4	44.44444444444444
Strep_C25855	4	44.44444444444444
Strep_C6926	4	44.44444444444444
Strep_C8959	4	44.44444444444444
Strep_C2336	4	44.44444444444444
Strep_C25700	4	44.44444444444444
Strep_C25839	4	44.44444444444444
Strep_C6900	4	44.44444444444444
Strep_C5183	4	44.44444444444444
Strep_C3967	4	44.44444444444444
Strep_C28595	4	44.44444444444444
Strep_C12055	4	44.44444444444444
Strep_C13188	4	44.44444444444444
Strep_C3964	4	44.44444444444444
Strep_C1617	4	44.44444444444444
Strep_C1672	4	44.44444444444444
Strep_C27995	4	44.44444444444444
Strep_C4207	4	44.44444444444444
Strep_C4209	4	44.44444444444444
Strep_C27119	4	44.44444444444444
Strep_C10768	4	44.44444444444444
Strep_C16739	4	44.44444444444444
Strep_C16167	4	44.44444444444444
Strep_C10633	4	44.44444444444444
Strep_C4212	4	44.44444444444444
Strep_C13407	4	44.44444444444444
Strep_C16161	4	44.44444444444444
Strep_C971	4	44.44444444444444
Strep_C13408	4	44.44444444444444
Strep_C27402	4	44.44444444444444
Strep_C16744	4	44.44444444444444
Strep_C24962	4	44.44444444444444
Strep_C28598	4	44.44444444444444
Strep_C2799	4	44.44444444444444
Strep_C8336	4	44.44444444444444
Strep_C4014	4	44.44444444444444
Strep_C9700	4	44.44444444444444
Strep_C16286	4	44.44444444444444
Strep_C10708	4	44.44444444444444
Strep_C27609	4	44.44444444444444
Strep_C8995	4	44.44444444444444
Strep_C21127	4	44.44444444444444
Strep_C4079	4	44.44444444444444
Strep_C4110	4	44.44444444444444
Strep_C676	4	44.44444444444444
Strep_C21131	4	44.44444444444444
Strep_C6772	4	44.44444444444444
Strep_C16520	4	44.44444444444444
Strep_C16521	4	44.44444444444444
Strep_C21134	4	44.44444444444444
Strep_C9683	4	44.44444444444444
Strep_C11323	4	44.44444444444444
Strep_C9436	4	44.44444444444444
Strep_C16403	4	44.44444444444444
Strep_C21122	4	44.44444444444444
Strep_C16402	4	44.44444444444444
Strep_C16401	4	44.44444444444444
Strep_C1068	4	44.44444444444444
Strep_C29995	4	44.44444444444444
Strep_C6782	4	44.44444444444444
Strep_C6783	4	44.44444444444444
Strep_C4117	4	44.44444444444444
Strep_C4119	4	44.44444444444444
Strep_C11325	4	44.44444444444444
Strep_C5291	4	44.44444444444444
Strep_C5292	4	44.44444444444444
Strep_C1070	4	44.44444444444444
Strep_C16538	4	44.44444444444444
Strep_C16385	4	44.44444444444444
Strep_C16511	4	44.44444444444444
Strep_C8497	4	44.44444444444444
Strep_C23398	4	44.44444444444444
Strep_C23627	4	44.44444444444444
Strep_C21097	4	44.44444444444444
Strep_C19324	4	44.44444444444444
Strep_C12144	4	44.44444444444444
Strep_C21095	4	44.44444444444444
Strep_C6743	4	44.44444444444444
Strep_C25769	4	44.44444444444444
Strep_C16463	4	44.44444444444444
Strep_C25768	4	44.44444444444444
Strep_C12140	4	44.44444444444444
Strep_C16482	4	44.44444444444444
Strep_C16483	4	44.44444444444444
Strep_C16459	4	44.44444444444444
Strep_C6751	4	44.44444444444444
Strep_C25774	4	44.44444444444444
Strep_C11320	4	44.44444444444444
Strep_C21076	4	44.44444444444444
Strep_C25776	4	44.44444444444444
Strep_C16488	4	44.44444444444444
Strep_C11230	4	44.44444444444444
Strep_C16491	4	44.44444444444444
Strep_C26591	4	44.44444444444444
Strep_C25762	4	44.44444444444444
Strep_C9688	4	44.44444444444444
Strep_C6763	4	44.44444444444444
Strep_C4083	4	44.44444444444444
Strep_C2577	4	44.44444444444444
Strep_C2107	4	44.44444444444444
Strep_C16435	4	44.44444444444444
Strep_C29355	4	44.44444444444444
Strep_C13172	4	44.44444444444444
Strep_C25791	4	44.44444444444444
Strep_C16540	4	44.44444444444444
Strep_C12120	4	44.44444444444444
Strep_C4154	4	44.44444444444444
Strep_C11263	4	44.44444444444444
Strep_C11227	4	44.44444444444444
Strep_C6820	4	44.44444444444444
Strep_C6677	4	44.44444444444444
Strep_C403	4	44.44444444444444
Strep_C21002	4	44.44444444444444
Strep_C12093	4	44.44444444444444
Strep_C19045	4	44.44444444444444
Strep_C1335	4	44.44444444444444
Strep_C24506	4	44.44444444444444
Strep_C6672	4	44.44444444444444
Strep_C20996	4	44.44444444444444
Strep_C16312	4	44.44444444444444
Strep_C6670	4	44.44444444444444
Strep_C11270	4	44.44444444444444
Strep_C16378	4	44.44444444444444
Strep_C24452	4	44.44444444444444
Strep_C12183	4	44.44444444444444
Strep_C25051	4	44.44444444444444
Strep_C11262	4	44.44444444444444
Strep_C511	4	44.44444444444444
Strep_C12084	4	44.44444444444444
Strep_C11226	4	44.44444444444444
Strep_C5118	4	44.44444444444444
Strep_C2986	4	44.44444444444444
Strep_C4165	4	44.44444444444444
Strep_C10740	4	44.44444444444444
Strep_C16291	4	44.44444444444444
Strep_C2798	4	44.44444444444444
Strep_C27963	4	44.44444444444444
Strep_C6817	4	44.44444444444444
Strep_C6816	4	44.44444444444444
Strep_C1071	4	44.44444444444444
Strep_C6814	4	44.44444444444444
Strep_C4125	4	44.44444444444444
Strep_C16376	4	44.44444444444444
Strep_C6705	4	44.44444444444444
Strep_C27123	4	44.44444444444444
Strep_C19052	4	44.44444444444444
Strep_C19051	4	44.44444444444444
Strep_C21166	4	44.44444444444444
Strep_C21167	4	44.44444444444444
Strep_C2103	4	44.44444444444444
Strep_C21039	4	44.44444444444444
Strep_C21038	4	44.44444444444444
Strep_C669	4	44.44444444444444
Strep_C16566	4	44.44444444444444
Strep_C23634	4	44.44444444444444
Strep_C21036	4	44.44444444444444
Strep_C21026	4	44.44444444444444
Strep_C12106	4	44.44444444444444
Strep_C2991	4	44.44444444444444
Strep_C23425	4	44.44444444444444
Strep_C6689	4	44.44444444444444
Strep_C2760	4	44.44444444444444
Strep_C9015	4	44.44444444444444
Strep_C1922	4	44.44444444444444
Strep_C10030	4	44.44444444444444
Strep_C6684	4	44.44444444444444
Strep_C16340	4	44.44444444444444
Strep_C29347	4	44.44444444444444
Strep_C19321	4	44.44444444444444
Strep_C16337	4	44.44444444444444
Strep_C20858	4	44.44444444444444
Strep_C20853	4	44.44444444444444
Strep_C4378	4	44.44444444444444
Strep_C18923	4	44.44444444444444
Strep_C15849	4	44.44444444444444
Strep_C3839	4	44.44444444444444
Strep_C2151	4	44.44444444444444
Strep_C21521	4	44.44444444444444
Strep_C9633	4	44.44444444444444
Strep_C17000	4	44.44444444444444
Strep_C17003	4	44.44444444444444
Strep_C15838	4	44.44444444444444
Strep_C6450	4	44.44444444444444
Strep_C2844	4	44.44444444444444
Strep_C20705	4	44.44444444444444
Strep_C29278	4	44.44444444444444
Strep_C12342	4	44.44444444444444
Strep_C17019	4	44.44444444444444
Strep_C8286	4	44.44444444444444
Strep_C6459	4	44.44444444444444
Strep_C8284	4	44.44444444444444
Strep_C2153	4	44.44444444444444
Strep_C15815	4	44.44444444444444
Strep_C15814	4	44.44444444444444
Strep_C3830	4	44.44444444444444
Strep_C13067	4	44.44444444444444
Strep_C8280	4	44.44444444444444
Strep_C12347	4	44.44444444444444
Strep_C12351	4	44.44444444444444
Strep_C6438	4	44.44444444444444
Strep_C17031	4	44.44444444444444
Strep_C15801	4	44.44444444444444
Strep_C7080	4	44.44444444444444
Strep_C13065	4	44.44444444444444
Strep_C20715	4	44.44444444444444
Strep_C3840	4	44.44444444444444
Strep_C13506	4	44.44444444444444
Strep_C25084	4	44.44444444444444
Strep_C6476	4	44.44444444444444
Strep_C21495	4	44.44444444444444
Strep_C11966	4	44.44444444444444
Strep_C6475	4	44.44444444444444
Strep_C7045	4	44.44444444444444
Strep_C7046	4	44.44444444444444
Strep_C5079	4	44.44444444444444
Strep_C7047	4	44.44444444444444
Strep_C7048	4	44.44444444444444
Strep_C5213	4	44.44444444444444
Strep_C10588	4	44.44444444444444
Strep_C2458	4	44.44444444444444
Strep_C13481	4	44.44444444444444
Strep_C8897	4	44.44444444444444
Strep_C26857	4	44.44444444444444
Strep_C20717	4	44.44444444444444
Strep_C9984	4	44.44444444444444
Strep_C5077	4	44.44444444444444
Strep_C13486	4	44.44444444444444
Strep_C16976	4	44.44444444444444
Strep_C15867	4	44.44444444444444
Strep_C10070	4	44.44444444444444
Strep_C10582	4	44.44444444444444
Strep_C16980	4	44.44444444444444
Strep_C1306	4	44.44444444444444
Strep_C1585	4	44.44444444444444
Strep_C20720	4	44.44444444444444
Strep_C4325	4	44.44444444444444
Strep_C7061	4	44.44444444444444
Strep_C6461	4	44.44444444444444
Strep_C7082	4	44.44444444444444
Strep_C3824	4	44.44444444444444
Strep_C3926	4	44.44444444444444
Strep_C2326	4	44.44444444444444
Strep_C20649	4	44.44444444444444
Strep_C1709	4	44.44444444444444
Strep_C8448	4	44.44444444444444
Strep_C19456	4	44.44444444444444
Strep_C6398	4	44.44444444444444
Strep_C20640	4	44.44444444444444
Strep_C12379	4	44.44444444444444
Strep_C505	4	44.44444444444444
Strep_C2063	4	44.44444444444444
Strep_C5393	4	44.44444444444444
Strep_C12380	4	44.44444444444444
Strep_C23273	4	44.44444444444444
Strep_C11925	4	44.44444444444444
Strep_C23723	4	44.44444444444444
Strep_C1569	4	44.44444444444444
Strep_C4366	4	44.44444444444444
Strep_C1191	4	44.44444444444444
Strep_C15697	4	44.44444444444444
Strep_C6381	4	44.44444444444444
Strep_C21636	4	44.44444444444444
Strep_C15694	4	44.44444444444444
Strep_C23724	4	44.44444444444444
Strep_C2163	4	44.44444444444444
Strep_C21640	4	44.44444444444444
Strep_C12385	4	44.44444444444444
Strep_C4377	4	44.44444444444444
Strep_C23268	4	44.44444444444444
Strep_C23725	4	44.44444444444444
Strep_C23266	4	44.44444444444444
Strep_C21645	4	44.44444444444444
Strep_C517	4	44.44444444444444
Strep_C17092	4	44.44444444444444
Strep_C17040	4	44.44444444444444
Strep_C17063	4	44.44444444444444
Strep_C23713	4	44.44444444444444
Strep_C11947	4	44.44444444444444
Strep_C17043	4	44.44444444444444
Strep_C8521	4	44.44444444444444
Strep_C15785	4	44.44444444444444
Strep_C21560	4	44.44444444444444
Strep_C13062	4	44.44444444444444
Strep_C15779	4	44.44444444444444
Strep_C642	4	44.44444444444444
Strep_C27117	4	44.44444444444444
Strep_C5068	4	44.44444444444444
Strep_C11945	4	44.44444444444444
Strep_C17059	4	44.44444444444444
Strep_C3808	4	44.44444444444444
Strep_C20667	4	44.44444444444444
Strep_C27400	4	44.44444444444444
Strep_C1305	4	44.44444444444444
Strep_C21586	4	44.44444444444444
Strep_C6418	4	44.44444444444444
Strep_C10559	4	44.44444444444444
Strep_C13521	4	44.44444444444444
Strep_C19319	4	44.44444444444444
Strep_C25953	4	44.44444444444444
Strep_C22105	4	44.44444444444444
Strep_C26843	4	44.44444444444444
Strep_C6416	4	44.44444444444444
Strep_C2992	4	44.44444444444444
Strep_C26963	4	44.44444444444444
Strep_C8272	4	44.44444444444444
Strep_C23716	4	44.44444444444444
Strep_C25921	4	44.44444444444444
Strep_C25920	4	44.44444444444444
Strep_C13074	4	44.44444444444444
Strep_C2686	4	44.44444444444444
Strep_C16042	4	44.44444444444444
Strep_C8938	4	44.44444444444444
Strep_C23681	4	44.44444444444444
Strep_C10785	4	44.44444444444444
Strep_C18973	4	44.44444444444444
Strep_C20820	4	44.44444444444444
Strep_C2860	4	44.44444444444444
Strep_C27725	4	44.44444444444444
Strep_C16856	4	44.44444444444444
Strep_C18972	4	44.44444444444444
Strep_C13085	4	44.44444444444444
Strep_C9646	4	44.44444444444444
Strep_C9986	4	44.44444444444444
Strep_C4267	4	44.44444444444444
Strep_C6532	4	44.44444444444444
Strep_C12255	4	44.44444444444444
Strep_C21424	4	44.44444444444444
Strep_C21426	4	44.44444444444444
Strep_C20807	4	44.44444444444444
Strep_C6988	4	44.44444444444444
Strep_C20804	4	44.44444444444444
Strep_C6989	4	44.44444444444444
Strep_C16009	4	44.44444444444444
Strep_C30063	4	44.44444444444444
Strep_C13192	4	44.44444444444444
Strep_C16005	4	44.44444444444444
Strep_C16876	4	44.44444444444444
Strep_C10602	4	44.44444444444444
Strep_C16878	4	44.44444444444444
Strep_C12272	4	44.44444444444444
Strep_C16043	4	44.44444444444444
Strep_C6973	4	44.44444444444444
Strep_C21491	4	44.44444444444444
Strep_C3913	4	44.44444444444444
Strep_C10618	4	44.44444444444444
Strep_C4238	4	44.44444444444444
Strep_C4239	4	44.44444444444444
Strep_C12239	4	44.44444444444444
Strep_C391	4	44.44444444444444
Strep_C8327	4	44.44444444444444
Strep_C2586	4	44.44444444444444
Strep_C16814	4	44.44444444444444
Strep_C12023	4	44.44444444444444
Strep_C2354	4	44.44444444444444
Strep_C12248	4	44.44444444444444
Strep_C2137	4	44.44444444444444
Strep_C18978	4	44.44444444444444
Strep_C11350	4	44.44444444444444
Strep_C16823	4	44.44444444444444
Strep_C6972	4	44.44444444444444
Strep_C16825	4	44.44444444444444
Strep_C21387	4	44.44444444444444
Strep_C6961	4	44.44444444444444
Strep_C6962	4	44.44444444444444
Strep_C9058	4	44.44444444444444
Strep_C23678	4	44.44444444444444
Strep_C16833	4	44.44444444444444
Strep_C16055	4	44.44444444444444
Strep_C13087	4	44.44444444444444
Strep_C27727	4	44.44444444444444
Strep_C2495	4	44.44444444444444
Strep_C10782	4	44.44444444444444
Strep_C12254	4	44.44444444444444
Strep_C16047	4	44.44444444444444
Strep_C3892	4	44.44444444444444
Strep_C8315	4	44.44444444444444
Strep_C6526	4	44.44444444444444
Strep_C10591	4	44.44444444444444
Strep_C5356	4	44.44444444444444
Strep_C16935	4	44.44444444444444
Strep_C24584	4	44.44444444444444
Strep_C15932	4	44.44444444444444
Strep_C25649	4	44.44444444444444
Strep_C9373	4	44.44444444444444
Strep_C15926	4	44.44444444444444
Strep_C18946	4	44.44444444444444
Strep_C11211	4	44.44444444444444
Strep_C25646	4	44.44444444444444
Strep_C28624	4	44.44444444444444
Strep_C9445	4	44.44444444444444
Strep_C963	4	44.44444444444444
Strep_C8905	4	44.44444444444444
Strep_C10590	4	44.44444444444444
Strep_C29022	4	44.44444444444444
Strep_C1080	4	44.44444444444444
Strep_C29425	4	44.44444444444444
Strep_C19416	4	44.44444444444444
Strep_C13473	4	44.44444444444444
Strep_C12317	4	44.44444444444444
Strep_C11972	4	44.44444444444444
Strep_C27529	4	44.44444444444444
Strep_C16956	4	44.44444444444444
Strep_C15902	4	44.44444444444444
Strep_C5212	4	44.44444444444444
Strep_C25643	4	44.44444444444444
Strep_C9446	4	44.44444444444444
Strep_C2148	4	44.44444444444444
Strep_C20739	4	44.44444444444444
Strep_C15937	4	44.44444444444444
Strep_C16932	4	44.44444444444444
Strep_C9735	4	44.44444444444444
Strep_C23694	4	44.44444444444444
Strep_C26648	4	44.44444444444444
Strep_C28477	4	44.44444444444444
Strep_C11215	4	44.44444444444444
Strep_C2437	4	44.44444444444444
Strep_C8312	4	44.44444444444444
Strep_C4281	4	44.44444444444444
Strep_C11998	4	44.44444444444444
Strep_C9070	4	44.44444444444444
Strep_C28472	4	44.44444444444444
Strep_C3880	4	44.44444444444444
Strep_C28471	4	44.44444444444444
Strep_C15977	4	44.44444444444444
Strep_C10798	4	44.44444444444444
Strep_C5087	4	44.44444444444444
Strep_C19408	4	44.44444444444444
Strep_C10060	4	44.44444444444444
Strep_C6502	4	44.44444444444444
Strep_C2861	4	44.44444444444444
Strep_C21453	4	44.44444444444444
Strep_C20768	4	44.44444444444444
Strep_C23323	4	44.44444444444444
Strep_C9642	4	44.44444444444444
Strep_C12296	4	44.44444444444444
Strep_C15951	4	44.44444444444444
Strep_C2457	4	44.44444444444444
Strep_C8462	4	44.44444444444444
Strep_C11980	4	44.44444444444444
Strep_C13125	4	44.44444444444444
Strep_C5355	4	44.44444444444444
Strep_C4356	4	44.44444444444444
Strep_C23588	4	44.44444444444444
Strep_C2388	4	44.44444444444444
Strep_C13826	4	44.44444444444444
Strep_C12735	4	44.44444444444444
Strep_C5545	4	44.44444444444444
Strep_C988	4	44.44444444444444
Strep_C20055	4	44.44444444444444
Strep_C18007	4	44.44444444444444
Strep_C5907	4	44.44444444444444
Strep_C13823	4	44.44444444444444
Strep_C22732	4	44.44444444444444
Strep_C14209	4	44.44444444444444
Strep_C11651	4	44.44444444444444
Strep_C25356	4	44.44444444444444
Strep_C22441	4	44.44444444444444
Strep_C11019	4	44.44444444444444
Strep_C23500	4	44.44444444444444
Strep_C28801	4	44.44444444444444
Strep_C19849	4	44.44444444444444
Strep_C5899	4	44.44444444444444
Strep_C23025	4	44.44444444444444
Strep_C1114	4	44.44444444444444
Strep_C14212	4	44.44444444444444
Strep_C13830	4	44.44444444444444
Strep_C29095	4	44.44444444444444
Strep_C24771	4	44.44444444444444
Strep_C18026	4	44.44444444444444
Strep_C11077	4	44.44444444444444
Strep_C8064	4	44.44444444444444
Strep_C2764	4	44.44444444444444
Strep_C3072	4	44.44444444444444
Strep_C19834	4	44.44444444444444
Strep_C26236	4	44.44444444444444
Strep_C3274	4	44.44444444444444
Strep_C767	4	44.44444444444444
Strep_C27029	4	44.44444444444444
Strep_C1798	4	44.44444444444444
Strep_C25361	4	44.44444444444444
Strep_C8060	4	44.44444444444444
Strep_C5735	4	44.44444444444444
Strep_C17991	4	44.44444444444444
Strep_C12853	4	44.44444444444444
Strep_C24896	4	44.44444444444444
Strep_C14196	4	44.44444444444444
Strep_C22429	4	44.44444444444444
Strep_C9507	4	44.44444444444444
Strep_C5916	4	44.44444444444444
Strep_C18559	4	44.44444444444444
Strep_C20062	4	44.44444444444444
Strep_C7912	4	44.44444444444444
Strep_C5913	4	44.44444444444444
Strep_C2912	4	44.44444444444444
Strep_C11078	4	44.44444444444444
Strep_C28228	4	44.44444444444444
Strep_C11005	4	44.44444444444444
Strep_C9924	4	44.44444444444444
Strep_C14586	4	44.44444444444444
Strep_C867	4	44.44444444444444
Strep_C1830	4	44.44444444444444
Strep_C1985	4	44.44444444444444
Strep_C3236	4	44.44444444444444
Strep_C14554	4	44.44444444444444
Strep_C9537	4	44.44444444444444
Strep_C13913	4	44.44444444444444
Strep_C1804	4	44.44444444444444
Strep_C22713	4	44.44444444444444
Strep_C5749	4	44.44444444444444
Strep_C8106	4	44.44444444444444
Strep_C28811	4	44.44444444444444
Strep_C19867	4	44.44444444444444
Strep_C9949	4	44.44444444444444
Strep_C7729	4	44.44444444444444
Strep_C8105	4	44.44444444444444
Strep_C5876	4	44.44444444444444
Strep_C13137	4	44.44444444444444
Strep_C11018	4	44.44444444444444
Strep_C22489	4	44.44444444444444
Strep_C7895	4	44.44444444444444
Strep_C14536	4	44.44444444444444
Strep_C18066	4	44.44444444444444
Strep_C8674	4	44.44444444444444
Strep_C14557	4	44.44444444444444
Strep_C12751	4	44.44444444444444
Strep_C14585	4	44.44444444444444
Strep_C11452	4	44.44444444444444
Strep_C27898	4	44.44444444444444
Strep_C10289	4	44.44444444444444
Strep_C9403	4	44.44444444444444
Strep_C14582	4	44.44444444444444
Strep_C10287	4	44.44444444444444
Strep_C18031	4	44.44444444444444
Strep_C26356	4	44.44444444444444
Strep_C5248	4	44.44444444444444
Strep_C492	4	44.44444444444444
Strep_C1421	4	44.44444444444444
Strep_C9232	4	44.44444444444444
Strep_C14576	4	44.44444444444444
Strep_C20038	4	44.44444444444444
Strep_C18038	4	44.44444444444444
Strep_C19154	4	44.44444444444444
Strep_C19133	4	44.44444444444444
Strep_C8683	4	44.44444444444444
Strep_C7712	4	44.44444444444444
Strep_C20036	4	44.44444444444444
Strep_C18313	4	44.44444444444444
Strep_C7899	4	44.44444444444444
Strep_C588	4	44.44444444444444
Strep_C2246	4	44.44444444444444
Strep_C2525	4	44.44444444444444
Strep_C11661	4	44.44444444444444
Strep_C17979	4	44.44444444444444
Strep_C5961	4	44.44444444444444
Strep_C4675	4	44.44444444444444
Strep_C23962	4	44.44444444444444
Strep_C812	4	44.44444444444444
Strep_C23508	4	44.44444444444444
Strep_C29106	4	44.44444444444444
Strep_C10125	4	44.44444444444444
Strep_C10313	4	44.44444444444444
Strep_C25250	4	44.44444444444444
Strep_C8489	4	44.44444444444444
Strep_C9335	4	44.44444444444444
Strep_C23963	4	44.44444444444444
Strep_C5716	4	44.44444444444444
Strep_C9547	4	44.44444444444444
Strep_C29184	4	44.44444444444444
Strep_C10312	4	44.44444444444444
Strep_C14699	4	44.44444444444444
Strep_C3043	4	44.44444444444444
Strep_C12707	4	44.44444444444444
Strep_C7935	4	44.44444444444444
Strep_C14697	4	44.44444444444444
Strep_C5954	4	44.44444444444444
Strep_C2407	4	44.44444444444444
Strep_C12709	4	44.44444444444444
Strep_C17915	4	44.44444444444444
Strep_C4674	4	44.44444444444444
Strep_C2010	4	44.44444444444444
Strep_C4964	4	44.44444444444444
Strep_C5522	4	44.44444444444444
Strep_C19608	4	44.44444444444444
Strep_C5156	4	44.44444444444444
Strep_C5524	4	44.44444444444444
Strep_C17904	4	44.44444444444444
Strep_C14132	4	44.44444444444444
Strep_C8570	4	44.44444444444444
Strep_C17905	4	44.44444444444444
Strep_C11528	4	44.44444444444444
Strep_C14732	4	44.44444444444444
Strep_C24089	4	44.44444444444444
Strep_C2668	4	44.44444444444444
Strep_C4966	4	44.44444444444444
Strep_C2806	4	44.44444444444444
Strep_C5964	4	44.44444444444444
Strep_C12698	4	44.44444444444444
Strep_C8052	4	44.44444444444444
Strep_C5250	4	44.44444444444444
Strep_C13798	4	44.44444444444444
Strep_C7631	4	44.44444444444444
Strep_C26213	4	44.44444444444444
Strep_C4862	4	44.44444444444444
Strep_C3301	4	44.44444444444444
Strep_C10991	4	44.44444444444444
Strep_C3044	4	44.44444444444444
Strep_C24071	4	44.44444444444444
Strep_C10999	4	44.44444444444444
Strep_C4695	4	44.44444444444444
Strep_C18352	4	44.44444444444444
Strep_C14657	4	44.44444444444444
Strep_C17959	4	44.44444444444444
Strep_C1854	4	44.44444444444444
Strep_C22763	4	44.44444444444444
Strep_C10153	4	44.44444444444444
Strep_C1796	4	44.44444444444444
Strep_C5729	4	44.44444444444444
Strep_C3055	4	44.44444444444444
Strep_C18345	4	44.44444444444444
Strep_C5931	4	44.44444444444444
Strep_C4848	4	44.44444444444444
Strep_C2786	4	44.44444444444444
Strep_C18343	4	44.44444444444444
Strep_C11477	4	44.44444444444444
Strep_C592	4	44.44444444444444
Strep_C13296	4	44.44444444444444
Strep_C22753	4	44.44444444444444
Strep_C22411	4	44.44444444444444
Strep_C11662	4	44.44444444444444
Strep_C17978	4	44.44444444444444
Strep_C19832	4	44.44444444444444
Strep_C10305	4	44.44444444444444
Strep_C22397	4	44.44444444444444
Strep_C2237	4	44.44444444444444
Strep_C22768	4	44.44444444444444
Strep_C8698	4	44.44444444444444
Strep_C8697	4	44.44444444444444
Strep_C8620	4	44.44444444444444
Strep_C9948	4	44.44444444444444
Strep_C994	4	44.44444444444444
Strep_C24758	4	44.44444444444444
Strep_C8487	4	44.44444444444444
Strep_C18358	4	44.44444444444444
Strep_C10993	4	44.44444444444444
Strep_C328	4	44.44444444444444
Strep_C20101	4	44.44444444444444
Strep_C17942	4	44.44444444444444
Strep_C4690	4	44.44444444444444
Strep_C14675	4	44.44444444444444
Strep_C8122	4	44.44444444444444
Strep_C23967	4	44.44444444444444
Strep_C19163	4	44.44444444444444
Strep_C8694	4	44.44444444444444
Strep_C20094	4	44.44444444444444
Strep_C2536	4	44.44444444444444
Strep_C4693	4	44.44444444444444
Strep_C2475	4	44.44444444444444
Strep_C13934	4	44.44444444444444
Strep_C4931	4	44.44444444444444
Strep_C8630	4	44.44444444444444
Strep_C27431	4	44.44444444444444
Strep_C26301	4	44.44444444444444
Strep_C9246	4	44.44444444444444
Strep_C2257	4	44.44444444444444
Strep_C14417	4	44.44444444444444
Strep_C3121	4	44.44444444444444
Strep_C7796	4	44.44444444444444
Strep_C11614	4	44.44444444444444
Strep_C18160	4	44.44444444444444
Strep_C3122	4	44.44444444444444
Strep_C19959	4	44.44444444444444
Strep_C18162	4	44.44444444444444
Strep_C1386	4	44.44444444444444
Strep_C18598	4	44.44444444444444
Strep_C1806	4	44.44444444444444
Strep_C24020	4	44.44444444444444
Strep_C11061	4	44.44444444444444
Strep_C3169	4	44.44444444444444
Strep_C28162	4	44.44444444444444
Strep_C26306	4	44.44444444444444
Strep_C19957	4	44.44444444444444
Strep_C7806	4	44.44444444444444
Strep_C1816	4	44.44444444444444
Strep_C28905	4	44.44444444444444
Strep_C28163	4	44.44444444444444
Strep_C7808	4	44.44444444444444
Strep_C22578	4	44.44444444444444
Strep_C14421	4	44.44444444444444
Strep_C14422	4	44.44444444444444
Strep_C22574	4	44.44444444444444
Strep_C3186	4	44.44444444444444
Strep_C19899	4	44.44444444444444
Strep_C11576	4	44.44444444444444
Strep_C3185	4	44.44444444444444
Strep_C26449	4	44.44444444444444
Strep_C24824	4	44.44444444444444
Strep_C19969	4	44.44444444444444
Strep_C18149	4	44.44444444444444
Strep_C3180	4	44.44444444444444
Strep_C14435	4	44.44444444444444
Strep_C24026	4	44.44444444444444
Strep_C13865	4	44.44444444444444
Strep_C18600	4	44.44444444444444
Strep_C9245	4	44.44444444444444
Strep_C18154	4	44.44444444444444
Strep_C14307	4	44.44444444444444
Strep_C18579	4	44.44444444444444
Strep_C19961	4	44.44444444444444
Strep_C14427	4	44.44444444444444
Strep_C13867	4	44.44444444444444
Strep_C14309	4	44.44444444444444
Strep_C13868	4	44.44444444444444
Strep_C1024	4	44.44444444444444
Strep_C11580	4	44.44444444444444
Strep_C9248	4	44.44444444444444
Strep_C3165	4	44.44444444444444
Strep_C5808	4	44.44444444444444
Strep_C5793	4	44.44444444444444
Strep_C24817	4	44.44444444444444
Strep_C12806	4	44.44444444444444
Strep_C25297	4	44.44444444444444
Strep_C12809	4	44.44444444444444
Strep_C23877	4	44.44444444444444
Strep_C18222	4	44.44444444444444
Strep_C12939	4	44.44444444444444
Strep_C314	4	44.44444444444444
Strep_C7841	4	44.44444444444444
Strep_C9907	4	44.44444444444444
Strep_C8077	4	44.44444444444444
Strep_C1821	4	44.44444444444444
Strep_C5805	4	44.44444444444444
Strep_C12818	4	44.44444444444444
Strep_C11465	4	44.44444444444444
Strep_C5580	4	44.44444444444444
Strep_C10234	4	44.44444444444444
Strep_C18213	4	44.44444444444444
Strep_C5577	4	44.44444444444444
Strep_C19924	4	44.44444444444444
Strep_C19929	4	44.44444444444444
Strep_C557	4	44.44444444444444
Strep_C3132	4	44.44444444444444
Strep_C19911	4	44.44444444444444
Strep_C19950	4	44.44444444444444
Strep_C18195	4	44.44444444444444
Strep_C12945	4	44.44444444444444
Strep_C4937	4	44.44444444444444
Strep_C22650	4	44.44444444444444
Strep_C1817	4	44.44444444444444
Strep_C22986	4	44.44444444444444
Strep_C808	4	44.44444444444444
Strep_C2386	4	44.44444444444444
Strep_C25192	4	44.44444444444444
Strep_C8644	4	44.44444444444444
Strep_C19947	4	44.44444444444444
Strep_C30293	4	44.44444444444444
Strep_C4777	4	44.44444444444444
Strep_C5813	4	44.44444444444444
Strep_C14323	4	44.44444444444444
Strep_C18237	4	44.44444444444444
Strep_C9253	4	44.44444444444444
Strep_C14326	4	44.44444444444444
Strep_C19907	4	44.44444444444444
Strep_C10228	4	44.44444444444444
Strep_C315	4	44.44444444444444
Strep_C2481	4	44.44444444444444
Strep_C2703	4	44.44444444444444
Strep_C3157	4	44.44444444444444
Strep_C3188	4	44.44444444444444
Strep_C12833	4	44.44444444444444
Strep_C13900	4	44.44444444444444
Strep_C2814	4	44.44444444444444
Strep_C9324	4	44.44444444444444
Strep_C2736	4	44.44444444444444
Strep_C22511	4	44.44444444444444
Strep_C8670	4	44.44444444444444
Strep_C9402	4	44.44444444444444
Strep_C4743	4	44.44444444444444
Strep_C10265	4	44.44444444444444
Strep_C22516	4	44.44444444444444
Strep_C10938	4	44.44444444444444
Strep_C22517	4	44.44444444444444
Strep_C3100	4	44.44444444444444
Strep_C22518	4	44.44444444444444
Strep_C22519	4	44.44444444444444
Strep_C10264	4	44.44444444444444
Strep_C5769	4	44.44444444444444
Strep_C11027	4	44.44444444444444
Strep_C14267	4	44.44444444444444
Strep_C3206	4	44.44444444444444
Strep_C7752	4	44.44444444444444
Strep_C8634	4	44.44444444444444
Strep_C22524	4	44.44444444444444
Strep_C1809	4	44.44444444444444
Strep_C12955	4	44.44444444444444
Strep_C18089	4	44.44444444444444
Strep_C13906	4	44.44444444444444
Strep_C1426	4	44.44444444444444
Strep_C9323	4	44.44444444444444
Strep_C22493	4	44.44444444444444
Strep_C19870	4	44.44444444444444
Strep_C1106	4	44.44444444444444
Strep_C27031	4	44.44444444444444
Strep_C29097	4	44.44444444444444
Strep_C9955	4	44.44444444444444
Strep_C11022	4	44.44444444444444
Strep_C5758	4	44.44444444444444
Strep_C20011	4	44.44444444444444
Strep_C19873	4	44.44444444444444
Strep_C22705	4	44.44444444444444
Strep_C12844	4	44.44444444444444
Strep_C13291	4	44.44444444444444
Strep_C14249	4	44.44444444444444
Strep_C10135	4	44.44444444444444
Strep_C23990	4	44.44444444444444
Strep_C773	4	44.44444444444444
Strep_C18083	4	44.44444444444444
Strep_C18085	4	44.44444444444444
Strep_C5763	4	44.44444444444444
Strep_C11063	4	44.44444444444444
Strep_C2634	4	44.44444444444444
Strep_C5148	4	44.44444444444444
Strep_C12839	4	44.44444444444444
Strep_C7756	4	44.44444444444444
Strep_C12785	4	44.44444444444444
Strep_C3194	4	44.44444444444444
Strep_C18267	4	44.44444444444444
Strep_C11148	4	44.44444444444444
Strep_C9274	4	44.44444444444444
Strep_C9918	4	44.44444444444444
Strep_C13858	4	44.44444444444444
Strep_C5845	4	44.44444444444444
Strep_C14461	4	44.44444444444444
Strep_C28158	4	44.44444444444444
Strep_C11033	4	44.44444444444444
Strep_C22679	4	44.44444444444444
Strep_C18604	4	44.44444444444444
Strep_C4810	4	44.44444444444444
Strep_C23997	4	44.44444444444444
Strep_C583	4	44.44444444444444
Strep_C1156	4	44.44444444444444
Strep_C28190	4	44.44444444444444
Strep_C3110	4	44.44444444444444
Strep_C18138	4	44.44444444444444
Strep_C18139	4	44.44444444444444
Strep_C5562	4	44.44444444444444
Strep_C2402	4	44.44444444444444
Strep_C5159	4	44.44444444444444
Strep_C2255	4	44.44444444444444
Strep_C18611	4	44.44444444444444
Strep_C18121	4	44.44444444444444
Strep_C4953	4	44.44444444444444
Strep_C22684	4	44.44444444444444
Strep_C10136	4	44.44444444444444
Strep_C4816	4	44.44444444444444
Strep_C12837	4	44.44444444444444
Strep_C25327	4	44.44444444444444
Strep_C4815	4	44.44444444444444
Strep_C10137	4	44.44444444444444
Strep_C23001	4	44.44444444444444
Strep_C14487	4	44.44444444444444
Strep_C22530	4	44.44444444444444
Strep_C584	4	44.44444444444444
Strep_C5848	4	44.44444444444444
Strep_C3202	4	44.44444444444444
Strep_C18113	4	44.44444444444444
Strep_C14274	4	44.44444444444444
Strep_C4814	4	44.44444444444444
Strep_C18270	4	44.44444444444444
Strep_C27050	4	44.44444444444444
Strep_C2672	4	44.44444444444444
Strep_C3200	4	44.44444444444444
Strep_C1914	4	44.44444444444444
Strep_C14474	4	44.44444444444444
Strep_C14473	4	44.44444444444444
Strep_C8072	4	44.44444444444444
Strep_C3030	4	44.44444444444444
Strep_C30292	4	44.44444444444444
Strep_C25428	4	44.44444444444444
Strep_C7982	4	44.44444444444444
Strep_C25434	4	44.44444444444444
Strep_C22841	4	44.44444444444444
Strep_C14984	4	44.44444444444444
Strep_C7564	4	44.44444444444444
Strep_C23476	4	44.44444444444444
Strep_C10345	4	44.44444444444444
Strep_C13729	4	44.44444444444444
Strep_C1768	4	44.44444444444444
Strep_C27345	4	44.44444444444444
Strep_C17804	4	44.44444444444444
Strep_C22840	4	44.44444444444444
Strep_C22140	4	44.44444444444444
Strep_C22839	4	44.44444444444444
Strep_C9846	4	44.44444444444444
Strep_C20192	4	44.44444444444444
Strep_C5663	4	44.44444444444444
Strep_C22885	4	44.44444444444444
Strep_C13765	4	44.44444444444444
Strep_C5607	4	44.44444444444444
Strep_C4897	4	44.44444444444444
Strep_C29204	4	44.44444444444444
Strep_C20202	4	44.44444444444444
Strep_C4915	4	44.44444444444444
Strep_C4616	4	44.44444444444444
Strep_C17792	4	44.44444444444444
Strep_C22920	4	44.44444444444444
Strep_C9562	4	44.44444444444444
Strep_C24739	4	44.44444444444444
Strep_C14949	4	44.44444444444444
Strep_C27849	4	44.44444444444444
Strep_C10159	4	44.44444444444444
Strep_C19750	4	44.44444444444444
Strep_C13972	4	44.44444444444444
Strep_C19751	4	44.44444444444444
Strep_C14008	4	44.44444444444444
Strep_C18534	4	44.44444444444444
Strep_C4982	4	44.44444444444444
Strep_C13730	4	44.44444444444444
Strep_C17808	4	44.44444444444444
Strep_C1780	4	44.44444444444444
Strep_C18732	4	44.44444444444444
Strep_C12983	4	44.44444444444444
Strep_C17822	4	44.44444444444444
Strep_C8597	4	44.44444444444444
Strep_C497	4	44.44444444444444
Strep_C11438	4	44.44444444444444
Strep_C25438	4	44.44444444444444
Strep_C24112	4	44.44444444444444
Strep_C14827	4	44.44444444444444
Strep_C24900	4	44.44444444444444
Strep_C14825	4	44.44444444444444
Strep_C14824	4	44.44444444444444
Strep_C14998	4	44.44444444444444
Strep_C248	4	44.44444444444444
Strep_C23831	4	44.44444444444444
Strep_C1499	4	44.44444444444444
Strep_C7495	4	44.44444444444444
Strep_C5153	4	44.44444444444444
Strep_C19756	4	44.44444444444444
Strep_C5174	4	44.44444444444444
Strep_C9201	4	44.44444444444444
Strep_C5666	4	44.44444444444444
Strep_C27346	4	44.44444444444444
Strep_C3419	4	44.44444444444444
Strep_C336	4	44.44444444444444
Strep_C10343	4	44.44444444444444
Strep_C6011	4	44.44444444444444
Strep_C10969	4	44.44444444444444
Strep_C13973	4	44.44444444444444
Strep_C4896	4	44.44444444444444
Strep_C23590	4	44.44444444444444
Strep_C9200	4	44.44444444444444
Strep_C30376	4	44.44444444444444
Strep_C12668	4	44.44444444444444
Strep_C7497	4	44.44444444444444
Strep_C2811	4	44.44444444444444
Strep_C14022	4	44.44444444444444
Strep_C14995	4	44.44444444444444
Strep_C22833	4	44.44444444444444
Strep_C18713	4	44.44444444444444
Strep_C11111	4	44.44444444444444
Strep_C14919	4	44.44444444444444
Strep_C7519	4	44.44444444444444
Strep_C24861	4	44.44444444444444
Strep_C28113	4	44.44444444444444
Strep_C17772	4	44.44444444444444
Strep_C29699	4	44.44444444444444
Strep_C8735	4	44.44444444444444
Strep_C11736	4	44.44444444444444
Strep_C4627	4	44.44444444444444
Strep_C14961	4	44.44444444444444
Strep_C28892	4	44.44444444444444
Strep_C2908	4	44.44444444444444
Strep_C17777	4	44.44444444444444
Strep_C25429	4	44.44444444444444
Strep_C751	4	44.44444444444444
Strep_C1288	4	44.44444444444444
Strep_C9318	4	44.44444444444444
Strep_C14055	4	44.44444444444444
Strep_C7553	4	44.44444444444444
Strep_C19721	4	44.44444444444444
Strep_C603	4	44.44444444444444
Strep_C13282	4	44.44444444444444
Strep_C5502	4	44.44444444444444
Strep_C11720	4	44.44444444444444
Strep_C13738	4	44.44444444444444
Strep_C8734	4	44.44444444444444
Strep_C8743	4	44.44444444444444
Strep_C14046	4	44.44444444444444
Strep_C5176	4	44.44444444444444
Strep_C2021	4	44.44444444444444
Strep_C5175	4	44.44444444444444
Strep_C27906	4	44.44444444444444
Strep_C4899	4	44.44444444444444
Strep_C5143	4	44.44444444444444
Strep_C4620	4	44.44444444444444
Strep_C10955	4	44.44444444444444
Strep_C7517	4	44.44444444444444
Strep_C6062	4	44.44444444444444
Strep_C17718	4	44.44444444444444
Strep_C23923	4	44.44444444444444
Strep_C1264	4	44.44444444444444
Strep_C9849	4	44.44444444444444
Strep_C10349	4	44.44444444444444
Strep_C19584	4	44.44444444444444
Strep_C8038	4	44.44444444444444
Strep_C5606	4	44.44444444444444
Strep_C2542	4	44.44444444444444
Strep_C14870	4	44.44444444444444
Strep_C24725	4	44.44444444444444
Strep_C20225	4	44.44444444444444
Strep_C12640	4	44.44444444444444
Strep_C10962	4	44.44444444444444
Strep_C1849	4	44.44444444444444
Strep_C14867	4	44.44444444444444
Strep_C17787	4	44.44444444444444
Strep_C22917	4	44.44444444444444
Strep_C2486	4	44.44444444444444
Strep_C30369	4	44.44444444444444
Strep_C10945	4	44.44444444444444
Strep_C10121	4	44.44444444444444
Strep_C6070	4	44.44444444444444
Strep_C28115	4	44.44444444444444
Strep_C8035	4	44.44444444444444
Strep_C23104	4	44.44444444444444
Strep_C14951	4	44.44444444444444
Strep_C10376	4	44.44444444444444
Strep_C23517	4	44.44444444444444
Strep_C23102	4	44.44444444444444
Strep_C14879	4	44.44444444444444
Strep_C9199	4	44.44444444444444
Strep_C13735	4	44.44444444444444
Strep_C11716	4	44.44444444444444
Strep_C605	4	44.44444444444444
Strep_C13971	4	44.44444444444444
Strep_C14909	4	44.44444444444444
Strep_C22877	4	44.44444444444444
Strep_C23103	4	44.44444444444444
Strep_C28764	4	44.44444444444444
Strep_C14874	4	44.44444444444444
Strep_C3391	4	44.44444444444444
Strep_C24903	4	44.44444444444444
Strep_C3356	4	44.44444444444444
Strep_C5518	4	44.44444444444444
Strep_C24731	4	44.44444444444444
Strep_C11157	4	44.44444444444444
Strep_C9296	4	44.44444444444444
Strep_C27376	4	44.44444444444444
Strep_C4657	4	44.44444444444444
Strep_C25203	4	44.44444444444444
Strep_C11422	4	44.44444444444444
Strep_C25394	4	44.44444444444444
Strep_C24099	4	44.44444444444444
Strep_C2523	4	44.44444444444444
Strep_C196	4	44.44444444444444
Strep_C5616	4	44.44444444444444
Strep_C7525	4	44.44444444444444
Strep_C859	4	44.44444444444444
Strep_C5683	4	44.44444444444444
Strep_C26605	4	44.44444444444444
Strep_C1398	4	44.44444444444444
Strep_C4877	4	44.44444444444444
Strep_C29701	4	44.44444444444444
Strep_C1786	4	44.44444444444444
Strep_C13783	4	44.44444444444444
Strep_C14771	4	44.44444444444444
Strep_C11693	4	44.44444444444444
Strep_C20272	4	44.44444444444444
Strep_C24101	4	44.44444444444444
Strep_C18420	4	44.44444444444444
Strep_C18419	4	44.44444444444444
Strep_C1501	4	44.44444444444444
Strep_C24729	4	44.44444444444444
Strep_C13743	4	44.44444444444444
Strep_C8618	4	44.44444444444444
Strep_C4879	4	44.44444444444444
Strep_C13240	4	44.44444444444444
Strep_C17867	4	44.44444444444444
Strep_C1123	4	44.44444444444444
Strep_C5681	4	44.44444444444444
Strep_C11691	4	44.44444444444444
Strep_C11156	4	44.44444444444444
Strep_C8596	4	44.44444444444444
Strep_C20234	4	44.44444444444444
Strep_C13947	4	44.44444444444444
Strep_C3324	4	44.44444444444444
Strep_C17732	4	44.44444444444444
Strep_C11500	4	44.44444444444444
Strep_C3469	4	44.44444444444444
Strep_C24746	4	44.44444444444444
Strep_C875	4	44.44444444444444
Strep_C2484	4	44.44444444444444
Strep_C5492	4	44.44444444444444
Strep_C14759	4	44.44444444444444
Strep_C8619	4	44.44444444444444
Strep_C22339	4	44.44444444444444
Strep_C25215	4	44.44444444444444
Strep_C12900	4	44.44444444444444
Strep_C15031	4	44.44444444444444
Strep_C30324	4	44.44444444444444
Strep_C13243	4	44.44444444444444
Strep_C24169	4	44.44444444444444
Strep_C7482	4	44.44444444444444
Strep_C13740	4	44.44444444444444
Strep_C5975	4	44.44444444444444
Strep_C25208	4	44.44444444444444
Strep_C20151	4	44.44444444444444
Strep_C27060	4	44.44444444444444
Strep_C13979	4	44.44444444444444
Strep_C8049	4	44.44444444444444
Strep_C18669	4	44.44444444444444
Strep_C7484	4	44.44444444444444
Strep_C19788	4	44.44444444444444
Strep_C17736	4	44.44444444444444
Strep_C17880	4	44.44444444444444
Strep_C17734	4	44.44444444444444
Strep_C847	4	44.44444444444444
Strep_C9196	4	44.44444444444444
Strep_C20148	4	44.44444444444444
Strep_C25441	4	44.44444444444444
Strep_C5609	4	44.44444444444444
Strep_C22183	4	44.44444444444444
Strep_C1955	4	44.44444444444444
Strep_C29946	4	44.44444444444444
Strep_C3354	4	44.44444444444444
Strep_C6004	4	44.44444444444444
Strep_C5519	4	44.44444444444444
Strep_C18537	4	44.44444444444444
Strep_C22189	4	44.44444444444444
Strep_C14091	4	44.44444444444444
Strep_C22127	4	44.44444444444444
Strep_C18678	4	44.44444444444444
Strep_C22891	4	44.44444444444444
Strep_C29777	4	44.44444444444444
Strep_C8167	4	44.44444444444444
Strep_C6002	4	44.44444444444444
Strep_C2620	4	44.44444444444444
Strep_C4974	4	44.44444444444444
Strep_C29112	4	44.44444444444444
Strep_C12629	4	44.44444444444444
Strep_C10180	4	44.44444444444444
Strep_C14946	4	44.44444444444444
Strep_C4882	4	44.44444444444444
Strep_C22282	4	44.44444444444444
Strep_C1312	4	44.44444444444444
Strep_C23909	4	44.44444444444444
Strep_C19253	4	44.44444444444444
Strep_C9468	4	44.44444444444444
Strep_C3355	4	44.44444444444444
Strep_C604	4	44.44444444444444
Strep_C9841	4	44.44444444444444
Strep_C3317	4	44.44444444444444
Strep_C2763	4	44.44444444444444
Strep_C2017	4	44.44444444444444
Strep_C22801	4	44.44444444444444
Strep_C19763	4	44.44444444444444
Strep_C22284	4	44.44444444444444
Strep_C2391	4	44.44444444444444
Strep_C14812	4	44.44444444444444
Strep_C12613	4	44.44444444444444
Strep_C22290	4	44.44444444444444
Strep_C18668	4	44.44444444444444
Strep_C12636	4	44.44444444444444
Strep_C18481	4	44.44444444444444
Strep_C9485	4	44.44444444444444
Strep_C14098	4	44.44444444444444
Strep_C5679	4	44.44444444444444
Strep_C17851	4	44.44444444444444
Strep_C19733	4	44.44444444444444
Strep_C9554	4	44.44444444444444
Strep_C8756	4	44.44444444444444
Strep_C14944	4	44.44444444444444
Strep_C23114	4	44.44444444444444
Strep_C20166	4	44.44444444444444
Strep_C11698	4	44.44444444444444
Strep_C22184	4	44.44444444444444
Strep_C18673	4	44.44444444444444
Strep_C22867	4	44.44444444444444
Strep_C6058	4	44.44444444444444
Strep_C1409	4	44.44444444444444
Strep_C11441	4	44.44444444444444
Strep_C2958	4	44.44444444444444
Strep_C18479	4	44.44444444444444
Strep_C14096	4	44.44444444444444
Strep_C1842	4	44.44444444444444
Strep_C1371	4	44.44444444444444
Strep_C6001	4	44.44444444444444
Strep_C10970	4	44.44444444444444
Strep_C19166	4	44.44444444444444
Strep_C5623	4	44.44444444444444
Strep_C20173	4	44.44444444444444
Strep_C599	4	44.44444444444444
Strep_C11106	4	44.44444444444444
Strep_C17842	4	44.44444444444444
Strep_C20171	4	44.44444444444444
Strep_C2669	4	44.44444444444444
Strep_C11726	4	44.44444444444444
Strep_C18676	4	44.44444444444444
Strep_C19695	4	44.44444444444444
Strep_C6551	3	33.33333333333333
Strep_C28845	3	33.33333333333333
Strep_C11241	3	33.33333333333333
Strep_C20835	3	33.33333333333333
Strep_C11570	3	33.33333333333333
Strep_C5631	3	33.33333333333333
Strep_C11351	3	33.33333333333333
Strep_C4903	3	33.33333333333333
Strep_C19332	3	33.33333333333333
Strep_C16826	3	33.33333333333333
Strep_C12020	3	33.33333333333333
Strep_C6556	3	33.33333333333333
Strep_C10778	3	33.33333333333333
Strep_C28846	3	33.33333333333333
Strep_C16829	3	33.33333333333333
Strep_C19897	3	33.33333333333333
Strep_C19893	3	33.33333333333333
Strep_C5696	3	33.33333333333333
Strep_C28559	3	33.33333333333333
Strep_C2079	3	33.33333333333333
Strep_C5279	3	33.33333333333333
Strep_C5619	3	33.33333333333333
Strep_C16877	3	33.33333333333333
Strep_C9518	3	33.33333333333333
Strep_C24819	3	33.33333333333333
Strep_C10699	3	33.33333333333333
Strep_C19701	3	33.33333333333333
Strep_C9487	3	33.33333333333333
Strep_C19080	3	33.33333333333333
Strep_C20803	3	33.33333333333333
Strep_C1932	3	33.33333333333333
Strep_C11492	3	33.33333333333333
Strep_C11121	3	33.33333333333333
Strep_C19323	3	33.33333333333333
Strep_C18238	3	33.33333333333333
Strep_C5347	3	33.33333333333333
Strep_C18225	3	33.33333333333333
Strep_C10783	3	33.33333333333333
Strep_C4275	3	33.33333333333333
Strep_C5278	3	33.33333333333333
Strep_C10795	3	33.33333333333333
Strep_C19115	3	33.33333333333333
Strep_C10794	3	33.33333333333333
Strep_C18215	3	33.33333333333333
Strep_C4287	3	33.33333333333333
Strep_C9443	3	33.33333333333333
Strep_C9483	3	33.33333333333333
Strep_C9261	3	33.33333333333333
Strep_C6742	3	33.33333333333333
Strep_C4277	3	33.33333333333333
Strep_C11141	3	33.33333333333333
Strep_C24566	3	33.33333333333333
Strep_C19401	3	33.33333333333333
Strep_C9519	3	33.33333333333333
Strep_C25763	3	33.33333333333333
Strep_C25212	3	33.33333333333333
Strep_C5089	3	33.33333333333333
Strep_C25042	3	33.33333333333333
Strep_C25670	3	33.33333333333333
Strep_C19900	3	33.33333333333333
Strep_C5781	3	33.33333333333333
Strep_C25672	3	33.33333333333333
Strep_C1824	3	33.33333333333333
Strep_C12013	3	33.33333333333333
Strep_C8996	3	33.33333333333333
Strep_C11302	3	33.33333333333333
Strep_C12014	3	33.33333333333333
Strep_C25288	3	33.33333333333333
Strep_C5779	3	33.33333333333333
Strep_C19065	3	33.33333333333333
Strep_C16515	3	33.33333333333333
Strep_C18257	3	33.33333333333333
Strep_C12017	3	33.33333333333333
Strep_C4910	3	33.33333333333333
Strep_C5284	3	33.33333333333333
Strep_C9687	3	33.33333333333333
Strep_C21066	3	33.33333333333333
Strep_C426	3	33.33333333333333
Strep_C6530	3	33.33333333333333
Strep_C12001	3	33.33333333333333
Strep_C11581	3	33.33333333333333
Strep_C29356	3	33.33333333333333
Strep_C2575	3	33.33333333333333
Strep_C6731	3	33.33333333333333
Strep_C9309	3	33.33333333333333
Strep_C28898	3	33.33333333333333
Strep_C18504	3	33.33333333333333
Strep_C16858	3	33.33333333333333
Strep_C16857	3	33.33333333333333
Strep_C21077	3	33.33333333333333
Strep_C9271	3	33.33333333333333
Strep_C25292	3	33.33333333333333
Strep_C6580	3	33.33333333333333
Strep_C16822	3	33.33333333333333
Strep_C5596	3	33.33333333333333
Strep_C18338	3	33.33333333333333
Strep_C5733	3	33.33333333333333
Strep_C19213	3	33.33333333333333
Strep_C19764	3	33.33333333333333
Strep_C5675	3	33.33333333333333
Strep_C27747	3	33.33333333333333
Strep_C19206	3	33.33333333333333
Strep_C19123	3	33.33333333333333
Strep_C572	3	33.33333333333333
Strep_C16613	3	33.33333333333333
Strep_C18554	3	33.33333333333333
Strep_C11542	3	33.33333333333333
Strep_C12060	3	33.33333333333333
Strep_C19691	3	33.33333333333333
Strep_C19006	3	33.33333333333333
Strep_C6621	3	33.33333333333333
Strep_C11086	3	33.33333333333333
Strep_C18354	3	33.33333333333333
Strep_C18428	3	33.33333333333333
Strep_C16702	3	33.33333333333333
Strep_C19372	3	33.33333333333333
Strep_C19759	3	33.33333333333333
Strep_C16700	3	33.33333333333333
Strep_C16599	3	33.33333333333333
Strep_C19374	3	33.33333333333333
Strep_C19753	3	33.33333333333333
Strep_C5126	3	33.33333333333333
Strep_C29325	3	33.33333333333333
Strep_C11510	3	33.33333333333333
Strep_C11258	3	33.33333333333333
Strep_C4840	3	33.33333333333333
Strep_C19048	3	33.33333333333333
Strep_C18321	3	33.33333333333333
Strep_C5593	3	33.33333333333333
Strep_C12059	3	33.33333333333333
Strep_C4929	3	33.33333333333333
Strep_C9419	3	33.33333333333333
Strep_C4140	3	33.33333333333333
Strep_C25199	3	33.33333333333333
Strep_C27069	3	33.33333333333333
Strep_C21009	3	33.33333333333333
Strep_C19046	3	33.33333333333333
Strep_C2714	3	33.33333333333333
Strep_C11550	3	33.33333333333333
Strep_C1208	3	33.33333333333333
Strep_C20926	3	33.33333333333333
Strep_C11554	3	33.33333333333333
Strep_C24514	3	33.33333333333333
Strep_C19022	3	33.33333333333333
Strep_C19789	3	33.33333333333333
Strep_C1912	3	33.33333333333333
Strep_C24847	3	33.33333333333333
Strep_C9294	3	33.33333333333333
Strep_C16664	3	33.33333333333333
Strep_C20955	3	33.33333333333333
Strep_C5701	3	33.33333333333333
Strep_C16662	3	33.33333333333333
Strep_C4172	3	33.33333333333333
Strep_C19279	3	33.33333333333333
Strep_C19023	3	33.33333333333333
Strep_C18400	3	33.33333333333333
Strep_C16648	3	33.33333333333333
Strep_C486	3	33.33333333333333
Strep_C19354	3	33.33333333333333
Strep_C16650	3	33.33333333333333
Strep_C9667	3	33.33333333333333
Strep_C19792	3	33.33333333333333
Strep_C18396	3	33.33333333333333
Strep_C55	3	33.33333333333333
Strep_C27057	3	33.33333333333333
Strep_C9021	3	33.33333333333333
Strep_C25252	3	33.33333333333333
Strep_C419	3	33.33333333333333
Strep_C19343	3	33.33333333333333
Strep_C4199	3	33.33333333333333
Strep_C24855	3	33.33333333333333
Strep_C19822	3	33.33333333333333
Strep_C12068	3	33.33333333333333
Strep_C27743	3	33.33333333333333
Strep_C20987	3	33.33333333333333
Strep_C1108	3	33.33333333333333
Strep_C12083	3	33.33333333333333
Strep_C25714	3	33.33333333333333
Strep_C25251	3	33.33333333333333
Strep_C20936	3	33.33333333333333
Strep_C19033	3	33.33333333333333
Strep_C16638	3	33.33333333333333
Strep_C5682	3	33.33333333333333
Strep_C19361	3	33.33333333333333
Strep_C16641	3	33.33333333333333
Strep_C11334	3	33.33333333333333
Strep_C16678	3	33.33333333333333
Strep_C6604	3	33.33333333333333
Strep_C19289	3	33.33333333333333
Strep_C19135	3	33.33333333333333
Strep_C11507	3	33.33333333333333
Strep_C12029	3	33.33333333333333
Strep_C24548	3	33.33333333333333
Strep_C19054	3	33.33333333333333
Strep_C5649	3	33.33333333333333
Strep_C4232	3	33.33333333333333
Strep_C1121	3	33.33333333333333
Strep_C6569	3	33.33333333333333
Strep_C6706	3	33.33333333333333
Strep_C2884	3	33.33333333333333
Strep_C20866	3	33.33333333333333
Strep_C29350	3	33.33333333333333
Strep_C20867	3	33.33333333333333
Strep_C4228	3	33.33333333333333
Strep_C5246	3	33.33333333333333
Strep_C11137	3	33.33333333333333
Strep_C481	3	33.33333333333333
Strep_C24829	3	33.33333333333333
Strep_C2934	3	33.33333333333333
Strep_C20872	3	33.33333333333333
Strep_C19385	3	33.33333333333333
Strep_C18276	3	33.33333333333333
Strep_C16803	3	33.33333333333333
Strep_C19226	3	33.33333333333333
Strep_C1680	3	33.33333333333333
Strep_C6716	3	33.33333333333333
Strep_C16820	3	33.33333333333333
Strep_C28560	3	33.33333333333333
Strep_C28607	3	33.33333333333333
Strep_C6712	3	33.33333333333333
Strep_C5641	3	33.33333333333333
Strep_C25073	3	33.33333333333333
Strep_C9435	3	33.33333333333333
Strep_C10774	3	33.33333333333333
Strep_C4243	3	33.33333333333333
Strep_C11228	3	33.33333333333333
Strep_C18477	3	33.33333333333333
Strep_C5643	3	33.33333333333333
Strep_C20847	3	33.33333333333333
Strep_C18474	3	33.33333333333333
Strep_C18473	3	33.33333333333333
Strep_C19887	3	33.33333333333333
Strep_C5645	3	33.33333333333333
Strep_C16804	3	33.33333333333333
Strep_C6709	3	33.33333333333333
Strep_C4124	3	33.33333333333333
Strep_C657	3	33.33333333333333
Strep_C6686	3	33.33333333333333
Strep_C16568	3	33.33333333333333
Strep_C20889	3	33.33333333333333
Strep_C19377	3	33.33333333333333
Strep_C20891	3	33.33333333333333
Strep_C6599	3	33.33333333333333
Strep_C12049	3	33.33333333333333
Strep_C18312	3	33.33333333333333
Strep_C18564	3	33.33333333333333
Strep_C18562	3	33.33333333333333
Strep_C20899	3	33.33333333333333
Strep_C2900	3	33.33333333333333
Strep_C29029	3	33.33333333333333
Strep_C21035	3	33.33333333333333
Strep_C4132	3	33.33333333333333
Strep_C4133	3	33.33333333333333
Strep_C565	3	33.33333333333333
Strep_C2089	3	33.33333333333333
Strep_C19856	3	33.33333333333333
Strep_C9014	3	33.33333333333333
Strep_C4834	3	33.33333333333333
Strep_C19692	3	33.33333333333333
Strep_C9280	3	33.33333333333333
Strep_C25693	3	33.33333333333333
Strep_C19086	3	33.33333333333333
Strep_C5751	3	33.33333333333333
Strep_C16777	3	33.33333333333333
Strep_C16546	3	33.33333333333333
Strep_C10710	3	33.33333333333333
Strep_C24517	3	33.33333333333333
Strep_C11486	3	33.33333333333333
Strep_C16550	3	33.33333333333333
Strep_C1911	3	33.33333333333333
Strep_C16773	3	33.33333333333333
Strep_C5752	3	33.33333333333333
Strep_C11349	3	33.33333333333333
Strep_C24541	3	33.33333333333333
Strep_C5127	3	33.33333333333333
Strep_C10770	3	33.33333333333333
Strep_C9681	3	33.33333333333333
Strep_C20881	3	33.33333333333333
Strep_C4827	3	33.33333333333333
Strep_C19747	3	33.33333333333333
Strep_C4828	3	33.33333333333333
Strep_C5101	3	33.33333333333333
Strep_C4829	3	33.33333333333333
Strep_C9574	3	33.33333333333333
Strep_C5067	3	33.33333333333333
Strep_C5210	3	33.33333333333333
Strep_C17852	3	33.33333333333333
Strep_C20476	3	33.33333333333333
Strep_C25518	3	33.33333333333333
Strep_C20475	3	33.33333333333333
Strep_C4651	3	33.33333333333333
Strep_C9552	3	33.33333333333333
Strep_C17854	3	33.33333333333333
Strep_C19164	3	33.33333333333333
Strep_C17350	3	33.33333333333333
Strep_C5999	3	33.33333333333333
Strep_C27017	3	33.33333333333333
Strep_C17847	3	33.33333333333333
Strep_C17841	3	33.33333333333333
Strep_C20466	3	33.33333333333333
Strep_C4642	3	33.33333333333333
Strep_C5990	3	33.33333333333333
Strep_C20477	3	33.33333333333333
Strep_C29243	3	33.33333333333333
Strep_C27558	3	33.33333333333333
Strep_C17868	3	33.33333333333333
Strep_C25521	3	33.33333333333333
Strep_C10889	3	33.33333333333333
Strep_C25396	3	33.33333333333333
Strep_C4658	3	33.33333333333333
Strep_C25392	3	33.33333333333333
Strep_C11444	3	33.33333333333333
Strep_C17362	3	33.33333333333333
Strep_C17360	3	33.33333333333333
Strep_C17359	3	33.33333333333333
Strep_C6259	3	33.33333333333333
Strep_C28776	3	33.33333333333333
Strep_C17352	3	33.33333333333333
Strep_C24663	3	33.33333333333333
Strep_C19501	3	33.33333333333333
Strep_C19502	3	33.33333333333333
Strep_C20434	3	33.33333333333333
Strep_C2512	3	33.33333333333333
Strep_C27695	3	33.33333333333333
Strep_C11437	3	33.33333333333333
Strep_C17803	3	33.33333333333333
Strep_C11286	3	33.33333333333333
Strep_C6211	3	33.33333333333333
Strep_C18691	3	33.33333333333333
Strep_C17811	3	33.33333333333333
Strep_C18690	3	33.33333333333333
Strep_C29195	3	33.33333333333333
Strep_C28770	3	33.33333333333333
Strep_C11159	3	33.33333333333333
Strep_C20431	3	33.33333333333333
Strep_C1742	3	33.33333333333333
Strep_C10897	3	33.33333333333333
Strep_C17831	3	33.33333333333333
Strep_C6221	3	33.33333333333333
Strep_C2466	3	33.33333333333333
Strep_C9202	3	33.33333333333333
Strep_C12143	3	33.33333333333333
Strep_C17826	3	33.33333333333333
Strep_C20453	3	33.33333333333333
Strep_C6228	3	33.33333333333333
Strep_C17404	3	33.33333333333333
Strep_C933	3	33.33333333333333
Strep_C17828	3	33.33333333333333
Strep_C17400	3	33.33333333333333
Strep_C4478	3	33.33333333333333
Strep_C20458	3	33.33333333333333
Strep_C26986	3	33.33333333333333
Strep_C20489	3	33.33333333333333
Strep_C4663	3	33.33333333333333
Strep_C11818	3	33.33333333333333
Strep_C1087	3	33.33333333333333
Strep_C5959	3	33.33333333333333
Strep_C17285	3	33.33333333333333
Strep_C2500	3	33.33333333333333
Strep_C4433	3	33.33333333333333
Strep_C5425	3	33.33333333333333
Strep_C4677	3	33.33333333333333
Strep_C17919	3	33.33333333333333
Strep_C29248	3	33.33333333333333
Strep_C20513	3	33.33333333333333
Strep_C20511	3	33.33333333333333
Strep_C2758	3	33.33333333333333
Strep_C2894	3	33.33333333333333
Strep_C5043	3	33.33333333333333
Strep_C4965	3	33.33333333333333
Strep_C17924	3	33.33333333333333
Strep_C29182	3	33.33333333333333
Strep_C9358	3	33.33333333333333
Strep_C9359	3	33.33333333333333
Strep_C6304	3	33.33333333333333
Strep_C25551	3	33.33333333333333
Strep_C17930	3	33.33333333333333
Strep_C5421	3	33.33333333333333
Strep_C27024	3	33.33333333333333
Strep_C9434	3	33.33333333333333
Strep_C17932	3	33.33333333333333
Strep_C20105	3	33.33333333333333
Strep_C20103	3	33.33333333333333
Strep_C4963	3	33.33333333333333
Strep_C5538	3	33.33333333333333
Strep_C25553	3	33.33333333333333
Strep_C468	3	33.33333333333333
Strep_C25171	3	33.33333333333333
Strep_C10881	3	33.33333333333333
Strep_C5963	3	33.33333333333333
Strep_C9355	3	33.33333333333333
Strep_C11853	3	33.33333333333333
Strep_C20142	3	33.33333333333333
Strep_C11854	3	33.33333333333333
Strep_C20139	3	33.33333333333333
Strep_C11396	3	33.33333333333333
Strep_C11681	3	33.33333333333333
Strep_C17897	3	33.33333333333333
Strep_C1185	3	33.33333333333333
Strep_C18820	3	33.33333333333333
Strep_C20130	3	33.33333333333333
Strep_C19607	3	33.33333333333333
Strep_C17334	3	33.33333333333333
Strep_C4455	3	33.33333333333333
Strep_C29249	3	33.33333333333333
Strep_C17330	3	33.33333333333333
Strep_C17910	3	33.33333333333333
Strep_C4453	3	33.33333333333333
Strep_C4451	3	33.33333333333333
Strep_C5965	3	33.33333333333333
Strep_C18823	3	33.33333333333333
Strep_C11394	3	33.33333333333333
Strep_C11861	3	33.33333333333333
Strep_C19610	3	33.33333333333333
Strep_C11448	3	33.33333333333333
Strep_C20502	3	33.33333333333333
Strep_C17906	3	33.33333333333333
Strep_C444	3	33.33333333333333
Strep_C20508	3	33.33333333333333
Strep_C5040	3	33.33333333333333
Strep_C20128	3	33.33333333333333
Strep_C25499	3	33.33333333333333
Strep_C24902	3	33.33333333333333
Strep_C20098	3	33.33333333333333
Strep_C957	3	33.33333333333333
Strep_C17583	3	33.33333333333333
Strep_C5017	3	33.33333333333333
Strep_C17705	3	33.33333333333333
Strep_C1177	3	33.33333333333333
Strep_C17587	3	33.33333333333333
Strep_C946	3	33.33333333333333
Strep_C28752	3	33.33333333333333
Strep_C11791	3	33.33333333333333
Strep_C18729	3	33.33333333333333
Strep_C25457	3	33.33333333333333
Strep_C1759	3	33.33333333333333
Strep_C17686	3	33.33333333333333
Strep_C24919	3	33.33333333333333
Strep_C6121	3	33.33333333333333
Strep_C10947	3	33.33333333333333
Strep_C4993	3	33.33333333333333
Strep_C17710	3	33.33333333333333
Strep_C19525	3	33.33333333333333
Strep_C246	3	33.33333333333333
Strep_C10949	3	33.33333333333333
Strep_C18770	3	33.33333333333333
Strep_C6063	3	33.33333333333333
Strep_C6138	3	33.33333333333333
Strep_C10920	3	33.33333333333333
Strep_C18774	3	33.33333333333333
Strep_C27198	3	33.33333333333333
Strep_C20340	3	33.33333333333333
Strep_C4611	3	33.33333333333333
Strep_C6146	3	33.33333333333333
Strep_C18726	3	33.33333333333333
Strep_C4544	3	33.33333333333333
Strep_C20266	3	33.33333333333333
Strep_C4594	3	33.33333333333333
Strep_C18735	3	33.33333333333333
Strep_C6102	3	33.33333333333333
Strep_C2920	3	33.33333333333333
Strep_C9407	3	33.33333333333333
Strep_C4586	3	33.33333333333333
Strep_C9186	3	33.33333333333333
Strep_C9575	3	33.33333333333333
Strep_C6091	3	33.33333333333333
Strep_C24914	3	33.33333333333333
Strep_C4588	3	33.33333333333333
Strep_C513	3	33.33333333333333
Strep_C6085	3	33.33333333333333
Strep_C6084	3	33.33333333333333
Strep_C6083	3	33.33333333333333
Strep_C9178	3	33.33333333333333
Strep_C17671	3	33.33333333333333
Strep_C25150	3	33.33333333333333
Strep_C4568	3	33.33333333333333
Strep_C6104	3	33.33333333333333
Strep_C17635	3	33.33333333333333
Strep_C17634	3	33.33333333333333
Strep_C17633	3	33.33333333333333
Strep_C6081	3	33.33333333333333
Strep_C9177	3	33.33333333333333
Strep_C6110	3	33.33333333333333
Strep_C6111	3	33.33333333333333
Strep_C19173	3	33.33333333333333
Strep_C17621	3	33.33333333333333
Strep_C20270	3	33.33333333333333
Strep_C2026	3	33.33333333333333
Strep_C9572	3	33.33333333333333
Strep_C17619	3	33.33333333333333
Strep_C25466	3	33.33333333333333
Strep_C17550	3	33.33333333333333
Strep_C1779	3	33.33333333333333
Strep_C5455	3	33.33333333333333
Strep_C6189	3	33.33333333333333
Strep_C6031	3	33.33333333333333
Strep_C17481	3	33.33333333333333
Strep_C27407	3	33.33333333333333
Strep_C19583	3	33.33333333333333
Strep_C2039	3	33.33333333333333
Strep_C19513	3	33.33333333333333
Strep_C6150	3	33.33333333333333
Strep_C18706	3	33.33333333333333
Strep_C17776	3	33.33333333333333
Strep_C17775	3	33.33333333333333
Strep_C24735	3	33.33333333333333
Strep_C2708	3	33.33333333333333
Strep_C4625	3	33.33333333333333
Strep_C20407	3	33.33333333333333
Strep_C4506	3	33.33333333333333
Strep_C17474	3	33.33333333333333
Strep_C10961	3	33.33333333333333
Strep_C11714	3	33.33333333333333
Strep_C4505	3	33.33333333333333
Strep_C11713	3	33.33333333333333
Strep_C17469	3	33.33333333333333
Strep_C6026	3	33.33333333333333
Strep_C4983	3	33.33333333333333
Strep_C17465	3	33.33333333333333
Strep_C20412	3	33.33333333333333
Strep_C19179	3	33.33333333333333
Strep_C20195	3	33.33333333333333
Strep_C4500	3	33.33333333333333
Strep_C11712	3	33.33333333333333
Strep_C27207	3	33.33333333333333
Strep_C6182	3	33.33333333333333
Strep_C28760	3	33.33333333333333
Strep_C4515	3	33.33333333333333
Strep_C24687	3	33.33333333333333
Strep_C5491	3	33.33333333333333
Strep_C17544	3	33.33333333333333
Strep_C17543	3	33.33333333333333
Strep_C11403	3	33.33333333333333
Strep_C1877	3	33.33333333333333
Strep_C17737	3	33.33333333333333
Strep_C24691	3	33.33333333333333
Strep_C20362	3	33.33333333333333
Strep_C5140	3	33.33333333333333
Strep_C1773	3	33.33333333333333
Strep_C24689	3	33.33333333333333
Strep_C6153	3	33.33333333333333
Strep_C9160	3	33.33333333333333
Strep_C2022	3	33.33333333333333
Strep_C11725	3	33.33333333333333
Strep_C1870	3	33.33333333333333
Strep_C19578	3	33.33333333333333
Strep_C11724	3	33.33333333333333
Strep_C17521	3	33.33333333333333
Strep_C6046	3	33.33333333333333
Strep_C1090	3	33.33333333333333
Strep_C25475	3	33.33333333333333
Strep_C11803	3	33.33333333333333
Strep_C6043	3	33.33333333333333
Strep_C19178	3	33.33333333333333
Strep_C6170	3	33.33333333333333
Strep_C25479	3	33.33333333333333
Strep_C2037	3	33.33333333333333
Strep_C17756	3	33.33333333333333
Strep_C20220	3	33.33333333333333
Strep_C10994	3	33.33333333333333
Strep_C17947	3	33.33333333333333
Strep_C10797	3	33.33333333333333
Strep_C18128	3	33.33333333333333
Strep_C9528	3	33.33333333333333
Strep_C4339	3	33.33333333333333
Strep_C11458	3	33.33333333333333
Strep_C18609	3	33.33333333333333
Strep_C5375	3	33.33333333333333
Strep_C17021	3	33.33333333333333
Strep_C18919	3	33.33333333333333
Strep_C5563	3	33.33333333333333
Strep_C27533	3	33.33333333333333
Strep_C11624	3	33.33333333333333
Strep_C18916	3	33.33333333333333
Strep_C27534	3	33.33333333333333
Strep_C18125	3	33.33333333333333
Strep_C18124	3	33.33333333333333
Strep_C29063	3	33.33333333333333
Strep_C24598	3	33.33333333333333
Strep_C26960	3	33.33333333333333
Strep_C27098	3	33.33333333333333
Strep_C20704	3	33.33333333333333
Strep_C4330	3	33.33333333333333
Strep_C1813	3	33.33333333333333
Strep_C5838	3	33.33333333333333
Strep_C6451	3	33.33333333333333
Strep_C29280	3	33.33333333333333
Strep_C4760	3	33.33333333333333
Strep_C11202	3	33.33333333333333
Strep_C10815	3	33.33333333333333
Strep_C1161	3	33.33333333333333
Strep_C5165	3	33.33333333333333
Strep_C6456	3	33.33333333333333
Strep_C6457	3	33.33333333333333
Strep_C10823	3	33.33333333333333
Strep_C20686	3	33.33333333333333
Strep_C5847	3	33.33333333333333
Strep_C5854	3	33.33333333333333
Strep_C9237	3	33.33333333333333
Strep_C5864	3	33.33333333333333
Strep_C5387	3	33.33333333333333
Strep_C5553	3	33.33333333333333
Strep_C24789	3	33.33333333333333
Strep_C19449	3	33.33333333333333
Strep_C17068	3	33.33333333333333
Strep_C18095	3	33.33333333333333
Strep_C18903	3	33.33333333333333
Strep_C18904	3	33.33333333333333
Strep_C18906	3	33.33333333333333
Strep_C17058	3	33.33333333333333
Strep_C17057	3	33.33333333333333
Strep_C25615	3	33.33333333333333
Strep_C25616	3	33.33333333333333
Strep_C11625	3	33.33333333333333
Strep_C19443	3	33.33333333333333
Strep_C25617	3	33.33333333333333
Strep_C17048	3	33.33333333333333
Strep_C10827	3	33.33333333333333
Strep_C17045	3	33.33333333333333
Strep_C29270	3	33.33333333333333
Strep_C18109	3	33.33333333333333
Strep_C19440	3	33.33333333333333
Strep_C17038	3	33.33333333333333
Strep_C17037	3	33.33333333333333
Strep_C10825	3	33.33333333333333
Strep_C29099	3	33.33333333333333
Strep_C11949	3	33.33333333333333
Strep_C24995	3	33.33333333333333
Strep_C27112	3	33.33333333333333
Strep_C11204	3	33.33333333333333
Strep_C5866	3	33.33333333333333
Strep_C27719	3	33.33333333333333
Strep_C18201	3	33.33333333333333
Strep_C11464	3	33.33333333333333
Strep_C24987	3	33.33333333333333
Strep_C16925	3	33.33333333333333
Strep_C19666	3	33.33333333333333
Strep_C16928	3	33.33333333333333
Strep_C1692	3	33.33333333333333
Strep_C28824	3	33.33333333333333
Strep_C11978	3	33.33333333333333
Strep_C4786	3	33.33333333333333
Strep_C18197	3	33.33333333333333
Strep_C4782	3	33.33333333333333
Strep_C5809	3	33.33333333333333
Strep_C11977	3	33.33333333333333
Strep_C18202	3	33.33333333333333
Strep_C1691	3	33.33333333333333
Strep_C16919	3	33.33333333333333
Strep_C16917	3	33.33333333333333
Strep_C19409	3	33.33333333333333
Strep_C649	3	33.33333333333333
Strep_C493	3	33.33333333333333
Strep_C28620	3	33.33333333333333
Strep_C11051	3	33.33333333333333
Strep_C25023	3	33.33333333333333
Strep_C6503	3	33.33333333333333
Strep_C5352	3	33.33333333333333
Strep_C6504	3	33.33333333333333
Strep_C11983	3	33.33333333333333
Strep_C5351	3	33.33333333333333
Strep_C16905	3	33.33333333333333
Strep_C4294	3	33.33333333333333
Strep_C2507	3	33.33333333333333
Strep_C28623	3	33.33333333333333
Strep_C4306	3	33.33333333333333
Strep_C11971	3	33.33333333333333
Strep_C6467	3	33.33333333333333
Strep_C1697	3	33.33333333333333
Strep_C20729	3	33.33333333333333
Strep_C18931	3	33.33333333333333
Strep_C19962	3	33.33333333333333
Strep_C19425	3	33.33333333333333
Strep_C16972	3	33.33333333333333
Strep_C19960	3	33.33333333333333
Strep_C11964	3	33.33333333333333
Strep_C19654	3	33.33333333333333
Strep_C5080	3	33.33333333333333
Strep_C29060	3	33.33333333333333
Strep_C2882	3	33.33333333333333
Strep_C18167	3	33.33333333333333
Strep_C6481	3	33.33333333333333
Strep_C19411	3	33.33333333333333
Strep_C5820	3	33.33333333333333
Strep_C2530	3	33.33333333333333
Strep_C11362	3	33.33333333333333
Strep_C25644	3	33.33333333333333
Strep_C19665	3	33.33333333333333
Strep_C24589	3	33.33333333333333
Strep_C1694	3	33.33333333333333
Strep_C18179	3	33.33333333333333
Strep_C924	3	33.33333333333333
Strep_C18184	3	33.33333333333333
Strep_C4311	3	33.33333333333333
Strep_C4307	3	33.33333333333333
Strep_C24807	3	33.33333333333333
Strep_C9254	3	33.33333333333333
Strep_C2770	3	33.33333333333333
Strep_C4360	3	33.33333333333333
Strep_C11291	3	33.33333333333333
Strep_C17217	3	33.33333333333333
Strep_C20056	3	33.33333333333333
Strep_C18000	3	33.33333333333333
Strep_C17	3	33.33333333333333
Strep_C5544	3	33.33333333333333
Strep_C5915	3	33.33333333333333
Strep_C17214	3	33.33333333333333
Strep_C17995	3	33.33333333333333
Strep_C11907	3	33.33333333333333
Strep_C5543	3	33.33333333333333
Strep_C5919	3	33.33333333333333
Strep_C17224	3	33.33333333333333
Strep_C20568	3	33.33333333333333
Strep_C17227	3	33.33333333333333
Strep_C28674	3	33.33333333333333
Strep_C10857	3	33.33333333333333
Strep_C20583	3	33.33333333333333
Strep_C20585	3	33.33333333333333
Strep_C10851	3	33.33333333333333
Strep_C2058	3	33.33333333333333
Strep_C18636	3	33.33333333333333
Strep_C5906	3	33.33333333333333
Strep_C5215	3	33.33333333333333
Strep_C6349	3	33.33333333333333
Strep_C20051	3	33.33333333333333
Strep_C19629	3	33.33333333333333
Strep_C4391	3	33.33333333333333
Strep_C4390	3	33.33333333333333
Strep_C4716	3	33.33333333333333
Strep_C25579	3	33.33333333333333
Strep_C20602	3	33.33333333333333
Strep_C4388	3	33.33333333333333
Strep_C19478	3	33.33333333333333
Strep_C440	3	33.33333333333333
Strep_C9227	3	33.33333333333333
Strep_C17249	3	33.33333333333333
Strep_C11189	3	33.33333333333333
Strep_C25369	3	33.33333333333333
Strep_C27622	3	33.33333333333333
Strep_C27213	3	33.33333333333333
Strep_C17256	3	33.33333333333333
Strep_C10862	3	33.33333333333333
Strep_C27621	3	33.33333333333333
Strep_C17960	3	33.33333333333333
Strep_C19624	3	33.33333333333333
Strep_C1910	3	33.33333333333333
Strep_C5937	3	33.33333333333333
Strep_C27214	3	33.33333333333333
Strep_C11152	3	33.33333333333333
Strep_C9452	3	33.33333333333333
Strep_C18643	3	33.33333333333333
Strep_C27215	3	33.33333333333333
Strep_C19249	3	33.33333333333333
Strep_C17245	3	33.33333333333333
Strep_C6321	3	33.33333333333333
Strep_C18642	3	33.33333333333333
Strep_C25366	3	33.33333333333333
Strep_C2055	3	33.33333333333333
Strep_C11252	3	33.33333333333333
Strep_C17238	3	33.33333333333333
Strep_C5927	3	33.33333333333333
Strep_C470	3	33.33333333333333
Strep_C6326	3	33.33333333333333
Strep_C19092	3	33.33333333333333
Strep_C11251	3	33.33333333333333
Strep_C17984	3	33.33333333333333
Strep_C11377	3	33.33333333333333
Strep_C18032	3	33.33333333333333
Strep_C9627	3	33.33333333333333
Strep_C1192	3	33.33333333333333
Strep_C6403	3	33.33333333333333
Strep_C6401	3	33.33333333333333
Strep_C2000	3	33.33333333333333
Strep_C11932	3	33.33333333333333
Strep_C9099	3	33.33333333333333
Strep_C18078	3	33.33333333333333
Strep_C20636	3	33.33333333333333
Strep_C20040	3	33.33333333333333
Strep_C638	3	33.33333333333333
Strep_C11927	3	33.33333333333333
Strep_C20017	3	33.33333333333333
Strep_C6388	3	33.33333333333333
Strep_C27619	3	33.33333333333333
Strep_C11924	3	33.33333333333333
Strep_C6406	3	33.33333333333333
Strep_C5136	3	33.33333333333333
Strep_C4369	3	33.33333333333333
Strep_C25098	3	33.33333333333333
Strep_C4956	3	33.33333333333333
Strep_C28964	3	33.33333333333333
Strep_C4368	3	33.33333333333333
Strep_C17096	3	33.33333333333333
Strep_C9531	3	33.33333333333333
Strep_C5388	3	33.33333333333333
Strep_C20653	3	33.33333333333333
Strep_C17090	3	33.33333333333333
Strep_C1708	3	33.33333333333333
Strep_C4741	3	33.33333333333333
Strep_C17089	3	33.33333333333333
Strep_C17084	3	33.33333333333333
Strep_C25609	3	33.33333333333333
Strep_C20631	3	33.33333333333333
Strep_C6380	3	33.33333333333333
Strep_C27174	3	33.33333333333333
Strep_C11641	3	33.33333333333333
Strep_C18869	3	33.33333333333333
Strep_C20037	3	33.33333333333333
Strep_C17162	3	33.33333333333333
Strep_C4722	3	33.33333333333333
Strep_C18042	3	33.33333333333333
Strep_C5890	3	33.33333333333333
Strep_C18874	3	33.33333333333333
Strep_C18875	3	33.33333333333333
Strep_C25587	3	33.33333333333333
Strep_C18045	3	33.33333333333333
Strep_C5547	3	33.33333333333333
Strep_C18046	3	33.33333333333333
Strep_C17154	3	33.33333333333333
Strep_C11642	3	33.33333333333333
Strep_C1714	3	33.33333333333333
Strep_C5167	3	33.33333333333333
Strep_C11911	3	33.33333333333333
Strep_C20619	3	33.33333333333333
Strep_C28657	3	33.33333333333333
Strep_C6375	3	33.33333333333333
Strep_C5548	3	33.33333333333333
Strep_C17143	3	33.33333333333333
Strep_C24778	3	33.33333333333333
Strep_C19638	3	33.33333333333333
Strep_C28810	3	33.33333333333333
Strep_C2906	3	33.33333333333333
Strep_C9534	3	33.33333333333333
Strep_C11011	3	33.33333333333333
Strep_C4376	3	33.33333333333333
Strep_C24779	3	33.33333333333333
Strep_C10956	3	33.33333333333333
Strep_C6575	3	33.33333333333333
Strep_C29358	3	33.33333333333333
Strep_C12662	3	33.33333333333333
Strep_C14783	3	33.33333333333333
Strep_C24104	3	33.33333333333333
Strep_C14785	3	33.33333333333333
Strep_C7603	3	33.33333333333333
Strep_C12677	3	33.33333333333333
Strep_C14790	3	33.33333333333333
Strep_C12676	3	33.33333333333333
Strep_C10336	3	33.33333333333333
Strep_C24110	3	33.33333333333333
Strep_C22296	3	33.33333333333333
Strep_C22292	3	33.33333333333333
Strep_C7598	3	33.33333333333333
Strep_C7595	3	33.33333333333333
Strep_C7590	3	33.33333333333333
Strep_C7587	3	33.33333333333333
Strep_C28265	3	33.33333333333333
Strep_C3358	3	33.33333333333333
Strep_C24116	3	33.33333333333333
Strep_C12667	3	33.33333333333333
Strep_C3366	3	33.33333333333333
Strep_C28273	3	33.33333333333333
Strep_C8720	3	33.33333333333333
Strep_C10333	3	33.33333333333333
Strep_C12680	3	33.33333333333333
Strep_C986	3	33.33333333333333
Strep_C12706	3	33.33333333333333
Strep_C26219	3	33.33333333333333
Strep_C14703	3	33.33333333333333
Strep_C14704	3	33.33333333333333
Strep_C24081	3	33.33333333333333
Strep_C28248	3	33.33333333333333
Strep_C26215	3	33.33333333333333
Strep_C9877	3	33.33333333333333
Strep_C9873	3	33.33333333333333
Strep_C3316	3	33.33333333333333
Strep_C3335	3	33.33333333333333
Strep_C1032	3	33.33333333333333
Strep_C7622	3	33.33333333333333
Strep_C2233	3	33.33333333333333
Strep_C10330	3	33.33333333333333
Strep_C22327	3	33.33333333333333
Strep_C14767	3	33.33333333333333
Strep_C8716	3	33.33333333333333
Strep_C8717	3	33.33333333333333
Strep_C12682	3	33.33333333333333
Strep_C22254	3	33.33333333333333
Strep_C3380	3	33.33333333333333
Strep_C28179	3	33.33333333333333
Strep_C10347	3	33.33333333333333
Strep_C8742	3	33.33333333333333
Strep_C2955	3	33.33333333333333
Strep_C29559	3	33.33333333333333
Strep_C14962	3	33.33333333333333
Strep_C8745	3	33.33333333333333
Strep_C26153	3	33.33333333333333
Strep_C26150	3	33.33333333333333
Strep_C14978	3	33.33333333333333
Strep_C7503	3	33.33333333333333
Strep_C22146	3	33.33333333333333
Strep_C8751	3	33.33333333333333
Strep_C14983	3	33.33333333333333
Strep_C14985	3	33.33333333333333
Strep_C7501	3	33.33333333333333
Strep_C3443	3	33.33333333333333
Strep_C344	3	33.33333333333333
Strep_C7498	3	33.33333333333333
Strep_C7494	3	33.33333333333333
Strep_C3455	3	33.33333333333333
Strep_C15003	3	33.33333333333333
Strep_C12612	3	33.33333333333333
Strep_C10371	3	33.33333333333333
Strep_C14939	3	33.33333333333333
Strep_C873	3	33.33333333333333
Strep_C22206	3	33.33333333333333
Strep_C7560	3	33.33333333333333
Strep_C14868	3	33.33333333333333
Strep_C3389	3	33.33333333333333
Strep_C3398	3	33.33333333333333
Strep_C26173	3	33.33333333333333
Strep_C26772	3	33.33333333333333
Strep_C1488	3	33.33333333333333
Strep_C7548	3	33.33333333333333
Strep_C3411	3	33.33333333333333
Strep_C10360	3	33.33333333333333
Strep_C22179	3	33.33333333333333
Strep_C10363	3	33.33333333333333
Strep_C7538	3	33.33333333333333
Strep_C221	3	33.33333333333333
Strep_C28290	3	33.33333333333333
Strep_C27852	3	33.33333333333333
Strep_C10367	3	33.33333333333333
Strep_C22188	3	33.33333333333333
Strep_C22187	3	33.33333333333333
Strep_C12634	3	33.33333333333333
Strep_C3296	3	33.33333333333333
Strep_C7646	3	33.33333333333333
Strep_C7648	3	33.33333333333333
Strep_C3292	3	33.33333333333333
Strep_C22528	3	33.33333333333333
Strep_C22526	3	33.33333333333333
Strep_C14495	3	33.33333333333333
Strep_C22521	3	33.33333333333333
Strep_C22514	3	33.33333333333333
Strep_C14510	3	33.33333333333333
Strep_C10269	3	33.33333333333333
Strep_C14514	3	33.33333333333333
Strep_C22505	3	33.33333333333333
Strep_C28208	3	33.33333333333333
Strep_C27353	3	33.33333333333333
Strep_C14519	3	33.33333333333333
Strep_C2626	3	33.33333333333333
Strep_C14523	3	33.33333333333333
Strep_C9894	3	33.33333333333333
Strep_C22491	3	33.33333333333333
Strep_C22490	3	33.33333333333333
Strep_C3224	3	33.33333333333333
Strep_C14538	3	33.33333333333333
Strep_C10274	3	33.33333333333333
Strep_C14540	3	33.33333333333333
Strep_C22532	3	33.33333333333333
Strep_C14483	3	33.33333333333333
Strep_C989	3	33.33333333333333
Strep_C24027	3	33.33333333333333
Strep_C3168	3	33.33333333333333
Strep_C22582	3	33.33333333333333
Strep_C3173	3	33.33333333333333
Strep_C12796	3	33.33333333333333
Strep_C3174	3	33.33333333333333
Strep_C14428	3	33.33333333333333
Strep_C7793	3	33.33333333333333
Strep_C7792	3	33.33333333333333
Strep_C14434	3	33.33333333333333
Strep_C12790	3	33.33333333333333
Strep_C28197	3	33.33333333333333
Strep_C14444	3	33.33333333333333
Strep_C1444	3	33.33333333333333
Strep_C2818	3	33.33333333333333
Strep_C12784	3	33.33333333333333
Strep_C14456	3	33.33333333333333
Strep_C777	3	33.33333333333333
Strep_C3191	3	33.33333333333333
Strep_C7772	3	33.33333333333333
Strep_C26728	3	33.33333333333333
Strep_C14541	3	33.33333333333333
Strep_C10277	3	33.33333333333333
Strep_C3229	3	33.33333333333333
Strep_C14645	3	33.33333333333333
Strep_C7688	3	33.33333333333333
Strep_C12733	3	33.33333333333333
Strep_C1461	3	33.33333333333333
Strep_C29611	3	33.33333333333333
Strep_C12728	3	33.33333333333333
Strep_C24069	3	33.33333333333333
Strep_C22413	3	33.33333333333333
Strep_C26745	3	33.33333333333333
Strep_C7670	3	33.33333333333333
Strep_C10300	3	33.33333333333333
Strep_C12736	3	33.33333333333333
Strep_C22398	3	33.33333333333333
Strep_C14665	3	33.33333333333333
Strep_C1466	3	33.33333333333333
Strep_C2238	3	33.33333333333333
Strep_C24076	3	33.33333333333333
Strep_C7655	3	33.33333333333333
Strep_C7652	3	33.33333333333333
Strep_C7651	3	33.33333333333333
Strep_C7650	3	33.33333333333333
Strep_C7691	3	33.33333333333333
Strep_C10294	3	33.33333333333333
Strep_C22483	3	33.33333333333333
Strep_C22460	3	33.33333333333333
Strep_C3231	3	33.33333333333333
Strep_C2247	3	33.33333333333333
Strep_C12754	3	33.33333333333333
Strep_C7720	3	33.33333333333333
Strep_C3239	3	33.33333333333333
Strep_C22470	3	33.33333333333333
Strep_C14565	3	33.33333333333333
Strep_C7711	3	33.33333333333333
Strep_C14575	3	33.33333333333333
Strep_C3245	3	33.33333333333333
Strep_C26244	3	33.33333333333333
Strep_C10283	3	33.33333333333333
Strep_C22454	3	33.33333333333333
Strep_C22449	3	33.33333333333333
Strep_C14591	3	33.33333333333333
Strep_C14595	3	33.33333333333333
Strep_C7702	3	33.33333333333333
Strep_C26247	3	33.33333333333333
Strep_C22440	3	33.33333333333333
Strep_C10293	3	33.33333333333333
Strep_C22124	3	33.33333333333333
Strep_C15018	3	33.33333333333333
Strep_C22117	3	33.33333333333333
Strep_C7321	3	33.33333333333333
Strep_C7284	3	33.33333333333333
Strep_C7282	3	33.33333333333333
Strep_C12470	3	33.33333333333333
Strep_C7277	3	33.33333333333333
Strep_C7276	3	33.33333333333333
Strep_C12469	3	33.33333333333333
Strep_C3656	3	33.33333333333333
Strep_C12468	3	33.33333333333333
Strep_C24266	3	33.33333333333333
Strep_C24267	3	33.33333333333333
Strep_C7265	3	33.33333333333333
Strep_C10483	3	33.33333333333333
Strep_C12464	3	33.33333333333333
Strep_C15455	3	33.33333333333333
Strep_C27819	3	33.33333333333333
Strep_C7257	3	33.33333333333333
Strep_C7256	3	33.33333333333333
Strep_C21799	3	33.33333333333333
Strep_C26821	3	33.33333333333333
Strep_C15476	3	33.33333333333333
Strep_C3672	3	33.33333333333333
Strep_C27475	3	33.33333333333333
Strep_C10477	3	33.33333333333333
Strep_C12472	3	33.33333333333333
Strep_C12484	3	33.33333333333333
Strep_C21889	3	33.33333333333333
Strep_C15339	3	33.33333333333333
Strep_C731	3	33.33333333333333
Strep_C21879	3	33.33333333333333
Strep_C21877	3	33.33333333333333
Strep_C26053	3	33.33333333333333
Strep_C21871	3	33.33333333333333
Strep_C2186	3	33.33333333333333
Strep_C24251	3	33.33333333333333
Strep_C3629	3	33.33333333333333
Strep_C15409	3	33.33333333333333
Strep_C15377	3	33.33333333333333
Strep_C7297	3	33.33333333333333
Strep_C26046	3	33.33333333333333
Strep_C26043	3	33.33333333333333
Strep_C15398	3	33.33333333333333
Strep_C24257	3	33.33333333333333
Strep_C1046	3	33.33333333333333
Strep_C2730	3	33.33333333333333
Strep_C3647	3	33.33333333333333
Strep_C15478	3	33.33333333333333
Strep_C12451	3	33.33333333333333
Strep_C15481	3	33.33333333333333
Strep_C15608	3	33.33333333333333
Strep_C15579	3	33.33333333333333
Strep_C3714	3	33.33333333333333
Strep_C7187	3	33.33333333333333
Strep_C15583	3	33.33333333333333
Strep_C10516	3	33.33333333333333
Strep_C24296	3	33.33333333333333
Strep_C242	3	33.33333333333333
Strep_C3726	3	33.33333333333333
Strep_C24301	3	33.33333333333333
Strep_C10520	3	33.33333333333333
Strep_C15560	3	33.33333333333333
Strep_C15616	3	33.33333333333333
Strep_C9780	3	33.33333333333333
Strep_C15619	3	33.33333333333333
Strep_C21692	3	33.33333333333333
Strep_C15620	3	33.33333333333333
Strep_C3743	3	33.33333333333333
Strep_C21685	3	33.33333333333333
Strep_C12407	3	33.33333333333333
Strep_C21673	3	33.33333333333333
Strep_C1556	3	33.33333333333333
Strep_C978	3	33.33333333333333
Strep_C10492	3	33.33333333333333
Strep_C7232	3	33.33333333333333
Strep_C2178	3	33.33333333333333
Strep_C21788	3	33.33333333333333
Strep_C28392	3	33.33333333333333
Strep_C15489	3	33.33333333333333
Strep_C3680	3	33.33333333333333
Strep_C9798	3	33.33333333333333
Strep_C3682	3	33.33333333333333
Strep_C21779	3	33.33333333333333
Strep_C21778	3	33.33333333333333
Strep_C3696	3	33.33333333333333
Strep_C26002	3	33.33333333333333
Strep_C26008	3	33.33333333333333
Strep_C7219	3	33.33333333333333
Strep_C15525	3	33.33333333333333
Strep_C15527	3	33.33333333333333
Strep_C7213	3	33.33333333333333
Strep_C7211	3	33.33333333333333
Strep_C720	3	33.33333333333333
Strep_C15541	3	33.33333333333333
Strep_C9793	3	33.33333333333333
Strep_C15337	3	33.33333333333333
Strep_C15329	3	33.33333333333333
Strep_C3466	3	33.33333333333333
Strep_C15327	3	33.33333333333333
Strep_C876	3	33.33333333333333
Strep_C15111	3	33.33333333333333
Strep_C3497	3	33.33333333333333
Strep_C12570	3	33.33333333333333
Strep_C3507	3	33.33333333333333
Strep_C15129	3	33.33333333333333
Strep_C10412	3	33.33333333333333
Strep_C741	3	33.33333333333333
Strep_C15141	3	33.33333333333333
Strep_C15143	3	33.33333333333333
Strep_C15151	3	33.33333333333333
Strep_C28329	3	33.33333333333333
Strep_C29529	3	33.33333333333333
Strep_C22017	3	33.33333333333333
Strep_C22016	3	33.33333333333333
Strep_C7405	3	33.33333333333333
Strep_C7404	3	33.33333333333333
Strep_C27463	3	33.33333333333333
Strep_C15184	3	33.33333333333333
Strep_C3541	3	33.33333333333333
Strep_C8788	3	33.33333333333333
Strep_C12574	3	33.33333333333333
Strep_C24178	3	33.33333333333333
Strep_C22071	3	33.33333333333333
Strep_C22096	3	33.33333333333333
Strep_C12604	3	33.33333333333333
Strep_C22107	3	33.33333333333333
Strep_C15041	3	33.33333333333333
Strep_C7476	3	33.33333333333333
Strep_C15046	3	33.33333333333333
Strep_C15049	3	33.33333333333333
Strep_C12596	3	33.33333333333333
Strep_C15057	3	33.33333333333333
Strep_C2209	3	33.33333333333333
Strep_C12587	3	33.33333333333333
Strep_C7441	3	33.33333333333333
Strep_C10398	3	33.33333333333333
Strep_C22089	3	33.33333333333333
Strep_C22086	3	33.33333333333333
Strep_C7454	3	33.33333333333333
Strep_C7450	3	33.33333333333333
Strep_C12579	3	33.33333333333333
Strep_C3486	3	33.33333333333333
Strep_C15089	3	33.33333333333333
Strep_C9837	3	33.33333333333333
Strep_C7398	3	33.33333333333333
Strep_C10428	3	33.33333333333333
Strep_C21991	3	33.33333333333333
Strep_C3597	3	33.33333333333333
Strep_C3582	3	33.33333333333333
Strep_C10442	3	33.33333333333333
Strep_C15278	3	33.33333333333333
Strep_C15279	3	33.33333333333333
Strep_C10443	3	33.33333333333333
Strep_C15281	3	33.33333333333333
Strep_C12513	3	33.33333333333333
Strep_C21919	3	33.33333333333333
Strep_C7346	3	33.33333333333333
Strep_C10446	3	33.33333333333333
Strep_C21938	3	33.33333333333333
Strep_C3601	3	33.33333333333333
Strep_C12503	3	33.33333333333333
Strep_C3602	3	33.33333333333333
Strep_C26060	3	33.33333333333333
Strep_C15309	3	33.33333333333333
Strep_C15312	3	33.33333333333333
Strep_C7323	3	33.33333333333333
Strep_C15325	3	33.33333333333333
Strep_C15326	3	33.33333333333333
Strep_C7350	3	33.33333333333333
Strep_C15270	3	33.33333333333333
Strep_C12536	3	33.33333333333333
Strep_C15216	3	33.33333333333333
Strep_C7391	3	33.33333333333333
Strep_C7390	3	33.33333333333333
Strep_C1042	3	33.33333333333333
Strep_C15202	3	33.33333333333333
Strep_C738	3	33.33333333333333
Strep_C24209	3	33.33333333333333
Strep_C15208	3	33.33333333333333
Strep_C27322	3	33.33333333333333
Strep_C1520	3	33.33333333333333
Strep_C1521	3	33.33333333333333
Strep_C7353	3	33.33333333333333
Strep_C15221	3	33.33333333333333
Strep_C8792	3	33.33333333333333
Strep_C21972	3	33.33333333333333
Strep_C3560	3	33.33333333333333
Strep_C24217	3	33.33333333333333
Strep_C21959	3	33.33333333333333
Strep_C7366	3	33.33333333333333
Strep_C7361	3	33.33333333333333
Strep_C24222	3	33.33333333333333
Strep_C1279	3	33.33333333333333
Strep_C7809	3	33.33333333333333
Strep_C15642	3	33.33333333333333
Strep_C23194	3	33.33333333333333
Strep_C13564	3	33.33333333333333
Strep_C23241	3	33.33333333333333
Strep_C1356	3	33.33333333333333
Strep_C23236	3	33.33333333333333
Strep_C23234	3	33.33333333333333
Strep_C13580	3	33.33333333333333
Strep_C13033	3	33.33333333333333
Strep_C23229	3	33.33333333333333
Strep_C23228	3	33.33333333333333
Strep_C13589	3	33.33333333333333
Strep_C23746	3	33.33333333333333
Strep_C23220	3	33.33333333333333
Strep_C13027	3	33.33333333333333
Strep_C1359	3	33.33333333333333
Strep_C13025	3	33.33333333333333
Strep_C13023	3	33.33333333333333
Strep_C13610	3	33.33333333333333
Strep_C9976	3	33.33333333333333
Strep_C13614	3	33.33333333333333
Strep_C1301	3	33.33333333333333
Strep_C23197	3	33.33333333333333
Strep_C8255	3	33.33333333333333
Strep_C30118	3	33.33333333333333
Strep_C825	3	33.33333333333333
Strep_C13507	3	33.33333333333333
Strep_C29834	3	33.33333333333333
Strep_C236	3	33.33333333333333
Strep_C13490	3	33.33333333333333
Strep_C28014	3	33.33333333333333
Strep_C26543	3	33.33333333333333
Strep_C10072	3	33.33333333333333
Strep_C9983	3	33.33333333333333
Strep_C8282	3	33.33333333333333
Strep_C23712	3	33.33333333333333
Strep_C13061	3	33.33333333333333
Strep_C26660	3	33.33333333333333
Strep_C13516	3	33.33333333333333
Strep_C13517	3	33.33333333333333
Strep_C8274	3	33.33333333333333
Strep_C13525	3	33.33333333333333
Strep_C26535	3	33.33333333333333
Strep_C13535	3	33.33333333333333
Strep_C13545	3	33.33333333333333
Strep_C23728	3	33.33333333333333
Strep_C1304	3	33.33333333333333
Strep_C23196	3	33.33333333333333
Strep_C23762	3	33.33333333333333
Strep_C14396	3	33.33333333333333
Strep_C13633	3	33.33333333333333
Strep_C23137	3	33.33333333333333
Strep_C26674	3	33.33333333333333
Strep_C2648	3	33.33333333333333
Strep_C8169	3	33.33333333333333
Strep_C8165	3	33.33333333333333
Strep_C27918	3	33.33333333333333
Strep_C2741	3	33.33333333333333
Strep_C23106	3	33.33333333333333
Strep_C13742	3	33.33333333333333
Strep_C12984	3	33.33333333333333
Strep_C8155	3	33.33333333333333
Strep_C8154	3	33.33333333333333
Strep_C23090	3	33.33333333333333
Strep_C26679	3	33.33333333333333
Strep_C13764	3	33.33333333333333
Strep_C23827	3	33.33333333333333
Strep_C12976	3	33.33333333333333
Strep_C13770	3	33.33333333333333
Strep_C2306	3	33.33333333333333
Strep_C23832	3	33.33333333333333
Strep_C1377	3	33.33333333333333
Strep_C23138	3	33.33333333333333
Strep_C29790	3	33.33333333333333
Strep_C23140	3	33.33333333333333
Strep_C2316	3	33.33333333333333
Strep_C2650	3	33.33333333333333
Strep_C29802	3	33.33333333333333
Strep_C1363	3	33.33333333333333
Strep_C23182	3	33.33333333333333
Strep_C1364	3	33.33333333333333
Strep_C13651	3	33.33333333333333
Strep_C13010	3	33.33333333333333
Strep_C10092	3	33.33333333333333
Strep_C10097	3	33.33333333333333
Strep_C23168	3	33.33333333333333
Strep_C10099	3	33.33333333333333
Strep_C1300	3	33.33333333333333
Strep_C13008	3	33.33333333333333
Strep_C23165	3	33.33333333333333
Strep_C23161	3	33.33333333333333
Strep_C13677	3	33.33333333333333
Strep_C27921	3	33.33333333333333
Strep_C23785	3	33.33333333333333
Strep_C8186	3	33.33333333333333
Strep_C23144	3	33.33333333333333
Strep_C23308	3	33.33333333333333
Strep_C13475	3	33.33333333333333
Strep_C13474	3	33.33333333333333
Strep_C13470	3	33.33333333333333
Strep_C13258	3	33.33333333333333
Strep_C13135	3	33.33333333333333
Strep_C8420	3	33.33333333333333
Strep_C8484	3	33.33333333333333
Strep_C13263	3	33.33333333333333
Strep_C2995	3	33.33333333333333
Strep_C26603	3	33.33333333333333
Strep_C13268	3	33.33333333333333
Strep_C29895	3	33.33333333333333
Strep_C23606	3	33.33333333333333
Strep_C8413	3	33.33333333333333
Strep_C8412	3	33.33333333333333
Strep_C10021	3	33.33333333333333
Strep_C23478	3	33.33333333333333
Strep_C26597	3	33.33333333333333
Strep_C13294	3	33.33333333333333
Strep_C8403	3	33.33333333333333
Strep_C26593	3	33.33333333333333
Strep_C29884	3	33.33333333333333
Strep_C8399	3	33.33333333333333
Strep_C8397	3	33.33333333333333
Strep_C13257	3	33.33333333333333
Strep_C13256	3	33.33333333333333
Strep_C29899	3	33.33333333333333
Strep_C23532	3	33.33333333333333
Strep_C10003	3	33.33333333333333
Strep_C2990	3	33.33333333333333
Strep_C10004	3	33.33333333333333
Strep_C845	3	33.33333333333333
Strep_C13189	3	33.33333333333333
Strep_C9999	3	33.33333333333333
Strep_C8451	3	33.33333333333333
Strep_C10009	3	33.33333333333333
Strep_C10010	3	33.33333333333333
Strep_C13216	3	33.33333333333333
Strep_C1324	3	33.33333333333333
Strep_C23587	3	33.33333333333333
Strep_C8436	3	33.33333333333333
Strep_C23589	3	33.33333333333333
Strep_C13223	3	33.33333333333333
Strep_C2358	3	33.33333333333333
Strep_C23519	3	33.33333333333333
Strep_C13229	3	33.33333333333333
Strep_C13237	3	33.33333333333333
Strep_C10018	3	33.33333333333333
Strep_C23620	3	33.33333333333333
Strep_C8491	3	33.33333333333333
Strep_C26590	3	33.33333333333333
Strep_C23335	3	33.33333333333333
Strep_C13415	3	33.33333333333333
Strep_C13416	3	33.33333333333333
Strep_C1004	3	33.33333333333333
Strep_C10054	3	33.33333333333333
Strep_C13426	3	33.33333333333333
Strep_C8326	3	33.33333333333333
Strep_C13432	3	33.33333333333333
Strep_C10057	3	33.33333333333333
Strep_C10058	3	33.33333333333333
Strep_C1005	3	33.33333333333333
Strep_C23369	3	33.33333333333333
Strep_C30062	3	33.33333333333333
Strep_C23331	3	33.33333333333333
Strep_C13447	3	33.33333333333333
Strep_C8311	3	33.33333333333333
Strep_C30067	3	33.33333333333333
Strep_C26556	3	33.33333333333333
Strep_C13461	3	33.33333333333333
Strep_C23315	3	33.33333333333333
Strep_C13078	3	33.33333333333333
Strep_C23360	3	33.33333333333333
Strep_C10042	3	33.33333333333333
Strep_C13325	3	33.33333333333333
Strep_C836	3	33.33333333333333
Strep_C23443	3	33.33333333333333
Strep_C13329	3	33.33333333333333
Strep_C23442	3	33.33333333333333
Strep_C13109	3	33.33333333333333
Strep_C13332	3	33.33333333333333
Strep_C8385	3	33.33333333333333
Strep_C2343	3	33.33333333333333
Strep_C23431	3	33.33333333333333
Strep_C13351	3	33.33333333333333
Strep_C13103	3	33.33333333333333
Strep_C29856	3	33.33333333333333
Strep_C23642	3	33.33333333333333
Strep_C13369	3	33.33333333333333
Strep_C13374	3	33.33333333333333
Strep_C13379	3	33.33333333333333
Strep_C1337	3	33.33333333333333
Strep_C8350	3	33.33333333333333
Strep_C1003	3	33.33333333333333
Strep_C23662	3	33.33333333333333
Strep_C3002	3	33.33333333333333
Strep_C23055	3	33.33333333333333
Strep_C13786	3	33.33333333333333
Strep_C2304	3	33.33333333333333
Strep_C12870	3	33.33333333333333
Strep_C14198	3	33.33333333333333
Strep_C14199	3	33.33333333333333
Strep_C7913	3	33.33333333333333
Strep_C29670	3	33.33333333333333
Strep_C3075	3	33.33333333333333
Strep_C790	3	33.33333333333333
Strep_C22733	3	33.33333333333333
Strep_C1420	3	33.33333333333333
Strep_C3076	3	33.33333333333333
Strep_C29667	3	33.33333333333333
Strep_C3082	3	33.33333333333333
Strep_C3085	3	33.33333333333333
Strep_C14228	3	33.33333333333333
Strep_C22717	3	33.33333333333333
Strep_C7898	3	33.33333333333333
Strep_C14234	3	33.33333333333333
Strep_C3090	3	33.33333333333333
Strep_C14243	3	33.33333333333333
Strep_C12843	3	33.33333333333333
Strep_C7888	3	33.33333333333333
Strep_C3096	3	33.33333333333333
Strep_C26364	3	33.33333333333333
Strep_C3061	3	33.33333333333333
Strep_C14185	3	33.33333333333333
Strep_C14145	3	33.33333333333333
Strep_C14121	3	33.33333333333333
Strep_C14122	3	33.33333333333333
Strep_C14123	3	33.33333333333333
Strep_C23957	3	33.33333333333333
Strep_C10186	3	33.33333333333333
Strep_C22800	3	33.33333333333333
Strep_C30397	3	33.33333333333333
Strep_C303	3	33.33333333333333
Strep_C22787	3	33.33333333333333
Strep_C14148	3	33.33333333333333
Strep_C14184	3	33.33333333333333
Strep_C3042	3	33.33333333333333
Strep_C7936	3	33.33333333333333
Strep_C7933	3	33.33333333333333
Strep_C1415	3	33.33333333333333
Strep_C7929	3	33.33333333333333
Strep_C22769	3	33.33333333333333
Strep_C14177	3	33.33333333333333
Strep_C3058	3	33.33333333333333
Strep_C14182	3	33.33333333333333
Strep_C226	3	33.33333333333333
Strep_C2269	3	33.33333333333333
Strep_C22699	3	33.33333333333333
Strep_C3158	3	33.33333333333333
Strep_C3135	3	33.33333333333333
Strep_C24009	3	33.33333333333333
Strep_C7834	3	33.33333333333333
Strep_C3146	3	33.33333333333333
Strep_C3150	3	33.33333333333333
Strep_C7823	3	33.33333333333333
Strep_C22609	3	33.33333333333333
Strep_C26314	3	33.33333333333333
Strep_C3156	3	33.33333333333333
Strep_C14380	3	33.33333333333333
Strep_C10230	3	33.33333333333333
Strep_C14381	3	33.33333333333333
Strep_C14382	3	33.33333333333333
Strep_C27359	3	33.33333333333333
Strep_C7816	3	33.33333333333333
Strep_C14385	3	33.33333333333333
Strep_C14386	3	33.33333333333333
Strep_C2630	3	33.33333333333333
Strep_C10247	3	33.33333333333333
Strep_C28178	3	33.33333333333333
Strep_C26321	3	33.33333333333333
Strep_C9911	3	33.33333333333333
Strep_C14265	3	33.33333333333333
Strep_C22659	3	33.33333333333333
Strep_C14266	3	33.33333333333333
Strep_C12838	3	33.33333333333333
Strep_C14281	3	33.33333333333333
Strep_C14283	3	33.33333333333333
Strep_C27432	3	33.33333333333333
Strep_C22680	3	33.33333333333333
Strep_C9916	3	33.33333333333333
Strep_C8637	3	33.33333333333333
Strep_C24000	3	33.33333333333333
Strep_C863	3	33.33333333333333
Strep_C26324	3	33.33333333333333
Strep_C22656	3	33.33333333333333
Strep_C22654	3	33.33333333333333
Strep_C3126	3	33.33333333333333
Strep_C12821	3	33.33333333333333
Strep_C22639	3	33.33333333333333
Strep_C27887	3	33.33333333333333
Strep_C24006	3	33.33333333333333
Strep_C14336	3	33.33333333333333
Strep_C10229	3	33.33333333333333
Strep_C22806	3	33.33333333333333
Strep_C26382	3	33.33333333333333
Strep_C13794	3	33.33333333333333
Strep_C23955	3	33.33333333333333
Strep_C28087	3	33.33333333333333
Strep_C8585	3	33.33333333333333
Strep_C13891	3	33.33333333333333
Strep_C8076	3	33.33333333333333
Strep_C23883	3	33.33333333333333
Strep_C12934	3	33.33333333333333
Strep_C22966	3	33.33333333333333
Strep_C8588	3	33.33333333333333
Strep_C13905	3	33.33333333333333
Strep_C22962	3	33.33333333333333
Strep_C22960	3	33.33333333333333
Strep_C13911	3	33.33333333333333
Strep_C10151	3	33.33333333333333
Strep_C10152	3	33.33333333333333
Strep_C29727	3	33.33333333333333
Strep_C12929	3	33.33333333333333
Strep_C22948	3	33.33333333333333
Strep_C22945	3	33.33333333333333
Strep_C29726	3	33.33333333333333
Strep_C28095	3	33.33333333333333
Strep_C13955	3	33.33333333333333
Strep_C9950	3	33.33333333333333
Strep_C13873	3	33.33333333333333
Strep_C9951	3	33.33333333333333
Strep_C23850	3	33.33333333333333
Strep_C8571	3	33.33333333333333
Strep_C12970	3	33.33333333333333
Strep_C29752	3	33.33333333333333
Strep_C10129	3	33.33333333333333
Strep_C12963	3	33.33333333333333
Strep_C13821	3	33.33333333333333
Strep_C29745	3	33.33333333333333
Strep_C8576	3	33.33333333333333
Strep_C29742	3	33.33333333333333
Strep_C23852	3	33.33333333333333
Strep_C22991	3	33.33333333333333
Strep_C8110	3	33.33333333333333
Strep_C9957	3	33.33333333333333
Strep_C30264	3	33.33333333333333
Strep_C30268	3	33.33333333333333
Strep_C13853	3	33.33333333333333
Strep_C12948	3	33.33333333333333
Strep_C22997	3	33.33333333333333
Strep_C22996	3	33.33333333333333
Strep_C22993	3	33.33333333333333
Strep_C8041	3	33.33333333333333
Strep_C10160	3	33.33333333333333
Strep_C12919	3	33.33333333333333
Strep_C14088	3	33.33333333333333
Strep_C23939	3	33.33333333333333
Strep_C10177	3	33.33333333333333
Strep_C8616	3	33.33333333333333
Strep_C7985	3	33.33333333333333
Strep_C10178	3	33.33333333333333
Strep_C7980	3	33.33333333333333
Strep_C797	3	33.33333333333333
Strep_C22832	3	33.33333333333333
Strep_C22828	3	33.33333333333333
Strep_C12881	3	33.33333333333333
Strep_C23935	3	33.33333333333333
Strep_C14092	3	33.33333333333333
Strep_C12880	3	33.33333333333333
Strep_C12879	3	33.33333333333333
Strep_C22812	3	33.33333333333333
Strep_C23953	3	33.33333333333333
Strep_C12872	3	33.33333333333333
Strep_C7954	3	33.33333333333333
Strep_C12871	3	33.33333333333333
Strep_C14114	3	33.33333333333333
Strep_C14047	3	33.33333333333333
Strep_C12895	3	33.33333333333333
Strep_C26422	3	33.33333333333333
Strep_C2742	3	33.33333333333333
Strep_C26421	3	33.33333333333333
Strep_C12917	3	33.33333333333333
Strep_C30327	3	33.33333333333333
Strep_C8030	3	33.33333333333333
Strep_C12913	3	33.33333333333333
Strep_C10169	3	33.33333333333333
Strep_C23917	3	33.33333333333333
Strep_C14003	3	33.33333333333333
Strep_C8603	3	33.33333333333333
Strep_C22876	3	33.33333333333333
Strep_C10174	3	33.33333333333333
Strep_C23924	3	33.33333333333333
Strep_C1289	3	33.33333333333333
Strep_C1402	3	33.33333333333333
Strep_C860	3	33.33333333333333
Strep_C22864	3	33.33333333333333
Strep_C23931	3	33.33333333333333
Strep_C23932	3	33.33333333333333
Strep_C22861	3	33.33333333333333
Strep_C1403	3	33.33333333333333
Strep_C28423	3	33.33333333333333
Strep_C22300	3	33.33333333333333
Strep_C19223	3	33.33333333333333
Strep_C12270	3	33.33333333333333
Strep_C9758	3	33.33333333333333
Strep_C25893	3	33.33333333333333
Strep_C24426	3	33.33333333333333
Strep_C15767	3	33.33333333333333
Strep_C25948	3	33.33333333333333
Strep_C21164	3	33.33333333333333
Strep_C29392	3	33.33333333333333
Strep_C388	3	33.33333333333333
Strep_C3804	3	33.33333333333333
Strep_C15762	3	33.33333333333333
Strep_C15760	3	33.33333333333333
Strep_C6799	3	33.33333333333333
Strep_C9714	3	33.33333333333333
Strep_C15758	3	33.33333333333333
Strep_C1599	3	33.33333333333333
Strep_C6990	3	33.33333333333333
Strep_C15753	3	33.33333333333333
Strep_C21159	3	33.33333333333333
Strep_C8926	3	33.33333333333333
Strep_C16217	3	33.33333333333333
Strep_C28475	3	33.33333333333333
Strep_C9757	3	33.33333333333333
Strep_C25946	3	33.33333333333333
Strep_C258	3	33.33333333333333
Strep_C12279	3	33.33333333333333
Strep_C6878	3	33.33333333333333
Strep_C24428	3	33.33333333333333
Strep_C12205	3	33.33333333333333
Strep_C21171	3	33.33333333333333
Strep_C21566	3	33.33333333333333
Strep_C7092	3	33.33333333333333
Strep_C15776	3	33.33333333333333
Strep_C7000	3	33.33333333333333
Strep_C8923	3	33.33333333333333
Strep_C21571	3	33.33333333333333
Strep_C8978	3	33.33333333333333
Strep_C21170	3	33.33333333333333
Strep_C4056	3	33.33333333333333
Strep_C6801	3	33.33333333333333
Strep_C25794	3	33.33333333333333
Strep_C12208	3	33.33333333333333
Strep_C3972	3	33.33333333333333
Strep_C16377	3	33.33333333333333
Strep_C12378	3	33.33333333333333
Strep_C16007	3	33.33333333333333
Strep_C21410	3	33.33333333333333
Strep_C12226	3	33.33333333333333
Strep_C16158	3	33.33333333333333
Strep_C15730	3	33.33333333333333
Strep_C7113	3	33.33333333333333
Strep_C12375	3	33.33333333333333
Strep_C21318	3	33.33333333333333
Strep_C28439	3	33.33333333333333
Strep_C3792	3	33.33333333333333
Strep_C4071	3	33.33333333333333
Strep_C3901	3	33.33333333333333
Strep_C10557	3	33.33333333333333
Strep_C21139	3	33.33333333333333
Strep_C3902	3	33.33333333333333
Strep_C2587	3	33.33333333333333
Strep_C8986	3	33.33333333333333
Strep_C21406	3	33.33333333333333
Strep_C6771	3	33.33333333333333
Strep_C15718	3	33.33333333333333
Strep_C8955	3	33.33333333333333
Strep_C4068	3	33.33333333333333
Strep_C6905	3	33.33333333333333
Strep_C6793	3	33.33333333333333
Strep_C21296	3	33.33333333333333
Strep_C16380	3	33.33333333333333
Strep_C29419	3	33.33333333333333
Strep_C7107	3	33.33333333333333
Strep_C8875	3	33.33333333333333
Strep_C16185	3	33.33333333333333
Strep_C8981	3	33.33333333333333
Strep_C21599	3	33.33333333333333
Strep_C10685	3	33.33333333333333
Strep_C16032	3	33.33333333333333
Strep_C1601	3	33.33333333333333
Strep_C212	3	33.33333333333333
Strep_C8874	3	33.33333333333333
Strep_C16179	3	33.33333333333333
Strep_C25882	3	33.33333333333333
Strep_C25841	3	33.33333333333333
Strep_C10689	3	33.33333333333333
Strep_C16030	3	33.33333333333333
Strep_C21556	3	33.33333333333333
Strep_C7009	3	33.33333333333333
Strep_C10682	3	33.33333333333333
Strep_C16352	3	33.33333333333333
Strep_C21504	3	33.33333333333333
Strep_C7035	3	33.33333333333333
Strep_C6847	3	33.33333333333333
Strep_C2120	3	33.33333333333333
Strep_C21228	3	33.33333333333333
Strep_C12315	3	33.33333333333333
Strep_C4026	3	33.33333333333333
Strep_C16300	3	33.33333333333333
Strep_C4027	3	33.33333333333333
Strep_C6833	3	33.33333333333333
Strep_C15860	3	33.33333333333333
Strep_C15858	3	33.33333333333333
Strep_C1065	3	33.33333333333333
Strep_C890	3	33.33333333333333
Strep_C15855	3	33.33333333333333
Strep_C2592	3	33.33333333333333
Strep_C27789	3	33.33333333333333
Strep_C16308	3	33.33333333333333
Strep_C3867	3	33.33333333333333
Strep_C15909	3	33.33333333333333
Strep_C15907	3	33.33333333333333
Strep_C21502	3	33.33333333333333
Strep_C15887	3	33.33333333333333
Strep_C15899	3	33.33333333333333
Strep_C21492	3	33.33333333333333
Strep_C6844	3	33.33333333333333
Strep_C15900	3	33.33333333333333
Strep_C4013	3	33.33333333333333
Strep_C889	3	33.33333333333333
Strep_C7044	3	33.33333333333333
Strep_C21215	3	33.33333333333333
Strep_C4012	3	33.33333333333333
Strep_C10673	3	33.33333333333333
Strep_C21496	3	33.33333333333333
Strep_C3855	3	33.33333333333333
Strep_C15903	3	33.33333333333333
Strep_C26858	3	33.33333333333333
Strep_C24363	3	33.33333333333333
Strep_C15878	3	33.33333333333333
Strep_C15906	3	33.33333333333333
Strep_C12325	3	33.33333333333333
Strep_C9736	3	33.33333333333333
Strep_C7065	3	33.33333333333333
Strep_C15935	3	33.33333333333333
Strep_C12280	3	33.33333333333333
Strep_C15960	3	33.33333333333333
Strep_C27260	3	33.33333333333333
Strep_C16344	3	33.33333333333333
Strep_C6810	3	33.33333333333333
Strep_C12288	3	33.33333333333333
Strep_C15964	3	33.33333333333333
Strep_C3992	3	33.33333333333333
Strep_C15968	3	33.33333333333333
Strep_C24358	3	33.33333333333333
Strep_C7015	3	33.33333333333333
Strep_C1634	3	33.33333333333333
Strep_C21546	3	33.33333333333333
Strep_C3828	3	33.33333333333333
Strep_C1622	3	33.33333333333333
Strep_C3879	3	33.33333333333333
Strep_C12352	3	33.33333333333333
Strep_C24356	3	33.33333333333333
Strep_C12202	3	33.33333333333333
Strep_C15825	3	33.33333333333333
Strep_C16335	3	33.33333333333333
Strep_C15846	3	33.33333333333333
Strep_C24457	3	33.33333333333333
Strep_C28534	3	33.33333333333333
Strep_C12336	3	33.33333333333333
Strep_C386	3	33.33333333333333
Strep_C7025	3	33.33333333333333
Strep_C3870	3	33.33333333333333
Strep_C21522	3	33.33333333333333
Strep_C15841	3	33.33333333333333
Strep_C4032	3	33.33333333333333
Strep_C16254	3	33.33333333333333
Strep_C12176	3	33.33333333333333
Strep_C25806	3	33.33333333333333
Strep_C7070	3	33.33333333333333
Strep_C24459	3	33.33333333333333
Strep_C12199	3	33.33333333333333
Strep_C3835	3	33.33333333333333
Strep_C16246	3	33.33333333333333
Strep_C24374	3	33.33333333333333
Strep_C6815	3	33.33333333333333
Strep_C2131	3	33.33333333333333
Strep_C16366	3	33.33333333333333
Strep_C2132	3	33.33333333333333
Strep_C16063	3	33.33333333333333
Strep_C1643	3	33.33333333333333
Strep_C16427	3	33.33333333333333
Strep_C213	3	33.33333333333333
Strep_C3940	3	33.33333333333333
Strep_C16079	3	33.33333333333333
Strep_C21366	3	33.33333333333333
Strep_C12392	3	33.33333333333333
Strep_C27810	3	33.33333333333333
Strep_C16442	3	33.33333333333333
Strep_C28432	3	33.33333333333333
Strep_C4081	3	33.33333333333333
Strep_C3924	3	33.33333333333333
Strep_C15707	3	33.33333333333333
Strep_C12156	3	33.33333333333333
Strep_C16130	3	33.33333333333333
Strep_C2133	3	33.33333333333333
Strep_C390	3	33.33333333333333
Strep_C6943	3	33.33333333333333
Strep_C21398	3	33.33333333333333
Strep_C21101	3	33.33333333333333
Strep_C16093	3	33.33333333333333
Strep_C6759	3	33.33333333333333
Strep_C6924	3	33.33333333333333
Strep_C21119	3	33.33333333333333
Strep_C28427	3	33.33333333333333
Strep_C24321	3	33.33333333333333
Strep_C6923	3	33.33333333333333
Strep_C8862	3	33.33333333333333
Strep_C16126	3	33.33333333333333
Strep_C2164	3	33.33333333333333
Strep_C21394	3	33.33333333333333
Strep_C12246	3	33.33333333333333
Strep_C15656	3	33.33333333333333
Strep_C16125	3	33.33333333333333
Strep_C21668	3	33.33333333333333
Strep_C2138	3	33.33333333333333
Strep_C3950	3	33.33333333333333
Strep_C16148	3	33.33333333333333
Strep_C21383	3	33.33333333333333
Strep_C3930	3	33.33333333333333
Strep_C16433	3	33.33333333333333
Strep_C377	3	33.33333333333333
Strep_C16078	3	33.33333333333333
Strep_C21353	3	33.33333333333333
Strep_C16097	3	33.33333333333333
Strep_C16431	3	33.33333333333333
Strep_C15671	3	33.33333333333333
Strep_C21364	3	33.33333333333333
Strep_C6761	3	33.33333333333333
Strep_C24331	3	33.33333333333333
Strep_C16430	3	33.33333333333333
Strep_C15714	3	33.33333333333333
Strep_C3917	3	33.33333333333333
Strep_C1641	3	33.33333333333333
Strep_C16428	3	33.33333333333333
Strep_C6768	3	33.33333333333333
Strep_C24391	3	33.33333333333333
Strep_C1566	3	33.33333333333333
Strep_C6752	3	33.33333333333333
Strep_C21362	3	33.33333333333333
Strep_C6960	3	33.33333333333333
Strep_C12157	3	33.33333333333333
Strep_C25869	3	33.33333333333333
Strep_C16464	3	33.33333333333333
Strep_C25875	3	33.33333333333333
Strep_C6941	3	33.33333333333333
Strep_C27269	3	33.33333333333333
Strep_C898	3	33.33333333333333
Strep_C10624	3	33.33333333333333
Strep_C6939	3	33.33333333333333
Strep_C4184	2	22.22222222222222
Strep_C22995	2	22.22222222222222
Strep_C20946	2	22.22222222222222
Strep_C19668	2	22.22222222222222
Strep_C20951	2	22.22222222222222
Strep_C9952	2	22.22222222222222
Strep_C11144	2	22.22222222222222
Strep_C19662	2	22.22222222222222
Strep_C22711	2	22.22222222222222
Strep_C29731	2	22.22222222222222
Strep_C19663	2	22.22222222222222
Strep_C4186	2	22.22222222222222
Strep_C4826	2	22.22222222222222
Strep_C23868	2	22.22222222222222
Strep_C23872	2	22.22222222222222
Strep_C2297	2	22.22222222222222
Strep_C19659	2	22.22222222222222
Strep_C23878	2	22.22222222222222
Strep_C22712	2	22.22222222222222
Strep_C20950	2	22.22222222222222
Strep_C19658	2	22.22222222222222
Strep_C19660	2	22.22222222222222
Strep_C19657	2	22.22222222222222
Strep_C20948	2	22.22222222222222
Strep_C4939	2	22.22222222222222
Strep_C19673	2	22.22222222222222
Strep_C22972	2	22.22222222222222
Strep_C30301	2	22.22222222222222
Strep_C30299	2	22.22222222222222
Strep_C482	2	22.22222222222222
Strep_C21257	2	22.22222222222222
Strep_C10652	2	22.22222222222222
Strep_C24436	2	22.22222222222222
Strep_C9508	2	22.22222222222222
Strep_C2294	2	22.22222222222222
Strep_C22949	2	22.22222222222222
Strep_C24433	2	22.22222222222222
Strep_C24830	2	22.22222222222222
Strep_C27268	2	22.22222222222222
Strep_C24526	2	22.22222222222222
Strep_C4001	2	22.22222222222222
Strep_C22721	2	22.22222222222222
Strep_C21336	2	22.22222222222222
Strep_C27427	2	22.22222222222222
Strep_C20878	2	22.22222222222222
Strep_C1064	2	22.22222222222222
Strep_C22937	2	22.22222222222222
Strep_C22934	2	22.22222222222222
Strep_C29107	2	22.22222222222222
Strep_C27428	2	22.22222222222222
Strep_C22931	2	22.22222222222222
Strep_C22928	2	22.22222222222222
Strep_C1014	2	22.22222222222222
Strep_C22955	2	22.22222222222222
Strep_C22956	2	22.22222222222222
Strep_C10148	2	22.22222222222222
Strep_C20945	2	22.22222222222222
Strep_C4000	2	22.22222222222222
Strep_C21252	2	22.22222222222222
Strep_C4936	2	22.22222222222222
Strep_C27370	2	22.22222222222222
Strep_C23884	2	22.22222222222222
Strep_C19672	2	22.22222222222222
Strep_C22964	2	22.22222222222222
Strep_C4189	2	22.22222222222222
Strep_C9509	2	22.22222222222222
Strep_C9479	2	22.22222222222222
Strep_C9480	2	22.22222222222222
Strep_C22963	2	22.22222222222222
Strep_C21254	2	22.22222222222222
Strep_C3087	2	22.22222222222222
Strep_C22961	2	22.22222222222222
Strep_C399	2	22.22222222222222
Strep_C9706	2	22.22222222222222
Strep_C11131	2	22.22222222222222
Strep_C22959	2	22.22222222222222
Strep_C24881	2	22.22222222222222
Strep_C23885	2	22.22222222222222
Strep_C4227	2	22.22222222222222
Strep_C4183	2	22.22222222222222
Strep_C21245	2	22.22222222222222
Strep_C21248	2	22.22222222222222
Strep_C22694	2	22.22222222222222
Strep_C1960	2	22.22222222222222
Strep_C10123	2	22.22222222222222
Strep_C11155	2	22.22222222222222
Strep_C4818	2	22.22222222222222
Strep_C11153	2	22.22222222222222
Strep_C4174	2	22.22222222222222
Strep_C4970	2	22.22222222222222
Strep_C4968	2	22.22222222222222
Strep_C3098	2	22.22222222222222
Strep_C23045	2	22.22222222222222
Strep_C23044	2	22.22222222222222
Strep_C22698	2	22.22222222222222
Strep_C23043	2	22.22222222222222
Strep_C27256	2	22.22222222222222
Strep_C1961	2	22.22222222222222
Strep_C23042	2	22.22222222222222
Strep_C20967	2	22.22222222222222
Strep_C20873	2	22.22222222222222
Strep_C10623	2	22.22222222222222
Strep_C23040	2	22.22222222222222
Strep_C21343	2	22.22222222222222
Strep_C19622	2	22.22222222222222
Strep_C9516	2	22.22222222222222
Strep_C29751	2	22.22222222222222
Strep_C19623	2	22.22222222222222
Strep_C4972	2	22.22222222222222
Strep_C23047	2	22.22222222222222
Strep_C9511	2	22.22222222222222
Strep_C23048	2	22.22222222222222
Strep_C21354	2	22.22222222222222
Strep_C3022	2	22.22222222222222
Strep_C11158	2	22.22222222222222
Strep_C30230	2	22.22222222222222
Strep_C9919	2	22.22222222222222
Strep_C30232	2	22.22222222222222
Strep_C23060	2	22.22222222222222
Strep_C2305	2	22.22222222222222
Strep_C20970	2	22.22222222222222
Strep_C30236	2	22.22222222222222
Strep_C30237	2	22.22222222222222
Strep_C2913	2	22.22222222222222
Strep_C23054	2	22.22222222222222
Strep_C23836	2	22.22222222222222
Strep_C3104	2	22.22222222222222
Strep_C27369	2	22.22222222222222
Strep_C22688	2	22.22222222222222
Strep_C9920	2	22.22222222222222
Strep_C23993	2	22.22222222222222
Strep_C23051	2	22.22222222222222
Strep_C20871	2	22.22222222222222
Strep_C23050	2	22.22222222222222
Strep_C10741	2	22.22222222222222
Strep_C23049	2	22.22222222222222
Strep_C3934	2	22.22222222222222
Strep_C9514	2	22.22222222222222
Strep_C29747	2	22.22222222222222
Strep_C1987	2	22.22222222222222
Strep_C1012	2	22.22222222222222
Strep_C21244	2	22.22222222222222
Strep_C19872	2	22.22222222222222
Strep_C23859	2	22.22222222222222
Strep_C23860	2	22.22222222222222
Strep_C29098	2	22.22222222222222
Strep_C4954	2	22.22222222222222
Strep_C23861	2	22.22222222222222
Strep_C4952	2	22.22222222222222
Strep_C3091	2	22.22222222222222
Strep_C21340	2	22.22222222222222
Strep_C29109	2	22.22222222222222
Strep_C2488	2	22.22222222222222
Strep_C23862	2	22.22222222222222
Strep_C23863	2	22.22222222222222
Strep_C1986	2	22.22222222222222
Strep_C9954	2	22.22222222222222
Strep_C19869	2	22.22222222222222
Strep_C308	2	22.22222222222222
Strep_C9953	2	22.22222222222222
Strep_C1964	2	22.22222222222222
Strep_C10656	2	22.22222222222222
Strep_C2270	2	22.22222222222222
Strep_C23864	2	22.22222222222222
Strep_C27147	2	22.22222222222222
Strep_C4945	2	22.22222222222222
Strep_C21341	2	22.22222222222222
Strep_C30267	2	22.22222222222222
Strep_C21242	2	22.22222222222222
Strep_C2723	2	22.22222222222222
Strep_C9958	2	22.22222222222222
Strep_C4010	2	22.22222222222222
Strep_C19627	2	22.22222222222222
Strep_C23030	2	22.22222222222222
Strep_C3024	2	22.22222222222222
Strep_C4820	2	22.22222222222222
Strep_C4008	2	22.22222222222222
Strep_C24442	2	22.22222222222222
Strep_C21237	2	22.22222222222222
Strep_C27259	2	22.22222222222222
Strep_C30256	2	22.22222222222222
Strep_C24893	2	22.22222222222222
Strep_C10207	2	22.22222222222222
Strep_C21239	2	22.22222222222222
Strep_C29096	2	22.22222222222222
Strep_C2398	2	22.22222222222222
Strep_C2123	2	22.22222222222222
Strep_C19636	2	22.22222222222222
Strep_C22704	2	22.22222222222222
Strep_C23016	2	22.22222222222222
Strep_C23855	2	22.22222222222222
Strep_C9512	2	22.22222222222222
Strep_C19637	2	22.22222222222222
Strep_C23856	2	22.22222222222222
Strep_C238	2	22.22222222222222
Strep_C24537	2	22.22222222222222
Strep_C29668	2	22.22222222222222
Strep_C11105	2	22.22222222222222
Strep_C11108	2	22.22222222222222
Strep_C10637	2	22.22222222222222
Strep_C27371	2	22.22222222222222
Strep_C11107	2	22.22222222222222
Strep_C9929	2	22.22222222222222
Strep_C3053	2	22.22222222222222
Strep_C24857	2	22.22222222222222
Strep_C29688	2	22.22222222222222
Strep_C9717	2	22.22222222222222
Strep_C27372	2	22.22222222222222
Strep_C22818	2	22.22222222222222
Strep_C19771	2	22.22222222222222
Strep_C19827	2	22.22222222222222
Strep_C4884	2	22.22222222222222
Strep_C11104	2	22.22222222222222
Strep_C22816	2	22.22222222222222
Strep_C30388	2	22.22222222222222
Strep_C30389	2	22.22222222222222
Strep_C24853	2	22.22222222222222
Strep_C10182	2	22.22222222222222
Strep_C4205	2	22.22222222222222
Strep_C24852	2	22.22222222222222
Strep_C19780	2	22.22222222222222
Strep_C24532	2	22.22222222222222
Strep_C9505	2	22.22222222222222
Strep_C9927	2	22.22222222222222
Strep_C11103	2	22.22222222222222
Strep_C10179	2	22.22222222222222
Strep_C2453	2	22.22222222222222
Strep_C22758	2	22.22222222222222
Strep_C30370	2	22.22222222222222
Strep_C22759	2	22.22222222222222
Strep_C24419	2	22.22222222222222
Strep_C9656	2	22.22222222222222
Strep_C19829	2	22.22222222222222
Strep_C19752	2	22.22222222222222
Strep_C23942	2	22.22222222222222
Strep_C23943	2	22.22222222222222
Strep_C30374	2	22.22222222222222
Strep_C1075	2	22.22222222222222
Strep_C22824	2	22.22222222222222
Strep_C24860	2	22.22222222222222
Strep_C2282	2	22.22222222222222
Strep_C4849	2	22.22222222222222
Strep_C29691	2	22.22222222222222
Strep_C21325	2	22.22222222222222
Strep_C4893	2	22.22222222222222
Strep_C30380	2	22.22222222222222
Strep_C19761	2	22.22222222222222
Strep_C4891	2	22.22222222222222
Strep_C1017	2	22.22222222222222
Strep_C27264	2	22.22222222222222
Strep_C22809	2	22.22222222222222
Strep_C19824	2	22.22222222222222
Strep_C3036	2	22.22222222222222
Strep_C1979	2	22.22222222222222
Strep_C9651	2	22.22222222222222
Strep_C4869	2	22.22222222222222
Strep_C22793	2	22.22222222222222
Strep_C21320	2	22.22222222222222
Strep_C29323	2	22.22222222222222
Strep_C22792	2	22.22222222222222
Strep_C22791	2	22.22222222222222
Strep_C22790	2	22.22222222222222
Strep_C2278	2	22.22222222222222
Strep_C4854	2	22.22222222222222
Strep_C22789	2	22.22222222222222
Strep_C22788	2	22.22222222222222
Strep_C27163	2	22.22222222222222
Strep_C30405	2	22.22222222222222
Strep_C20898	2	22.22222222222222
Strep_C4861	2	22.22222222222222
Strep_C23960	2	22.22222222222222
Strep_C29126	2	22.22222222222222
Strep_C4859	2	22.22222222222222
Strep_C19810	2	22.22222222222222
Strep_C4858	2	22.22222222222222
Strep_C4857	2	22.22222222222222
Strep_C9500	2	22.22222222222222
Strep_C1018	2	22.22222222222222
Strep_C10190	2	22.22222222222222
Strep_C22794	2	22.22222222222222
Strep_C19823	2	22.22222222222222
Strep_C9653	2	22.22222222222222
Strep_C24533	2	22.22222222222222
Strep_C22771	2	22.22222222222222
Strep_C24851	2	22.22222222222222
Strep_C11100	2	22.22222222222222
Strep_C24850	2	22.22222222222222
Strep_C21303	2	22.22222222222222
Strep_C420	2	22.22222222222222
Strep_C23956	2	22.22222222222222
Strep_C3048	2	22.22222222222222
Strep_C24414	2	22.22222222222222
Strep_C24849	2	22.22222222222222
Strep_C29397	2	22.22222222222222
Strep_C19797	2	22.22222222222222
Strep_C3954	2	22.22222222222222
Strep_C19821	2	22.22222222222222
Strep_C24535	2	22.22222222222222
Strep_C208	2	22.22222222222222
Strep_C24539	2	22.22222222222222
Strep_C21321	2	22.22222222222222
Strep_C9504	2	22.22222222222222
Strep_C24848	2	22.22222222222222
Strep_C22799	2	22.22222222222222
Strep_C23958	2	22.22222222222222
Strep_C3047	2	22.22222222222222
Strep_C19830	2	22.22222222222222
Strep_C21326	2	22.22222222222222
Strep_C19690	2	22.22222222222222
Strep_C29113	2	22.22222222222222
Strep_C30336	2	22.22222222222222
Strep_C24529	2	22.22222222222222
Strep_C1016	2	22.22222222222222
Strep_C22898	2	22.22222222222222
Strep_C19705	2	22.22222222222222
Strep_C30338	2	22.22222222222222
Strep_C22896	2	22.22222222222222
Strep_C10170	2	22.22222222222222
Strep_C20883	2	22.22222222222222
Strep_C4200	2	22.22222222222222
Strep_C23918	2	22.22222222222222
Strep_C2288	2	22.22222222222222
Strep_C23914	2	22.22222222222222
Strep_C4841	2	22.22222222222222
Strep_C10171	2	22.22222222222222
Strep_C22883	2	22.22222222222222
Strep_C27263	2	22.22222222222222
Strep_C4913	2	22.22222222222222
Strep_C22882	2	22.22222222222222
Strep_C24869	2	22.22222222222222
Strep_C9940	2	22.22222222222222
Strep_C22880	2	22.22222222222222
Strep_C22879	2	22.22222222222222
Strep_C4909	2	22.22222222222222
Strep_C24873	2	22.22222222222222
Strep_C10167	2	22.22222222222222
Strep_C11120	2	22.22222222222222
Strep_C3987	2	22.22222222222222
Strep_C29715	2	22.22222222222222
Strep_C3990	2	22.22222222222222
Strep_C3031	2	22.22222222222222
Strep_C2910	2	22.22222222222222
Strep_C29135	2	22.22222222222222
Strep_C27261	2	22.22222222222222
Strep_C21335	2	22.22222222222222
Strep_C1984	2	22.22222222222222
Strep_C24527	2	22.22222222222222
Strep_C27429	2	22.22222222222222
Strep_C24430	2	22.22222222222222
Strep_C24542	2	22.22222222222222
Strep_C27262	2	22.22222222222222
Strep_C11076	2	22.22222222222222
Strep_C9661	2	22.22222222222222
Strep_C10166	2	22.22222222222222
Strep_C3944	2	22.22222222222222
Strep_C29127	2	22.22222222222222
Strep_C10648	2	22.22222222222222
Strep_C22909	2	22.22222222222222
Strep_C3032	2	22.22222222222222
Strep_C19697	2	22.22222222222222
Strep_C22903	2	22.22222222222222
Strep_C9484	2	22.22222222222222
Strep_C10769	2	22.22222222222222
Strep_C101	2	22.22222222222222
Strep_C2759	2	22.22222222222222
Strep_C10767	2	22.22222222222222
Strep_C2127	2	22.22222222222222
Strep_C19738	2	22.22222222222222
Strep_C24863	2	22.22222222222222
Strep_C10643	2	22.22222222222222
Strep_C23070	2	22.22222222222222
Strep_C21281	2	22.22222222222222
Strep_C3062	2	22.22222222222222
Strep_C19741	2	22.22222222222222
Strep_C21282	2	22.22222222222222
Strep_C19742	2	22.22222222222222
Strep_C24862	2	22.22222222222222
Strep_C19744	2	22.22222222222222
Strep_C29390	2	22.22222222222222
Strep_C22751	2	22.22222222222222
Strep_C10198	2	22.22222222222222
Strep_C30361	2	22.22222222222222
Strep_C10629	2	22.22222222222222
Strep_C2969	2	22.22222222222222
Strep_C27378	2	22.22222222222222
Strep_C19833	2	22.22222222222222
Strep_C19748	2	22.22222222222222
Strep_C10765	2	22.22222222222222
Strep_C29393	2	22.22222222222222
Strep_C9657	2	22.22222222222222
Strep_C22860	2	22.22222222222222
Strep_C29675	2	22.22222222222222
Strep_C1019	2	22.22222222222222
Strep_C4900	2	22.22222222222222
Strep_C9660	2	22.22222222222222
Strep_C22873	2	22.22222222222222
Strep_C24865	2	22.22222222222222
Strep_C11117	2	22.22222222222222
Strep_C22871	2	22.22222222222222
Strep_C4902	2	22.22222222222222
Strep_C11115	2	22.22222222222222
Strep_C9712	2	22.22222222222222
Strep_C23926	2	22.22222222222222
Strep_C19837	2	22.22222222222222
Strep_C23927	2	22.22222222222222
Strep_C948	2	22.22222222222222
Strep_C20887	2	22.22222222222222
Strep_C19732	2	22.22222222222222
Strep_C23978	2	22.22222222222222
Strep_C2392	2	22.22222222222222
Strep_C23930	2	22.22222222222222
Strep_C9506	2	22.22222222222222
Strep_C23975	2	22.22222222222222
Strep_C19734	2	22.22222222222222
Strep_C2091	2	22.22222222222222
Strep_C19735	2	22.22222222222222
Strep_C20919	2	22.22222222222222
Strep_C19736	2	22.22222222222222
Strep_C4018	2	22.22222222222222
Strep_C10734	2	22.22222222222222
Strep_C4169	2	22.22222222222222
Strep_C5119	2	22.22222222222222
Strep_C2446	2	22.22222222222222
Strep_C2341	2	22.22222222222222
Strep_C24469	2	22.22222222222222
Strep_C998	2	22.22222222222222
Strep_C23639	2	22.22222222222222
Strep_C19342	2	22.22222222222222
Strep_C2363	2	22.22222222222222
Strep_C5121	2	22.22222222222222
Strep_C10039	2	22.22222222222222
Strep_C5120	2	22.22222222222222
Strep_C4069	2	22.22222222222222
Strep_C23409	2	22.22222222222222
Strep_C23648	2	22.22222222222222
Strep_C1934	2	22.22222222222222
Strep_C23649	2	22.22222222222222
Strep_C23428	2	22.22222222222222
Strep_C2339	2	22.22222222222222
Strep_C23397	2	22.22222222222222
Strep_C4067	2	22.22222222222222
Strep_C23396	2	22.22222222222222
Strep_C29049	2	22.22222222222222
Strep_C29864	2	22.22222222222222
Strep_C23656	2	22.22222222222222
Strep_C23391	2	22.22222222222222
Strep_C24967	2	22.22222222222222
Strep_C9682	2	22.22222222222222
Strep_C23390	2	22.22222222222222
Strep_C2338	2	22.22222222222222
Strep_C19359	2	22.22222222222222
Strep_C1935	2	22.22222222222222
Strep_C10032	2	22.22222222222222
Strep_C23429	2	22.22222222222222
Strep_C23619	2	22.22222222222222
Strep_C23629	2	22.22222222222222
Strep_C23459	2	22.22222222222222
Strep_C23458	2	22.22222222222222
Strep_C29983	2	22.22222222222222
Strep_C2106	2	22.22222222222222
Strep_C23623	2	22.22222222222222
Strep_C2344	2	22.22222222222222
Strep_C5131	2	22.22222222222222
Strep_C23626	2	22.22222222222222
Strep_C9993	2	22.22222222222222
Strep_C5130	2	22.22222222222222
Strep_C19327	2	22.22222222222222
Strep_C19328	2	22.22222222222222
Strep_C23628	2	22.22222222222222
Strep_C4078	2	22.22222222222222
Strep_C4111	2	22.22222222222222
Strep_C23633	2	22.22222222222222
Strep_C24473	2	22.22222222222222
Strep_C21133	2	22.22222222222222
Strep_C4075	2	22.22222222222222
Strep_C1122	2	22.22222222222222
Strep_C23441	2	22.22222222222222
Strep_C24471	2	22.22222222222222
Strep_C23440	2	22.22222222222222
Strep_C19334	2	22.22222222222222
Strep_C23630	2	22.22222222222222
Strep_C10028	2	22.22222222222222
Strep_C23435	2	22.22222222222222
Strep_C10029	2	22.22222222222222
Strep_C19336	2	22.22222222222222
Strep_C23632	2	22.22222222222222
Strep_C23389	2	22.22222222222222
Strep_C23388	2	22.22222222222222
Strep_C19362	2	22.22222222222222
Strep_C29055	2	22.22222222222222
Strep_C30044	2	22.22222222222222
Strep_C19388	2	22.22222222222222
Strep_C943	2	22.22222222222222
Strep_C21156	2	22.22222222222222
Strep_C5098	2	22.22222222222222
Strep_C21157	2	22.22222222222222
Strep_C30047	2	22.22222222222222
Strep_C29849	2	22.22222222222222
Strep_C21158	2	22.22222222222222
Strep_C29053	2	22.22222222222222
Strep_C29349	2	22.22222222222222
Strep_C2104	2	22.22222222222222
Strep_C29054	2	22.22222222222222
Strep_C19394	2	22.22222222222222
Strep_C29056	2	22.22222222222222
Strep_C23387	2	22.22222222222222
Strep_C9442	2	22.22222222222222
Strep_C10683	2	22.22222222222222
Strep_C21161	2	22.22222222222222
Strep_C21163	2	22.22222222222222
Strep_C21047	2	22.22222222222222
Strep_C2332	2	22.22222222222222
Strep_C11213	2	22.22222222222222
Strep_C19406	2	22.22222222222222
Strep_C4127	2	22.22222222222222
Strep_C10712	2	22.22222222222222
Strep_C30068	2	22.22222222222222
Strep_C9985	2	22.22222222222222
Strep_C23322	2	22.22222222222222
Strep_C2983	2	22.22222222222222
Strep_C29052	2	22.22222222222222
Strep_C10053	2	22.22222222222222
Strep_C30043	2	22.22222222222222
Strep_C23356	2	22.22222222222222
Strep_C29352	2	22.22222222222222
Strep_C23386	2	22.22222222222222
Strep_C4066	2	22.22222222222222
Strep_C2985	2	22.22222222222222
Strep_C19364	2	22.22222222222222
Strep_C11224	2	22.22222222222222
Strep_C4064	2	22.22222222222222
Strep_C19366	2	22.22222222222222
Strep_C19367	2	22.22222222222222
Strep_C19368	2	22.22222222222222
Strep_C2337	2	22.22222222222222
Strep_C23378	2	22.22222222222222
Strep_C4063	2	22.22222222222222
Strep_C10687	2	22.22222222222222
Strep_C5110	2	22.22222222222222
Strep_C23373	2	22.22222222222222
Strep_C29050	2	22.22222222222222
Strep_C29852	2	22.22222222222222
Strep_C10048	2	22.22222222222222
Strep_C11223	2	22.22222222222222
Strep_C29051	2	22.22222222222222
Strep_C1937	2	22.22222222222222
Strep_C5104	2	22.22222222222222
Strep_C5103	2	22.22222222222222
Strep_C5102	2	22.22222222222222
Strep_C29850	2	22.22222222222222
Strep_C10684	2	22.22222222222222
Strep_C21155	2	22.22222222222222
Strep_C9438	2	22.22222222222222
Strep_C9685	2	22.22222222222222
Strep_C19318	2	22.22222222222222
Strep_C4977	2	22.22222222222222
Strep_C29360	2	22.22222222222222
Strep_C21092	2	22.22222222222222
Strep_C10698	2	22.22222222222222
Strep_C24994	2	22.22222222222222
Strep_C29359	2	22.22222222222222
Strep_C23531	2	22.22222222222222
Strep_C10011	2	22.22222222222222
Strep_C24993	2	22.22222222222222
Strep_C2352	2	22.22222222222222
Strep_C24992	2	22.22222222222222
Strep_C4101	2	22.22222222222222
Strep_C11253	2	22.22222222222222
Strep_C23524	2	22.22222222222222
Strep_C10696	2	22.22222222222222
Strep_C21089	2	22.22222222222222
Strep_C21088	2	22.22222222222222
Strep_C29929	2	22.22222222222222
Strep_C21087	2	22.22222222222222
Strep_C4103	2	22.22222222222222
Strep_C29945	2	22.22222222222222
Strep_C23512	2	22.22222222222222
Strep_C5173	2	22.22222222222222
Strep_C19258	2	22.22222222222222
Strep_C24991	2	22.22222222222222
Strep_C10015	2	22.22222222222222
Strep_C24990	2	22.22222222222222
Strep_C10016	2	22.22222222222222
Strep_C10017	2	22.22222222222222
Strep_C2498	2	22.22222222222222
Strep_C23506	2	22.22222222222222
Strep_C24488	2	22.22222222222222
Strep_C23536	2	22.22222222222222
Strep_C21093	2	22.22222222222222
Strep_C19317	2	22.22222222222222
Strep_C29922	2	22.22222222222222
Strep_C23570	2	22.22222222222222
Strep_C5196	2	22.22222222222222
Strep_C99	2	22.22222222222222
Strep_C2109	2	22.22222222222222
Strep_C23562	2	22.22222222222222
Strep_C11264	2	22.22222222222222
Strep_C409	2	22.22222222222222
Strep_C23559	2	22.22222222222222
Strep_C23558	2	22.22222222222222
Strep_C29357	2	22.22222222222222
Strep_C23556	2	22.22222222222222
Strep_C27599	2	22.22222222222222
Strep_C23555	2	22.22222222222222
Strep_C19238	2	22.22222222222222
Strep_C23553	2	22.22222222222222
Strep_C999	2	22.22222222222222
Strep_C5185	2	22.22222222222222
Strep_C11259	2	22.22222222222222
Strep_C23552	2	22.22222222222222
Strep_C24996	2	22.22222222222222
Strep_C23551	2	22.22222222222222
Strep_C21100	2	22.22222222222222
Strep_C23550	2	22.22222222222222
Strep_C5182	2	22.22222222222222
Strep_C23549	2	22.22222222222222
Strep_C23548	2	22.22222222222222
Strep_C23547	2	22.22222222222222
Strep_C23546	2	22.22222222222222
Strep_C11254	2	22.22222222222222
Strep_C29923	2	22.22222222222222
Strep_C29949	2	22.22222222222222
Strep_C10019	2	22.22222222222222
Strep_C29363	2	22.22222222222222
Strep_C11238	2	22.22222222222222
Strep_C23475	2	22.22222222222222
Strep_C19292	2	22.22222222222222
Strep_C21073	2	22.22222222222222
Strep_C514	2	22.22222222222222
Strep_C29974	2	22.22222222222222
Strep_C29976	2	22.22222222222222
Strep_C19296	2	22.22222222222222
Strep_C4109	2	22.22222222222222
Strep_C29977	2	22.22222222222222
Strep_C19297	2	22.22222222222222
Strep_C19298	2	22.22222222222222
Strep_C9996	2	22.22222222222222
Strep_C5147	2	22.22222222222222
Strep_C5146	2	22.22222222222222
Strep_C5145	2	22.22222222222222
Strep_C942	2	22.22222222222222
Strep_C5144	2	22.22222222222222
Strep_C9995	2	22.22222222222222
Strep_C11236	2	22.22222222222222
Strep_C29979	2	22.22222222222222
Strep_C23465	2	22.22222222222222
Strep_C23464	2	22.22222222222222
Strep_C5139	2	22.22222222222222
Strep_C11235	2	22.22222222222222
Strep_C5138	2	22.22222222222222
Strep_C29980	2	22.22222222222222
Strep_C9691	2	22.22222222222222
Strep_C23462	2	22.22222222222222
Strep_C11233	2	22.22222222222222
Strep_C23460	2	22.22222222222222
Strep_C9432	2	22.22222222222222
Strep_C21074	2	22.22222222222222
Strep_C2996	2	22.22222222222222
Strep_C23482	2	22.22222222222222
Strep_C29953	2	22.22222222222222
Strep_C19264	2	22.22222222222222
Strep_C298	2	22.22222222222222
Strep_C24478	2	22.22222222222222
Strep_C10700	2	22.22222222222222
Strep_C11249	2	22.22222222222222
Strep_C4086	2	22.22222222222222
Strep_C4084	2	22.22222222222222
Strep_C24989	2	22.22222222222222
Strep_C29897	2	22.22222222222222
Strep_C24986	2	22.22222222222222
Strep_C515	2	22.22222222222222
Strep_C29896	2	22.22222222222222
Strep_C2724	2	22.22222222222222
Strep_C11247	2	22.22222222222222
Strep_C19276	2	22.22222222222222
Strep_C19277	2	22.22222222222222
Strep_C11245	2	22.22222222222222
Strep_C23491	2	22.22222222222222
Strep_C10020	2	22.22222222222222
Strep_C23604	2	22.22222222222222
Strep_C23605	2	22.22222222222222
Strep_C10702	2	22.22222222222222
Strep_C11244	2	22.22222222222222
Strep_C19281	2	22.22222222222222
Strep_C19282	2	22.22222222222222
Strep_C29892	2	22.22222222222222
Strep_C19285	2	22.22222222222222
Strep_C2360	2	22.22222222222222
Strep_C23319	2	22.22222222222222
Strep_C21043	2	22.22222222222222
Strep_C1940	2	22.22222222222222
Strep_C23149	2	22.22222222222222
Strep_C23781	2	22.22222222222222
Strep_C23782	2	22.22222222222222
Strep_C19518	2	22.22222222222222
Strep_C402	2	22.22222222222222
Strep_C24453	2	22.22222222222222
Strep_C23784	2	22.22222222222222
Strep_C30178	2	22.22222222222222
Strep_C19520	2	22.22222222222222
Strep_C27137	2	22.22222222222222
Strep_C23787	2	22.22222222222222
Strep_C23150	2	22.22222222222222
Strep_C19522	2	22.22222222222222
Strep_C4155	2	22.22222222222222
Strep_C27138	2	22.22222222222222
Strep_C23147	2	22.22222222222222
Strep_C19516	2	22.22222222222222
Strep_C23146	2	22.22222222222222
Strep_C27139	2	22.22222222222222
Strep_C19528	2	22.22222222222222
Strep_C23145	2	22.22222222222222
Strep_C19530	2	22.22222222222222
Strep_C19532	2	22.22222222222222
Strep_C23143	2	22.22222222222222
Strep_C23142	2	22.22222222222222
Strep_C19535	2	22.22222222222222
Strep_C4156	2	22.22222222222222
Strep_C24921	2	22.22222222222222
Strep_C4157	2	22.22222222222222
Strep_C21207	2	22.22222222222222
Strep_C4158	2	22.22222222222222
Strep_C10098	2	22.22222222222222
Strep_C10730	2	22.22222222222222
Strep_C9444	2	22.22222222222222
Strep_C5030	2	22.22222222222222
Strep_C30149	2	22.22222222222222
Strep_C24929	2	22.22222222222222
Strep_C1949	2	22.22222222222222
Strep_C10720	2	22.22222222222222
Strep_C9676	2	22.22222222222222
Strep_C9675	2	22.22222222222222
Strep_C10723	2	22.22222222222222
Strep_C11183	2	22.22222222222222
Strep_C1067	2	22.22222222222222
Strep_C9674	2	22.22222222222222
Strep_C21191	2	22.22222222222222
Strep_C23768	2	22.22222222222222
Strep_C10091	2	22.22222222222222
Strep_C21196	2	22.22222222222222
Strep_C5029	2	22.22222222222222
Strep_C19515	2	22.22222222222222
Strep_C4036	2	22.22222222222222
Strep_C24456	2	22.22222222222222
Strep_C9697	2	22.22222222222222
Strep_C1950	2	22.22222222222222
Strep_C23174	2	22.22222222222222
Strep_C2099	2	22.22222222222222
Strep_C10728	2	22.22222222222222
Strep_C24928	2	22.22222222222222
Strep_C24927	2	22.22222222222222
Strep_C24926	2	22.22222222222222
Strep_C23779	2	22.22222222222222
Strep_C24455	2	22.22222222222222
Strep_C24454	2	22.22222222222222
Strep_C19514	2	22.22222222222222
Strep_C5009	2	22.22222222222222
Strep_C10731	2	22.22222222222222
Strep_C23136	2	22.22222222222222
Strep_C19588	2	22.22222222222222
Strep_C4023	2	22.22222222222222
Strep_C19580	2	22.22222222222222
Strep_C4022	2	22.22222222222222
Strep_C23094	2	22.22222222222222
Strep_C19582	2	22.22222222222222
Strep_C20981	2	22.22222222222222
Strep_C10115	2	22.22222222222222
Strep_C10117	2	22.22222222222222
Strep_C10119	2	22.22222222222222
Strep_C9961	2	22.22222222222222
Strep_C30216	2	22.22222222222222
Strep_C19585	2	22.22222222222222
Strep_C19586	2	22.22222222222222
Strep_C19587	2	22.22222222222222
Strep_C19589	2	22.22222222222222
Strep_C5004	2	22.22222222222222
Strep_C23081	2	22.22222222222222
Strep_C30219	2	22.22222222222222
Strep_C24450	2	22.22222222222222
Strep_C19593	2	22.22222222222222
Strep_C19594	2	22.22222222222222
Strep_C27386	2	22.22222222222222
Strep_C19595	2	22.22222222222222
Strep_C23826	2	22.22222222222222
Strep_C24449	2	22.22222222222222
Strep_C19596	2	22.22222222222222
Strep_C24448	2	22.22222222222222
Strep_C2975	2	22.22222222222222
Strep_C1959	2	22.22222222222222
Strep_C4978	2	22.22222222222222
Strep_C23096	2	22.22222222222222
Strep_C19579	2	22.22222222222222
Strep_C19577	2	22.22222222222222
Strep_C1115	2	22.22222222222222
Strep_C1116	2	22.22222222222222
Strep_C10732	2	22.22222222222222
Strep_C29787	2	22.22222222222222
Strep_C1954	2	22.22222222222222
Strep_C5003	2	22.22222222222222
Strep_C27140	2	22.22222222222222
Strep_C27141	2	22.22222222222222
Strep_C23124	2	22.22222222222222
Strep_C237	2	22.22222222222222
Strep_C23121	2	22.22222222222222
Strep_C23118	2	22.22222222222222
Strep_C29776	2	22.22222222222222
Strep_C301	2	22.22222222222222
Strep_C22678	2	22.22222222222222
Strep_C4998	2	22.22222222222222
Strep_C19564	2	22.22222222222222
Strep_C4995	2	22.22222222222222
Strep_C23108	2	22.22222222222222
Strep_C29771	2	22.22222222222222
Strep_C27390	2	22.22222222222222
Strep_C9966	2	22.22222222222222
Strep_C230	2	22.22222222222222
Strep_C10735	2	22.22222222222222
Strep_C27144	2	22.22222222222222
Strep_C1956	2	22.22222222222222
Strep_C24909	2	22.22222222222222
Strep_C4990	2	22.22222222222222
Strep_C24908	2	22.22222222222222
Strep_C9472	2	22.22222222222222
Strep_C2375	2	22.22222222222222
Strep_C29803	2	22.22222222222222
Strep_C29804	2	22.22222222222222
Strep_C29066	2	22.22222222222222
Strep_C21034	2	22.22222222222222
Strep_C19441	2	22.22222222222222
Strep_C30096	2	22.22222222222222
Strep_C21173	2	22.22222222222222
Strep_C23714	2	22.22222222222222
Strep_C19445	2	22.22222222222222
Strep_C23715	2	22.22222222222222
Strep_C21033	2	22.22222222222222
Strep_C19447	2	22.22222222222222
Strep_C21032	2	22.22222222222222
Strep_C27411	2	22.22222222222222
Strep_C23282	2	22.22222222222222
Strep_C21030	2	22.22222222222222
Strep_C23281	2	22.22222222222222
Strep_C19450	2	22.22222222222222
Strep_C10077	2	22.22222222222222
Strep_C19452	2	22.22222222222222
Strep_C5064	2	22.22222222222222
Strep_C29068	2	22.22222222222222
Strep_C9679	2	22.22222222222222
Strep_C23717	2	22.22222222222222
Strep_C5062	2	22.22222222222222
Strep_C23718	2	22.22222222222222
Strep_C23719	2	22.22222222222222
Strep_C23720	2	22.22222222222222
Strep_C5061	2	22.22222222222222
Strep_C21029	2	22.22222222222222
Strep_C21028	2	22.22222222222222
Strep_C23272	2	22.22222222222222
Strep_C11198	2	22.22222222222222
Strep_C21172	2	22.22222222222222
Strep_C19439	2	22.22222222222222
Strep_C19438	2	22.22222222222222
Strep_C19437	2	22.22222222222222
Strep_C30075	2	22.22222222222222
Strep_C30076	2	22.22222222222222
Strep_C23312	2	22.22222222222222
Strep_C23311	2	22.22222222222222
Strep_C5086	2	22.22222222222222
Strep_C10064	2	22.22222222222222
Strep_C412	2	22.22222222222222
Strep_C23309	2	22.22222222222222
Strep_C9680	2	22.22222222222222
Strep_C21040	2	22.22222222222222
Strep_C5082	2	22.22222222222222
Strep_C21168	2	22.22222222222222
Strep_C10065	2	22.22222222222222
Strep_C29061	2	22.22222222222222
Strep_C23306	2	22.22222222222222
Strep_C23305	2	22.22222222222222
Strep_C21169	2	22.22222222222222
Strep_C10067	2	22.22222222222222
Strep_C10071	2	22.22222222222222
Strep_C11203	2	22.22222222222222
Strep_C2982	2	22.22222222222222
Strep_C11201	2	22.22222222222222
Strep_C21037	2	22.22222222222222
Strep_C3008	2	22.22222222222222
Strep_C29064	2	22.22222222222222
Strep_C29065	2	22.22222222222222
Strep_C23292	2	22.22222222222222
Strep_C2328	2	22.22222222222222
Strep_C19436	2	22.22222222222222
Strep_C11197	2	22.22222222222222
Strep_C29071	2	22.22222222222222
Strep_C10089	2	22.22222222222222
Strep_C2374	2	22.22222222222222
Strep_C5045	2	22.22222222222222
Strep_C23230	2	22.22222222222222
Strep_C2980	2	22.22222222222222
Strep_C2101	2	22.22222222222222
Strep_C29348	2	22.22222222222222
Strep_C4048	2	22.22222222222222
Strep_C10081	2	22.22222222222222
Strep_C4047	2	22.22222222222222
Strep_C2321	2	22.22222222222222
Strep_C9979	2	22.22222222222222
Strep_C21185	2	22.22222222222222
Strep_C9454	2	22.22222222222222
Strep_C4046	2	22.22222222222222
Strep_C30136	2	22.22222222222222
Strep_C9977	2	22.22222222222222
Strep_C21027	2	22.22222222222222
Strep_C3013	2	22.22222222222222
Strep_C23752	2	22.22222222222222
Strep_C24934	2	22.22222222222222
Strep_C24933	2	22.22222222222222
Strep_C2320	2	22.22222222222222
Strep_C23755	2	22.22222222222222
Strep_C23207	2	22.22222222222222
Strep_C23206	2	22.22222222222222
Strep_C4045	2	22.22222222222222
Strep_C24500	2	22.22222222222222
Strep_C24460	2	22.22222222222222
Strep_C29805	2	22.22222222222222
Strep_C24931	2	22.22222222222222
Strep_C24930	2	22.22222222222222
Strep_C23231	2	22.22222222222222
Strep_C1118	2	22.22222222222222
Strep_C23232	2	22.22222222222222
Strep_C10681	2	22.22222222222222
Strep_C24938	2	22.22222222222222
Strep_C24937	2	22.22222222222222
Strep_C11196	2	22.22222222222222
Strep_C10078	2	22.22222222222222
Strep_C2325	2	22.22222222222222
Strep_C1946	2	22.22222222222222
Strep_C21176	2	22.22222222222222
Strep_C10079	2	22.22222222222222
Strep_C24464	2	22.22222222222222
Strep_C504	2	22.22222222222222
Strep_C24936	2	22.22222222222222
Strep_C23731	2	22.22222222222222
Strep_C23734	2	22.22222222222222
Strep_C4134	2	22.22222222222222
Strep_C3011	2	22.22222222222222
Strep_C11195	2	22.22222222222222
Strep_C4051	2	22.22222222222222
Strep_C23249	2	22.22222222222222
Strep_C11194	2	22.22222222222222
Strep_C273	2	22.22222222222222
Strep_C23244	2	22.22222222222222
Strep_C4135	2	22.22222222222222
Strep_C11192	2	22.22222222222222
Strep_C4136	2	22.22222222222222
Strep_C23238	2	22.22222222222222
Strep_C23237	2	22.22222222222222
Strep_C9678	2	22.22222222222222
Strep_C404	2	22.22222222222222
Strep_C23233	2	22.22222222222222
Strep_C2086	2	22.22222222222222
Strep_C20607	2	22.22222222222222
Strep_C480	2	22.22222222222222
Strep_C2036	2	22.22222222222222
Strep_C24201	2	22.22222222222222
Strep_C10569	2	22.22222222222222
Strep_C24690	2	22.22222222222222
Strep_C10425	2	22.22222222222222
Strep_C20681	2	22.22222222222222
Strep_C3543	2	22.22222222222222
Strep_C24688	2	22.22222222222222
Strep_C3544	2	22.22222222222222
Strep_C29272	2	22.22222222222222
Strep_C24351	2	22.22222222222222
Strep_C24686	2	22.22222222222222
Strep_C20368	2	22.22222222222222
Strep_C24205	2	22.22222222222222
Strep_C3548	2	22.22222222222222
Strep_C4528	2	22.22222222222222
Strep_C20379	2	22.22222222222222
Strep_C24685	2	22.22222222222222
Strep_C962	2	22.22222222222222
Strep_C3819	2	22.22222222222222
Strep_C27464	2	22.22222222222222
Strep_C20372	2	22.22222222222222
Strep_C2155	2	22.22222222222222
Strep_C20373	2	22.22222222222222
Strep_C9753	2	22.22222222222222
Strep_C20375	2	22.22222222222222
Strep_C21568	2	22.22222222222222
Strep_C24348	2	22.22222222222222
Strep_C20376	2	22.22222222222222
Strep_C3551	2	22.22222222222222
Strep_C21570	2	22.22222222222222
Strep_C10422	2	22.22222222222222
Strep_C9751	2	22.22222222222222
Strep_C4345	2	22.22222222222222
Strep_C22010	2	22.22222222222222
Strep_C20334	2	22.22222222222222
Strep_C29538	2	22.22222222222222
Strep_C20689	2	22.22222222222222
Strep_C29431	2	22.22222222222222
Strep_C24191	2	22.22222222222222
Strep_C2952	2	22.22222222222222
Strep_C27197	2	22.22222222222222
Strep_C982	2	22.22222222222222
Strep_C22030	2	22.22222222222222
Strep_C4547	2	22.22222222222222
Strep_C2202	2	22.22222222222222
Strep_C3522	2	22.22222222222222
Strep_C9828	2	22.22222222222222
Strep_C2154	2	22.22222222222222
Strep_C22023	2	22.22222222222222
Strep_C22022	2	22.22222222222222
Strep_C10918	2	22.22222222222222
Strep_C22021	2	22.22222222222222
Strep_C10421	2	22.22222222222222
Strep_C10917	2	22.22222222222222
Strep_C22019	2	22.22222222222222
Strep_C22018	2	22.22222222222222
Strep_C29274	2	22.22222222222222
Strep_C29273	2	22.22222222222222
Strep_C24694	2	22.22222222222222
Strep_C10916	2	22.22222222222222
Strep_C20352	2	22.22222222222222
Strep_C22015	2	22.22222222222222
Strep_C22014	2	22.22222222222222
Strep_C20378	2	22.22222222222222
Strep_C21983	2	22.22222222222222
Strep_C21592	2	22.22222222222222
Strep_C10899	2	22.22222222222222
Strep_C3576	2	22.22222222222222
Strep_C3577	2	22.22222222222222
Strep_C3805	2	22.22222222222222
Strep_C29513	2	22.22222222222222
Strep_C2193	2	22.22222222222222
Strep_C2066	2	22.22222222222222
Strep_C3803	2	22.22222222222222
Strep_C24609	2	22.22222222222222
Strep_C449	2	22.22222222222222
Strep_C21933	2	22.22222222222222
Strep_C27206	2	22.22222222222222
Strep_C24229	2	22.22222222222222
Strep_C3802	2	22.22222222222222
Strep_C29440	2	22.22222222222222
Strep_C2192	2	22.22222222222222
Strep_C10433	2	22.22222222222222
Strep_C2158	2	22.22222222222222
Strep_C4496	2	22.22222222222222
Strep_C24230	2	22.22222222222222
Strep_C21928	2	22.22222222222222
Strep_C4495	2	22.22222222222222
Strep_C21926	2	22.22222222222222
Strep_C29505	2	22.22222222222222
Strep_C20425	2	22.22222222222222
Strep_C20426	2	22.22222222222222
Strep_C3592	2	22.22222222222222
Strep_C21590	2	22.22222222222222
Strep_C21591	2	22.22222222222222
Strep_C10444	2	22.22222222222222
Strep_C3596	2	22.22222222222222
Strep_C27205	2	22.22222222222222
Strep_C21949	2	22.22222222222222
Strep_C10440	2	22.22222222222222
Strep_C21950	2	22.22222222222222
Strep_C24210	2	22.22222222222222
Strep_C24212	2	22.22222222222222
Strep_C10562	2	22.22222222222222
Strep_C20381	2	22.22222222222222
Strep_C4522	2	22.22222222222222
Strep_C20389	2	22.22222222222222
Strep_C10434	2	22.22222222222222
Strep_C9629	2	22.22222222222222
Strep_C10435	2	22.22222222222222
Strep_C20392	2	22.22222222222222
Strep_C3810	2	22.22222222222222
Strep_C4516	2	22.22222222222222
Strep_C9628	2	22.22222222222222
Strep_C24213	2	22.22222222222222
Strep_C21971	2	22.22222222222222
Strep_C21578	2	22.22222222222222
Strep_C29517	2	22.22222222222222
Strep_C24215	2	22.22222222222222
Strep_C3566	2	22.22222222222222
Strep_C10436	2	22.22222222222222
Strep_C24218	2	22.22222222222222
Strep_C10437	2	22.22222222222222
Strep_C10439	2	22.22222222222222
Strep_C21957	2	22.22222222222222
Strep_C1043	2	22.22222222222222
Strep_C21955	2	22.22222222222222
Strep_C21954	2	22.22222222222222
Strep_C21953	2	22.22222222222222
Strep_C24607	2	22.22222222222222
Strep_C4342	2	22.22222222222222
Strep_C20331	2	22.22222222222222
Strep_C10411	2	22.22222222222222
Strep_C10394	2	22.22222222222222
Strep_C10391	2	22.22222222222222
Strep_C24167	2	22.22222222222222
Strep_C22115	2	22.22222222222222
Strep_C20273	2	22.22222222222222
Strep_C29207	2	22.22222222222222
Strep_C458	2	22.22222222222222
Strep_C4589	2	22.22222222222222
Strep_C10817	2	22.22222222222222
Strep_C24168	2	22.22222222222222
Strep_C1093	2	22.22222222222222
Strep_C346	2	22.22222222222222
Strep_C10392	2	22.22222222222222
Strep_C10939	2	22.22222222222222
Strep_C10393	2	22.22222222222222
Strep_C3474	2	22.22222222222222
Strep_C3503	2	22.22222222222222
Strep_C10395	2	22.22222222222222
Strep_C4328	2	22.22222222222222
Strep_C3837	2	22.22222222222222
Strep_C21524	2	22.22222222222222
Strep_C22102	2	22.22222222222222
Strep_C21525	2	22.22222222222222
Strep_C9576	2	22.22222222222222
Strep_C10933	2	22.22222222222222
Strep_C22101	2	22.22222222222222
Strep_C21527	2	22.22222222222222
Strep_C24711	2	22.22222222222222
Strep_C21528	2	22.22222222222222
Strep_C21529	2	22.22222222222222
Strep_C20294	2	22.22222222222222
Strep_C22119	2	22.22222222222222
Strep_C10814	2	22.22222222222222
Strep_C10390	2	22.22222222222222
Strep_C20714	2	22.22222222222222
Strep_C2024	2	22.22222222222222
Strep_C29202	2	22.22222222222222
Strep_C9847	2	22.22222222222222
Strep_C20722	2	22.22222222222222
Strep_C2471	2	22.22222222222222
Strep_C20721	2	22.22222222222222
Strep_C20254	2	22.22222222222222
Strep_C27277	2	22.22222222222222
Strep_C20255	2	22.22222222222222
Strep_C20719	2	22.22222222222222
Strep_C20718	2	22.22222222222222
Strep_C20256	2	22.22222222222222
Strep_C20257	2	22.22222222222222
Strep_C20259	2	22.22222222222222
Strep_C29205	2	22.22222222222222
Strep_C20716	2	22.22222222222222
Strep_C20261	2	22.22222222222222
Strep_C27333	2	22.22222222222222
Strep_C20262	2	22.22222222222222
Strep_C383	2	22.22222222222222
Strep_C4597	2	22.22222222222222
Strep_C4596	2	22.22222222222222
Strep_C9571	2	22.22222222222222
Strep_C29550	2	22.22222222222222
Strep_C9844	2	22.22222222222222
Strep_C9744	2	22.22222222222222
Strep_C21518	2	22.22222222222222
Strep_C1038	2	22.22222222222222
Strep_C3459	2	22.22222222222222
Strep_C10396	2	22.22222222222222
Strep_C22098	2	22.22222222222222
Strep_C22097	2	22.22222222222222
Strep_C20315	2	22.22222222222222
Strep_C22073	2	22.22222222222222
Strep_C4561	2	22.22222222222222
Strep_C4560	2	22.22222222222222
Strep_C10405	2	22.22222222222222
Strep_C20320	2	22.22222222222222
Strep_C20321	2	22.22222222222222
Strep_C21537	2	22.22222222222222
Strep_C20323	2	22.22222222222222
Strep_C9747	2	22.22222222222222
Strep_C29276	2	22.22222222222222
Strep_C22068	2	22.22222222222222
Strep_C974	2	22.22222222222222
Strep_C4558	2	22.22222222222222
Strep_C3492	2	22.22222222222222
Strep_C10928	2	22.22222222222222
Strep_C22064	2	22.22222222222222
Strep_C20328	2	22.22222222222222
Strep_C10571	2	22.22222222222222
Strep_C2745	2	22.22222222222222
Strep_C24180	2	22.22222222222222
Strep_C2205	2	22.22222222222222
Strep_C3831	2	22.22222222222222
Strep_C3498	2	22.22222222222222
Strep_C29275	2	22.22222222222222
Strep_C3500	2	22.22222222222222
Strep_C24700	2	22.22222222222222
Strep_C20330	2	22.22222222222222
Strep_C3501	2	22.22222222222222
Strep_C27328	2	22.22222222222222
Strep_C20316	2	22.22222222222222
Strep_C4338	2	22.22222222222222
Strep_C22095	2	22.22222222222222
Strep_C24177	2	22.22222222222222
Strep_C3477	2	22.22222222222222
Strep_C3478	2	22.22222222222222
Strep_C29279	2	22.22222222222222
Strep_C4574	2	22.22222222222222
Strep_C4572	2	22.22222222222222
Strep_C4571	2	22.22222222222222
Strep_C4332	2	22.22222222222222
Strep_C2208	2	22.22222222222222
Strep_C202	2	22.22222222222222
Strep_C10932	2	22.22222222222222
Strep_C21530	2	22.22222222222222
Strep_C22087	2	22.22222222222222
Strep_C9577	2	22.22222222222222
Strep_C4569	2	22.22222222222222
Strep_C9839	2	22.22222222222222
Strep_C21533	2	22.22222222222222
Strep_C103	2	22.22222222222222
Strep_C29277	2	22.22222222222222
Strep_C3485	2	22.22222222222222
Strep_C10930	2	22.22222222222222
Strep_C21534	2	22.22222222222222
Strep_C4337	2	22.22222222222222
Strep_C21536	2	22.22222222222222
Strep_C4566	2	22.22222222222222
Strep_C20312	2	22.22222222222222
Strep_C10400	2	22.22222222222222
Strep_C9838	2	22.22222222222222
Strep_C20313	2	22.22222222222222
Strep_C20314	2	22.22222222222222
Strep_C20428	2	22.22222222222222
Strep_C2731	2	22.22222222222222
Strep_C3441	2	22.22222222222222
Strep_C27486	2	22.22222222222222
Strep_C10503	2	22.22222222222222
Strep_C3692	2	22.22222222222222
Strep_C3695	2	22.22222222222222
Strep_C21643	2	22.22222222222222
Strep_C21760	2	22.22222222222222
Strep_C21647	2	22.22222222222222
Strep_C3764	2	22.22222222222222
Strep_C369	2	22.22222222222222
Strep_C29253	2	22.22222222222222
Strep_C21755	2	22.22222222222222
Strep_C24621	2	22.22222222222222
Strep_C2054	2	22.22222222222222
Strep_C21752	2	22.22222222222222
Strep_C21749	2	22.22222222222222
Strep_C21745	2	22.22222222222222
Strep_C2172	2	22.22222222222222
Strep_C4419	2	22.22222222222222
Strep_C9794	2	22.22222222222222
Strep_C21743	2	22.22222222222222
Strep_C21742	2	22.22222222222222
Strep_C27485	2	22.22222222222222
Strep_C1050	2	22.22222222222222
Strep_C9791	2	22.22222222222222
Strep_C21739	2	22.22222222222222
Strep_C21738	2	22.22222222222222
Strep_C9790	2	22.22222222222222
Strep_C29473	2	22.22222222222222
Strep_C10534	2	22.22222222222222
Strep_C24290	2	22.22222222222222
Strep_C24623	2	22.22222222222222
Strep_C10501	2	22.22222222222222
Strep_C27479	2	22.22222222222222
Strep_C10838	2	22.22222222222222
Strep_C3685	2	22.22222222222222
Strep_C4441	2	22.22222222222222
Strep_C3775	2	22.22222222222222
Strep_C24648	2	22.22222222222222
Strep_C20632	2	22.22222222222222
Strep_C2162	2	22.22222222222222
Strep_C2728	2	22.22222222222222
Strep_C20630	2	22.22222222222222
Strep_C4437	2	22.22222222222222
Strep_C10877	2	22.22222222222222
Strep_C10876	2	22.22222222222222
Strep_C4435	2	22.22222222222222
Strep_C4434	2	22.22222222222222
Strep_C3772	2	22.22222222222222
Strep_C4432	2	22.22222222222222
Strep_C9602	2	22.22222222222222
Strep_C20629	2	22.22222222222222
Strep_C20628	2	22.22222222222222
Strep_C10543	2	22.22222222222222
Strep_C21783	2	22.22222222222222
Strep_C20627	2	22.22222222222222
Strep_C27292	2	22.22222222222222
Strep_C20626	2	22.22222222222222
Strep_C2461	2	22.22222222222222
Strep_C376	2	22.22222222222222
Strep_C442	2	22.22222222222222
Strep_C21642	2	22.22222222222222
Strep_C3684	2	22.22222222222222
Strep_C10497	2	22.22222222222222
Strep_C4427	2	22.22222222222222
Strep_C10860	2	22.22222222222222
Strep_C29472	2	22.22222222222222
Strep_C21593	2	22.22222222222222
Strep_C21670	2	22.22222222222222
Strep_C21667	2	22.22222222222222
Strep_C1083	2	22.22222222222222
Strep_C4396	2	22.22222222222222
Strep_C27481	2	22.22222222222222
Strep_C3736	2	22.22222222222222
Strep_C21669	2	22.22222222222222
Strep_C24624	2	22.22222222222222
Strep_C10850	2	22.22222222222222
Strep_C10525	2	22.22222222222222
Strep_C9621	2	22.22222222222222
Strep_C4392	2	22.22222222222222
Strep_C27216	2	22.22222222222222
Strep_C27536	2	22.22222222222222
Strep_C2430	2	22.22222222222222
Strep_C9779	2	22.22222222222222
Strep_C4411	2	22.22222222222222
Strep_C24625	2	22.22222222222222
Strep_C20598	2	22.22222222222222
Strep_C27483	2	22.22222222222222
Strep_C27217	2	22.22222222222222
Strep_C3747	2	22.22222222222222
Strep_C3748	2	22.22222222222222
Strep_C438	2	22.22222222222222
Strep_C9619	2	22.22222222222222
Strep_C4389	2	22.22222222222222
Strep_C27218	2	22.22222222222222
Strep_C27484	2	22.22222222222222
Strep_C3750	2	22.22222222222222
Strep_C9776	2	22.22222222222222
Strep_C27297	2	22.22222222222222
Strep_C3725	2	22.22222222222222
Strep_C27480	2	22.22222222222222
Strep_C2462	2	22.22222222222222
Strep_C10854	2	22.22222222222222
Strep_C24292	2	22.22222222222222
Strep_C24293	2	22.22222222222222
Strep_C4383	2	22.22222222222222
Strep_C24318	2	22.22222222222222
Strep_C20565	2	22.22222222222222
Strep_C21662	2	22.22222222222222
Strep_C20566	2	22.22222222222222
Strep_C20567	2	22.22222222222222
Strep_C21665	2	22.22222222222222
Strep_C24294	2	22.22222222222222
Strep_C3716	2	22.22222222222222
Strep_C20569	2	22.22222222222222
Strep_C2056	2	22.22222222222222
Strep_C24634	2	22.22222222222222
Strep_C20571	2	22.22222222222222
Strep_C24295	2	22.22222222222222
Strep_C20573	2	22.22222222222222
Strep_C21666	2	22.22222222222222
Strep_C24297	2	22.22222222222222
Strep_C20574	2	22.22222222222222
Strep_C2925	2	22.22222222222222
Strep_C9787	2	22.22222222222222
Strep_C24299	2	22.22222222222222
Strep_C4406	2	22.22222222222222
Strep_C20613	2	22.22222222222222
Strep_C24300	2	22.22222222222222
Strep_C10856	2	22.22222222222222
Strep_C24632	2	22.22222222222222
Strep_C24631	2	22.22222222222222
Strep_C3671	2	22.22222222222222
Strep_C4443	2	22.22222222222222
Strep_C3777	2	22.22222222222222
Strep_C4473	2	22.22222222222222
Strep_C10457	2	22.22222222222222
Strep_C24247	2	22.22222222222222
Strep_C27315	2	22.22222222222222
Strep_C24665	2	22.22222222222222
Strep_C20655	2	22.22222222222222
Strep_C24613	2	22.22222222222222
Strep_C215	2	22.22222222222222
Strep_C21888	2	22.22222222222222
Strep_C3617	2	22.22222222222222
Strep_C3619	2	22.22222222222222
Strep_C24339	2	22.22222222222222
Strep_C294	2	22.22222222222222
Strep_C4475	2	22.22222222222222
Strep_C4474	2	22.22222222222222
Strep_C21882	2	22.22222222222222
Strep_C21798	2	22.22222222222222
Strep_C2746	2	22.22222222222222
Strep_C3621	2	22.22222222222222
Strep_C29242	2	22.22222222222222
Strep_C3622	2	22.22222222222222
Strep_C3798	2	22.22222222222222
Strep_C3796	2	22.22222222222222
Strep_C446	2	22.22222222222222
Strep_C10890	2	22.22222222222222
Strep_C24660	2	22.22222222222222
Strep_C3624	2	22.22222222222222
Strep_C3795	2	22.22222222222222
Strep_C21872	2	22.22222222222222
Strep_C20472	2	22.22222222222222
Strep_C9626	2	22.22222222222222
Strep_C24612	2	22.22222222222222
Strep_C447	2	22.22222222222222
Strep_C10833	2	22.22222222222222
Strep_C24611	2	22.22222222222222
Strep_C20429	2	22.22222222222222
Strep_C3598	2	22.22222222222222
Strep_C3599	2	22.22222222222222
Strep_C10448	2	22.22222222222222
Strep_C3600	2	22.22222222222222
Strep_C20432	2	22.22222222222222
Strep_C21594	2	22.22222222222222
Strep_C20433	2	22.22222222222222
Strep_C20435	2	22.22222222222222
Strep_C3800	2	22.22222222222222
Strep_C20437	2	22.22222222222222
Strep_C21596	2	22.22222222222222
Strep_C3603	2	22.22222222222222
Strep_C4491	2	22.22222222222222
Strep_C3604	2	22.22222222222222
Strep_C20440	2	22.22222222222222
Strep_C1044	2	22.22222222222222
Strep_C9817	2	22.22222222222222
Strep_C21899	2	22.22222222222222
Strep_C27208	2	22.22222222222222
Strep_C27469	2	22.22222222222222
Strep_C21897	2	22.22222222222222
Strep_C4484	2	22.22222222222222
Strep_C2433	2	22.22222222222222
Strep_C4483	2	22.22222222222222
Strep_C4482	2	22.22222222222222
Strep_C24610	2	22.22222222222222
Strep_C4481	2	22.22222222222222
Strep_C4480	2	22.22222222222222
Strep_C2424	2	22.22222222222222
Strep_C3794	2	22.22222222222222
Strep_C3793	2	22.22222222222222
Strep_C21831	2	22.22222222222222
Strep_C20496	2	22.22222222222222
Strep_C21829	2	22.22222222222222
Strep_C20641	2	22.22222222222222
Strep_C20639	2	22.22222222222222
Strep_C4452	2	22.22222222222222
Strep_C24617	2	22.22222222222222
Strep_C9803	2	22.22222222222222
Strep_C24618	2	22.22222222222222
Strep_C21816	2	22.22222222222222
Strep_C2944	2	22.22222222222222
Strep_C4450	2	22.22222222222222
Strep_C24619	2	22.22222222222222
Strep_C10485	2	22.22222222222222
Strep_C21808	2	22.22222222222222
Strep_C10884	2	22.22222222222222
Strep_C21806	2	22.22222222222222
Strep_C20506	2	22.22222222222222
Strep_C20509	2	22.22222222222222
Strep_C21624	2	22.22222222222222
Strep_C10552	2	22.22222222222222
Strep_C21805	2	22.22222222222222
Strep_C21804	2	22.22222222222222
Strep_C21803	2	22.22222222222222
Strep_C21802	2	22.22222222222222
Strep_C21801	2	22.22222222222222
Strep_C21800	2	22.22222222222222
Strep_C4446	2	22.22222222222222
Strep_C20634	2	22.22222222222222
Strep_C4445	2	22.22222222222222
Strep_C3654	2	22.22222222222222
Strep_C20493	2	22.22222222222222
Strep_C362	2	22.22222222222222
Strep_C10556	2	22.22222222222222
Strep_C10461	2	22.22222222222222
Strep_C29499	2	22.22222222222222
Strep_C29498	2	22.22222222222222
Strep_C20479	2	22.22222222222222
Strep_C29497	2	22.22222222222222
Strep_C21609	2	22.22222222222222
Strep_C27209	2	22.22222222222222
Strep_C24657	2	22.22222222222222
Strep_C29444	2	22.22222222222222
Strep_C20647	2	22.22222222222222
Strep_C2753	2	22.22222222222222
Strep_C20646	2	22.22222222222222
Strep_C10886	2	22.22222222222222
Strep_C10473	2	22.22222222222222
Strep_C21845	2	22.22222222222222
Strep_C21843	2	22.22222222222222
Strep_C29495	2	22.22222222222222
Strep_C3787	2	22.22222222222222
Strep_C436	2	22.22222222222222
Strep_C2048	2	22.22222222222222
Strep_C3785	2	22.22222222222222
Strep_C24615	2	22.22222222222222
Strep_C24616	2	22.22222222222222
Strep_C24264	2	22.22222222222222
Strep_C3652	2	22.22222222222222
Strep_C20642	2	22.22222222222222
Strep_C20491	2	22.22222222222222
Strep_C27307	2	22.22222222222222
Strep_C21832	2	22.22222222222222
Strep_C3442	2	22.22222222222222
Strep_C2214	2	22.22222222222222
Strep_C19896	2	22.22222222222222
Strep_C1101	2	22.22222222222222
Strep_C29629	2	22.22222222222222
Strep_C29626	2	22.22222222222222
Strep_C20012	2	22.22222222222222
Strep_C24785	2	22.22222222222222
Strep_C321	2	22.22222222222222
Strep_C29417	2	22.22222222222222
Strep_C11020	2	22.22222222222222
Strep_C22496	2	22.22222222222222
Strep_C22495	2	22.22222222222222
Strep_C20016	2	22.22222222222222
Strep_C22494	2	22.22222222222222
Strep_C20018	2	22.22222222222222
Strep_C20019	2	22.22222222222222
Strep_C9893	2	22.22222222222222
Strep_C21419	2	22.22222222222222
Strep_C10278	2	22.22222222222222
Strep_C10789	2	22.22222222222222
Strep_C20812	2	22.22222222222222
Strep_C10607	2	22.22222222222222
Strep_C29418	2	22.22222222222222
Strep_C21421	2	22.22222222222222
Strep_C2404	2	22.22222222222222
Strep_C11015	2	22.22222222222222
Strep_C11014	2	22.22222222222222
Strep_C11013	2	22.22222222222222
Strep_C10606	2	22.22222222222222
Strep_C20811	2	22.22222222222222
Strep_C1078	2	22.22222222222222
Strep_C322	2	22.22222222222222
Strep_C3230	2	22.22222222222222
Strep_C10608	2	22.22222222222222
Strep_C10609	2	22.22222222222222
Strep_C24387	2	22.22222222222222
Strep_C3213	2	22.22222222222222
Strep_C10258	2	22.22222222222222
Strep_C10610	2	22.22222222222222
Strep_C19991	2	22.22222222222222
Strep_C19992	2	22.22222222222222
Strep_C19993	2	22.22222222222222
Strep_C19995	2	22.22222222222222
Strep_C19996	2	22.22222222222222
Strep_C3203	2	22.22222222222222
Strep_C29632	2	22.22222222222222
Strep_C474	2	22.22222222222222
Strep_C4259	2	22.22222222222222
Strep_C19998	2	22.22222222222222
Strep_C2140	2	22.22222222222222
Strep_C22525	2	22.22222222222222
Strep_C19999	2	22.22222222222222
Strep_C24792	2	22.22222222222222
Strep_C11030	2	22.22222222222222
Strep_C24790	2	22.22222222222222
Strep_C20000	2	22.22222222222222
Strep_C11028	2	22.22222222222222
Strep_C10786	2	22.22222222222222
Strep_C9899	2	22.22222222222222
Strep_C29416	2	22.22222222222222
Strep_C9898	2	22.22222222222222
Strep_C10787	2	22.22222222222222
Strep_C2962	2	22.22222222222222
Strep_C20817	2	22.22222222222222
Strep_C20005	2	22.22222222222222
Strep_C24388	2	22.22222222222222
Strep_C10605	2	22.22222222222222
Strep_C9535	2	22.22222222222222
Strep_C24378	2	22.22222222222222
Strep_C4282	2	22.22222222222222
Strep_C24381	2	22.22222222222222
Strep_C20054	2	22.22222222222222
Strep_C10792	2	22.22222222222222
Strep_C24380	2	22.22222222222222
Strep_C2078	2	22.22222222222222
Strep_C3262	2	22.22222222222222
Strep_C3884	2	22.22222222222222
Strep_C20057	2	22.22222222222222
Strep_C20058	2	22.22222222222222
Strep_C20059	2	22.22222222222222
Strep_C27562	2	22.22222222222222
Strep_C3264	2	22.22222222222222
Strep_C3266	2	22.22222222222222
Strep_C20060	2	22.22222222222222
Strep_C20061	2	22.22222222222222
Strep_C10279	2	22.22222222222222
Strep_C22430	2	22.22222222222222
Strep_C4285	2	22.22222222222222
Strep_C9889	2	22.22222222222222
Strep_C20065	2	22.22222222222222
Strep_C20066	2	22.22222222222222
Strep_C3267	2	22.22222222222222
Strep_C9888	2	22.22222222222222
Strep_C24379	2	22.22222222222222
Strep_C2960	2	22.22222222222222
Strep_C20067	2	22.22222222222222
Strep_C20068	2	22.22222222222222
Strep_C3271	2	22.22222222222222
Strep_C4710	2	22.22222222222222
Strep_C3272	2	22.22222222222222
Strep_C325	2	22.22222222222222
Strep_C20053	2	22.22222222222222
Strep_C20052	2	22.22222222222222
Strep_C3258	2	22.22222222222222
Strep_C3235	2	22.22222222222222
Strep_C4271	2	22.22222222222222
Strep_C10790	2	22.22222222222222
Strep_C972	2	22.22222222222222
Strep_C2142	2	22.22222222222222
Strep_C22469	2	22.22222222222222
Strep_C22467	2	22.22222222222222
Strep_C3241	2	22.22222222222222
Strep_C22465	2	22.22222222222222
Strep_C22464	2	22.22222222222222
Strep_C10282	2	22.22222222222222
Strep_C24775	2	22.22222222222222
Strep_C20041	2	22.22222222222222
Strep_C24382	2	22.22222222222222
Strep_C10284	2	22.22222222222222
Strep_C4274	2	22.22222222222222
Strep_C24774	2	22.22222222222222
Strep_C24773	2	22.22222222222222
Strep_C3252	2	22.22222222222222
Strep_C3253	2	22.22222222222222
Strep_C24062	2	22.22222222222222
Strep_C3889	2	22.22222222222222
Strep_C1028	2	22.22222222222222
Strep_C24770	2	22.22222222222222
Strep_C3256	2	22.22222222222222
Strep_C10791	2	22.22222222222222
Strep_C10290	2	22.22222222222222
Strep_C2004	2	22.22222222222222
Strep_C20050	2	22.22222222222222
Strep_C9529	2	22.22222222222222
Strep_C19988	2	22.22222222222222
Strep_C29636	2	22.22222222222222
Strep_C27437	2	22.22222222222222
Strep_C392	2	22.22222222222222
Strep_C29318	2	22.22222222222222
Strep_C27270	2	22.22222222222222
Strep_C22636	2	22.22222222222222
Strep_C22635	2	22.22222222222222
Strep_C22634	2	22.22222222222222
Strep_C22633	2	22.22222222222222
Strep_C4796	2	22.22222222222222
Strep_C19921	2	22.22222222222222
Strep_C19922	2	22.22222222222222
Strep_C3927	2	22.22222222222222
Strep_C3136	2	22.22222222222222
Strep_C3925	2	22.22222222222222
Strep_C11055	2	22.22222222222222
Strep_C2261	2	22.22222222222222
Strep_C29637	2	22.22222222222222
Strep_C3923	2	22.22222222222222
Strep_C4788	2	22.22222222222222
Strep_C29649	2	22.22222222222222
Strep_C3148	2	22.22222222222222
Strep_C4242	2	22.22222222222222
Strep_C9906	2	22.22222222222222
Strep_C22611	2	22.22222222222222
Strep_C10238	2	22.22222222222222
Strep_C2439	2	22.22222222222222
Strep_C3921	2	22.22222222222222
Strep_C21672	2	22.22222222222222
Strep_C3153	2	22.22222222222222
Strep_C11050	2	22.22222222222222
Strep_C10239	2	22.22222222222222
Strep_C19914	2	22.22222222222222
Strep_C4800	2	22.22222222222222
Strep_C19912	2	22.22222222222222
Strep_C3131	2	22.22222222222222
Strep_C22676	2	22.22222222222222
Strep_C29660	2	22.22222222222222
Strep_C10216	2	22.22222222222222
Strep_C19898	2	22.22222222222222
Strep_C3113	2	22.22222222222222
Strep_C1021	2	22.22222222222222
Strep_C20868	2	22.22222222222222
Strep_C10224	2	22.22222222222222
Strep_C3118	2	22.22222222222222
Strep_C29658	2	22.22222222222222
Strep_C21356	2	22.22222222222222
Strep_C10225	2	22.22222222222222
Strep_C24823	2	22.22222222222222
Strep_C2265	2	22.22222222222222
Strep_C10771	2	22.22222222222222
Strep_C2726	2	22.22222222222222
Strep_C10226	2	22.22222222222222
Strep_C19902	2	22.22222222222222
Strep_C4229	2	22.22222222222222
Strep_C10227	2	22.22222222222222
Strep_C19905	2	22.22222222222222
Strep_C22651	2	22.22222222222222
Strep_C3931	2	22.22222222222222
Strep_C22647	2	22.22222222222222
Strep_C22644	2	22.22222222222222
Strep_C3130	2	22.22222222222222
Strep_C2931	2	22.22222222222222
Strep_C4802	2	22.22222222222222
Strep_C22641	2	22.22222222222222
Strep_C3154	2	22.22222222222222
Strep_C27500	2	22.22222222222222
Strep_C477	2	22.22222222222222
Strep_C3909	2	22.22222222222222
Strep_C19968	2	22.22222222222222
Strep_C24394	2	22.22222222222222
Strep_C22566	2	22.22222222222222
Strep_C24392	2	22.22222222222222
Strep_C9527	2	22.22222222222222
Strep_C22560	2	22.22222222222222
Strep_C2082	2	22.22222222222222
Strep_C19976	2	22.22222222222222
Strep_C10611	2	22.22222222222222
Strep_C2915	2	22.22222222222222
Strep_C10253	2	22.22222222222222
Strep_C21402	2	22.22222222222222
Strep_C22557	2	22.22222222222222
Strep_C10254	2	22.22222222222222
Strep_C22555	2	22.22222222222222
Strep_C4756	2	22.22222222222222
Strep_C22554	2	22.22222222222222
Strep_C24390	2	22.22222222222222
Strep_C4755	2	22.22222222222222
Strep_C22552	2	22.22222222222222
Strep_C19985	2	22.22222222222222
Strep_C19986	2	22.22222222222222
Strep_C22551	2	22.22222222222222
Strep_C10784	2	22.22222222222222
Strep_C3192	2	22.22222222222222
Strep_C22548	2	22.22222222222222
Strep_C22547	2	22.22222222222222
Strep_C3903	2	22.22222222222222
Strep_C19987	2	22.22222222222222
Strep_C11037	2	22.22222222222222
Strep_C29642	2	22.22222222222222
Strep_C4245	2	22.22222222222222
Strep_C22572	2	22.22222222222222
Strep_C2735	2	22.22222222222222
Strep_C4779	2	22.22222222222222
Strep_C29312	2	22.22222222222222
Strep_C3919	2	22.22222222222222
Strep_C3918	2	22.22222222222222
Strep_C4249	2	22.22222222222222
Strep_C29310	2	22.22222222222222
Strep_C3161	2	22.22222222222222
Strep_C2914	2	22.22222222222222
Strep_C24017	2	22.22222222222222
Strep_C24018	2	22.22222222222222
Strep_C10616	2	22.22222222222222
Strep_C11046	2	22.22222222222222
Strep_C24019	2	22.22222222222222
Strep_C2743	2	22.22222222222222
Strep_C11044	2	22.22222222222222
Strep_C21384	2	22.22222222222222
Strep_C11042	2	22.22222222222222
Strep_C21386	2	22.22222222222222
Strep_C19956	2	22.22222222222222
Strep_C316	2	22.22222222222222
Strep_C2716	2	22.22222222222222
Strep_C24021	2	22.22222222222222
Strep_C3172	2	22.22222222222222
Strep_C21388	2	22.22222222222222
Strep_C10249	2	22.22222222222222
Strep_C1995	2	22.22222222222222
Strep_C24023	2	22.22222222222222
Strep_C10779	2	22.22222222222222
Strep_C3273	2	22.22222222222222
Strep_C24377	2	22.22222222222222
Strep_C3440	2	22.22222222222222
Strep_C20197	2	22.22222222222222
Strep_C3371	2	22.22222222222222
Strep_C29196	2	22.22222222222222
Strep_C2411	2	22.22222222222222
Strep_C3374	2	22.22222222222222
Strep_C20191	2	22.22222222222222
Strep_C29582	2	22.22222222222222
Strep_C24123	2	22.22222222222222
Strep_C21487	2	22.22222222222222
Strep_C337	2	22.22222222222222
Strep_C20193	2	22.22222222222222
Strep_C20194	2	22.22222222222222
Strep_C27447	2	22.22222222222222
Strep_C22250	2	22.22222222222222
Strep_C20196	2	22.22222222222222
Strep_C27552	2	22.22222222222222
Strep_C3397	2	22.22222222222222
Strep_C22248	2	22.22222222222222
Strep_C20200	2	22.22222222222222
Strep_C22246	2	22.22222222222222
Strep_C20201	2	22.22222222222222
Strep_C22245	2	22.22222222222222
Strep_C22244	2	22.22222222222222
Strep_C2957	2	22.22222222222222
Strep_C24365	2	22.22222222222222
Strep_C338	2	22.22222222222222
Strep_C29197	2	22.22222222222222
Strep_C3394	2	22.22222222222222
Strep_C3395	2	22.22222222222222
Strep_C20206	2	22.22222222222222
Strep_C9863	2	22.22222222222222
Strep_C20189	2	22.22222222222222
Strep_C3370	2	22.22222222222222
Strep_C3367	2	22.22222222222222
Strep_C22267	2	22.22222222222222
Strep_C27555	2	22.22222222222222
Strep_C2410	2	22.22222222222222
Strep_C27527	2	22.22222222222222
Strep_C27554	2	22.22222222222222
Strep_C9737	2	22.22222222222222
Strep_C22295	2	22.22222222222222
Strep_C4645	2	22.22222222222222
Strep_C27553	2	22.22222222222222
Strep_C334	2	22.22222222222222
Strep_C10807	2	22.22222222222222
Strep_C24111	2	22.22222222222222
Strep_C3862	2	22.22222222222222
Strep_C3351	2	22.22222222222222
Strep_C3352	2	22.22222222222222
Strep_C20178	2	22.22222222222222
Strep_C9738	2	22.22222222222222
Strep_C3353	2	22.22222222222222
Strep_C9867	2	22.22222222222222
Strep_C24369	2	22.22222222222222
Strep_C24368	2	22.22222222222222
Strep_C3858	2	22.22222222222222
Strep_C3357	2	22.22222222222222
Strep_C22275	2	22.22222222222222
Strep_C463	2	22.22222222222222
Strep_C24114	2	22.22222222222222
Strep_C4639	2	22.22222222222222
Strep_C3362	2	22.22222222222222
Strep_C29424	2	22.22222222222222
Strep_C24117	2	22.22222222222222
Strep_C29198	2	22.22222222222222
Strep_C2073	2	22.22222222222222
Strep_C20070	2	22.22222222222222
Strep_C3427	2	22.22222222222222
Strep_C22181	2	22.22222222222222
Strep_C22180	2	22.22222222222222
Strep_C20233	2	22.22222222222222
Strep_C2217	2	22.22222222222222
Strep_C973	2	22.22222222222222
Strep_C22178	2	22.22222222222222
Strep_C20730	2	22.22222222222222
Strep_C22177	2	22.22222222222222
Strep_C22176	2	22.22222222222222
Strep_C29565	2	22.22222222222222
Strep_C2072	2	22.22222222222222
Strep_C20236	2	22.22222222222222
Strep_C27334	2	22.22222222222222
Strep_C4612	2	22.22222222222222
Strep_C10373	2	22.22222222222222
Strep_C2744	2	22.22222222222222
Strep_C22168	2	22.22222222222222
Strep_C1094	2	22.22222222222222
Strep_C10374	2	22.22222222222222
Strep_C21510	2	22.22222222222222
Strep_C3843	2	22.22222222222222
Strep_C2215	2	22.22222222222222
Strep_C2752	2	22.22222222222222
Strep_C20241	2	22.22222222222222
Strep_C24151	2	22.22222222222222
Strep_C22152	2	22.22222222222222
Strep_C29200	2	22.22222222222222
Strep_C10581	2	22.22222222222222
Strep_C20724	2	22.22222222222222
Strep_C343	2	22.22222222222222
Strep_C29566	2	22.22222222222222
Strep_C20732	2	22.22222222222222
Strep_C22186	2	22.22222222222222
Strep_C20230	2	22.22222222222222
Strep_C9739	2	22.22222222222222
Strep_C4317	2	22.22222222222222
Strep_C3403	2	22.22222222222222
Strep_C4624	2	22.22222222222222
Strep_C3406	2	22.22222222222222
Strep_C27192	2	22.22222222222222
Strep_C3407	2	22.22222222222222
Strep_C3408	2	22.22222222222222
Strep_C22211	2	22.22222222222222
Strep_C2956	2	22.22222222222222
Strep_C29426	2	22.22222222222222
Strep_C29199	2	22.22222222222222
Strep_C22204	2	22.22222222222222
Strep_C20737	2	22.22222222222222
Strep_C24732	2	22.22222222222222
Strep_C2413	2	22.22222222222222
Strep_C20223	2	22.22222222222222
Strep_C21499	2	22.22222222222222
Strep_C20224	2	22.22222222222222
Strep_C3416	2	22.22222222222222
Strep_C27336	2	22.22222222222222
Strep_C22198	2	22.22222222222222
Strep_C29568	2	22.22222222222222
Strep_C9567	2	22.22222222222222
Strep_C341	2	22.22222222222222
Strep_C22191	2	22.22222222222222
Strep_C29567	2	22.22222222222222
Strep_C2218	2	22.22222222222222
Strep_C3849	2	22.22222222222222
Strep_C10335	2	22.22222222222222
Strep_C4648	2	22.22222222222222
Strep_C21099	2	22.22222222222222
Strep_C2734	2	22.22222222222222
Strep_C22390	2	22.22222222222222
Strep_C21446	2	22.22222222222222
Strep_C20099	2	22.22222222222222
Strep_C22389	2	22.22222222222222
Strep_C3287	2	22.22222222222222
Strep_C21448	2	22.22222222222222
Strep_C24077	2	22.22222222222222
Strep_C10308	2	22.22222222222222
Strep_C21449	2	22.22222222222222
Strep_C10992	2	22.22222222222222
Strep_C105	2	22.22222222222222
Strep_C4688	2	22.22222222222222
Strep_C20107	2	22.22222222222222
Strep_C4687	2	22.22222222222222
Strep_C21450	2	22.22222222222222
Strep_C29422	2	22.22222222222222
Strep_C21451	2	22.22222222222222
Strep_C10310	2	22.22222222222222
Strep_C27349	2	22.22222222222222
Strep_C10800	2	22.22222222222222
Strep_C3878	2	22.22222222222222
Strep_C3298	2	22.22222222222222
Strep_C467	2	22.22222222222222
Strep_C10988	2	22.22222222222222
Strep_C21454	2	22.22222222222222
Strep_C21455	2	22.22222222222222
Strep_C10314	2	22.22222222222222
Strep_C10987	2	22.22222222222222
Strep_C10316	2	22.22222222222222
Strep_C20122	2	22.22222222222222
Strep_C20097	2	22.22222222222222
Strep_C29180	2	22.22222222222222
Strep_C1079	2	22.22222222222222
Strep_C22391	2	22.22222222222222
Strep_C9887	2	22.22222222222222
Strep_C29609	2	22.22222222222222
Strep_C9886	2	22.22222222222222
Strep_C20071	2	22.22222222222222
Strep_C29420	2	22.22222222222222
Strep_C29294	2	22.22222222222222
Strep_C22410	2	22.22222222222222
Strep_C22409	2	22.22222222222222
Strep_C24769	2	22.22222222222222
Strep_C22406	2	22.22222222222222
Strep_C24768	2	22.22222222222222
Strep_C2755	2	22.22222222222222
Strep_C109	2	22.22222222222222
Strep_C22405	2	22.22222222222222
Strep_C24767	2	22.22222222222222
Strep_C20079	2	22.22222222222222
Strep_C4702	2	22.22222222222222
Strep_C22404	2	22.22222222222222
Strep_C22402	2	22.22222222222222
Strep_C27351	2	22.22222222222222
Strep_C4697	2	22.22222222222222
Strep_C22400	2	22.22222222222222
Strep_C223	2	22.22222222222222
Strep_C4291	2	22.22222222222222
Strep_C22396	2	22.22222222222222
Strep_C22395	2	22.22222222222222
Strep_C22394	2	22.22222222222222
Strep_C10997	2	22.22222222222222
Strep_C22393	2	22.22222222222222
Strep_C3300	2	22.22222222222222
Strep_C20767	2	22.22222222222222
Strep_C22366	2	22.22222222222222
Strep_C20760	2	22.22222222222222
Strep_C22326	2	22.22222222222222
Strep_C22325	2	22.22222222222222
Strep_C4660	2	22.22222222222222
Strep_C24098	2	22.22222222222222
Strep_C22323	2	22.22222222222222
Strep_C465	2	22.22222222222222
Strep_C22321	2	22.22222222222222
Strep_C20154	2	22.22222222222222
Strep_C22319	2	22.22222222222222
Strep_C2075	2	22.22222222222222
Strep_C24371	2	22.22222222222222
Strep_C21467	2	22.22222222222222
Strep_C3330	2	22.22222222222222
Strep_C3332	2	22.22222222222222
Strep_C3333	2	22.22222222222222
Strep_C4656	2	22.22222222222222
Strep_C4301	2	22.22222222222222
Strep_C4654	2	22.22222222222222
Strep_C24100	2	22.22222222222222
Strep_C4652	2	22.22222222222222
Strep_C24102	2	22.22222222222222
Strep_C24103	2	22.22222222222222
Strep_C3869	2	22.22222222222222
Strep_C20755	2	22.22222222222222
Strep_C10334	2	22.22222222222222
Strep_C3866	2	22.22222222222222
Strep_C24106	2	22.22222222222222
Strep_C27556	2	22.22222222222222
Strep_C24107	2	22.22222222222222
Strep_C4661	2	22.22222222222222
Strep_C22328	2	22.22222222222222
Strep_C3303	2	22.22222222222222
Strep_C3327	2	22.22222222222222
Strep_C24083	2	22.22222222222222
Strep_C29421	2	22.22222222222222
Strep_C20129	2	22.22222222222222
Strep_C27348	2	22.22222222222222
Strep_C21458	2	22.22222222222222
Strep_C24088	2	22.22222222222222
Strep_C3311	2	22.22222222222222
Strep_C3314	2	22.22222222222222
Strep_C10329	2	22.22222222222222
Strep_C21461	2	22.22222222222222
Strep_C22342	2	22.22222222222222
Strep_C20131	2	22.22222222222222
Strep_C20132	2	22.22222222222222
Strep_C20133	2	22.22222222222222
Strep_C20134	2	22.22222222222222
Strep_C20764	2	22.22222222222222
Strep_C20136	2	22.22222222222222
Strep_C21462	2	22.22222222222222
Strep_C10986	2	22.22222222222222
Strep_C22340	2	22.22222222222222
Strep_C9733	2	22.22222222222222
Strep_C2013	2	22.22222222222222
Strep_C20140	2	22.22222222222222
Strep_C20141	2	22.22222222222222
Strep_C22335	2	22.22222222222222
Strep_C10985	2	22.22222222222222
Strep_C4665	2	22.22222222222222
Strep_C9734	2	22.22222222222222
Strep_C10331	2	22.22222222222222
Strep_C4784	2	22.22222222222222
Strep_C1316	2	22.22222222222222
Strep_C19221	2	22.22222222222222
Strep_C15618	2	22.22222222222222
Strep_C15646	2	22.22222222222222
Strep_C12402	2	22.22222222222222
Strep_C15636	2	22.22222222222222
Strep_C15632	2	22.22222222222222
Strep_C8855	2	22.22222222222222
Strep_C8854	2	22.22222222222222
Strep_C1240	2	22.22222222222222
Strep_C28418	2	22.22222222222222
Strep_C716	2	22.22222222222222
Strep_C15622	2	22.22222222222222
Strep_C12410	2	22.22222222222222
Strep_C15617	2	22.22222222222222
Strep_C1559	2	22.22222222222222
Strep_C15614	2	22.22222222222222
Strep_C15613	2	22.22222222222222
Strep_C15611	2	22.22222222222222
Strep_C15610	2	22.22222222222222
Strep_C15609	2	22.22222222222222
Strep_C15606	2	22.22222222222222
Strep_C15605	2	22.22222222222222
Strep_C12411	2	22.22222222222222
Strep_C2598	2	22.22222222222222
Strep_C15601	2	22.22222222222222
Strep_C15600	2	22.22222222222222
Strep_C15651	2	22.22222222222222
Strep_C123	2	22.22222222222222
Strep_C7153	2	22.22222222222222
Strep_C7149	2	22.22222222222222
Strep_C27806	2	22.22222222222222
Strep_C7135	2	22.22222222222222
Strep_C15696	2	22.22222222222222
Strep_C15695	2	22.22222222222222
Strep_C15693	2	22.22222222222222
Strep_C8867	2	22.22222222222222
Strep_C2842	2	22.22222222222222
Strep_C15689	2	22.22222222222222
Strep_C15688	2	22.22222222222222
Strep_C8866	2	22.22222222222222
Strep_C15684	2	22.22222222222222
Strep_C15683	2	22.22222222222222
Strep_C12388	2	22.22222222222222
Strep_C15681	2	22.22222222222222
Strep_C15680	2	22.22222222222222
Strep_C713	2	22.22222222222222
Strep_C15679	2	22.22222222222222
Strep_C7141	2	22.22222222222222
Strep_C28429	2	22.22222222222222
Strep_C15670	2	22.22222222222222
Strep_C28428	2	22.22222222222222
Strep_C12396	2	22.22222222222222
Strep_C7148	2	22.22222222222222
Strep_C155	2	22.22222222222222
Strep_C15598	2	22.22222222222222
Strep_C7132	2	22.22222222222222
Strep_C7226	2	22.22222222222222
Strep_C15534	2	22.22222222222222
Strep_C15533	2	22.22222222222222
Strep_C26005	2	22.22222222222222
Strep_C7217	2	22.22222222222222
Strep_C7220	2	22.22222222222222
Strep_C7221	2	22.22222222222222
Strep_C12437	2	22.22222222222222
Strep_C7222	2	22.22222222222222
Strep_C7223	2	22.22222222222222
Strep_C7224	2	22.22222222222222
Strep_C7225	2	22.22222222222222
Strep_C7227	2	22.22222222222222
Strep_C15597	2	22.22222222222222
Strep_C8839	2	22.22222222222222
Strep_C2600	2	22.22222222222222
Strep_C12448	2	22.22222222222222
Strep_C7238	2	22.22222222222222
Strep_C15486	2	22.22222222222222
Strep_C26822	2	22.22222222222222
Strep_C15482	2	22.22222222222222
Strep_C15480	2	22.22222222222222
Strep_C26021	2	22.22222222222222
Strep_C724	2	22.22222222222222
Strep_C15473	2	22.22222222222222
Strep_C15535	2	22.22222222222222
Strep_C7210	2	22.22222222222222
Strep_C15540	2	22.22222222222222
Strep_C15542	2	22.22222222222222
Strep_C15594	2	22.22222222222222
Strep_C8853	2	22.22222222222222
Strep_C12415	2	22.22222222222222
Strep_C1558	2	22.22222222222222
Strep_C12417	2	22.22222222222222
Strep_C12418	2	22.22222222222222
Strep_C12419	2	22.22222222222222
Strep_C1241	2	22.22222222222222
Strep_C7189	2	22.22222222222222
Strep_C15572	2	22.22222222222222
Strep_C15571	2	22.22222222222222
Strep_C26830	2	22.22222222222222
Strep_C25998	2	22.22222222222222
Strep_C25999	2	22.22222222222222
Strep_C259	2	22.22222222222222
Strep_C26000	2	22.22222222222222
Strep_C26001	2	22.22222222222222
Strep_C26828	2	22.22222222222222
Strep_C15553	2	22.22222222222222
Strep_C15552	2	22.22222222222222
Strep_C15550	2	22.22222222222222
Strep_C15545	2	22.22222222222222
Strep_C15543	2	22.22222222222222
Strep_C7133	2	22.22222222222222
Strep_C12382	2	22.22222222222222
Strep_C15470	2	22.22222222222222
Strep_C12337	2	22.22222222222222
Strep_C25928	2	22.22222222222222
Strep_C7055	2	22.22222222222222
Strep_C7056	2	22.22222222222222
Strep_C7060	2	22.22222222222222
Strep_C25930	2	22.22222222222222
Strep_C15851	2	22.22222222222222
Strep_C12335	2	22.22222222222222
Strep_C7066	2	22.22222222222222
Strep_C15843	2	22.22222222222222
Strep_C15842	2	22.22222222222222
Strep_C15840	2	22.22222222222222
Strep_C15839	2	22.22222222222222
Strep_C12346	2	22.22222222222222
Strep_C12338	2	22.22222222222222
Strep_C12339	2	22.22222222222222
Strep_C12340	2	22.22222222222222
Strep_C12341	2	22.22222222222222
Strep_C1582	2	22.22222222222222
Strep_C25935	2	22.22222222222222
Strep_C15824	2	22.22222222222222
Strep_C12344	2	22.22222222222222
Strep_C15818	2	22.22222222222222
Strep_C15817	2	22.22222222222222
Strep_C15816	2	22.22222222222222
Strep_C1586	2	22.22222222222222
Strep_C25927	2	22.22222222222222
Strep_C8898	2	22.22222222222222
Strep_C12322	2	22.22222222222222
Strep_C1594	2	22.22222222222222
Strep_C8917	2	22.22222222222222
Strep_C15941	2	22.22222222222222
Strep_C27785	2	22.22222222222222
Strep_C15938	2	22.22222222222222
Strep_C27786	2	22.22222222222222
Strep_C7028	2	22.22222222222222
Strep_C1592	2	22.22222222222222
Strep_C15927	2	22.22222222222222
Strep_C15922	2	22.22222222222222
Strep_C15921	2	22.22222222222222
Strep_C15916	2	22.22222222222222
Strep_C2685	2	22.22222222222222
Strep_C15912	2	22.22222222222222
Strep_C15910	2	22.22222222222222
Strep_C15905	2	22.22222222222222
Strep_C15901	2	22.22222222222222
Strep_C1589	2	22.22222222222222
Strep_C25917	2	22.22222222222222
Strep_C88	2	22.22222222222222
Strep_C15884	2	22.22222222222222
Strep_C25924	2	22.22222222222222
Strep_C15880	2	22.22222222222222
Strep_C12345	2	22.22222222222222
Strep_C27799	2	22.22222222222222
Strep_C28430	2	22.22222222222222
Strep_C15732	2	22.22222222222222
Strep_C7104	2	22.22222222222222
Strep_C8877	2	22.22222222222222
Strep_C15744	2	22.22222222222222
Strep_C7108	2	22.22222222222222
Strep_C8876	2	22.22222222222222
Strep_C25954	2	22.22222222222222
Strep_C1573	2	22.22222222222222
Strep_C8872	2	22.22222222222222
Strep_C7110	2	22.22222222222222
Strep_C25956	2	22.22222222222222
Strep_C15733	2	22.22222222222222
Strep_C12372	2	22.22222222222222
Strep_C2684	2	22.22222222222222
Strep_C7115	2	22.22222222222222
Strep_C25958	2	22.22222222222222
Strep_C28438	2	22.22222222222222
Strep_C12376	2	22.22222222222222
Strep_C711	2	22.22222222222222
Strep_C25960	2	22.22222222222222
Strep_C1571	2	22.22222222222222
Strep_C28433	2	22.22222222222222
Strep_C886	2	22.22222222222222
Strep_C27805	2	22.22222222222222
Strep_C28431	2	22.22222222222222
Strep_C7103	2	22.22222222222222
Strep_C25951	2	22.22222222222222
Strep_C709	2	22.22222222222222
Strep_C2594	2	22.22222222222222
Strep_C12350	2	22.22222222222222
Strep_C15800	2	22.22222222222222
Strep_C157	2	22.22222222222222
Strep_C12353	2	22.22222222222222
Strep_C7084	2	22.22222222222222
Strep_C7086	2	22.22222222222222
Strep_C15793	2	22.22222222222222
Strep_C25944	2	22.22222222222222
Strep_C25945	2	22.22222222222222
Strep_C15784	2	22.22222222222222
Strep_C15783	2	22.22222222222222
Strep_C15782	2	22.22222222222222
Strep_C15781	2	22.22222222222222
Strep_C15780	2	22.22222222222222
Strep_C12356	2	22.22222222222222
Strep_C15774	2	22.22222222222222
Strep_C15773	2	22.22222222222222
Strep_C15771	2	22.22222222222222
Strep_C15770	2	22.22222222222222
Strep_C15769	2	22.22222222222222
Strep_C15768	2	22.22222222222222
Strep_C12359	2	22.22222222222222
Strep_C25949	2	22.22222222222222
Strep_C15472	2	22.22222222222222
Strep_C1546	2	22.22222222222222
Strep_C12291	2	22.22222222222222
Strep_C8776	2	22.22222222222222
Strep_C15160	2	22.22222222222222
Strep_C28331	2	22.22222222222222
Strep_C28330	2	22.22222222222222
Strep_C15157	2	22.22222222222222
Strep_C15150	2	22.22222222222222
Strep_C15149	2	22.22222222222222
Strep_C15148	2	22.22222222222222
Strep_C15147	2	22.22222222222222
Strep_C15146	2	22.22222222222222
Strep_C15145	2	22.22222222222222
Strep_C15142	2	22.22222222222222
Strep_C1513	2	22.22222222222222
Strep_C15101	2	22.22222222222222
Strep_C28328	2	22.22222222222222
Strep_C26788	2	22.22222222222222
Strep_C7426	2	22.22222222222222
Strep_C15122	2	22.22222222222222
Strep_C15121	2	22.22222222222222
Strep_C15116	2	22.22222222222222
Strep_C7434	2	22.22222222222222
Strep_C28318	2	22.22222222222222
Strep_C1510	2	22.22222222222222
Strep_C8770	2	22.22222222222222
Strep_C15104	2	22.22222222222222
Strep_C28332	2	22.22222222222222
Strep_C15162	2	22.22222222222222
Strep_C7411	2	22.22222222222222
Strep_C28337	2	22.22222222222222
Strep_C7388	2	22.22222222222222
Strep_C15212	2	22.22222222222222
Strep_C15211	2	22.22222222222222
Strep_C12533	2	22.22222222222222
Strep_C15209	2	22.22222222222222
Strep_C15206	2	22.22222222222222
Strep_C15205	2	22.22222222222222
Strep_C15204	2	22.22222222222222
Strep_C12534	2	22.22222222222222
Strep_C12535	2	22.22222222222222
Strep_C12537	2	22.22222222222222
Strep_C12538	2	22.22222222222222
Strep_C12539	2	22.22222222222222
Strep_C12543	2	22.22222222222222
Strep_C8789	2	22.22222222222222
Strep_C7400	2	22.22222222222222
Strep_C12546	2	22.22222222222222
Strep_C8787	2	22.22222222222222
Strep_C15180	2	22.22222222222222
Strep_C15178	2	22.22222222222222
Strep_C2783	2	22.22222222222222
Strep_C15173	2	22.22222222222222
Strep_C7406	2	22.22222222222222
Strep_C7440	2	22.22222222222222
Strep_C15100	2	22.22222222222222
Strep_C26090	2	22.22222222222222
Strep_C1260	2	22.22222222222222
Strep_C7477	2	22.22222222222222
Strep_C15039	2	22.22222222222222
Strep_C8760	2	22.22222222222222
Strep_C12602	2	22.22222222222222
Strep_C12603	2	22.22222222222222
Strep_C12606	2	22.22222222222222
Strep_C7480	2	22.22222222222222
Strep_C26136	2	22.22222222222222
Strep_C15022	2	22.22222222222222
Strep_C15019	2	22.22222222222222
Strep_C12609	2	22.22222222222222
Strep_C1500	2	22.22222222222222
Strep_C7442	2	22.22222222222222
Strep_C15007	2	22.22222222222222
Strep_C15006	2	22.22222222222222
Strep_C15002	2	22.22222222222222
Strep_C15001	2	22.22222222222222
Strep_C14999	2	22.22222222222222
Strep_C8755	2	22.22222222222222
Strep_C14996	2	22.22222222222222
Strep_C26146	2	22.22222222222222
Strep_C8753	2	22.22222222222222
Strep_C1498	2	22.22222222222222
Strep_C8752	2	22.22222222222222
Strep_C15040	2	22.22222222222222
Strep_C7475	2	22.22222222222222
Strep_C12598	2	22.22222222222222
Strep_C7471	2	22.22222222222222
Strep_C15098	2	22.22222222222222
Strep_C2611	2	22.22222222222222
Strep_C15095	2	22.22222222222222
Strep_C15092	2	22.22222222222222
Strep_C15091	2	22.22222222222222
Strep_C15090	2	22.22222222222222
Strep_C1508	2	22.22222222222222
Strep_C15087	2	22.22222222222222
Strep_C26126	2	22.22222222222222
Strep_C12581	2	22.22222222222222
Strep_C15075	2	22.22222222222222
Strep_C8766	2	22.22222222222222
Strep_C27846	2	22.22222222222222
Strep_C8762	2	22.22222222222222
Strep_C15068	2	22.22222222222222
Strep_C8761	2	22.22222222222222
Strep_C1258	2	22.22222222222222
Strep_C12591	2	22.22222222222222
Strep_C7467	2	22.22222222222222
Strep_C7468	2	22.22222222222222
Strep_C7470	2	22.22222222222222
Strep_C12593	2	22.22222222222222
Strep_C12594	2	22.22222222222222
Strep_C15220	2	22.22222222222222
Strep_C15226	2	22.22222222222222
Strep_C15469	2	22.22222222222222
Strep_C15373	2	22.22222222222222
Strep_C15404	2	22.22222222222222
Strep_C15402	2	22.22222222222222
Strep_C7288	2	22.22222222222222
Strep_C728	2	22.22222222222222
Strep_C15394	2	22.22222222222222
Strep_C15390	2	22.22222222222222
Strep_C15388	2	22.22222222222222
Strep_C8825	2	22.22222222222222
Strep_C8824	2	22.22222222222222
Strep_C12481	2	22.22222222222222
Strep_C15374	2	22.22222222222222
Strep_C15371	2	22.22222222222222
Strep_C2680	2	22.22222222222222
Strep_C15369	2	22.22222222222222
Strep_C26054	2	22.22222222222222
Strep_C7309	2	22.22222222222222
Strep_C12490	2	22.22222222222222
Strep_C15352	2	22.22222222222222
Strep_C7316	2	22.22222222222222
Strep_C15349	2	22.22222222222222
Strep_C15348	2	22.22222222222222
Strep_C7318	2	22.22222222222222
Strep_C15346	2	22.22222222222222
Strep_C7319	2	22.22222222222222
Strep_C15405	2	22.22222222222222
Strep_C15406	2	22.22222222222222
Strep_C12473	2	22.22222222222222
Strep_C15408	2	22.22222222222222
Strep_C2681	2	22.22222222222222
Strep_C1545	2	22.22222222222222
Strep_C725	2	22.22222222222222
Strep_C26818	2	22.22222222222222
Strep_C7260	2	22.22222222222222
Strep_C1544	2	22.22222222222222
Strep_C28385	2	22.22222222222222
Strep_C28383	2	22.22222222222222
Strep_C12466	2	22.22222222222222
Strep_C1543	2	22.22222222222222
Strep_C28380	2	22.22222222222222
Strep_C12467	2	22.22222222222222
Strep_C7271	2	22.22222222222222
Strep_C7273	2	22.22222222222222
Strep_C28379	2	22.22222222222222
Strep_C7278	2	22.22222222222222
Strep_C28377	2	22.22222222222222
Strep_C15422	2	22.22222222222222
Strep_C15420	2	22.22222222222222
Strep_C15415	2	22.22222222222222
Strep_C15414	2	22.22222222222222
Strep_C12471	2	22.22222222222222
Strep_C15410	2	22.22222222222222
Strep_C15343	2	22.22222222222222
Strep_C7320	2	22.22222222222222
Strep_C737	2	22.22222222222222
Strep_C7364	2	22.22222222222222
Strep_C15280	2	22.22222222222222
Strep_C1527	2	22.22222222222222
Strep_C15277	2	22.22222222222222
Strep_C15276	2	22.22222222222222
Strep_C15275	2	22.22222222222222
Strep_C15274	2	22.22222222222222
Strep_C12514	2	22.22222222222222
Strep_C26075	2	22.22222222222222
Strep_C12517	2	22.22222222222222
Strep_C7360	2	22.22222222222222
Strep_C15254	2	22.22222222222222
Strep_C7365	2	22.22222222222222
Strep_C15340	2	22.22222222222222
Strep_C26081	2	22.22222222222222
Strep_C15249	2	22.22222222222222
Strep_C7369	2	22.22222222222222
Strep_C26800	2	22.22222222222222
Strep_C736	2	22.22222222222222
Strep_C12522	2	22.22222222222222
Strep_C26085	2	22.22222222222222
Strep_C7375	2	22.22222222222222
Strep_C26086	2	22.22222222222222
Strep_C15233	2	22.22222222222222
Strep_C26088	2	22.22222222222222
Strep_C26074	2	22.22222222222222
Strep_C7349	2	22.22222222222222
Strep_C26073	2	22.22222222222222
Strep_C15287	2	22.22222222222222
Strep_C8813	2	22.22222222222222
Strep_C15336	2	22.22222222222222
Strep_C15335	2	22.22222222222222
Strep_C15333	2	22.22222222222222
Strep_C15332	2	22.22222222222222
Strep_C15330	2	22.22222222222222
Strep_C12496	2	22.22222222222222
Strep_C8811	2	22.22222222222222
Strep_C7325	2	22.22222222222222
Strep_C1531	2	22.22222222222222
Strep_C15318	2	22.22222222222222
Strep_C880	2	22.22222222222222
Strep_C8809	2	22.22222222222222
Strep_C15307	2	22.22222222222222
Strep_C28359	2	22.22222222222222
Strep_C28355	2	22.22222222222222
Strep_C733	2	22.22222222222222
Strep_C2606	2	22.22222222222222
Strep_C15296	2	22.22222222222222
Strep_C7345	2	22.22222222222222
Strep_C2782	2	22.22222222222222
Strep_C15289	2	22.22222222222222
Strep_C15288	2	22.22222222222222
Strep_C8920	2	22.22222222222222
Strep_C15957	2	22.22222222222222
Strep_C652	2	22.22222222222222
Strep_C16555	2	22.22222222222222
Strep_C28569	2	22.22222222222222
Strep_C28568	2	22.22222222222222
Strep_C16569	2	22.22222222222222
Strep_C25744	2	22.22222222222222
Strep_C28567	2	22.22222222222222
Strep_C12111	2	22.22222222222222
Strep_C16561	2	22.22222222222222
Strep_C16560	2	22.22222222222222
Strep_C12114	2	22.22222222222222
Strep_C6702	2	22.22222222222222
Strep_C16557	2	22.22222222222222
Strep_C16554	2	22.22222222222222
Strep_C28561	2	22.22222222222222
Strep_C16552	2	22.22222222222222
Strep_C28566	2	22.22222222222222
Strep_C27756	2	22.22222222222222
Strep_C16545	2	22.22222222222222
Strep_C16543	2	22.22222222222222
Strep_C16542	2	22.22222222222222
Strep_C16539	2	22.22222222222222
Strep_C28564	2	22.22222222222222
Strep_C28563	2	22.22222222222222
Strep_C28562	2	22.22222222222222
Strep_C12121	2	22.22222222222222
Strep_C16572	2	22.22222222222222
Strep_C25741	2	22.22222222222222
Strep_C25740	2	22.22222222222222
Strep_C6694	2	22.22222222222222
Strep_C9022	2	22.22222222222222
Strep_C6669	2	22.22222222222222
Strep_C16619	2	22.22222222222222
Strep_C6671	2	22.22222222222222
Strep_C6673	2	22.22222222222222
Strep_C6674	2	22.22222222222222
Strep_C16611	2	22.22222222222222
Strep_C16609	2	22.22222222222222
Strep_C16606	2	22.22222222222222
Strep_C16605	2	22.22222222222222
Strep_C16604	2	22.22222222222222
Strep_C16603	2	22.22222222222222
Strep_C6678	2	22.22222222222222
Strep_C6679	2	22.22222222222222
Strep_C27749	2	22.22222222222222
Strep_C12096	2	22.22222222222222
Strep_C16590	2	22.22222222222222
Strep_C9012	2	22.22222222222222
Strep_C16585	2	22.22222222222222
Strep_C16581	2	22.22222222222222
Strep_C27752	2	22.22222222222222
Strep_C6690	2	22.22222222222222
Strep_C25739	2	22.22222222222222
Strep_C16528	2	22.22222222222222
Strep_C6717	2	22.22222222222222
Strep_C16627	2	22.22222222222222
Strep_C16429	2	22.22222222222222
Strep_C16460	2	22.22222222222222
Strep_C12148	2	22.22222222222222
Strep_C16450	2	22.22222222222222
Strep_C12149	2	22.22222222222222
Strep_C8990	2	22.22222222222222
Strep_C12152	2	22.22222222222222
Strep_C16439	2	22.22222222222222
Strep_C8988	2	22.22222222222222
Strep_C25780	2	22.22222222222222
Strep_C16434	2	22.22222222222222
Strep_C16432	2	22.22222222222222
Strep_C16426	2	22.22222222222222
Strep_C6719	2	22.22222222222222
Strep_C16425	2	22.22222222222222
Strep_C16422	2	22.22222222222222
Strep_C16421	2	22.22222222222222
Strep_C6767	2	22.22222222222222
Strep_C26897	2	22.22222222222222
Strep_C6774	2	22.22222222222222
Strep_C16408	2	22.22222222222222
Strep_C16407	2	22.22222222222222
Strep_C6779	2	22.22222222222222
Strep_C677	2	22.22222222222222
Strep_C6780	2	22.22222222222222
Strep_C12146	2	22.22222222222222
Strep_C16465	2	22.22222222222222
Strep_C12145	2	22.22222222222222
Strep_C16467	2	22.22222222222222
Strep_C6720	2	22.22222222222222
Strep_C12134	2	22.22222222222222
Strep_C28558	2	22.22222222222222
Strep_C16509	2	22.22222222222222
Strep_C6727	2	22.22222222222222
Strep_C6729	2	22.22222222222222
Strep_C12136	2	22.22222222222222
Strep_C12137	2	22.22222222222222
Strep_C1649	2	22.22222222222222
Strep_C12138	2	22.22222222222222
Strep_C1213	2	22.22222222222222
Strep_C16493	2	22.22222222222222
Strep_C1648	2	22.22222222222222
Strep_C16489	2	22.22222222222222
Strep_C16486	2	22.22222222222222
Strep_C16485	2	22.22222222222222
Strep_C16484	2	22.22222222222222
Strep_C16481	2	22.22222222222222
Strep_C1647	2	22.22222222222222
Strep_C12141	2	22.22222222222222
Strep_C6744	2	22.22222222222222
Strep_C2576	2	22.22222222222222
Strep_C16470	2	22.22222222222222
Strep_C6667	2	22.22222222222222
Strep_C16633	2	22.22222222222222
Strep_C25788	2	22.22222222222222
Strep_C9053	2	22.22222222222222
Strep_C16810	2	22.22222222222222
Strep_C6565	2	22.22222222222222
Strep_C16807	2	22.22222222222222
Strep_C16805	2	22.22222222222222
Strep_C16802	2	22.22222222222222
Strep_C12028	2	22.22222222222222
Strep_C167	2	22.22222222222222
Strep_C6566	2	22.22222222222222
Strep_C6567	2	22.22222222222222
Strep_C6568	2	22.22222222222222
Strep_C16794	2	22.22222222222222
Strep_C9052	2	22.22222222222222
Strep_C659	2	22.22222222222222
Strep_C6571	2	22.22222222222222
Strep_C6572	2	22.22222222222222
Strep_C16788	2	22.22222222222222
Strep_C25682	2	22.22222222222222
Strep_C12035	2	22.22222222222222
Strep_C25684	2	22.22222222222222
Strep_C25686	2	22.22222222222222
Strep_C9047	2	22.22222222222222
Strep_C9046	2	22.22222222222222
Strep_C25692	2	22.22222222222222
Strep_C9045	2	22.22222222222222
Strep_C12025	2	22.22222222222222
Strep_C16812	2	22.22222222222222
Strep_C12024	2	22.22222222222222
Strep_C16816	2	22.22222222222222
Strep_C1686	2	22.22222222222222
Strep_C16869	2	22.22222222222222
Strep_C16868	2	22.22222222222222
Strep_C6537	2	22.22222222222222
Strep_C27726	2	22.22222222222222
Strep_C12011	2	22.22222222222222
Strep_C25671	2	22.22222222222222
Strep_C6543	2	22.22222222222222
Strep_C16849	2	22.22222222222222
Strep_C6545	2	22.22222222222222
Strep_C6546	2	22.22222222222222
Strep_C654	2	22.22222222222222
Strep_C25674	2	22.22222222222222
Strep_C25675	2	22.22222222222222
Strep_C25676	2	22.22222222222222
Strep_C16836	2	22.22222222222222
Strep_C16831	2	22.22222222222222
Strep_C25678	2	22.22222222222222
Strep_C16828	2	22.22222222222222
Strep_C12021	2	22.22222222222222
Strep_C28608	2	22.22222222222222
Strep_C25681	2	22.22222222222222
Strep_C6563	2	22.22222222222222
Strep_C1204	2	22.22222222222222
Strep_C16748	2	22.22222222222222
Strep_C12082	2	22.22222222222222
Strep_C9026	2	22.22222222222222
Strep_C16684	2	22.22222222222222
Strep_C16683	2	22.22222222222222
Strep_C1667	2	22.22222222222222
Strep_C6638	2	22.22222222222222
Strep_C12071	2	22.22222222222222
Strep_C16668	2	22.22222222222222
Strep_C16667	2	22.22222222222222
Strep_C16663	2	22.22222222222222
Strep_C16661	2	22.22222222222222
Strep_C1665	2	22.22222222222222
Strep_C25721	2	22.22222222222222
Strep_C12075	2	22.22222222222222
Strep_C16747	2	22.22222222222222
Strep_C25724	2	22.22222222222222
Strep_C12076	2	22.22222222222222
Strep_C6653	2	22.22222222222222
Strep_C12078	2	22.22222222222222
Strep_C1664	2	22.22222222222222
Strep_C2857	2	22.22222222222222
Strep_C12079	2	22.22222222222222
Strep_C16645	2	22.22222222222222
Strep_C16643	2	22.22222222222222
Strep_C6660	2	22.22222222222222
Strep_C12081	2	22.22222222222222
Strep_C902	2	22.22222222222222
Strep_C6629	2	22.22222222222222
Strep_C27742	2	22.22222222222222
Strep_C12066	2	22.22222222222222
Strep_C9039	2	22.22222222222222
Strep_C16742	2	22.22222222222222
Strep_C16741	2	22.22222222222222
Strep_C6602	2	22.22222222222222
Strep_C16736	2	22.22222222222222
Strep_C16734	2	22.22222222222222
Strep_C16733	2	22.22222222222222
Strep_C16732	2	22.22222222222222
Strep_C16731	2	22.22222222222222
Strep_C6605	2	22.22222222222222
Strep_C12054	2	22.22222222222222
Strep_C16728	2	22.22222222222222
Strep_C6611	2	22.22222222222222
Strep_C12058	2	22.22222222222222
Strep_C1205	2	22.22222222222222
Strep_C16709	2	22.22222222222222
Strep_C6622	2	22.22222222222222
Strep_C16704	2	22.22222222222222
Strep_C2773	2	22.22222222222222
Strep_C6625	2	22.22222222222222
Strep_C166	2	22.22222222222222
Strep_C27741	2	22.22222222222222
Strep_C16698	2	22.22222222222222
Strep_C25787	2	22.22222222222222
Strep_C12160	2	22.22222222222222
Strep_C15959	2	22.22222222222222
Strep_C16098	2	22.22222222222222
Strep_C16117	2	22.22222222222222
Strep_C16116	2	22.22222222222222
Strep_C16115	2	22.22222222222222
Strep_C8951	2	22.22222222222222
Strep_C28495	2	22.22222222222222
Strep_C8950	2	22.22222222222222
Strep_C894	2	22.22222222222222
Strep_C26881	2	22.22222222222222
Strep_C16102	2	22.22222222222222
Strep_C6947	2	22.22222222222222
Strep_C26880	2	22.22222222222222
Strep_C6949	2	22.22222222222222
Strep_C25874	2	22.22222222222222
Strep_C6951	2	22.22222222222222
Strep_C1608	2	22.22222222222222
Strep_C16089	2	22.22222222222222
Strep_C26878	2	22.22222222222222
Strep_C16085	2	22.22222222222222
Strep_C16084	2	22.22222222222222
Strep_C12244	2	22.22222222222222
Strep_C16082	2	22.22222222222222
Strep_C12245	2	22.22222222222222
Strep_C2777	2	22.22222222222222
Strep_C893	2	22.22222222222222
Strep_C16119	2	22.22222222222222
Strep_C16120	2	22.22222222222222
Strep_C16121	2	22.22222222222222
Strep_C16122	2	22.22222222222222
Strep_C16182	2	22.22222222222222
Strep_C12222	2	22.22222222222222
Strep_C8956	2	22.22222222222222
Strep_C6904	2	22.22222222222222
Strep_C6906	2	22.22222222222222
Strep_C16171	2	22.22222222222222
Strep_C6911	2	22.22222222222222
Strep_C12225	2	22.22222222222222
Strep_C25846	2	22.22222222222222
Strep_C16160	2	22.22222222222222
Strep_C6916	2	22.22222222222222
Strep_C16155	2	22.22222222222222
Strep_C25849	2	22.22222222222222
Strep_C2584	2	22.22222222222222
Strep_C691	2	22.22222222222222
Strep_C6920	2	22.22222222222222
Strep_C6921	2	22.22222222222222
Strep_C284	2	22.22222222222222
Strep_C16135	2	22.22222222222222
Strep_C16134	2	22.22222222222222
Strep_C28497	2	22.22222222222222
Strep_C16128	2	22.22222222222222
Strep_C16123	2	22.22222222222222
Strep_C25873	2	22.22222222222222
Strep_C12250	2	22.22222222222222
Strep_C16184	2	22.22222222222222
Strep_C699	2	22.22222222222222
Strep_C6986	2	22.22222222222222
Strep_C16013	2	22.22222222222222
Strep_C6987	2	22.22222222222222
Strep_C8929	2	22.22222222222222
Strep_C16003	2	22.22222222222222
Strep_C6993	2	22.22222222222222
Strep_C28480	2	22.22222222222222
Strep_C8925	2	22.22222222222222
Strep_C12275	2	22.22222222222222
Strep_C8924	2	22.22222222222222
Strep_C1598	2	22.22222222222222
Strep_C12278	2	22.22222222222222
Strep_C6964	2	22.22222222222222
Strep_C15982	2	22.22222222222222
Strep_C1597	2	22.22222222222222
Strep_C15976	2	22.22222222222222
Strep_C8922	2	22.22222222222222
Strep_C1596	2	22.22222222222222
Strep_C15969	2	22.22222222222222
Strep_C12284	2	22.22222222222222
Strep_C12285	2	22.22222222222222
Strep_C12289	2	22.22222222222222
Strep_C8921	2	22.22222222222222
Strep_C1595	2	22.22222222222222
Strep_C892	2	22.22222222222222
Strep_C25885	2	22.22222222222222
Strep_C26870	2	22.22222222222222
Strep_C27783	2	22.22222222222222
Strep_C6965	2	22.22222222222222
Strep_C6966	2	22.22222222222222
Strep_C19220	2	22.22222222222222
Strep_C25876	2	22.22222222222222
Strep_C25877	2	22.22222222222222
Strep_C16057	2	22.22222222222222
Strep_C12252	2	22.22222222222222
Strep_C16054	2	22.22222222222222
Strep_C16053	2	22.22222222222222
Strep_C12253	2	22.22222222222222
Strep_C6969	2	22.22222222222222
Strep_C6971	2	22.22222222222222
Strep_C16048	2	22.22222222222222
Strep_C16040	2	22.22222222222222
Strep_C16038	2	22.22222222222222
Strep_C8937	2	22.22222222222222
Strep_C16036	2	22.22222222222222
Strep_C16035	2	22.22222222222222
Strep_C16034	2	22.22222222222222
Strep_C16033	2	22.22222222222222
Strep_C16031	2	22.22222222222222
Strep_C16029	2	22.22222222222222
Strep_C25880	2	22.22222222222222
Strep_C16183	2	22.22222222222222
Strep_C8957	2	22.22222222222222
Strep_C12161	2	22.22222222222222
Strep_C16316	2	22.22222222222222
Strep_C25800	2	22.22222222222222
Strep_C25801	2	22.22222222222222
Strep_C16338	2	22.22222222222222
Strep_C25802	2	22.22222222222222
Strep_C681	2	22.22222222222222
Strep_C25803	2	22.22222222222222
Strep_C25805	2	22.22222222222222
Strep_C16322	2	22.22222222222222
Strep_C25807	2	22.22222222222222
Strep_C16318	2	22.22222222222222
Strep_C16317	2	22.22222222222222
Strep_C2580	2	22.22222222222222
Strep_C16293	2	22.22222222222222
Strep_C16313	2	22.22222222222222
Strep_C16311	2	22.22222222222222
Strep_C16310	2	22.22222222222222
Strep_C1217	2	22.22222222222222
Strep_C6832	2	22.22222222222222
Strep_C6835	2	22.22222222222222
Strep_C6836	2	22.22222222222222
Strep_C1629	2	22.22222222222222
Strep_C6837	2	22.22222222222222
Strep_C6838	2	22.22222222222222
Strep_C16297	2	22.22222222222222
Strep_C16342	2	22.22222222222222
Strep_C257	2	22.22222222222222
Strep_C25799	2	22.22222222222222
Strep_C25798	2	22.22222222222222
Strep_C6791	2	22.22222222222222
Strep_C12164	2	22.22222222222222
Strep_C897	2	22.22222222222222
Strep_C16381	2	22.22222222222222
Strep_C25792	2	22.22222222222222
Strep_C6797	2	22.22222222222222
Strep_C6798	2	22.22222222222222
Strep_C16373	2	22.22222222222222
Strep_C16371	2	22.22222222222222
Strep_C16370	2	22.22222222222222
Strep_C16368	2	22.22222222222222
Strep_C16365	2	22.22222222222222
Strep_C25793	2	22.22222222222222
Strep_C16363	2	22.22222222222222
Strep_C16361	2	22.22222222222222
Strep_C1635	2	22.22222222222222
Strep_C25795	2	22.22222222222222
Strep_C25796	2	22.22222222222222
Strep_C6805	2	22.22222222222222
Strep_C16354	2	22.22222222222222
Strep_C12171	2	22.22222222222222
Strep_C8976	2	22.22222222222222
Strep_C16350	2	22.22222222222222
Strep_C12185	2	22.22222222222222
Strep_C8970	2	22.22222222222222
Strep_C16189	2	22.22222222222222
Strep_C12207	2	22.22222222222222
Strep_C16238	2	22.22222222222222
Strep_C26886	2	22.22222222222222
Strep_C2851	2	22.22222222222222
Strep_C12201	2	22.22222222222222
Strep_C16230	2	22.22222222222222
Strep_C6876	2	22.22222222222222
Strep_C6877	2	22.22222222222222
Strep_C6879	2	22.22222222222222
Strep_C12203	2	22.22222222222222
Strep_C12204	2	22.22222222222222
Strep_C1621	2	22.22222222222222
Strep_C6883	2	22.22222222222222
Strep_C12190	2	22.22222222222222
Strep_C16213	2	22.22222222222222
Strep_C16212	2	22.22222222222222
Strep_C12210	2	22.22222222222222
Strep_C26884	2	22.22222222222222
Strep_C16206	2	22.22222222222222
Strep_C6889	2	22.22222222222222
Strep_C12213	2	22.22222222222222
Strep_C1619	2	22.22222222222222
Strep_C6895	2	22.22222222222222
Strep_C8960	2	22.22222222222222
Strep_C895	2	22.22222222222222
Strep_C16239	2	22.22222222222222
Strep_C16240	2	22.22222222222222
Strep_C16241	2	22.22222222222222
Strep_C16242	2	22.22222222222222
Strep_C6842	2	22.22222222222222
Strep_C6843	2	22.22222222222222
Strep_C12191	2	22.22222222222222
Strep_C16284	2	22.22222222222222
Strep_C6845	2	22.22222222222222
Strep_C1627	2	22.22222222222222
Strep_C12192	2	22.22222222222222
Strep_C25817	2	22.22222222222222
Strep_C12193	2	22.22222222222222
Strep_C16266	2	22.22222222222222
Strep_C16265	2	22.22222222222222
Strep_C6857	2	22.22222222222222
Strep_C16262	2	22.22222222222222
Strep_C12194	2	22.22222222222222
Strep_C6861	2	22.22222222222222
Strep_C16258	2	22.22222222222222
Strep_C16257	2	22.22222222222222
Strep_C16256	2	22.22222222222222
Strep_C6862	2	22.22222222222222
Strep_C6863	2	22.22222222222222
Strep_C16245	2	22.22222222222222
Strep_C16244	2	22.22222222222222
Strep_C16243	2	22.22222222222222
Strep_C26149	2	22.22222222222222
Strep_C7502	2	22.22222222222222
Strep_C874	2	22.22222222222222
Strep_C8143	2	22.22222222222222
Strep_C8140	2	22.22222222222222
Strep_C13780	2	22.22222222222222
Strep_C8141	2	22.22222222222222
Strep_C8142	2	22.22222222222222
Strep_C26680	2	22.22222222222222
Strep_C13776	2	22.22222222222222
Strep_C13775	2	22.22222222222222
Strep_C13774	2	22.22222222222222
Strep_C13773	2	22.22222222222222
Strep_C13772	2	22.22222222222222
Strep_C13771	2	22.22222222222222
Strep_C12979	2	22.22222222222222
Strep_C26484	2	22.22222222222222
Strep_C8565	2	22.22222222222222
Strep_C13757	2	22.22222222222222
Strep_C2805	2	22.22222222222222
Strep_C8151	2	22.22222222222222
Strep_C12980	2	22.22222222222222
Strep_C12981	2	22.22222222222222
Strep_C12982	2	22.22222222222222
Strep_C26678	2	22.22222222222222
Strep_C13741	2	22.22222222222222
Strep_C1373	2	22.22222222222222
Strep_C13736	2	22.22222222222222
Strep_C13782	2	22.22222222222222
Strep_C8139	2	22.22222222222222
Strep_C8569	2	22.22222222222222
Strep_C13788	2	22.22222222222222
Strep_C13846	2	22.22222222222222
Strep_C13845	2	22.22222222222222
Strep_C13844	2	22.22222222222222
Strep_C13843	2	22.22222222222222
Strep_C12956	2	22.22222222222222
Strep_C8102	2	22.22222222222222
Strep_C8103	2	22.22222222222222
Strep_C8107	2	22.22222222222222
Strep_C8109	2	22.22222222222222
Strep_C26454	2	22.22222222222222
Strep_C8578	2	22.22222222222222
Strep_C1295	2	22.22222222222222
Strep_C13828	2	22.22222222222222
Strep_C8577	2	22.22222222222222
Strep_C1381	2	22.22222222222222
Strep_C12962	2	22.22222222222222
Strep_C13815	2	22.22222222222222
Strep_C26683	2	22.22222222222222
Strep_C8572	2	22.22222222222222
Strep_C28072	2	22.22222222222222
Strep_C13790	2	22.22222222222222
Strep_C26681	2	22.22222222222222
Strep_C13789	2	22.22222222222222
Strep_C26677	2	22.22222222222222
Strep_C12988	2	22.22222222222222
Strep_C26686	2	22.22222222222222
Strep_C28046	2	22.22222222222222
Strep_C818	2	22.22222222222222
Strep_C8190	2	22.22222222222222
Strep_C26497	2	22.22222222222222
Strep_C1367	2	22.22222222222222
Strep_C8552	2	22.22222222222222
Strep_C13676	2	22.22222222222222
Strep_C8194	2	22.22222222222222
Strep_C13671	2	22.22222222222222
Strep_C26498	2	22.22222222222222
Strep_C26499	2	22.22222222222222
Strep_C13006	2	22.22222222222222
Strep_C13009	2	22.22222222222222
Strep_C26676	2	22.22222222222222
Strep_C26500	2	22.22222222222222
Strep_C28045	2	22.22222222222222
Strep_C13649	2	22.22222222222222
Strep_C13646	2	22.22222222222222
Strep_C8211	2	22.22222222222222
Strep_C13015	2	22.22222222222222
Strep_C13631	2	22.22222222222222
Strep_C13630	2	22.22222222222222
Strep_C13016	2	22.22222222222222
Strep_C13628	2	22.22222222222222
Strep_C13624	2	22.22222222222222
Strep_C26496	2	22.22222222222222
Strep_C28047	2	22.22222222222222
Strep_C12	2	22.22222222222222
Strep_C8187	2	22.22222222222222
Strep_C8164	2	22.22222222222222
Strep_C1298	2	22.22222222222222
Strep_C8166	2	22.22222222222222
Strep_C8560	2	22.22222222222222
Strep_C816	2	22.22222222222222
Strep_C13713	2	22.22222222222222
Strep_C1370	2	22.22222222222222
Strep_C8176	2	22.22222222222222
Strep_C855	2	22.22222222222222
Strep_C13705	2	22.22222222222222
Strep_C13704	2	22.22222222222222
Strep_C13703	2	22.22222222222222
Strep_C13701	2	22.22222222222222
Strep_C136	2	22.22222222222222
Strep_C27919	2	22.22222222222222
Strep_C13699	2	22.22222222222222
Strep_C13696	2	22.22222222222222
Strep_C13695	2	22.22222222222222
Strep_C2804	2	22.22222222222222
Strep_C28049	2	22.22222222222222
Strep_C27920	2	22.22222222222222
Strep_C28048	2	22.22222222222222
Strep_C8185	2	22.22222222222222
Strep_C8101	2	22.22222222222222
Strep_C8100	2	22.22222222222222
Strep_C13622	2	22.22222222222222
Strep_C8020	2	22.22222222222222
Strep_C14002	2	22.22222222222222
Strep_C14001	2	22.22222222222222
Strep_C14000	2	22.22222222222222
Strep_C13	2	22.22222222222222
Strep_C8016	2	22.22222222222222
Strep_C13999	2	22.22222222222222
Strep_C13998	2	22.22222222222222
Strep_C12909	2	22.22222222222222
Strep_C13996	2	22.22222222222222
Strep_C8601	2	22.22222222222222
Strep_C12910	2	22.22222222222222
Strep_C8021	2	22.22222222222222
Strep_C13953	2	22.22222222222222
Strep_C8024	2	22.22222222222222
Strep_C8025	2	22.22222222222222
Strep_C8026	2	22.22222222222222
Strep_C13983	2	22.22222222222222
Strep_C26419	2	22.22222222222222
Strep_C2641	2	22.22222222222222
Strep_C13974	2	22.22222222222222
Strep_C8032	2	22.22222222222222
Strep_C13969	2	22.22222222222222
Strep_C13962	2	22.22222222222222
Strep_C2809	2	22.22222222222222
Strep_C14004	2	22.22222222222222
Strep_C14005	2	22.22222222222222
Strep_C14006	2	22.22222222222222
Strep_C14007	2	22.22222222222222
Strep_C7979	2	22.22222222222222
Strep_C7981	2	22.22222222222222
Strep_C12884	2	22.22222222222222
Strep_C7983	2	22.22222222222222
Strep_C28116	2	22.22222222222222
Strep_C26399	2	22.22222222222222
Strep_C2639	2	22.22222222222222
Strep_C14058	2	22.22222222222222
Strep_C12889	2	22.22222222222222
Strep_C12891	2	22.22222222222222
Strep_C8613	2	22.22222222222222
Strep_C12893	2	22.22222222222222
Strep_C14045	2	22.22222222222222
Strep_C28112	2	22.22222222222222
Strep_C2640	2	22.22222222222222
Strep_C14027	2	22.22222222222222
Strep_C12903	2	22.22222222222222
Strep_C1401	2	22.22222222222222
Strep_C800	2	22.22222222222222
Strep_C14015	2	22.22222222222222
Strep_C14014	2	22.22222222222222
Strep_C14012	2	22.22222222222222
Strep_C14011	2	22.22222222222222
Strep_C8042	2	22.22222222222222
Strep_C26428	2	22.22222222222222
Strep_C13850	2	22.22222222222222
Strep_C13874	2	22.22222222222222
Strep_C12935	2	22.22222222222222
Strep_C13894	2	22.22222222222222
Strep_C8587	2	22.22222222222222
Strep_C8078	2	22.22222222222222
Strep_C8586	2	22.22222222222222
Strep_C26441	2	22.22222222222222
Strep_C12940	2	22.22222222222222
Strep_C12941	2	22.22222222222222
Strep_C13881	2	22.22222222222222
Strep_C12943	2	22.22222222222222
Strep_C8090	2	22.22222222222222
Strep_C13870	2	22.22222222222222
Strep_C2642	2	22.22222222222222
Strep_C26448	2	22.22222222222222
Strep_C13864	2	22.22222222222222
Strep_C13862	2	22.22222222222222
Strep_C12947	2	22.22222222222222
Strep_C1385	2	22.22222222222222
Strep_C26450	2	22.22222222222222
Strep_C12949	2	22.22222222222222
Strep_C26451	2	22.22222222222222
Strep_C26687	2	22.22222222222222
Strep_C13852	2	22.22222222222222
Strep_C13851	2	22.22222222222222
Strep_C13897	2	22.22222222222222
Strep_C1389	2	22.22222222222222
Strep_C8070	2	22.22222222222222
Strep_C858	2	22.22222222222222
Strep_C13945	2	22.22222222222222
Strep_C8054	2	22.22222222222222
Strep_C13939	2	22.22222222222222
Strep_C8593	2	22.22222222222222
Strep_C13936	2	22.22222222222222
Strep_C8592	2	22.22222222222222
Strep_C13933	2	22.22222222222222
Strep_C12927	2	22.22222222222222
Strep_C13931	2	22.22222222222222
Strep_C8591	2	22.22222222222222
Strep_C13929	2	22.22222222222222
Strep_C13928	2	22.22222222222222
Strep_C13925	2	22.22222222222222
Strep_C805	2	22.22222222222222
Strep_C1292	2	22.22222222222222
Strep_C28090	2	22.22222222222222
Strep_C8590	2	22.22222222222222
Strep_C8066	2	22.22222222222222
Strep_C8067	2	22.22222222222222
Strep_C13915	2	22.22222222222222
Strep_C8068	2	22.22222222222222
Strep_C13910	2	22.22222222222222
Strep_C26437	2	22.22222222222222
Strep_C13017	2	22.22222222222222
Strep_C13621	2	22.22222222222222
Strep_C2677	2	22.22222222222222
Strep_C8395	2	22.22222222222222
Strep_C8381	2	22.22222222222222
Strep_C13108	2	22.22222222222222
Strep_C8384	2	22.22222222222222
Strep_C13335	2	22.22222222222222
Strep_C13328	2	22.22222222222222
Strep_C2658	2	22.22222222222222
Strep_C13322	2	22.22222222222222
Strep_C13320	2	22.22222222222222
Strep_C13318	2	22.22222222222222
Strep_C13315	2	22.22222222222222
Strep_C13122	2	22.22222222222222
Strep_C8396	2	22.22222222222222
Strep_C8418	2	22.22222222222222
Strep_C13123	2	22.22222222222222
Strep_C839	2	22.22222222222222
Strep_C13305	2	22.22222222222222
Strep_C13300	2	22.22222222222222
Strep_C8405	2	22.22222222222222
Strep_C13298	2	22.22222222222222
Strep_C13297	2	22.22222222222222
Strep_C13289	2	22.22222222222222
Strep_C13286	2	22.22222222222222
Strep_C13283	2	22.22222222222222
Strep_C13278	2	22.22222222222222
Strep_C8380	2	22.22222222222222
Strep_C13343	2	22.22222222222222
Strep_C27985	2	22.22222222222222
Strep_C27986	2	22.22222222222222
Strep_C13377	2	22.22222222222222
Strep_C27990	2	22.22222222222222
Strep_C2657	2	22.22222222222222
Strep_C8359	2	22.22222222222222
Strep_C13371	2	22.22222222222222
Strep_C8505	2	22.22222222222222
Strep_C13368	2	22.22222222222222
Strep_C8504	2	22.22222222222222
Strep_C8362	2	22.22222222222222
Strep_C8363	2	22.22222222222222
Strep_C13362	2	22.22222222222222
Strep_C8364	2	22.22222222222222
Strep_C8365	2	22.22222222222222
Strep_C8366	2	22.22222222222222
Strep_C27988	2	22.22222222222222
Strep_C13354	2	22.22222222222222
Strep_C8370	2	22.22222222222222
Strep_C8371	2	22.22222222222222
Strep_C8372	2	22.22222222222222
Strep_C26643	2	22.22222222222222
Strep_C27987	2	22.22222222222222
Strep_C8375	2	22.22222222222222
Strep_C8376	2	22.22222222222222
Strep_C8415	2	22.22222222222222
Strep_C13271	2	22.22222222222222
Strep_C13097	2	22.22222222222222
Strep_C8458	2	22.22222222222222
Strep_C8449	2	22.22222222222222
Strep_C844	2	22.22222222222222
Strep_C131	2	22.22222222222222
Strep_C13199	2	22.22222222222222
Strep_C8464	2	22.22222222222222
Strep_C8463	2	22.22222222222222
Strep_C13167	2	22.22222222222222
Strep_C26618	2	22.22222222222222
Strep_C26619	2	22.22222222222222
Strep_C1318	2	22.22222222222222
Strep_C13187	2	22.22222222222222
Strep_C13185	2	22.22222222222222
Strep_C13270	2	22.22222222222222
Strep_C13184	2	22.22222222222222
Strep_C13183	2	22.22222222222222
Strep_C26621	2	22.22222222222222
Strep_C1317	2	22.22222222222222
Strep_C13179	2	22.22222222222222
Strep_C13178	2	22.22222222222222
Strep_C13177	2	22.22222222222222
Strep_C13176	2	22.22222222222222
Strep_C13174	2	22.22222222222222
Strep_C13173	2	22.22222222222222
Strep_C13169	2	22.22222222222222
Strep_C13206	2	22.22222222222222
Strep_C8447	2	22.22222222222222
Strep_C8446	2	22.22222222222222
Strep_C8465	2	22.22222222222222
Strep_C13269	2	22.22222222222222
Strep_C13266	2	22.22222222222222
Strep_C13264	2	22.22222222222222
Strep_C13254	2	22.22222222222222
Strep_C13253	2	22.22222222222222
Strep_C13250	2	22.22222222222222
Strep_C13248	2	22.22222222222222
Strep_C13143	2	22.22222222222222
Strep_C13246	2	22.22222222222222
Strep_C13245	2	22.22222222222222
Strep_C13244	2	22.22222222222222
Strep_C8427	2	22.22222222222222
Strep_C8429	2	22.22222222222222
Strep_C8430	2	22.22222222222222
Strep_C8431	2	22.22222222222222
Strep_C13231	2	22.22222222222222
Strep_C8477	2	22.22222222222222
Strep_C13224	2	22.22222222222222
Strep_C13222	2	22.22222222222222
Strep_C13220	2	22.22222222222222
Strep_C8470	2	22.22222222222222
Strep_C26622	2	22.22222222222222
Strep_C8466	2	22.22222222222222
Strep_C130	2	22.22222222222222
Strep_C8507	2	22.22222222222222
Strep_C8220	2	22.22222222222222
Strep_C13544	2	22.22222222222222
Strep_C13040	2	22.22222222222222
Strep_C8250	2	22.22222222222222
Strep_C8535	2	22.22222222222222
Strep_C8252	2	22.22222222222222
Strep_C8253	2	22.22222222222222
Strep_C8256	2	22.22222222222222
Strep_C8258	2	22.22222222222222
Strep_C8259	2	22.22222222222222
Strep_C13551	2	22.22222222222222
Strep_C13548	2	22.22222222222222
Strep_C13546	2	22.22222222222222
Strep_C13542	2	22.22222222222222
Strep_C8285	2	22.22222222222222
Strep_C13540	2	22.22222222222222
Strep_C13052	2	22.22222222222222
Strep_C13539	2	22.22222222222222
Strep_C26536	2	22.22222222222222
Strep_C826	2	22.22222222222222
Strep_C8270	2	22.22222222222222
Strep_C8271	2	22.22222222222222
Strep_C26652	2	22.22222222222222
Strep_C13513	2	22.22222222222222
Strep_C1350	2	22.22222222222222
Strep_C13509	2	22.22222222222222
Strep_C13039	2	22.22222222222222
Strep_C8248	2	22.22222222222222
Strep_C8246	2	22.22222222222222
Strep_C27929	2	22.22222222222222
Strep_C13018	2	22.22222222222222
Strep_C13617	2	22.22222222222222
Strep_C13613	2	22.22222222222222
Strep_C13612	2	22.22222222222222
Strep_C13611	2	22.22222222222222
Strep_C8227	2	22.22222222222222
Strep_C13020	2	22.22222222222222
Strep_C8547	2	22.22222222222222
Strep_C8232	2	22.22222222222222
Strep_C8233	2	22.22222222222222
Strep_C13026	2	22.22222222222222
Strep_C27924	2	22.22222222222222
Strep_C13029	2	22.22222222222222
Strep_C27925	2	22.22222222222222
Strep_C13592	2	22.22222222222222
Strep_C26526	2	22.22222222222222
Strep_C13588	2	22.22222222222222
Strep_C27927	2	22.22222222222222
Strep_C13586	2	22.22222222222222
Strep_C13582	2	22.22222222222222
Strep_C13581	2	22.22222222222222
Strep_C13036	2	22.22222222222222
Strep_C8245	2	22.22222222222222
Strep_C8283	2	22.22222222222222
Strep_C8288	2	22.22222222222222
Strep_C834	2	22.22222222222222
Strep_C13090	2	22.22222222222222
Strep_C8322	2	22.22222222222222
Strep_C8323	2	22.22222222222222
Strep_C8325	2	22.22222222222222
Strep_C28002	2	22.22222222222222
Strep_C832	2	22.22222222222222
Strep_C8330	2	22.22222222222222
Strep_C8331	2	22.22222222222222
Strep_C1341	2	22.22222222222222
Strep_C13089	2	22.22222222222222
Strep_C8509	2	22.22222222222222
Strep_C2656	2	22.22222222222222
Strep_C13091	2	22.22222222222222
Strep_C8289	2	22.22222222222222
Strep_C13092	2	22.22222222222222
Strep_C1339	2	22.22222222222222
Strep_C13399	2	22.22222222222222
Strep_C13398	2	22.22222222222222
Strep_C13397	2	22.22222222222222
Strep_C13395	2	22.22222222222222
Strep_C13394	2	22.22222222222222
Strep_C13393	2	22.22222222222222
Strep_C13392	2	22.22222222222222
Strep_C8508	2	22.22222222222222
Strep_C27993	2	22.22222222222222
Strep_C13433	2	22.22222222222222
Strep_C13086	2	22.22222222222222
Strep_C831	2	22.22222222222222
Strep_C850	2	22.22222222222222
Strep_C1348	2	22.22222222222222
Strep_C8293	2	22.22222222222222
Strep_C8294	2	22.22222222222222
Strep_C13070	2	22.22222222222222
Strep_C27939	2	22.22222222222222
Strep_C8518	2	22.22222222222222
Strep_C13479	2	22.22222222222222
Strep_C13469	2	22.22222222222222
Strep_C13468	2	22.22222222222222
Strep_C13467	2	22.22222222222222
Strep_C1307	2	22.22222222222222
Strep_C13463	2	22.22222222222222
Strep_C13462	2	22.22222222222222
Strep_C8513	2	22.22222222222222
Strep_C26552	2	22.22222222222222
Strep_C26553	2	22.22222222222222
Strep_C26554	2	22.22222222222222
Strep_C13456	2	22.22222222222222
Strep_C26555	2	22.22222222222222
Strep_C28008	2	22.22222222222222
Strep_C13443	2	22.22222222222222
Strep_C26560	2	22.22222222222222
Strep_C1343	2	22.22222222222222
Strep_C12883	2	22.22222222222222
Strep_C12882	2	22.22222222222222
Strep_C26394	2	22.22222222222222
Strep_C8695	2	22.22222222222222
Strep_C14712	2	22.22222222222222
Strep_C8701	2	22.22222222222222
Strep_C7638	2	22.22222222222222
Strep_C869	2	22.22222222222222
Strep_C26218	2	22.22222222222222
Strep_C7642	2	22.22222222222222
Strep_C7643	2	22.22222222222222
Strep_C7645	2	22.22222222222222
Strep_C1270	2	22.22222222222222
Strep_C764	2	22.22222222222222
Strep_C14685	2	22.22222222222222
Strep_C14679	2	22.22222222222222
Strep_C14659	2	22.22222222222222
Strep_C14678	2	22.22222222222222
Strep_C14677	2	22.22222222222222
Strep_C14676	2	22.22222222222222
Strep_C7656	2	22.22222222222222
Strep_C14672	2	22.22222222222222
Strep_C12716	2	22.22222222222222
Strep_C14666	2	22.22222222222222
Strep_C1271	2	22.22222222222222
Strep_C2823	2	22.22222222222222
Strep_C14661	2	22.22222222222222
Strep_C14660	2	22.22222222222222
Strep_C12700	2	22.22222222222222
Strep_C1471	2	22.22222222222222
Strep_C8702	2	22.22222222222222
Strep_C14722	2	22.22222222222222
Strep_C26759	2	22.22222222222222
Strep_C8714	2	22.22222222222222
Strep_C261	2	22.22222222222222
Strep_C26200	2	22.22222222222222
Strep_C7612	2	22.22222222222222
Strep_C7616	2	22.22222222222222
Strep_C26756	2	22.22222222222222
Strep_C761	2	22.22222222222222
Strep_C7625	2	22.22222222222222
Strep_C26755	2	22.22222222222222
Strep_C14740	2	22.22222222222222
Strep_C1473	2	22.22222222222222
Strep_C14738	2	22.22222222222222
Strep_C12693	2	22.22222222222222
Strep_C2824	2	22.22222222222222
Strep_C26753	2	22.22222222222222
Strep_C14731	2	22.22222222222222
Strep_C1472	2	22.22222222222222
Strep_C14728	2	22.22222222222222
Strep_C14727	2	22.22222222222222
Strep_C8705	2	22.22222222222222
Strep_C14724	2	22.22222222222222
Strep_C27867	2	22.22222222222222
Strep_C26749	2	22.22222222222222
Strep_C14658	2	22.22222222222222
Strep_C14766	2	22.22222222222222
Strep_C8686	2	22.22222222222222
Strep_C2624	2	22.22222222222222
Strep_C26250	2	22.22222222222222
Strep_C1458	2	22.22222222222222
Strep_C2821	2	22.22222222222222
Strep_C12740	2	22.22222222222222
Strep_C14587	2	22.22222222222222
Strep_C12742	2	22.22222222222222
Strep_C14581	2	22.22222222222222
Strep_C14579	2	22.22222222222222
Strep_C14578	2	22.22222222222222
Strep_C14577	2	22.22222222222222
Strep_C14573	2	22.22222222222222
Strep_C14656	2	22.22222222222222
Strep_C1274	2	22.22222222222222
Strep_C27873	2	22.22222222222222
Strep_C14551	2	22.22222222222222
Strep_C12758	2	22.22222222222222
Strep_C7727	2	22.22222222222222
Strep_C14542	2	22.22222222222222
Strep_C1453	2	22.22222222222222
Strep_C14539	2	22.22222222222222
Strep_C8675	2	22.22222222222222
Strep_C772	2	22.22222222222222
Strep_C7730	2	22.22222222222222
Strep_C14604	2	22.22222222222222
Strep_C27870	2	22.22222222222222
Strep_C12737	2	22.22222222222222
Strep_C7694	2	22.22222222222222
Strep_C27869	2	22.22222222222222
Strep_C14650	2	22.22222222222222
Strep_C28235	2	22.22222222222222
Strep_C26746	2	22.22222222222222
Strep_C26234	2	22.22222222222222
Strep_C1463	2	22.22222222222222
Strep_C12727	2	22.22222222222222
Strep_C7674	2	22.22222222222222
Strep_C7676	2	22.22222222222222
Strep_C12729	2	22.22222222222222
Strep_C1272	2	22.22222222222222
Strep_C14629	2	22.22222222222222
Strep_C2822	2	22.22222222222222
Strep_C12730	2	22.22222222222222
Strep_C7683	2	22.22222222222222
Strep_C7684	2	22.22222222222222
Strep_C7685	2	22.22222222222222
Strep_C12731	2	22.22222222222222
Strep_C12732	2	22.22222222222222
Strep_C12734	2	22.22222222222222
Strep_C7689	2	22.22222222222222
Strep_C7690	2	22.22222222222222
Strep_C7693	2	22.22222222222222
Strep_C14765	2	22.22222222222222
Strep_C2619	2	22.22222222222222
Strep_C14082	2	22.22222222222222
Strep_C14911	2	22.22222222222222
Strep_C14927	2	22.22222222222222
Strep_C14924	2	22.22222222222222
Strep_C8738	2	22.22222222222222
Strep_C14922	2	22.22222222222222
Strep_C7531	2	22.22222222222222
Strep_C14920	2	22.22222222222222
Strep_C1491	2	22.22222222222222
Strep_C2615	2	22.22222222222222
Strep_C12638	2	22.22222222222222
Strep_C26160	2	22.22222222222222
Strep_C1263	2	22.22222222222222
Strep_C12641	2	22.22222222222222
Strep_C14863	2	22.22222222222222
Strep_C26163	2	22.22222222222222
Strep_C28282	2	22.22222222222222
Strep_C14894	2	22.22222222222222
Strep_C14893	2	22.22222222222222
Strep_C14885	2	22.22222222222222
Strep_C7552	2	22.22222222222222
Strep_C14876	2	22.22222222222222
Strep_C14872	2	22.22222222222222
Strep_C14871	2	22.22222222222222
Strep_C14869	2	22.22222222222222
Strep_C14866	2	22.22222222222222
Strep_C12633	2	22.22222222222222
Strep_C28292	2	22.22222222222222
Strep_C7527	2	22.22222222222222
Strep_C7524	2	22.22222222222222
Strep_C2614	2	22.22222222222222
Strep_C26779	2	22.22222222222222
Strep_C26151	2	22.22222222222222
Strep_C14969	2	22.22222222222222
Strep_C7511	2	22.22222222222222
Strep_C2784	2	22.22222222222222
Strep_C7512	2	22.22222222222222
Strep_C14963	2	22.22222222222222
Strep_C7513	2	22.22222222222222
Strep_C14959	2	22.22222222222222
Strep_C7515	2	22.22222222222222
Strep_C7516	2	22.22222222222222
Strep_C7518	2	22.22222222222222
Strep_C7520	2	22.22222222222222
Strep_C7521	2	22.22222222222222
Strep_C14948	2	22.22222222222222
Strep_C14942	2	22.22222222222222
Strep_C14941	2	22.22222222222222
Strep_C14940	2	22.22222222222222
Strep_C1493	2	22.22222222222222
Strep_C14938	2	22.22222222222222
Strep_C14936	2	22.22222222222222
Strep_C14935	2	22.22222222222222
Strep_C26767	2	22.22222222222222
Strep_C12656	2	22.22222222222222
Strep_C14774	2	22.22222222222222
Strep_C26763	2	22.22222222222222
Strep_C7596	2	22.22222222222222
Strep_C14804	2	22.22222222222222
Strep_C14803	2	22.22222222222222
Strep_C7599	2	22.22222222222222
Strep_C14801	2	22.22222222222222
Strep_C14800	2	22.22222222222222
Strep_C759	2	22.22222222222222
Strep_C1479	2	22.22222222222222
Strep_C14799	2	22.22222222222222
Strep_C14797	2	22.22222222222222
Strep_C7600	2	22.22222222222222
Strep_C14793	2	22.22222222222222
Strep_C12657	2	22.22222222222222
Strep_C14792	2	22.22222222222222
Strep_C14791	2	22.22222222222222
Strep_C7601	2	22.22222222222222
Strep_C14789	2	22.22222222222222
Strep_C7604	2	22.22222222222222
Strep_C26197	2	22.22222222222222
Strep_C7606	2	22.22222222222222
Strep_C26198	2	22.22222222222222
Strep_C7608	2	22.22222222222222
Strep_C14776	2	22.22222222222222
Strep_C14775	2	22.22222222222222
Strep_C14808	2	22.22222222222222
Strep_C7594	2	22.22222222222222
Strep_C8724	2	22.22222222222222
Strep_C12672	2	22.22222222222222
Strep_C12658	2	22.22222222222222
Strep_C12659	2	22.22222222222222
Strep_C14857	2	22.22222222222222
Strep_C14856	2	22.22222222222222
Strep_C12660	2	22.22222222222222
Strep_C12661	2	22.22222222222222
Strep_C7567	2	22.22222222222222
Strep_C12663	2	22.22222222222222
Strep_C2617	2	22.22222222222222
Strep_C756	2	22.22222222222222
Strep_C12664	2	22.22222222222222
Strep_C12665	2	22.22222222222222
Strep_C28271	2	22.22222222222222
Strep_C12666	2	22.22222222222222
Strep_C7576	2	22.22222222222222
Strep_C2826	2	22.22222222222222
Strep_C12669	2	22.22222222222222
Strep_C7580	2	22.22222222222222
Strep_C14830	2	22.22222222222222
Strep_C28267	2	22.22222222222222
Strep_C12671	2	22.22222222222222
Strep_C28266	2	22.22222222222222
Strep_C28264	2	22.22222222222222
Strep_C7731	2	22.22222222222222
Strep_C7732	2	22.22222222222222
Strep_C7733	2	22.22222222222222
Strep_C14226	2	22.22222222222222
Strep_C7891	2	22.22222222222222
Strep_C7892	2	22.22222222222222
Strep_C7893	2	22.22222222222222
Strep_C14238	2	22.22222222222222
Strep_C7896	2	22.22222222222222
Strep_C14235	2	22.22222222222222
Strep_C14233	2	22.22222222222222
Strep_C14231	2	22.22222222222222
Strep_C14230	2	22.22222222222222
Strep_C14229	2	22.22222222222222
Strep_C14227	2	22.22222222222222
Strep_C14225	2	22.22222222222222
Strep_C14183	2	22.22222222222222
Strep_C789	2	22.22222222222222
Strep_C14208	2	22.22222222222222
Strep_C14207	2	22.22222222222222
Strep_C14205	2	22.22222222222222
Strep_C14203	2	22.22222222222222
Strep_C26360	2	22.22222222222222
Strep_C14201	2	22.22222222222222
Strep_C14194	2	22.22222222222222
Strep_C14193	2	22.22222222222222
Strep_C8624	2	22.22222222222222
Strep_C1418	2	22.22222222222222
Strep_C14245	2	22.22222222222222
Strep_C14246	2	22.22222222222222
Strep_C14248	2	22.22222222222222
Strep_C7889	2	22.22222222222222
Strep_C14297	2	22.22222222222222
Strep_C12834	2	22.22222222222222
Strep_C14295	2	22.22222222222222
Strep_C14294	2	22.22222222222222
Strep_C14293	2	22.22222222222222
Strep_C2815	2	22.22222222222222
Strep_C12835	2	22.22222222222222
Strep_C8635	2	22.22222222222222
Strep_C1428	2	22.22222222222222
Strep_C7869	2	22.22222222222222
Strep_C786	2	22.22222222222222
Strep_C14285	2	22.22222222222222
Strep_C7873	2	22.22222222222222
Strep_C14278	2	22.22222222222222
Strep_C14275	2	22.22222222222222
Strep_C14273	2	22.22222222222222
Strep_C14264	2	22.22222222222222
Strep_C14263	2	22.22222222222222
Strep_C14258	2	22.22222222222222
Strep_C8631	2	22.22222222222222
Strep_C7885	2	22.22222222222222
Strep_C7886	2	22.22222222222222
Strep_C7887	2	22.22222222222222
Strep_C7919	2	22.22222222222222
Strep_C14181	2	22.22222222222222
Strep_C26265	2	22.22222222222222
Strep_C12873	2	22.22222222222222
Strep_C14133	2	22.22222222222222
Strep_C12866	2	22.22222222222222
Strep_C12867	2	22.22222222222222
Strep_C26377	2	22.22222222222222
Strep_C14128	2	22.22222222222222
Strep_C12868	2	22.22222222222222
Strep_C12869	2	22.22222222222222
Strep_C26379	2	22.22222222222222
Strep_C2637	2	22.22222222222222
Strep_C1411	2	22.22222222222222
Strep_C7953	2	22.22222222222222
Strep_C795	2	22.22222222222222
Strep_C8622	2	22.22222222222222
Strep_C12877	2	22.22222222222222
Strep_C12878	2	22.22222222222222
Strep_C14100	2	22.22222222222222
Strep_C26388	2	22.22222222222222
Strep_C7965	2	22.22222222222222
Strep_C14093	2	22.22222222222222
Strep_C14089	2	22.22222222222222
Strep_C14087	2	22.22222222222222
Strep_C14086	2	22.22222222222222
Strep_C14084	2	22.22222222222222
Strep_C14083	2	22.22222222222222
Strep_C12865	2	22.22222222222222
Strep_C14135	2	22.22222222222222
Strep_C12864	2	22.22222222222222
Strep_C14139	2	22.22222222222222
Strep_C7922	2	22.22222222222222
Strep_C14176	2	22.22222222222222
Strep_C14174	2	22.22222222222222
Strep_C14173	2	22.22222222222222
Strep_C14172	2	22.22222222222222
Strep_C7925	2	22.22222222222222
Strep_C14168	2	22.22222222222222
Strep_C14167	2	22.22222222222222
Strep_C14165	2	22.22222222222222
Strep_C14164	2	22.22222222222222
Strep_C14163	2	22.22222222222222
Strep_C7928	2	22.22222222222222
Strep_C14161	2	22.22222222222222
Strep_C7932	2	22.22222222222222
Strep_C7934	2	22.22222222222222
Strep_C12862	2	22.22222222222222
Strep_C1414	2	22.22222222222222
Strep_C12863	2	22.22222222222222
Strep_C26373	2	22.22222222222222
Strep_C14143	2	22.22222222222222
Strep_C14141	2	22.22222222222222
Strep_C14140	2	22.22222222222222
Strep_C28130	2	22.22222222222222
Strep_C14299	2	22.22222222222222
Strep_C14300	2	22.22222222222222
Strep_C14301	2	22.22222222222222
Strep_C14448	2	22.22222222222222
Strep_C28196	2	22.22222222222222
Strep_C28195	2	22.22222222222222
Strep_C14466	2	22.22222222222222
Strep_C28193	2	22.22222222222222
Strep_C7776	2	22.22222222222222
Strep_C7777	2	22.22222222222222
Strep_C865	2	22.22222222222222
Strep_C14457	2	22.22222222222222
Strep_C14453	2	22.22222222222222
Strep_C14451	2	22.22222222222222
Strep_C14449	2	22.22222222222222
Strep_C7785	2	22.22222222222222
Strep_C14302	2	22.22222222222222
Strep_C8657	2	22.22222222222222
Strep_C26726	2	22.22222222222222
Strep_C14437	2	22.22222222222222
Strep_C14430	2	22.22222222222222
Strep_C1442	2	22.22222222222222
Strep_C12794	2	22.22222222222222
Strep_C14423	2	22.22222222222222
Strep_C12795	2	22.22222222222222
Strep_C7795	2	22.22222222222222
Strep_C14418	2	22.22222222222222
Strep_C7799	2	22.22222222222222
Strep_C7769	2	22.22222222222222
Strep_C7766	2	22.22222222222222
Strep_C7765	2	22.22222222222222
Strep_C1277	2	22.22222222222222
Strep_C26266	2	22.22222222222222
Strep_C8673	2	22.22222222222222
Strep_C14526	2	22.22222222222222
Strep_C26268	2	22.22222222222222
Strep_C14521	2	22.22222222222222
Strep_C14516	2	22.22222222222222
Strep_C14515	2	22.22222222222222
Strep_C14513	2	22.22222222222222
Strep_C14512	2	22.22222222222222
Strep_C14511	2	22.22222222222222
Strep_C8671	2	22.22222222222222
Strep_C866	2	22.22222222222222
Strep_C12772	2	22.22222222222222
Strep_C7751	2	22.22222222222222
Strep_C14498	2	22.22222222222222
Strep_C28201	2	22.22222222222222
Strep_C28200	2	22.22222222222222
Strep_C26281	2	22.22222222222222
Strep_C12776	2	22.22222222222222
Strep_C775	2	22.22222222222222
Strep_C26284	2	22.22222222222222
Strep_C14482	2	22.22222222222222
Strep_C26730	2	22.22222222222222
Strep_C1440	2	22.22222222222222
Strep_C14404	2	22.22222222222222
Strep_C12799	2	22.22222222222222
Strep_C12815	2	22.22222222222222
Strep_C7835	2	22.22222222222222
Strep_C26320	2	22.22222222222222
Strep_C14348	2	22.22222222222222
Strep_C7837	2	22.22222222222222
Strep_C7839	2	22.22222222222222
Strep_C14342	2	22.22222222222222
Strep_C26323	2	22.22222222222222
Strep_C1433	2	22.22222222222222
Strep_C7844	2	22.22222222222222
Strep_C12819	2	22.22222222222222
Strep_C12822	2	22.22222222222222
Strep_C14328	2	22.22222222222222
Strep_C7852	2	22.22222222222222
Strep_C8645	2	22.22222222222222
Strep_C26330	2	22.22222222222222
Strep_C7857	2	22.22222222222222
Strep_C8641	2	22.22222222222222
Strep_C14312	2	22.22222222222222
Strep_C14311	2	22.22222222222222
Strep_C14308	2	22.22222222222222
Strep_C14306	2	22.22222222222222
Strep_C27891	2	22.22222222222222
Strep_C14303	2	22.22222222222222
Strep_C12817	2	22.22222222222222
Strep_C14355	2	22.22222222222222
Strep_C26308	2	22.22222222222222
Strep_C7832	2	22.22222222222222
Strep_C14397	2	22.22222222222222
Strep_C12801	2	22.22222222222222
Strep_C14392	2	22.22222222222222
Strep_C14391	2	22.22222222222222
Strep_C1438	2	22.22222222222222
Strep_C7813	2	22.22222222222222
Strep_C7814	2	22.22222222222222
Strep_C7817	2	22.22222222222222
Strep_C28176	2	22.22222222222222
Strep_C14378	2	22.22222222222222
Strep_C14377	2	22.22222222222222
Strep_C14376	2	22.22222222222222
Strep_C14375	2	22.22222222222222
Strep_C781	2	22.22222222222222
Strep_C12802	2	22.22222222222222
Strep_C7822	2	22.22222222222222
Strep_C26318	2	22.22222222222222
Strep_C26319	2	22.22222222222222
Strep_C12812	2	22.22222222222222
Strep_C782	2	22.22222222222222
Strep_C12813	2	22.22222222222222
Strep_C14359	2	22.22222222222222
Strep_C14357	2	22.22222222222222
Strep_C16870	2	22.22222222222222
Strep_C1605	2	22.22222222222222
Strep_C16872	2	22.22222222222222
Strep_C25321	2	22.22222222222222
Strep_C25333	2	22.22222222222222
Strep_C28819	2	22.22222222222222
Strep_C18080	2	22.22222222222222
Strep_C18079	2	22.22222222222222
Strep_C18076	2	22.22222222222222
Strep_C11636	2	22.22222222222222
Strep_C5870	2	22.22222222222222
Strep_C5871	2	22.22222222222222
Strep_C5872	2	22.22222222222222
Strep_C5873	2	22.22222222222222
Strep_C5874	2	22.22222222222222
Strep_C25338	2	22.22222222222222
Strep_C11637	2	22.22222222222222
Strep_C587	2	22.22222222222222
Strep_C25342	2	22.22222222222222
Strep_C18055	2	22.22222222222222
Strep_C11639	2	22.22222222222222
Strep_C11640	2	22.22222222222222
Strep_C18049	2	22.22222222222222
Strep_C28808	2	22.22222222222222
Strep_C18040	2	22.22222222222222
Strep_C5861	2	22.22222222222222
Strep_C27036	2	22.22222222222222
Strep_C25330	2	22.22222222222222
Strep_C18119	2	22.22222222222222
Strep_C5837	2	22.22222222222222
Strep_C5839	2	22.22222222222222
Strep_C9243	2	22.22222222222222
Strep_C25324	2	22.22222222222222
Strep_C18133	2	22.22222222222222
Strep_C5843	2	22.22222222222222
Strep_C1812	2	22.22222222222222
Strep_C25325	2	22.22222222222222
Strep_C18122	2	22.22222222222222
Strep_C25666	2	22.22222222222222
Strep_C2532	2	22.22222222222222
Strep_C18118	2	22.22222222222222
Strep_C18117	2	22.22222222222222
Strep_C18115	2	22.22222222222222
Strep_C18114	2	22.22222222222222
Strep_C18112	2	22.22222222222222
Strep_C5849	2	22.22222222222222
Strep_C9240	2	22.22222222222222
Strep_C25328	2	22.22222222222222
Strep_C18100	2	22.22222222222222
Strep_C11643	2	22.22222222222222
Strep_C18037	2	22.22222222222222
Strep_C18036	2	22.22222222222222
Strep_C5943	2	22.22222222222222
Strep_C5936	2	22.22222222222222
Strep_C11664	2	22.22222222222222
Strep_C17964	2	22.22222222222222
Strep_C5939	2	22.22222222222222
Strep_C593	2	22.22222222222222
Strep_C5940	2	22.22222222222222
Strep_C9223	2	22.22222222222222
Strep_C17958	2	22.22222222222222
Strep_C11669	2	22.22222222222222
Strep_C5944	2	22.22222222222222
Strep_C27026	2	22.22222222222222
Strep_C11670	2	22.22222222222222
Strep_C17946	2	22.22222222222222
Strep_C17945	2	22.22222222222222
Strep_C17944	2	22.22222222222222
Strep_C9220	2	22.22222222222222
Strep_C17941	2	22.22222222222222
Strep_C5950	2	22.22222222222222
Strep_C17939	2	22.22222222222222
Strep_C17938	2	22.22222222222222
Strep_C5935	2	22.22222222222222
Strep_C28799	2	22.22222222222222
Strep_C18033	2	22.22222222222222
Strep_C11649	2	22.22222222222222
Strep_C18030	2	22.22222222222222
Strep_C5895	2	22.22222222222222
Strep_C2534	2	22.22222222222222
Strep_C18028	2	22.22222222222222
Strep_C18025	2	22.22222222222222
Strep_C18022	2	22.22222222222222
Strep_C11646	2	22.22222222222222
Strep_C18018	2	22.22222222222222
Strep_C18017	2	22.22222222222222
Strep_C5908	2	22.22222222222222
Strep_C27028	2	22.22222222222222
Strep_C11652	2	22.22222222222222
Strep_C11653	2	22.22222222222222
Strep_C5910	2	22.22222222222222
Strep_C11654	2	22.22222222222222
Strep_C5912	2	22.22222222222222
Strep_C5914	2	22.22222222222222
Strep_C17997	2	22.22222222222222
Strep_C287	2	22.22222222222222
Strep_C5920	2	22.22222222222222
Strep_C5836	2	22.22222222222222
Strep_C25319	2	22.22222222222222
Strep_C17936	2	22.22222222222222
Strep_C18157	2	22.22222222222222
Strep_C28861	2	22.22222222222222
Strep_C27650	2	22.22222222222222
Strep_C5743	2	22.22222222222222
Strep_C18319	2	22.22222222222222
Strep_C18318	2	22.22222222222222
Strep_C9281	2	22.22222222222222
Strep_C5744	2	22.22222222222222
Strep_C11556	2	22.22222222222222
Strep_C27651	2	22.22222222222222
Strep_C9279	2	22.22222222222222
Strep_C1155	2	22.22222222222222
Strep_C9278	2	22.22222222222222
Strep_C11562	2	22.22222222222222
Strep_C18301	2	22.22222222222222
Strep_C574	2	22.22222222222222
Strep_C182	2	22.22222222222222
Strep_C28854	2	22.22222222222222
Strep_C18290	2	22.22222222222222
Strep_C28851	2	22.22222222222222
Strep_C28850	2	22.22222222222222
Strep_C18287	2	22.22222222222222
Strep_C573	2	22.22222222222222
Strep_C5736	2	22.22222222222222
Strep_C18331	2	22.22222222222222
Strep_C5722	2	22.22222222222222
Strep_C11537	2	22.22222222222222
Strep_C570	2	22.22222222222222
Strep_C5712	2	22.22222222222222
Strep_C5713	2	22.22222222222222
Strep_C13170	2	22.22222222222222
Strep_C25253	2	22.22222222222222
Strep_C25254	2	22.22222222222222
Strep_C5720	2	22.22222222222222
Strep_C25255	2	22.22222222222222
Strep_C1835	2	22.22222222222222
Strep_C18335	2	22.22222222222222
Strep_C18359	2	22.22222222222222
Strep_C5725	2	22.22222222222222
Strep_C1834	2	22.22222222222222
Strep_C18347	2	22.22222222222222
Strep_C11546	2	22.22222222222222
Strep_C18342	2	22.22222222222222
Strep_C18340	2	22.22222222222222
Strep_C1154	2	22.22222222222222
Strep_C18336	2	22.22222222222222
Strep_C11564	2	22.22222222222222
Strep_C18284	2	22.22222222222222
Strep_C18283	2	22.22222222222222
Strep_C18203	2	22.22222222222222
Strep_C18230	2	22.22222222222222
Strep_C9264	2	22.22222222222222
Strep_C18224	2	22.22222222222222
Strep_C1158	2	22.22222222222222
Strep_C18212	2	22.22222222222222
Strep_C5802	2	22.22222222222222
Strep_C18208	2	22.22222222222222
Strep_C5804	2	22.22222222222222
Strep_C18206	2	22.22222222222222
Strep_C18200	2	22.22222222222222
Strep_C28840	2	22.22222222222222
Strep_C18198	2	22.22222222222222
Strep_C18194	2	22.22222222222222
Strep_C580	2	22.22222222222222
Strep_C9252	2	22.22222222222222
Strep_C5821	2	22.22222222222222
Strep_C5822	2	22.22222222222222
Strep_C1160	2	22.22222222222222
Strep_C11610	2	22.22222222222222
Strep_C1815	2	22.22222222222222
Strep_C25296	2	22.22222222222222
Strep_C5788	2	22.22222222222222
Strep_C25276	2	22.22222222222222
Strep_C18266	2	22.22222222222222
Strep_C28849	2	22.22222222222222
Strep_C28848	2	22.22222222222222
Strep_C28847	2	22.22222222222222
Strep_C18274	2	22.22222222222222
Strep_C18273	2	22.22222222222222
Strep_C18272	2	22.22222222222222
Strep_C18271	2	22.22222222222222
Strep_C2704	2	22.22222222222222
Strep_C18268	2	22.22222222222222
Strep_C11569	2	22.22222222222222
Strep_C9268	2	22.22222222222222
Strep_C11571	2	22.22222222222222
Strep_C11573	2	22.22222222222222
Strep_C11575	2	22.22222222222222
Strep_C11577	2	22.22222222222222
Strep_C18248	2	22.22222222222222
Strep_C11578	2	22.22222222222222
Strep_C25291	2	22.22222222222222
Strep_C18242	2	22.22222222222222
Strep_C9269	2	22.22222222222222
Strep_C17937	2	22.22222222222222
Strep_C17935	2	22.22222222222222
Strep_C1180	2	22.22222222222222
Strep_C11734	2	22.22222222222222
Strep_C6082	2	22.22222222222222
Strep_C6087	2	22.22222222222222
Strep_C17665	2	22.22222222222222
Strep_C6089	2	22.22222222222222
Strep_C17662	2	22.22222222222222
Strep_C6090	2	22.22222222222222
Strep_C6092	2	22.22222222222222
Strep_C27684	2	22.22222222222222
Strep_C17654	2	22.22222222222222
Strep_C9184	2	22.22222222222222
Strep_C17652	2	22.22222222222222
Strep_C6097	2	22.22222222222222
Strep_C11756	2	22.22222222222222
Strep_C11758	2	22.22222222222222
Strep_C1175	2	22.22222222222222
Strep_C25448	2	22.22222222222222
Strep_C25449	2	22.22222222222222
Strep_C17623	2	22.22222222222222
Strep_C6113	2	22.22222222222222
Strep_C17618	2	22.22222222222222
Strep_C11765	2	22.22222222222222
Strep_C17674	2	22.22222222222222
Strep_C17675	2	22.22222222222222
Strep_C17676	2	22.22222222222222
Strep_C17693	2	22.22222222222222
Strep_C1173	2	22.22222222222222
Strep_C17708	2	22.22222222222222
Strep_C17707	2	22.22222222222222
Strep_C27682	2	22.22222222222222
Strep_C6069	2	22.22222222222222
Strep_C11741	2	22.22222222222222
Strep_C27006	2	22.22222222222222
Strep_C17698	2	22.22222222222222
Strep_C17696	2	22.22222222222222
Strep_C27683	2	22.22222222222222
Strep_C17679	2	22.22222222222222
Strep_C25435	2	22.22222222222222
Strep_C17690	2	22.22222222222222
Strep_C17689	2	22.22222222222222
Strep_C17687	2	22.22222222222222
Strep_C17685	2	22.22222222222222
Strep_C17683	2	22.22222222222222
Strep_C11746	2	22.22222222222222
Strep_C17681	2	22.22222222222222
Strep_C17680	2	22.22222222222222
Strep_C17616	2	22.22222222222222
Strep_C9174	2	22.22222222222222
Strep_C6116	2	22.22222222222222
Strep_C11794	2	22.22222222222222
Strep_C17555	2	22.22222222222222
Strep_C17552	2	22.22222222222222
Strep_C17551	2	22.22222222222222
Strep_C6151	2	22.22222222222222
Strep_C17547	2	22.22222222222222
Strep_C17546	2	22.22222222222222
Strep_C17545	2	22.22222222222222
Strep_C17542	2	22.22222222222222
Strep_C17541	2	22.22222222222222
Strep_C17539	2	22.22222222222222
Strep_C28736	2	22.22222222222222
Strep_C17538	2	22.22222222222222
Strep_C6152	2	22.22222222222222
Strep_C6155	2	22.22222222222222
Strep_C1179	2	22.22222222222222
Strep_C1752	2	22.22222222222222
Strep_C2768	2	22.22222222222222
Strep_C25474	2	22.22222222222222
Strep_C17517	2	22.22222222222222
Strep_C17512	2	22.22222222222222
Strep_C11790	2	22.22222222222222
Strep_C11789	2	22.22222222222222
Strep_C6117	2	22.22222222222222
Strep_C17591	2	22.22222222222222
Strep_C25452	2	22.22222222222222
Strep_C6122	2	22.22222222222222
Strep_C11770	2	22.22222222222222
Strep_C6127	2	22.22222222222222
Strep_C9173	2	22.22222222222222
Strep_C9172	2	22.22222222222222
Strep_C11773	2	22.22222222222222
Strep_C9171	2	22.22222222222222
Strep_C17593	2	22.22222222222222
Strep_C25458	2	22.22222222222222
Strep_C11788	2	22.22222222222222
Strep_C17581	2	22.22222222222222
Strep_C11784	2	22.22222222222222
Strep_C11785	2	22.22222222222222
Strep_C25461	2	22.22222222222222
Strep_C17571	2	22.22222222222222
Strep_C25462	2	22.22222222222222
Strep_C11787	2	22.22222222222222
Strep_C613	2	22.22222222222222
Strep_C6141	2	22.22222222222222
Strep_C11735	2	22.22222222222222
Strep_C27679	2	22.22222222222222
Strep_C17934	2	22.22222222222222
Strep_C6059	2	22.22222222222222
Strep_C28777	2	22.22222222222222
Strep_C25393	2	22.22222222222222
Strep_C25395	2	22.22222222222222
Strep_C17871	2	22.22222222222222
Strep_C17866	2	22.22222222222222
Strep_C25397	2	22.22222222222222
Strep_C25398	2	22.22222222222222
Strep_C920	2	22.22222222222222
Strep_C25399	2	22.22222222222222
Strep_C253	2	22.22222222222222
Strep_C28774	2	22.22222222222222
Strep_C28773	2	22.22222222222222
Strep_C17850	2	22.22222222222222
Strep_C5998	2	22.22222222222222
Strep_C116	2	22.22222222222222
Strep_C17844	2	22.22222222222222
Strep_C17843	2	22.22222222222222
Strep_C17840	2	22.22222222222222
Strep_C25402	2	22.22222222222222
Strep_C17837	2	22.22222222222222
Strep_C25404	2	22.22222222222222
Strep_C5978	2	22.22222222222222
Strep_C5974	2	22.22222222222222
Strep_C11689	2	22.22222222222222
Strep_C595	2	22.22222222222222
Strep_C17933	2	22.22222222222222
Strep_C5952	2	22.22222222222222
Strep_C5953	2	22.22222222222222
Strep_C2878	2	22.22222222222222
Strep_C28788	2	22.22222222222222
Strep_C9219	2	22.22222222222222
Strep_C17921	2	22.22222222222222
Strep_C1791	2	22.22222222222222
Strep_C9218	2	22.22222222222222
Strep_C17913	2	22.22222222222222
Strep_C596	2	22.22222222222222
Strep_C9217	2	22.22222222222222
Strep_C1790	2	22.22222222222222
Strep_C11676	2	22.22222222222222
Strep_C17903	2	22.22222222222222
Strep_C11677	2	22.22222222222222
Strep_C178	2	22.22222222222222
Strep_C1789	2	22.22222222222222
Strep_C9216	2	22.22222222222222
Strep_C17898	2	22.22222222222222
Strep_C17834	2	22.22222222222222
Strep_C6003	2	22.22222222222222
Strep_C1782	2	22.22222222222222
Strep_C17761	2	22.22222222222222
Strep_C6037	2	22.22222222222222
Strep_C11718	2	22.22222222222222
Strep_C17769	2	22.22222222222222
Strep_C17767	2	22.22222222222222
Strep_C17766	2	22.22222222222222
Strep_C2875	2	22.22222222222222
Strep_C11719	2	22.22222222222222
Strep_C17763	2	22.22222222222222
Strep_C17762	2	22.22222222222222
Strep_C1775	2	22.22222222222222
Strep_C28763	2	22.22222222222222
Strep_C17759	2	22.22222222222222
Strep_C17758	2	22.22222222222222
Strep_C11721	2	22.22222222222222
Strep_C27677	2	22.22222222222222
Strep_C6044	2	22.22222222222222
Strep_C6051	2	22.22222222222222
Strep_C11727	2	22.22222222222222
Strep_C17735	2	22.22222222222222
Strep_C6057	2	22.22222222222222
Strep_C6035	2	22.22222222222222
Strep_C27014	2	22.22222222222222
Strep_C25405	2	22.22222222222222
Strep_C17806	2	22.22222222222222
Strep_C6007	2	22.22222222222222
Strep_C17821	2	22.22222222222222
Strep_C28771	2	22.22222222222222
Strep_C25407	2	22.22222222222222
Strep_C11708	2	22.22222222222222
Strep_C17814	2	22.22222222222222
Strep_C6012	2	22.22222222222222
Strep_C11709	2	22.22222222222222
Strep_C11710	2	22.22222222222222
Strep_C2876	2	22.22222222222222
Strep_C17784	2	22.22222222222222
Strep_C11711	2	22.22222222222222
Strep_C28768	2	22.22222222222222
Strep_C17795	2	22.22222222222222
Strep_C25414	2	22.22222222222222
Strep_C6024	2	22.22222222222222
Strep_C6025	2	22.22222222222222
Strep_C6027	2	22.22222222222222
Strep_C17789	2	22.22222222222222
Strep_C28765	2	22.22222222222222
Strep_C5709	2	22.22222222222222
Strep_C25248	2	22.22222222222222
Strep_C25247	2	22.22222222222222
Strep_C18995	2	22.22222222222222
Strep_C1894	2	22.22222222222222
Strep_C5358	2	22.22222222222222
Strep_C27616	2	22.22222222222222
Strep_C27617	2	22.22222222222222
Strep_C18943	2	22.22222222222222
Strep_C18942	2	22.22222222222222
Strep_C11361	2	22.22222222222222
Strep_C11363	2	22.22222222222222
Strep_C11364	2	22.22222222222222
Strep_C11365	2	22.22222222222222
Strep_C11366	2	22.22222222222222
Strep_C25082	2	22.22222222222222
Strep_C25086	2	22.22222222222222
Strep_C536	2	22.22222222222222
Strep_C11367	2	22.22222222222222
Strep_C5373	2	22.22222222222222
Strep_C18921	2	22.22222222222222
Strep_C11369	2	22.22222222222222
Strep_C2896	2	22.22222222222222
Strep_C18917	2	22.22222222222222
Strep_C18915	2	22.22222222222222
Strep_C5353	2	22.22222222222222
Strep_C18958	2	22.22222222222222
Strep_C25079	2	22.22222222222222
Strep_C5340	2	22.22222222222222
Strep_C18993	2	22.22222222222222
Strep_C28982	2	22.22222222222222
Strep_C18991	2	22.22222222222222
Strep_C5334	2	22.22222222222222
Strep_C5335	2	22.22222222222222
Strep_C18986	2	22.22222222222222
Strep_C28980	2	22.22222222222222
Strep_C18981	2	22.22222222222222
Strep_C2897	2	22.22222222222222
Strep_C18975	2	22.22222222222222
Strep_C11356	2	22.22222222222222
Strep_C18974	2	22.22222222222222
Strep_C18970	2	22.22222222222222
Strep_C18969	2	22.22222222222222
Strep_C18968	2	22.22222222222222
Strep_C18967	2	22.22222222222222
Strep_C18966	2	22.22222222222222
Strep_C25077	2	22.22222222222222
Strep_C27615	2	22.22222222222222
Strep_C25078	2	22.22222222222222
Strep_C18914	2	22.22222222222222
Strep_C5378	2	22.22222222222222
Strep_C18910	2	22.22222222222222
Strep_C1881	2	22.22222222222222
Strep_C25112	2	22.22222222222222
Strep_C11387	2	22.22222222222222
Strep_C9360	2	22.22222222222222
Strep_C2511	2	22.22222222222222
Strep_C18835	2	22.22222222222222
Strep_C25124	2	22.22222222222222
Strep_C18829	2	22.22222222222222
Strep_C18827	2	22.22222222222222
Strep_C18821	2	22.22222222222222
Strep_C5435	2	22.22222222222222
Strep_C1885	2	22.22222222222222
Strep_C11397	2	22.22222222222222
Strep_C5440	2	22.22222222222222
Strep_C18812	2	22.22222222222222
Strep_C18811	2	22.22222222222222
Strep_C18808	2	22.22222222222222
Strep_C25127	2	22.22222222222222
Strep_C25128	2	22.22222222222222
Strep_C9354	2	22.22222222222222
Strep_C18802	2	22.22222222222222
Strep_C9365	2	22.22222222222222
Strep_C18862	2	22.22222222222222
Strep_C537	2	22.22222222222222
Strep_C2509	2	22.22222222222222
Strep_C18908	2	22.22222222222222
Strep_C5381	2	22.22222222222222
Strep_C1136	2	22.22222222222222
Strep_C936	2	22.22222222222222
Strep_C188	2	22.22222222222222
Strep_C5384	2	22.22222222222222
Strep_C18898	2	22.22222222222222
Strep_C25096	2	22.22222222222222
Strep_C11372	2	22.22222222222222
Strep_C1888	2	22.22222222222222
Strep_C18864	2	22.22222222222222
Strep_C11375	2	22.22222222222222
Strep_C18884	2	22.22222222222222
Strep_C5397	2	22.22222222222222
Strep_C5398	2	22.22222222222222
Strep_C11376	2	22.22222222222222
Strep_C18876	2	22.22222222222222
Strep_C5401	2	22.22222222222222
Strep_C1886	2	22.22222222222222
Strep_C11378	2	22.22222222222222
Strep_C28983	2	22.22222222222222
Strep_C27614	2	22.22222222222222
Strep_C25246	2	22.22222222222222
Strep_C11347	2	22.22222222222222
Strep_C19167	2	22.22222222222222
Strep_C9404	2	22.22222222222222
Strep_C19155	2	22.22222222222222
Strep_C25019	2	22.22222222222222
Strep_C9400	2	22.22222222222222
Strep_C93	2	22.22222222222222
Strep_C112	2	22.22222222222222
Strep_C25022	2	22.22222222222222
Strep_C19142	2	22.22222222222222
Strep_C1913	2	22.22222222222222
Strep_C5245	2	22.22222222222222
Strep_C19137	2	22.22222222222222
Strep_C19136	2	22.22222222222222
Strep_C11301	2	22.22222222222222
Strep_C5249	2	22.22222222222222
Strep_C19126	2	22.22222222222222
Strep_C5251	2	22.22222222222222
Strep_C19124	2	22.22222222222222
Strep_C19121	2	22.22222222222222
Strep_C19116	2	22.22222222222222
Strep_C19114	2	22.22222222222222
Strep_C1128	2	22.22222222222222
Strep_C25012	2	22.22222222222222
Strep_C5227	2	22.22222222222222
Strep_C19204	2	22.22222222222222
Strep_C1921	2	22.22222222222222
Strep_C519	2	22.22222222222222
Strep_C19217	2	22.22222222222222
Strep_C29027	2	22.22222222222222
Strep_C27121	2	22.22222222222222
Strep_C5203	2	22.22222222222222
Strep_C25004	2	22.22222222222222
Strep_C19208	2	22.22222222222222
Strep_C19205	2	22.22222222222222
Strep_C19202	2	22.22222222222222
Strep_C5225	2	22.22222222222222
Strep_C19201	2	22.22222222222222
Strep_C5208	2	22.22222222222222
Strep_C19196	2	22.22222222222222
Strep_C9412	2	22.22222222222222
Strep_C5214	2	22.22222222222222
Strep_C1918	2	22.22222222222222
Strep_C19183	2	22.22222222222222
Strep_C5220	2	22.22222222222222
Strep_C5222	2	22.22222222222222
Strep_C19113	2	22.22222222222222
Strep_C11303	2	22.22222222222222
Strep_C11304	2	22.22222222222222
Strep_C5311	2	22.22222222222222
Strep_C19047	2	22.22222222222222
Strep_C9387	2	22.22222222222222
Strep_C5301	2	22.22222222222222
Strep_C9386	2	22.22222222222222
Strep_C27611	2	22.22222222222222
Strep_C9383	2	22.22222222222222
Strep_C5306	2	22.22222222222222
Strep_C19029	2	22.22222222222222
Strep_C11336	2	22.22222222222222
Strep_C11337	2	22.22222222222222
Strep_C19050	2	22.22222222222222
Strep_C2505	2	22.22222222222222
Strep_C5315	2	22.22222222222222
Strep_C11342	2	22.22222222222222
Strep_C11343	2	22.22222222222222
Strep_C5323	2	22.22222222222222
Strep_C5324	2	22.22222222222222
Strep_C28986	2	22.22222222222222
Strep_C27612	2	22.22222222222222
Strep_C27613	2	22.22222222222222
Strep_C19049	2	22.22222222222222
Strep_C19055	2	22.22222222222222
Strep_C11306	2	22.22222222222222
Strep_C9395	2	22.22222222222222
Strep_C11307	2	22.22222222222222
Strep_C190	2	22.22222222222222
Strep_C5267	2	22.22222222222222
Strep_C5269	2	22.22222222222222
Strep_C11308	2	22.22222222222222
Strep_C11309	2	22.22222222222222
Strep_C5271	2	22.22222222222222
Strep_C9398	2	22.22222222222222
Strep_C11313	2	22.22222222222222
Strep_C11315	2	22.22222222222222
Strep_C9389	2	22.22222222222222
Strep_C19088	2	22.22222222222222
Strep_C5276	2	22.22222222222222
Strep_C2503	2	22.22222222222222
Strep_C5280	2	22.22222222222222
Strep_C5281	2	22.22222222222222
Strep_C19071	2	22.22222222222222
Strep_C25044	2	22.22222222222222
Strep_C25046	2	22.22222222222222
Strep_C25047	2	22.22222222222222
Strep_C187	2	22.22222222222222
Strep_C18799	2	22.22222222222222
Strep_C113	2	22.22222222222222
Strep_C5453	2	22.22222222222222
Strep_C18538	2	22.22222222222222
Strep_C11483	2	22.22222222222222
Strep_C25205	2	22.22222222222222
Strep_C18532	2	22.22222222222222
Strep_C560	2	22.22222222222222
Strep_C9314	2	22.22222222222222
Strep_C5615	2	22.22222222222222
Strep_C9312	2	22.22222222222222
Strep_C5621	2	22.22222222222222
Strep_C9311	2	22.22222222222222
Strep_C18510	2	22.22222222222222
Strep_C5625	2	22.22222222222222
Strep_C9310	2	22.22222222222222
Strep_C930	2	22.22222222222222
Strep_C18503	2	22.22222222222222
Strep_C18502	2	22.22222222222222
Strep_C18501	2	22.22222222222222
Strep_C18500	2	22.22222222222222
Strep_C18499	2	22.22222222222222
Strep_C18498	2	22.22222222222222
Strep_C18497	2	22.22222222222222
Strep_C9319	2	22.22222222222222
Strep_C1853	2	22.22222222222222
Strep_C18541	2	22.22222222222222
Strep_C5589	2	22.22222222222222
Strep_C1145	2	22.22222222222222
Strep_C18597	2	22.22222222222222
Strep_C25188	2	22.22222222222222
Strep_C9327	2	22.22222222222222
Strep_C5575	2	22.22222222222222
Strep_C5578	2	22.22222222222222
Strep_C5579	2	22.22222222222222
Strep_C5581	2	22.22222222222222
Strep_C5582	2	22.22222222222222
Strep_C558	2	22.22222222222222
Strep_C9320	2	22.22222222222222
Strep_C5590	2	22.22222222222222
Strep_C18568	2	22.22222222222222
Strep_C18567	2	22.22222222222222
Strep_C18566	2	22.22222222222222
Strep_C18565	2	22.22222222222222
Strep_C11471	2	22.22222222222222
Strep_C18561	2	22.22222222222222
Strep_C18558	2	22.22222222222222
Strep_C2519	2	22.22222222222222
Strep_C18496	2	22.22222222222222
Strep_C18495	2	22.22222222222222
Strep_C18494	2	22.22222222222222
Strep_C18417	2	22.22222222222222
Strep_C18434	2	22.22222222222222
Strep_C18431	2	22.22222222222222
Strep_C18426	2	22.22222222222222
Strep_C5680	2	22.22222222222222
Strep_C18423	2	22.22222222222222
Strep_C18422	2	22.22222222222222
Strep_C11516	2	22.22222222222222
Strep_C1841	2	22.22222222222222
Strep_C18418	2	22.22222222222222
Strep_C18416	2	22.22222222222222
Strep_C9302	2	22.22222222222222
Strep_C5684	2	22.22222222222222
Strep_C1840	2	22.22222222222222
Strep_C18409	2	22.22222222222222
Strep_C11521	2	22.22222222222222
Strep_C25241	2	22.22222222222222
Strep_C5697	2	22.22222222222222
Strep_C9292	2	22.22222222222222
Strep_C928	2	22.22222222222222
Strep_C11536	2	22.22222222222222
Strep_C5674	2	22.22222222222222
Strep_C28885	2	22.22222222222222
Strep_C9308	2	22.22222222222222
Strep_C11505	2	22.22222222222222
Strep_C11498	2	22.22222222222222
Strep_C11499	2	22.22222222222222
Strep_C5635	2	22.22222222222222
Strep_C5636	2	22.22222222222222
Strep_C11501	2	22.22222222222222
Strep_C11502	2	22.22222222222222
Strep_C11503	2	22.22222222222222
Strep_C5642	2	22.22222222222222
Strep_C18478	2	22.22222222222222
Strep_C11506	2	22.22222222222222
Strep_C1843	2	22.22222222222222
Strep_C5646	2	22.22222222222222
Strep_C5648	2	22.22222222222222
Strep_C18464	2	22.22222222222222
Strep_C18461	2	22.22222222222222
Strep_C2521	2	22.22222222222222
Strep_C5658	2	22.22222222222222
Strep_C5659	2	22.22222222222222
Strep_C5664	2	22.22222222222222
Strep_C18446	2	22.22222222222222
Strep_C27073	2	22.22222222222222
Strep_C18606	2	22.22222222222222
Strep_C27074	2	22.22222222222222
Strep_C11423	2	22.22222222222222
Strep_C25149	2	22.22222222222222
Strep_C2514	2	22.22222222222222
Strep_C18734	2	22.22222222222222
Strep_C1141	2	22.22222222222222
Strep_C27079	2	22.22222222222222
Strep_C11421	2	22.22222222222222
Strep_C18728	2	22.22222222222222
Strep_C18727	2	22.22222222222222
Strep_C25152	2	22.22222222222222
Strep_C25153	2	22.22222222222222
Strep_C25146	2	22.22222222222222
Strep_C1871	2	22.22222222222222
Strep_C25154	2	22.22222222222222
Strep_C11424	2	22.22222222222222
Strep_C25156	2	22.22222222222222
Strep_C11426	2	22.22222222222222
Strep_C11427	2	22.22222222222222
Strep_C5500	2	22.22222222222222
Strep_C11429	2	22.22222222222222
Strep_C18705	2	22.22222222222222
Strep_C25147	2	22.22222222222222
Strep_C5481	2	22.22222222222222
Strep_C18702	2	22.22222222222222
Strep_C18763	2	22.22222222222222
Strep_C5454	2	22.22222222222222
Strep_C5458	2	22.22222222222222
Strep_C2893	2	22.22222222222222
Strep_C18773	2	22.22222222222222
Strep_C5463	2	22.22222222222222
Strep_C5465	2	22.22222222222222
Strep_C11406	2	22.22222222222222
Strep_C25139	2	22.22222222222222
Strep_C18764	2	22.22222222222222
Strep_C5467	2	22.22222222222222
Strep_C5479	2	22.22222222222222
Strep_C18760	2	22.22222222222222
Strep_C11409	2	22.22222222222222
Strep_C546	2	22.22222222222222
Strep_C28938	2	22.22222222222222
Strep_C5472	2	22.22222222222222
Strep_C27629	2	22.22222222222222
Strep_C25142	2	22.22222222222222
Strep_C25144	2	22.22222222222222
Strep_C1874	2	22.22222222222222
Strep_C18703	2	22.22222222222222
Strep_C28931	2	22.22222222222222
Strep_C18610	2	22.22222222222222
Strep_C18632	2	22.22222222222222
Strep_C25175	2	22.22222222222222
Strep_C553	2	22.22222222222222
Strep_C11450	2	22.22222222222222
Strep_C5541	2	22.22222222222222
Strep_C5542	2	22.22222222222222
Strep_C5546	2	22.22222222222222
Strep_C18635	2	22.22222222222222
Strep_C18634	2	22.22222222222222
Strep_C18633	2	22.22222222222222
Strep_C18631	2	22.22222222222222
Strep_C27077	2	22.22222222222222
Strep_C11451	2	22.22222222222222
Strep_C18629	2	22.22222222222222
Strep_C5549	2	22.22222222222222
Strep_C5550	2	22.22222222222222
Strep_C28919	2	22.22222222222222
Strep_C27076	2	22.22222222222222
Strep_C28918	2	22.22222222222222
Strep_C28914	2	22.22222222222222
Strep_C28913	2	22.22222222222222
Strep_C5533	2	22.22222222222222
Strep_C18656	2	22.22222222222222
Strep_C18700	2	22.22222222222222
Strep_C5511	2	22.22222222222222
Strep_C1142	2	22.22222222222222
Strep_C11431	2	22.22222222222222
Strep_C11432	2	22.22222222222222
Strep_C18697	2	22.22222222222222
Strep_C18696	2	22.22222222222222
Strep_C11436	2	22.22222222222222
Strep_C25163	2	22.22222222222222
Strep_C550	2	22.22222222222222
Strep_C5510	2	22.22222222222222
Strep_C5512	2	22.22222222222222
Strep_C18657	2	22.22222222222222
Strep_C5513	2	22.22222222222222
Strep_C5514	2	22.22222222222222
Strep_C5517	2	22.22222222222222
Strep_C18680	2	22.22222222222222
Strep_C11440	2	22.22222222222222
Strep_C11442	2	22.22222222222222
Strep_C11446	2	22.22222222222222
Strep_C5523	2	22.22222222222222
Strep_C5530	2	22.22222222222222
Strep_C2547	2	22.22222222222222
Strep_C11540	2	22.22222222222222
Strep_C17151	2	22.22222222222222
Strep_C17073	2	22.22222222222222
Strep_C1188	2	22.22222222222222
Strep_C17399	2	22.22222222222222
Strep_C28675	2	22.22222222222222
Strep_C11941	2	22.22222222222222
Strep_C17231	2	22.22222222222222
Strep_C6230	2	22.22222222222222
Strep_C622	2	22.22222222222222
Strep_C9115	2	22.22222222222222
Strep_C17229	2	22.22222222222222
Strep_C6419	2	22.22222222222222
Strep_C6229	2	22.22222222222222
Strep_C25610	2	22.22222222222222
Strep_C6330	2	22.22222222222222
Strep_C6227	2	22.22222222222222
Strep_C6417	2	22.22222222222222
Strep_C11834	2	22.22222222222222
Strep_C1740	2	22.22222222222222
Strep_C17076	2	22.22222222222222
Strep_C17410	2	22.22222222222222
Strep_C25652	2	22.22222222222222
Strep_C26988	2	22.22222222222222
Strep_C17221	2	22.22222222222222
Strep_C16931	2	22.22222222222222
Strep_C9142	2	22.22222222222222
Strep_C6343	2	22.22222222222222
Strep_C6493	2	22.22222222222222
Strep_C25561	2	22.22222222222222
Strep_C11974	2	22.22222222222222
Strep_C6492	2	22.22222222222222
Strep_C9118	2	22.22222222222222
Strep_C25618	2	22.22222222222222
Strep_C6245	2	22.22222222222222
Strep_C11975	2	22.22222222222222
Strep_C6322	2	22.22222222222222
Strep_C11846	2	22.22222222222222
Strep_C25512	2	22.22222222222222
Strep_C6241	2	22.22222222222222
Strep_C9138	2	22.22222222222222
Strep_C11845	2	22.22222222222222
Strep_C1693	2	22.22222222222222
Strep_C11844	2	22.22222222222222
Strep_C11843	2	22.22222222222222
Strep_C28704	2	22.22222222222222
Strep_C16934	2	22.22222222222222
Strep_C11946	2	22.22222222222222
Strep_C11842	2	22.22222222222222
Strep_C16933	2	22.22222222222222
Strep_C25612	2	22.22222222222222
Strep_C17220	2	22.22222222222222
Strep_C11831	2	22.22222222222222
Strep_C17219	2	22.22222222222222
Strep_C17433	2	22.22222222222222
Strep_C633	2	22.22222222222222
Strep_C17428	2	22.22222222222222
Strep_C6340	2	22.22222222222222
Strep_C17429	2	22.22222222222222
Strep_C16921	2	22.22222222222222
Strep_C16920	2	22.22222222222222
Strep_C16918	2	22.22222222222222
Strep_C6217	2	22.22222222222222
Strep_C6341	2	22.22222222222222
Strep_C6216	2	22.22222222222222
Strep_C17434	2	22.22222222222222
Strep_C9093	2	22.22222222222222
Strep_C17435	2	22.22222222222222
Strep_C6342	2	22.22222222222222
Strep_C17439	2	22.22222222222222
Strep_C17088	2	22.22222222222222
Strep_C6209	2	22.22222222222222
Strep_C11821	2	22.22222222222222
Strep_C17091	2	22.22222222222222
Strep_C17093	2	22.22222222222222
Strep_C9148	2	22.22222222222222
Strep_C27694	2	22.22222222222222
Strep_C17087	2	22.22222222222222
Strep_C6339	2	22.22222222222222
Strep_C6218	2	22.22222222222222
Strep_C6219	2	22.22222222222222
Strep_C17216	2	22.22222222222222
Strep_C17215	2	22.22222222222222
Strep_C6414	2	22.22222222222222
Strep_C6413	2	22.22222222222222
Strep_C17212	2	22.22222222222222
Strep_C17414	2	22.22222222222222
Strep_C17415	2	22.22222222222222
Strep_C17416	2	22.22222222222222
Strep_C17417	2	22.22222222222222
Strep_C17083	2	22.22222222222222
Strep_C17418	2	22.22222222222222
Strep_C17210	2	22.22222222222222
Strep_C9096	2	22.22222222222222
Strep_C17420	2	22.22222222222222
Strep_C6223	2	22.22222222222222
Strep_C17086	2	22.22222222222222
Strep_C6222	2	22.22222222222222
Strep_C1182	2	22.22222222222222
Strep_C6338	2	22.22222222222222
Strep_C16923	2	22.22222222222222
Strep_C16922	2	22.22222222222222
Strep_C17378	2	22.22222222222222
Strep_C11848	2	22.22222222222222
Strep_C6250	2	22.22222222222222
Strep_C25549	2	22.22222222222222
Strep_C17283	2	22.22222222222222
Strep_C6448	2	22.22222222222222
Strep_C28697	2	22.22222222222222
Strep_C17282	2	22.22222222222222
Strep_C17281	2	22.22222222222222
Strep_C16988	2	22.22222222222222
Strep_C17280	2	22.22222222222222
Strep_C25637	2	22.22222222222222
Strep_C25547	2	22.22222222222222
Strep_C25548	2	22.22222222222222
Strep_C11954	2	22.22222222222222
Strep_C2869	2	22.22222222222222
Strep_C276	2	22.22222222222222
Strep_C25550	2	22.22222222222222
Strep_C911	2	22.22222222222222
Strep_C25552	2	22.22222222222222
Strep_C17329	2	22.22222222222222
Strep_C6447	2	22.22222222222222
Strep_C1732	2	22.22222222222222
Strep_C630	2	22.22222222222222
Strep_C6270	2	22.22222222222222
Strep_C11860	2	22.22222222222222
Strep_C6449	2	22.22222222222222
Strep_C25546	2	22.22222222222222
Strep_C1731	2	22.22222222222222
Strep_C2695	2	22.22222222222222
Strep_C6453	2	22.22222222222222
Strep_C6293	2	22.22222222222222
Strep_C17292	2	22.22222222222222
Strep_C2868	2	22.22222222222222
Strep_C6295	2	22.22222222222222
Strep_C25544	2	22.22222222222222
Strep_C17301	2	22.22222222222222
Strep_C28691	2	22.22222222222222
Strep_C9122	2	22.22222222222222
Strep_C28692	2	22.22222222222222
Strep_C25545	2	22.22222222222222
Strep_C17289	2	22.22222222222222
Strep_C26957	2	22.22222222222222
Strep_C17002	2	22.22222222222222
Strep_C28630	2	22.22222222222222
Strep_C6279	2	22.22222222222222
Strep_C9129	2	22.22222222222222
Strep_C17288	2	22.22222222222222
Strep_C9131	2	22.22222222222222
Strep_C17287	2	22.22222222222222
Strep_C11863	2	22.22222222222222
Strep_C17333	2	22.22222222222222
Strep_C11960	2	22.22222222222222
Strep_C17046	2	22.22222222222222
Strep_C17258	2	22.22222222222222
Strep_C16967	2	22.22222222222222
Strep_C6439	2	22.22222222222222
Strep_C16966	2	22.22222222222222
Strep_C11968	2	22.22222222222222
Strep_C6258	2	22.22222222222222
Strep_C1695	2	22.22222222222222
Strep_C17034	2	22.22222222222222
Strep_C6482	2	22.22222222222222
Strep_C17036	2	22.22222222222222
Strep_C6486	2	22.22222222222222
Strep_C6487	2	22.22222222222222
Strep_C25526	2	22.22222222222222
Strep_C25621	2	22.22222222222222
Strep_C17257	2	22.22222222222222
Strep_C6257	2	22.22222222222222
Strep_C6488	2	22.22222222222222
Strep_C17363	2	22.22222222222222
Strep_C17044	2	22.22222222222222
Strep_C17364	2	22.22222222222222
Strep_C6253	2	22.22222222222222
Strep_C6489	2	22.22222222222222
Strep_C11849	2	22.22222222222222
Strep_C17358	2	22.22222222222222
Strep_C11963	2	22.22222222222222
Strep_C11962	2	22.22222222222222
Strep_C17029	2	22.22222222222222
Strep_C17338	2	22.22222222222222
Strep_C1733	2	22.22222222222222
Strep_C16981	2	22.22222222222222
Strep_C11951	2	22.22222222222222
Strep_C16979	2	22.22222222222222
Strep_C11950	2	22.22222222222222
Strep_C9089	2	22.22222222222222
Strep_C16977	2	22.22222222222222
Strep_C17022	2	22.22222222222222
Strep_C11961	2	22.22222222222222
Strep_C625	2	22.22222222222222
Strep_C17023	2	22.22222222222222
Strep_C11851	2	22.22222222222222
Strep_C17024	2	22.22222222222222
Strep_C17353	2	22.22222222222222
Strep_C17025	2	22.22222222222222
Strep_C17026	2	22.22222222222222
Strep_C17027	2	22.22222222222222
Strep_C17355	2	22.22222222222222
Strep_C17028	2	22.22222222222222
Strep_C17357	2	22.22222222222222
Strep_C17202	2	22.22222222222222
Strep_C26950	2	22.22222222222222
Strep_C1689	2	22.22222222222222
Strep_C17499	2	22.22222222222222
Strep_C11901	2	22.22222222222222
Strep_C28660	2	22.22222222222222
Strep_C11900	2	22.22222222222222
Strep_C6391	2	22.22222222222222
Strep_C6379	2	22.22222222222222
Strep_C6392	2	22.22222222222222
Strep_C17181	2	22.22222222222222
Strep_C17138	2	22.22222222222222
Strep_C6397	2	22.22222222222222
Strep_C25591	2	22.22222222222222
Strep_C17498	2	22.22222222222222
Strep_C28618	2	22.22222222222222
Strep_C11899	2	22.22222222222222
Strep_C12000	2	22.22222222222222
Strep_C26995	2	22.22222222222222
Strep_C25601	2	22.22222222222222
Strep_C6400	2	22.22222222222222
Strep_C6525	2	22.22222222222222
Strep_C16881	2	22.22222222222222
Strep_C6350	2	22.22222222222222
Strep_C27705	2	22.22222222222222
Strep_C27722	2	22.22222222222222
Strep_C6377	2	22.22222222222222
Strep_C26970	2	22.22222222222222
Strep_C2771	2	22.22222222222222
Strep_C28619	2	22.22222222222222
Strep_C17160	2	22.22222222222222
Strep_C11903	2	22.22222222222222
Strep_C6524	2	22.22222222222222
Strep_C11904	2	22.22222222222222
Strep_C26944	2	22.22222222222222
Strep_C25584	2	22.22222222222222
Strep_C17134	2	22.22222222222222
Strep_C6183	2	22.22222222222222
Strep_C6382	2	22.22222222222222
Strep_C26993	2	22.22222222222222
Strep_C11908	2	22.22222222222222
Strep_C17485	2	22.22222222222222
Strep_C17493	2	22.22222222222222
Strep_C17484	2	22.22222222222222
Strep_C11906	2	22.22222222222222
Strep_C17483	2	22.22222222222222
Strep_C26946	2	22.22222222222222
Strep_C17169	2	22.22222222222222
Strep_C17494	2	22.22222222222222
Strep_C17167	2	22.22222222222222
Strep_C17165	2	22.22222222222222
Strep_C11917	2	22.22222222222222
Strep_C6385	2	22.22222222222222
Strep_C17126	2	22.22222222222222
Strep_C9100	2	22.22222222222222
Strep_C26947	2	22.22222222222222
Strep_C16898	2	22.22222222222222
Strep_C25483	2	22.22222222222222
Strep_C90	2	22.22222222222222
Strep_C914	2	22.22222222222222
Strep_C9067	2	22.22222222222222
Strep_C17155	2	22.22222222222222
Strep_C6509	2	22.22222222222222
Strep_C17150	2	22.22222222222222
Strep_C16874	2	22.22222222222222
Strep_C17460	2	22.22222222222222
Strep_C17097	2	22.22222222222222
Strep_C17199	2	22.22222222222222
Strep_C11981	2	22.22222222222222
Strep_C17098	2	22.22222222222222
Strep_C17148	2	22.22222222222222
Strep_C634	2	22.22222222222222
Strep_C11984	2	22.22222222222222
Strep_C6528	2	22.22222222222222
Strep_C28895	1	11.11111111111111
Strep_C28098	1	11.11111111111111
Strep_C29719	1	11.11111111111111
Strep_C28079	1	11.11111111111111
Strep_C29718	1	11.11111111111111
Strep_C28946	1	11.11111111111111
Strep_C29717	1	11.11111111111111
Strep_C29655	1	11.11111111111111
Strep_C2888	1	11.11111111111111
Strep_C29716	1	11.11111111111111
Strep_C27581	1	11.11111111111111
Strep_C29714	1	11.11111111111111
Strep_C28639	1	11.11111111111111
Strep_C27746	1	11.11111111111111
Strep_C29713	1	11.11111111111111
Strep_C28572	1	11.11111111111111
Strep_C28099	1	11.11111111111111
Strep_C28571	1	11.11111111111111
Strep_C27911	1	11.11111111111111
Strep_C29346	1	11.11111111111111
Strep_C29712	1	11.11111111111111
Strep_C28100	1	11.11111111111111
Strep_C28097	1	11.11111111111111
Strep_C29741	1	11.11111111111111
Strep_C28081	1	11.11111111111111
Strep_C28896	1	11.11111111111111
Strep_C27748	1	11.11111111111111
Strep_C29086	1	11.11111111111111
Strep_C28168	1	11.11111111111111
Strep_C28638	1	11.11111111111111
Strep_C29087	1	11.11111111111111
Strep_C27886	1	11.11111111111111
Strep_C28094	1	11.11111111111111
Strep_C29345	1	11.11111111111111
Strep_C27438	1	11.11111111111111
Strep_C29367	1	11.11111111111111
Strep_C2971	1	11.11111111111111
Strep_C29722	1	11.11111111111111
Strep_C28167	1	11.11111111111111
Strep_C29721	1	11.11111111111111
Strep_C29653	1	11.11111111111111
Strep_C29654	1	11.11111111111111
Strep_C27641	1	11.11111111111111
Strep_C29720	1	11.11111111111111
Strep_C28945	1	11.11111111111111
Strep_C27912	1	11.11111111111111
Strep_C28934	1	11.11111111111111
Strep_C29710	1	11.11111111111111
Strep_C27643	1	11.11111111111111
Strep_C27514	1	11.11111111111111
Strep_C29744	1	11.11111111111111
Strep_C27513	1	11.11111111111111
Strep_C28947	1	11.11111111111111
Strep_C28164	1	11.11111111111111
Strep_C27751	1	11.11111111111111
Strep_C28078	1	11.11111111111111
Strep_C29746	1	11.11111111111111
Strep_C2788	1	11.11111111111111
Strep_C28077	1	11.11111111111111
Strep_C29365	1	11.11111111111111
Strep_C29088	1	11.11111111111111
Strep_C29648	1	11.11111111111111
Strep_C29118	1	11.11111111111111
Strep_C29706	1	11.11111111111111
Strep_C27890	1	11.11111111111111
Strep_C29364	1	11.11111111111111
Strep_C29117	1	11.11111111111111
Strep_C2856	1	11.11111111111111
Strep_C27908	1	11.11111111111111
Strep_C28930	1	11.11111111111111
Strep_C29707	1	11.11111111111111
Strep_C27750	1	11.11111111111111
Strep_C27909	1	11.11111111111111
Strep_C29743	1	11.11111111111111
Strep_C29089	1	11.11111111111111
Strep_C29264	1	11.11111111111111
Strep_C29366	1	11.11111111111111
Strep_C27910	1	11.11111111111111
Strep_C28172	1	11.11111111111111
Strep_C28101	1	11.11111111111111
Strep_C28570	1	11.11111111111111
Strep_C28576	1	11.11111111111111
Strep_C28933	1	11.11111111111111
Strep_C2970	1	11.11111111111111
Strep_C28932	1	11.11111111111111
Strep_C29709	1	11.11111111111111
Strep_C29708	1	11.11111111111111
Strep_C28173	1	11.11111111111111
Strep_C2774	1	11.11111111111111
Strep_C28634	1	11.11111111111111
Strep_C28577	1	11.11111111111111
Strep_C28165	1	11.11111111111111
Strep_C29656	1	11.11111111111111
Strep_C28169	1	11.11111111111111
Strep_C27634	1	11.11111111111111
Strep_C29344	1	11.11111111111111
Strep_C27642	1	11.11111111111111
Strep_C27913	1	11.11111111111111
Strep_C29736	1	11.11111111111111
Strep_C28635	1	11.11111111111111
Strep_C27625	1	11.11111111111111
Strep_C29735	1	11.11111111111111
Strep_C29076	1	11.11111111111111
Strep_C28941	1	11.11111111111111
Strep_C29734	1	11.11111111111111
Strep_C28084	1	11.11111111111111
Strep_C28085	1	11.11111111111111
Strep_C2964	1	11.11111111111111
Strep_C28578	1	11.11111111111111
Strep_C28937	1	11.11111111111111
Strep_C29078	1	11.11111111111111
Strep_C27512	1	11.11111111111111
Strep_C29079	1	11.11111111111111
Strep_C28942	1	11.11111111111111
Strep_C29369	1	11.11111111111111
Strep_C29339	1	11.11111111111111
Strep_C28080	1	11.11111111111111
Strep_C28940	1	11.11111111111111
Strep_C29739	1	11.11111111111111
Strep_C27532	1	11.11111111111111
Strep_C28893	1	11.11111111111111
Strep_C29651	1	11.11111111111111
Strep_C28939	1	11.11111111111111
Strep_C29738	1	11.11111111111111
Strep_C28656	1	11.11111111111111
Strep_C29652	1	11.11111111111111
Strep_C29737	1	11.11111111111111
Strep_C27436	1	11.11111111111111
Strep_C29077	1	11.11111111111111
Strep_C28082	1	11.11111111111111
Strep_C27580	1	11.11111111111111
Strep_C27628	1	11.11111111111111
Strep_C27914	1	11.11111111111111
Strep_C28083	1	11.11111111111111
Strep_C29075	1	11.11111111111111
Strep_C28574	1	11.11111111111111
Strep_C29368	1	11.11111111111111
Strep_C27626	1	11.11111111111111
Strep_C2927	1	11.11111111111111
Strep_C28171	1	11.11111111111111
Strep_C29730	1	11.11111111111111
Strep_C2972	1	11.11111111111111
Strep_C28890	1	11.11111111111111
Strep_C28891	1	11.11111111111111
Strep_C29342	1	11.11111111111111
Strep_C2816	1	11.11111111111111
Strep_C28637	1	11.11111111111111
Strep_C27711	1	11.11111111111111
Strep_C29083	1	11.11111111111111
Strep_C28575	1	11.11111111111111
Strep_C27915	1	11.11111111111111
Strep_C28935	1	11.11111111111111
Strep_C27589	1	11.11111111111111
Strep_C29343	1	11.11111111111111
Strep_C29729	1	11.11111111111111
Strep_C28091	1	11.11111111111111
Strep_C27632	1	11.11111111111111
Strep_C28092	1	11.11111111111111
Strep_C27633	1	11.11111111111111
Strep_C2933	1	11.11111111111111
Strep_C29084	1	11.11111111111111
Strep_C29085	1	11.11111111111111
Strep_C28093	1	11.11111111111111
Strep_C27511	1	11.11111111111111
Strep_C27888	1	11.11111111111111
Strep_C29341	1	11.11111111111111
Strep_C27627	1	11.11111111111111
Strep_C27631	1	11.11111111111111
Strep_C27425	1	11.11111111111111
Strep_C29340	1	11.11111111111111
Strep_C27630	1	11.11111111111111
Strep_C28170	1	11.11111111111111
Strep_C27885	1	11.11111111111111
Strep_C29080	1	11.11111111111111
Strep_C28944	1	11.11111111111111
Strep_C28936	1	11.11111111111111
Strep_C29728	1	11.11111111111111
Strep_C28640	1	11.11111111111111
Strep_C29081	1	11.11111111111111
Strep_C28089	1	11.11111111111111
Strep_C29740	1	11.11111111111111
Strep_C27764	1	11.11111111111111
Strep_C28636	1	11.11111111111111
Strep_C28894	1	11.11111111111111
Strep_C2808	1	11.11111111111111
Strep_C29082	1	11.11111111111111
Strep_C28573	1	11.11111111111111
Strep_C29674	1	11.11111111111111
Strep_C27435	1	11.11111111111111
Strep_C27753	1	11.11111111111111
Strep_C28551	1	11.11111111111111
Strep_C28917	1	11.11111111111111
Strep_C29685	1	11.11111111111111
Strep_C28916	1	11.11111111111111
Strep_C29663	1	11.11111111111111
Strep_C28915	1	11.11111111111111
Strep_C28902	1	11.11111111111111
Strep_C28903	1	11.11111111111111
Strep_C29354	1	11.11111111111111
Strep_C2812	1	11.11111111111111
Strep_C29664	1	11.11111111111111
Strep_C2909	1	11.11111111111111
Strep_C29665	1	11.11111111111111
Strep_C28133	1	11.11111111111111
Strep_C28912	1	11.11111111111111
Strep_C2855	1	11.11111111111111
Strep_C28552	1	11.11111111111111
Strep_C28911	1	11.11111111111111
Strep_C29684	1	11.11111111111111
Strep_C28131	1	11.11111111111111
Strep_C28132	1	11.11111111111111
Strep_C27759	1	11.11111111111111
Strep_C28650	1	11.11111111111111
Strep_C28553	1	11.11111111111111
Strep_C290	1	11.11111111111111
Strep_C29686	1	11.11111111111111
Strep_C28646	1	11.11111111111111
Strep_C27758	1	11.11111111111111
Strep_C27896	1	11.11111111111111
Strep_C288	1	11.11111111111111
Strep_C28900	1	11.11111111111111
Strep_C27587	1	11.11111111111111
Strep_C28148	1	11.11111111111111
Strep_C28124	1	11.11111111111111
Strep_C28125	1	11.11111111111111
Strep_C28653	1	11.11111111111111
Strep_C28652	1	11.11111111111111
Strep_C27709	1	11.11111111111111
Strep_C28565	1	11.11111111111111
Strep_C28126	1	11.11111111111111
Strep_C28127	1	11.11111111111111
Strep_C28128	1	11.11111111111111
Strep_C28651	1	11.11111111111111
Strep_C29351	1	11.11111111111111
Strep_C28550	1	11.11111111111111
Strep_C29266	1	11.11111111111111
Strep_C28901	1	11.11111111111111
Strep_C28147	1	11.11111111111111
Strep_C27430	1	11.11111111111111
Strep_C29353	1	11.11111111111111
Strep_C2891	1	11.11111111111111
Strep_C29108	1	11.11111111111111
Strep_C29683	1	11.11111111111111
Strep_C28146	1	11.11111111111111
Strep_C29110	1	11.11111111111111
Strep_C29672	1	11.11111111111111
Strep_C27636	1	11.11111111111111
Strep_C27637	1	11.11111111111111
Strep_C28907	1	11.11111111111111
Strep_C29265	1	11.11111111111111
Strep_C28906	1	11.11111111111111
Strep_C2789	1	11.11111111111111
Strep_C27900	1	11.11111111111111
Strep_C29671	1	11.11111111111111
Strep_C29103	1	11.11111111111111
Strep_C28137	1	11.11111111111111
Strep_C29679	1	11.11111111111111
Strep_C28557	1	11.11111111111111
Strep_C28910	1	11.11111111111111
Strep_C28556	1	11.11111111111111
Strep_C29673	1	11.11111111111111
Strep_C28555	1	11.11111111111111
Strep_C28138	1	11.11111111111111
Strep_C28139	1	11.11111111111111
Strep_C29678	1	11.11111111111111
Strep_C29677	1	11.11111111111111
Strep_C29676	1	11.11111111111111
Strep_C28647	1	11.11111111111111
Strep_C278	1	11.11111111111111
Strep_C28904	1	11.11111111111111
Strep_C28135	1	11.11111111111111
Strep_C2966	1	11.11111111111111
Strep_C28648	1	11.11111111111111
Strep_C28649	1	11.11111111111111
Strep_C29682	1	11.11111111111111
Strep_C29100	1	11.11111111111111
Strep_C28145	1	11.11111111111111
Strep_C27901	1	11.11111111111111
Strep_C28144	1	11.11111111111111
Strep_C29666	1	11.11111111111111
Strep_C29101	1	11.11111111111111
Strep_C2890	1	11.11111111111111
Strep_C29681	1	11.11111111111111
Strep_C27897	1	11.11111111111111
Strep_C27760	1	11.11111111111111
Strep_C27761	1	11.11111111111111
Strep_C28143	1	11.11111111111111
Strep_C29680	1	11.11111111111111
Strep_C29669	1	11.11111111111111
Strep_C28134	1	11.11111111111111
Strep_C28142	1	11.11111111111111
Strep_C28908	1	11.11111111111111
Strep_C2967	1	11.11111111111111
Strep_C28141	1	11.11111111111111
Strep_C28140	1	11.11111111111111
Strep_C2864	1	11.11111111111111
Strep_C27586	1	11.11111111111111
Strep_C27588	1	11.11111111111111
Strep_C29687	1	11.11111111111111
Strep_C27635	1	11.11111111111111
Strep_C28548	1	11.11111111111111
Strep_C29700	1	11.11111111111111
Strep_C27904	1	11.11111111111111
Strep_C2965	1	11.11111111111111
Strep_C27433	1	11.11111111111111
Strep_C28106	1	11.11111111111111
Strep_C28107	1	11.11111111111111
Strep_C27535	1	11.11111111111111
Strep_C28108	1	11.11111111111111
Strep_C28109	1	11.11111111111111
Strep_C28547	1	11.11111111111111
Strep_C27763	1	11.11111111111111
Strep_C2810	1	11.11111111111111
Strep_C27708	1	11.11111111111111
Strep_C28110	1	11.11111111111111
Strep_C296	1	11.11111111111111
Strep_C28111	1	11.11111111111111
Strep_C29114	1	11.11111111111111
Strep_C28643	1	11.11111111111111
Strep_C27903	1	11.11111111111111
Strep_C27707	1	11.11111111111111
Strep_C28928	1	11.11111111111111
Strep_C27902	1	11.11111111111111
Strep_C28549	1	11.11111111111111
Strep_C28899	1	11.11111111111111
Strep_C29115	1	11.11111111111111
Strep_C28105	1	11.11111111111111
Strep_C28104	1	11.11111111111111
Strep_C2926	1	11.11111111111111
Strep_C28546	1	11.11111111111111
Strep_C27892	1	11.11111111111111
Strep_C29362	1	11.11111111111111
Strep_C29705	1	11.11111111111111
Strep_C29704	1	11.11111111111111
Strep_C29361	1	11.11111111111111
Strep_C27710	1	11.11111111111111
Strep_C27510	1	11.11111111111111
Strep_C29116	1	11.11111111111111
Strep_C27907	1	11.11111111111111
Strep_C28641	1	11.11111111111111
Strep_C29090	1	11.11111111111111
Strep_C29703	1	11.11111111111111
Strep_C28102	1	11.11111111111111
Strep_C27638	1	11.11111111111111
Strep_C28642	1	11.11111111111111
Strep_C27434	1	11.11111111111111
Strep_C28103	1	11.11111111111111
Strep_C27706	1	11.11111111111111
Strep_C29271	1	11.11111111111111
Strep_C28929	1	11.11111111111111
Strep_C29702	1	11.11111111111111
Strep_C27905	1	11.11111111111111
Strep_C27754	1	11.11111111111111
Strep_C28927	1	11.11111111111111
Strep_C29111	1	11.11111111111111
Strep_C27894	1	11.11111111111111
Strep_C28120	1	11.11111111111111
Strep_C28922	1	11.11111111111111
Strep_C29694	1	11.11111111111111
Strep_C29693	1	11.11111111111111
Strep_C28921	1	11.11111111111111
Strep_C29692	1	11.11111111111111
Strep_C29662	1	11.11111111111111
Strep_C28920	1	11.11111111111111
Strep_C28121	1	11.11111111111111
Strep_C27640	1	11.11111111111111
Strep_C29267	1	11.11111111111111
Strep_C27755	1	11.11111111111111
Strep_C28157	1	11.11111111111111
Strep_C28150	1	11.11111111111111
Strep_C28122	1	11.11111111111111
Strep_C28149	1	11.11111111111111
Strep_C29690	1	11.11111111111111
Strep_C27895	1	11.11111111111111
Strep_C2968	1	11.11111111111111
Strep_C29689	1	11.11111111111111
Strep_C28123	1	11.11111111111111
Strep_C28076	1	11.11111111111111
Strep_C28654	1	11.11111111111111
Strep_C27757	1	11.11111111111111
Strep_C28645	1	11.11111111111111
Strep_C28119	1	11.11111111111111
Strep_C29268	1	11.11111111111111
Strep_C28118	1	11.11111111111111
Strep_C28114	1	11.11111111111111
Strep_C28926	1	11.11111111111111
Strep_C28156	1	11.11111111111111
Strep_C28155	1	11.11111111111111
Strep_C29698	1	11.11111111111111
Strep_C28154	1	11.11111111111111
Strep_C28925	1	11.11111111111111
Strep_C28153	1	11.11111111111111
Strep_C29697	1	11.11111111111111
Strep_C28924	1	11.11111111111111
Strep_C29696	1	11.11111111111111
Strep_C2854	1	11.11111111111111
Strep_C28923	1	11.11111111111111
Strep_C28644	1	11.11111111111111
Strep_C28152	1	11.11111111111111
Strep_C29091	1	11.11111111111111
Strep_C29092	1	11.11111111111111
Strep_C27583	1	11.11111111111111
Strep_C29093	1	11.11111111111111
Strep_C2889	1	11.11111111111111
Strep_C29695	1	11.11111111111111
Strep_C28151	1	11.11111111111111
Strep_C28117	1	11.11111111111111
Strep_C29338	1	11.11111111111111
Strep_C29227	1	11.11111111111111
Strep_C28075	1	11.11111111111111
Strep_C27608	1	11.11111111111111
Strep_C27605	1	11.11111111111111
Strep_C29320	1	11.11111111111111
Strep_C29000	1	11.11111111111111
Strep_C29041	1	11.11111111111111
Strep_C29863	1	11.11111111111111
Strep_C29862	1	11.11111111111111
Strep_C27991	1	11.11111111111111
Strep_C27606	1	11.11111111111111
Strep_C27941	1	11.11111111111111
Strep_C28	1	11.11111111111111
Strep_C29293	1	11.11111111111111
Strep_C27992	1	11.11111111111111
Strep_C27607	1	11.11111111111111
Strep_C29861	1	11.11111111111111
Strep_C29860	1	11.11111111111111
Strep_C29865	1	11.11111111111111
Strep_C27730	1	11.11111111111111
Strep_C27994	1	11.11111111111111
Strep_C289	1	11.11111111111111
Strep_C29292	1	11.11111111111111
Strep_C29859	1	11.11111111111111
Strep_C29291	1	11.11111111111111
Strep_C29042	1	11.11111111111111
Strep_C29858	1	11.11111111111111
Strep_C29857	1	11.11111111111111
Strep_C28621	1	11.11111111111111
Strep_C2899	1	11.11111111111111
Strep_C28999	1	11.11111111111111
Strep_C29913	1	11.11111111111111
Strep_C29855	1	11.11111111111111
Strep_C29040	1	11.11111111111111
Strep_C2903	1	11.11111111111111
Strep_C27984	1	11.11111111111111
Strep_C29877	1	11.11111111111111
Strep_C27729	1	11.11111111111111
Strep_C27720	1	11.11111111111111
Strep_C29005	1	11.11111111111111
Strep_C29004	1	11.11111111111111
Strep_C29003	1	11.11111111111111
Strep_C29002	1	11.11111111111111
Strep_C27942	1	11.11111111111111
Strep_C29001	1	11.11111111111111
Strep_C29038	1	11.11111111111111
Strep_C27410	1	11.11111111111111
Strep_C2987	1	11.11111111111111
Strep_C29316	1	11.11111111111111
Strep_C29317	1	11.11111111111111
Strep_C29878	1	11.11111111111111
Strep_C27526	1	11.11111111111111
Strep_C29866	1	11.11111111111111
Strep_C29876	1	11.11111111111111
Strep_C29875	1	11.11111111111111
Strep_C29039	1	11.11111111111111
Strep_C29874	1	11.11111111111111
Strep_C29873	1	11.11111111111111
Strep_C29319	1	11.11111111111111
Strep_C29872	1	11.11111111111111
Strep_C29871	1	11.11111111111111
Strep_C29870	1	11.11111111111111
Strep_C27989	1	11.11111111111111
Strep_C2772	1	11.11111111111111
Strep_C29869	1	11.11111111111111
Strep_C29868	1	11.11111111111111
Strep_C29867	1	11.11111111111111
Strep_C29854	1	11.11111111111111
Strep_C27996	1	11.11111111111111
Strep_C27997	1	11.11111111111111
Strep_C28991	1	11.11111111111111
Strep_C28005	1	11.11111111111111
Strep_C29841	1	11.11111111111111
Strep_C28006	1	11.11111111111111
Strep_C29840	1	11.11111111111111
Strep_C28007	1	11.11111111111111
Strep_C27596	1	11.11111111111111
Strep_C29047	1	11.11111111111111
Strep_C2928	1	11.11111111111111
Strep_C29321	1	11.11111111111111
Strep_C29048	1	11.11111111111111
Strep_C28603	1	11.11111111111111
Strep_C28993	1	11.11111111111111
Strep_C28009	1	11.11111111111111
Strep_C28992	1	11.11111111111111
Strep_C29839	1	11.11111111111111
Strep_C29853	1	11.11111111111111
Strep_C29838	1	11.11111111111111
Strep_C29837	1	11.11111111111111
Strep_C2904	1	11.11111111111111
Strep_C2793	1	11.11111111111111
Strep_C28602	1	11.11111111111111
Strep_C28601	1	11.11111111111111
Strep_C2800	1	11.11111111111111
Strep_C29835	1	11.11111111111111
Strep_C28010	1	11.11111111111111
Strep_C28011	1	11.11111111111111
Strep_C28600	1	11.11111111111111
Strep_C28012	1	11.11111111111111
Strep_C29322	1	11.11111111111111
Strep_C28990	1	11.11111111111111
Strep_C27734	1	11.11111111111111
Strep_C27940	1	11.11111111111111
Strep_C27610	1	11.11111111111111
Strep_C28994	1	11.11111111111111
Strep_C27998	1	11.11111111111111
Strep_C27731	1	11.11111111111111
Strep_C27999	1	11.11111111111111
Strep_C279	1	11.11111111111111
Strep_C29851	1	11.11111111111111
Strep_C28998	1	11.11111111111111
Strep_C27	1	11.11111111111111
Strep_C28000	1	11.11111111111111
Strep_C27732	1	11.11111111111111
Strep_C29043	1	11.11111111111111
Strep_C29044	1	11.11111111111111
Strep_C28001	1	11.11111111111111
Strep_C28997	1	11.11111111111111
Strep_C28996	1	11.11111111111111
Strep_C29045	1	11.11111111111111
Strep_C29046	1	11.11111111111111
Strep_C27733	1	11.11111111111111
Strep_C29848	1	11.11111111111111
Strep_C28995	1	11.11111111111111
Strep_C28003	1	11.11111111111111
Strep_C29847	1	11.11111111111111
Strep_C29846	1	11.11111111111111
Strep_C29845	1	11.11111111111111
Strep_C29290	1	11.11111111111111
Strep_C29844	1	11.11111111111111
Strep_C28004	1	11.11111111111111
Strep_C29843	1	11.11111111111111
Strep_C28604	1	11.11111111111111
Strep_C29842	1	11.11111111111111
Strep_C29006	1	11.11111111111111
Strep_C29007	1	11.11111111111111
Strep_C28013	1	11.11111111111111
Strep_C29904	1	11.11111111111111
Strep_C27969	1	11.11111111111111
Strep_C29307	1	11.11111111111111
Strep_C2796	1	11.11111111111111
Strep_C27970	1	11.11111111111111
Strep_C27961	1	11.11111111111111
Strep_C28612	1	11.11111111111111
Strep_C292	1	11.11111111111111
Strep_C27602	1	11.11111111111111
Strep_C28613	1	11.11111111111111
Strep_C27960	1	11.11111111111111
Strep_C27956	1	11.11111111111111
Strep_C27971	1	11.11111111111111
Strep_C29299	1	11.11111111111111
Strep_C28614	1	11.11111111111111
Strep_C29019	1	11.11111111111111
Strep_C27966	1	11.11111111111111
Strep_C29903	1	11.11111111111111
Strep_C29298	1	11.11111111111111
Strep_C27972	1	11.11111111111111
Strep_C27603	1	11.11111111111111
Strep_C27955	1	11.11111111111111
Strep_C29018	1	11.11111111111111
Strep_C27973	1	11.11111111111111
Strep_C29017	1	11.11111111111111
Strep_C29016	1	11.11111111111111
Strep_C28609	1	11.11111111111111
Strep_C29902	1	11.11111111111111
Strep_C27525	1	11.11111111111111
Strep_C27954	1	11.11111111111111
Strep_C27409	1	11.11111111111111
Strep_C27968	1	11.11111111111111
Strep_C27601	1	11.11111111111111
Strep_C27943	1	11.11111111111111
Strep_C29031	1	11.11111111111111
Strep_C29302	1	11.11111111111111
Strep_C29912	1	11.11111111111111
Strep_C29028	1	11.11111111111111
Strep_C27962	1	11.11111111111111
Strep_C29301	1	11.11111111111111
Strep_C29910	1	11.11111111111111
Strep_C29303	1	11.11111111111111
Strep_C29026	1	11.11111111111111
Strep_C27723	1	11.11111111111111
Strep_C27724	1	11.11111111111111
Strep_C2902	1	11.11111111111111
Strep_C29030	1	11.11111111111111
Strep_C275	1	11.11111111111111
Strep_C29024	1	11.11111111111111
Strep_C28610	1	11.11111111111111
Strep_C29020	1	11.11111111111111
Strep_C29304	1	11.11111111111111
Strep_C29300	1	11.11111111111111
Strep_C27964	1	11.11111111111111
Strep_C28611	1	11.11111111111111
Strep_C27600	1	11.11111111111111
Strep_C29909	1	11.11111111111111
Strep_C29305	1	11.11111111111111
Strep_C29908	1	11.11111111111111
Strep_C29907	1	11.11111111111111
Strep_C29306	1	11.11111111111111
Strep_C27965	1	11.11111111111111
Strep_C29906	1	11.11111111111111
Strep_C29905	1	11.11111111111111
Strep_C29021	1	11.11111111111111
Strep_C29901	1	11.11111111111111
Strep_C29900	1	11.11111111111111
Strep_C27952	1	11.11111111111111
Strep_C2740	1	11.11111111111111
Strep_C29011	1	11.11111111111111
Strep_C27981	1	11.11111111111111
Strep_C27524	1	11.11111111111111
Strep_C27982	1	11.11111111111111
Strep_C28617	1	11.11111111111111
Strep_C29034	1	11.11111111111111
Strep_C27523	1	11.11111111111111
Strep_C29035	1	11.11111111111111
Strep_C29010	1	11.11111111111111
Strep_C29883	1	11.11111111111111
Strep_C27597	1	11.11111111111111
Strep_C29882	1	11.11111111111111
Strep_C2794	1	11.11111111111111
Strep_C29881	1	11.11111111111111
Strep_C27949	1	11.11111111111111
Strep_C27721	1	11.11111111111111
Strep_C29009	1	11.11111111111111
Strep_C27948	1	11.11111111111111
Strep_C29008	1	11.11111111111111
Strep_C29036	1	11.11111111111111
Strep_C27947	1	11.11111111111111
Strep_C27946	1	11.11111111111111
Strep_C27728	1	11.11111111111111
Strep_C27945	1	11.11111111111111
Strep_C27983	1	11.11111111111111
Strep_C27522	1	11.11111111111111
Strep_C29314	1	11.11111111111111
Strep_C29880	1	11.11111111111111
Strep_C27944	1	11.11111111111111
Strep_C29315	1	11.11111111111111
Strep_C27980	1	11.11111111111111
Strep_C29885	1	11.11111111111111
Strep_C27598	1	11.11111111111111
Strep_C29886	1	11.11111111111111
Strep_C2989	1	11.11111111111111
Strep_C29014	1	11.11111111111111
Strep_C29898	1	11.11111111111111
Strep_C29013	1	11.11111111111111
Strep_C27951	1	11.11111111111111
Strep_C29012	1	11.11111111111111
Strep_C29297	1	11.11111111111111
Strep_C29296	1	11.11111111111111
Strep_C29295	1	11.11111111111111
Strep_C29033	1	11.11111111111111
Strep_C27974	1	11.11111111111111
Strep_C29894	1	11.11111111111111
Strep_C29893	1	11.11111111111111
Strep_C27604	1	11.11111111111111
Strep_C27975	1	11.11111111111111
Strep_C27976	1	11.11111111111111
Strep_C27977	1	11.11111111111111
Strep_C28615	1	11.11111111111111
Strep_C29890	1	11.11111111111111
Strep_C2988	1	11.11111111111111
Strep_C27978	1	11.11111111111111
Strep_C29889	1	11.11111111111111
Strep_C27979	1	11.11111111111111
Strep_C28616	1	11.11111111111111
Strep_C29888	1	11.11111111111111
Strep_C29887	1	11.11111111111111
Strep_C27950	1	11.11111111111111
Strep_C29313	1	11.11111111111111
Strep_C2797	1	11.11111111111111
Strep_C2898	1	11.11111111111111
Strep_C28989	1	11.11111111111111
Strep_C27515	1	11.11111111111111
Strep_C27714	1	11.11111111111111
Strep_C27418	1	11.11111111111111
Strep_C29070	1	11.11111111111111
Strep_C29780	1	11.11111111111111
Strep_C29282	1	11.11111111111111
Strep_C28052	1	11.11111111111111
Strep_C2977	1	11.11111111111111
Strep_C28053	1	11.11111111111111
Strep_C29779	1	11.11111111111111
Strep_C29072	1	11.11111111111111
Strep_C29778	1	11.11111111111111
Strep_C28054	1	11.11111111111111
Strep_C28582	1	11.11111111111111
Strep_C29281	1	11.11111111111111
Strep_C29775	1	11.11111111111111
Strep_C28960	1	11.11111111111111
Strep_C29783	1	11.11111111111111
Strep_C27419	1	11.11111111111111
Strep_C29774	1	11.11111111111111
Strep_C28959	1	11.11111111111111
Strep_C27744	1	11.11111111111111
Strep_C29772	1	11.11111111111111
Strep_C27530	1	11.11111111111111
Strep_C28055	1	11.11111111111111
Strep_C28958	1	11.11111111111111
Strep_C28627	1	11.11111111111111
Strep_C29333	1	11.11111111111111
Strep_C28056	1	11.11111111111111
Strep_C28628	1	11.11111111111111
Strep_C28954	1	11.11111111111111
Strep_C29770	1	11.11111111111111
Strep_C29782	1	11.11111111111111
Strep_C29784	1	11.11111111111111
Strep_C27922	1	11.11111111111111
Strep_C28586	1	11.11111111111111
Strep_C28626	1	11.11111111111111
Strep_C27590	1	11.11111111111111
Strep_C2751	1	11.11111111111111
Strep_C28969	1	11.11111111111111
Strep_C2932	1	11.11111111111111
Strep_C28968	1	11.11111111111111
Strep_C29330	1	11.11111111111111
Strep_C28587	1	11.11111111111111
Strep_C29331	1	11.11111111111111
Strep_C27618	1	11.11111111111111
Strep_C29791	1	11.11111111111111
Strep_C29332	1	11.11111111111111
Strep_C29067	1	11.11111111111111
Strep_C28966	1	11.11111111111111
Strep_C28965	1	11.11111111111111
Strep_C29785	1	11.11111111111111
Strep_C28050	1	11.11111111111111
Strep_C28585	1	11.11111111111111
Strep_C27518	1	11.11111111111111
Strep_C27417	1	11.11111111111111
Strep_C28584	1	11.11111111111111
Strep_C28051	1	11.11111111111111
Strep_C29069	1	11.11111111111111
Strep_C28583	1	11.11111111111111
Strep_C2978	1	11.11111111111111
Strep_C27517	1	11.11111111111111
Strep_C29788	1	11.11111111111111
Strep_C28963	1	11.11111111111111
Strep_C29786	1	11.11111111111111
Strep_C28962	1	11.11111111111111
Strep_C29334	1	11.11111111111111
Strep_C28057	1	11.11111111111111
Strep_C29769	1	11.11111111111111
Strep_C29337	1	11.11111111111111
Strep_C28631	1	11.11111111111111
Strep_C29756	1	11.11111111111111
Strep_C28632	1	11.11111111111111
Strep_C28948	1	11.11111111111111
Strep_C29755	1	11.11111111111111
Strep_C29754	1	11.11111111111111
Strep_C29074	1	11.11111111111111
Strep_C28580	1	11.11111111111111
Strep_C28065	1	11.11111111111111
Strep_C28633	1	11.11111111111111
Strep_C29753	1	11.11111111111111
Strep_C27713	1	11.11111111111111
Strep_C29336	1	11.11111111111111
Strep_C27531	1	11.11111111111111
Strep_C27712	1	11.11111111111111
Strep_C27420	1	11.11111111111111
Strep_C28066	1	11.11111111111111
Strep_C28067	1	11.11111111111111
Strep_C28068	1	11.11111111111111
Strep_C28069	1	11.11111111111111
Strep_C28070	1	11.11111111111111
Strep_C28071	1	11.11111111111111
Strep_C28579	1	11.11111111111111
Strep_C28073	1	11.11111111111111
Strep_C27516	1	11.11111111111111
Strep_C27916	1	11.11111111111111
Strep_C29750	1	11.11111111111111
Strep_C28074	1	11.11111111111111
Strep_C27424	1	11.11111111111111
Strep_C29749	1	11.11111111111111
Strep_C28949	1	11.11111111111111
Strep_C28950	1	11.11111111111111
Strep_C29335	1	11.11111111111111
Strep_C29757	1	11.11111111111111
Strep_C28059	1	11.11111111111111
Strep_C29768	1	11.11111111111111
Strep_C27422	1	11.11111111111111
Strep_C28953	1	11.11111111111111
Strep_C28889	1	11.11111111111111
Strep_C28629	1	11.11111111111111
Strep_C29766	1	11.11111111111111
Strep_C27623	1	11.11111111111111
Strep_C29765	1	11.11111111111111
Strep_C27624	1	11.11111111111111
Strep_C28060	1	11.11111111111111
Strep_C29764	1	11.11111111111111
Strep_C28952	1	11.11111111111111
Strep_C28061	1	11.11111111111111
Strep_C29763	1	11.11111111111111
Strep_C27423	1	11.11111111111111
Strep_C28581	1	11.11111111111111
Strep_C28062	1	11.11111111111111
Strep_C28063	1	11.11111111111111
Strep_C29762	1	11.11111111111111
Strep_C29761	1	11.11111111111111
Strep_C29760	1	11.11111111111111
Strep_C27917	1	11.11111111111111
Strep_C28064	1	11.11111111111111
Strep_C2862	1	11.11111111111111
Strep_C28951	1	11.11111111111111
Strep_C29073	1	11.11111111111111
Strep_C29759	1	11.11111111111111
Strep_C29758	1	11.11111111111111
Strep_C29329	1	11.11111111111111
Strep_C29328	1	11.11111111111111
Strep_C28988	1	11.11111111111111
Strep_C29816	1	11.11111111111111
Strep_C28622	1	11.11111111111111
Strep_C27932	1	11.11111111111111
Strep_C29821	1	11.11111111111111
Strep_C29820	1	11.11111111111111
Strep_C28981	1	11.11111111111111
Strep_C27931	1	11.11111111111111
Strep_C2981	1	11.11111111111111
Strep_C29819	1	11.11111111111111
Strep_C27738	1	11.11111111111111
Strep_C28596	1	11.11111111111111
Strep_C29818	1	11.11111111111111
Strep_C27930	1	11.11111111111111
Strep_C29287	1	11.11111111111111
Strep_C29817	1	11.11111111111111
Strep_C29815	1	11.11111111111111
Strep_C28597	1	11.11111111111111
Strep_C29286	1	11.11111111111111
Strep_C29813	1	11.11111111111111
Strep_C28979	1	11.11111111111111
Strep_C29285	1	11.11111111111111
Strep_C29812	1	11.11111111111111
Strep_C29811	1	11.11111111111111
Strep_C27595	1	11.11111111111111
Strep_C27717	1	11.11111111111111
Strep_C29810	1	11.11111111111111
Strep_C29057	1	11.11111111111111
Strep_C27594	1	11.11111111111111
Strep_C28024	1	11.11111111111111
Strep_C28025	1	11.11111111111111
Strep_C29284	1	11.11111111111111
Strep_C27933	1	11.11111111111111
Strep_C29324	1	11.11111111111111
Strep_C29793	1	11.11111111111111
Strep_C28599	1	11.11111111111111
Strep_C29830	1	11.11111111111111
Strep_C27938	1	11.11111111111111
Strep_C29829	1	11.11111111111111
Strep_C285	1	11.11111111111111
Strep_C29828	1	11.11111111111111
Strep_C28987	1	11.11111111111111
Strep_C28015	1	11.11111111111111
Strep_C29827	1	11.11111111111111
Strep_C2859	1	11.11111111111111
Strep_C29826	1	11.11111111111111
Strep_C29825	1	11.11111111111111
Strep_C29824	1	11.11111111111111
Strep_C28016	1	11.11111111111111
Strep_C27735	1	11.11111111111111
Strep_C28985	1	11.11111111111111
Strep_C28021	1	11.11111111111111
Strep_C28017	1	11.11111111111111
Strep_C28018	1	11.11111111111111
Strep_C28019	1	11.11111111111111
Strep_C27736	1	11.11111111111111
Strep_C27937	1	11.11111111111111
Strep_C27737	1	11.11111111111111
Strep_C27936	1	11.11111111111111
Strep_C29289	1	11.11111111111111
Strep_C29288	1	11.11111111111111
Strep_C27935	1	11.11111111111111
Strep_C29823	1	11.11111111111111
Strep_C2801	1	11.11111111111111
Strep_C27934	1	11.11111111111111
Strep_C29822	1	11.11111111111111
Strep_C27928	1	11.11111111111111
Strep_C28978	1	11.11111111111111
Strep_C28977	1	11.11111111111111
Strep_C27415	1	11.11111111111111
Strep_C28973	1	11.11111111111111
Strep_C27413	1	11.11111111111111
Strep_C28037	1	11.11111111111111
Strep_C29062	1	11.11111111111111
Strep_C28038	1	11.11111111111111
Strep_C29801	1	11.11111111111111
Strep_C29800	1	11.11111111111111
Strep_C28972	1	11.11111111111111
Strep_C28039	1	11.11111111111111
Strep_C29283	1	11.11111111111111
Strep_C2803	1	11.11111111111111
Strep_C28040	1	11.11111111111111
Strep_C28971	1	11.11111111111111
Strep_C28041	1	11.11111111111111
Strep_C2979	1	11.11111111111111
Strep_C28026	1	11.11111111111111
Strep_C27416	1	11.11111111111111
Strep_C28042	1	11.11111111111111
Strep_C29799	1	11.11111111111111
Strep_C28043	1	11.11111111111111
Strep_C29798	1	11.11111111111111
Strep_C29797	1	11.11111111111111
Strep_C29796	1	11.11111111111111
Strep_C28044	1	11.11111111111111
Strep_C29795	1	11.11111111111111
Strep_C28970	1	11.11111111111111
Strep_C29794	1	11.11111111111111
Strep_C28625	1	11.11111111111111
Strep_C28588	1	11.11111111111111
Strep_C29327	1	11.11111111111111
Strep_C28589	1	11.11111111111111
Strep_C28974	1	11.11111111111111
Strep_C28036	1	11.11111111111111
Strep_C27591	1	11.11111111111111
Strep_C28594	1	11.11111111111111
Strep_C29058	1	11.11111111111111
Strep_C29809	1	11.11111111111111
Strep_C28593	1	11.11111111111111
Strep_C29808	1	11.11111111111111
Strep_C27412	1	11.11111111111111
Strep_C28027	1	11.11111111111111
Strep_C29807	1	11.11111111111111
Strep_C28028	1	11.11111111111111
Strep_C28592	1	11.11111111111111
Strep_C27521	1	11.11111111111111
Strep_C29806	1	11.11111111111111
Strep_C28590	1	11.11111111111111
Strep_C27520	1	11.11111111111111
Strep_C27923	1	11.11111111111111
Strep_C28029	1	11.11111111111111
Strep_C28976	1	11.11111111111111
Strep_C27739	1	11.11111111111111
Strep_C28030	1	11.11111111111111
Strep_C28031	1	11.11111111111111
Strep_C27715	1	11.11111111111111
Strep_C29059	1	11.11111111111111
Strep_C28032	1	11.11111111111111
Strep_C28033	1	11.11111111111111
Strep_C27740	1	11.11111111111111
Strep_C27592	1	11.11111111111111
Strep_C28975	1	11.11111111111111
Strep_C28034	1	11.11111111111111
Strep_C28035	1	11.11111111111111
Strep_C29767	1	11.11111111111111
Strep_C28198	1	11.11111111111111
Strep_C28174	1	11.11111111111111
Strep_C27824	1	11.11111111111111
Strep_C29193	1	11.11111111111111
Strep_C27672	1	11.11111111111111
Strep_C28492	1	11.11111111111111
Strep_C27673	1	11.11111111111111
Strep_C28702	1	11.11111111111111
Strep_C28703	1	11.11111111111111
Strep_C29408	1	11.11111111111111
Strep_C27825	1	11.11111111111111
Strep_C27777	1	11.11111111111111
Strep_C28365	1	11.11111111111111
Strep_C28366	1	11.11111111111111
Strep_C29409	1	11.11111111111111
Strep_C28491	1	11.11111111111111
Strep_C28367	1	11.11111111111111
Strep_C28490	1	11.11111111111111
Strep_C27473	1	11.11111111111111
Strep_C28368	1	11.11111111111111
Strep_C27823	1	11.11111111111111
Strep_C28772	1	11.11111111111111
Strep_C2949	1	11.11111111111111
Strep_C27778	1	11.11111111111111
Strep_C28369	1	11.11111111111111
Strep_C2836	1	11.11111111111111
Strep_C27470	1	11.11111111111111
Strep_C27822	1	11.11111111111111
Strep_C28370	1	11.11111111111111
Strep_C27674	1	11.11111111111111
Strep_C27471	1	11.11111111111111
Strep_C27472	1	11.11111111111111
Strep_C28372	1	11.11111111111111
Strep_C27557	1	11.11111111111111
Strep_C28701	1	11.11111111111111
Strep_C28494	1	11.11111111111111
Strep_C29407	1	11.11111111111111
Strep_C28783	1	11.11111111111111
Strep_C29503	1	11.11111111111111
Strep_C28782	1	11.11111111111111
Strep_C28781	1	11.11111111111111
Strep_C28354	1	11.11111111111111
Strep_C27829	1	11.11111111111111
Strep_C27670	1	11.11111111111111
Strep_C29191	1	11.11111111111111
Strep_C29406	1	11.11111111111111
Strep_C28780	1	11.11111111111111
Strep_C27828	1	11.11111111111111
Strep_C27827	1	11.11111111111111
Strep_C28357	1	11.11111111111111
Strep_C28358	1	11.11111111111111
Strep_C29501	1	11.11111111111111
Strep_C29244	1	11.11111111111111
Strep_C2835	1	11.11111111111111
Strep_C27671	1	11.11111111111111
Strep_C27826	1	11.11111111111111
Strep_C28779	1	11.11111111111111
Strep_C27467	1	11.11111111111111
Strep_C28362	1	11.11111111111111
Strep_C27468	1	11.11111111111111
Strep_C28363	1	11.11111111111111
Strep_C28778	1	11.11111111111111
Strep_C28775	1	11.11111111111111
Strep_C29192	1	11.11111111111111
Strep_C28700	1	11.11111111111111
Strep_C29500	1	11.11111111111111
Strep_C28373	1	11.11111111111111
Strep_C28374	1	11.11111111111111
Strep_C29480	1	11.11111111111111
Strep_C28390	1	11.11111111111111
Strep_C2781	1	11.11111111111111
Strep_C28386	1	11.11111111111111
Strep_C27476	1	11.11111111111111
Strep_C29241	1	11.11111111111111
Strep_C28762	1	11.11111111111111
Strep_C28387	1	11.11111111111111
Strep_C27550	1	11.11111111111111
Strep_C28388	1	11.11111111111111
Strep_C28389	1	11.11111111111111
Strep_C28761	1	11.11111111111111
Strep_C29487	1	11.11111111111111
Strep_C28708	1	11.11111111111111
Strep_C29414	1	11.11111111111111
Strep_C29486	1	11.11111111111111
Strep_C27477	1	11.11111111111111
Strep_C29496	1	11.11111111111111
Strep_C29485	1	11.11111111111111
Strep_C29240	1	11.11111111111111
Strep_C28391	1	11.11111111111111
Strep_C29484	1	11.11111111111111
Strep_C28487	1	11.11111111111111
Strep_C29483	1	11.11111111111111
Strep_C29482	1	11.11111111111111
Strep_C27478	1	11.11111111111111
Strep_C28394	1	11.11111111111111
Strep_C28395	1	11.11111111111111
Strep_C28396	1	11.11111111111111
Strep_C28397	1	11.11111111111111
Strep_C28398	1	11.11111111111111
Strep_C28399	1	11.11111111111111
Strep_C29488	1	11.11111111111111
Strep_C274	1	11.11111111111111
Strep_C28384	1	11.11111111111111
Strep_C29413	1	11.11111111111111
Strep_C28705	1	11.11111111111111
Strep_C27821	1	11.11111111111111
Strep_C27474	1	11.11111111111111
Strep_C29194	1	11.11111111111111
Strep_C27779	1	11.11111111111111
Strep_C29494	1	11.11111111111111
Strep_C2848	1	11.11111111111111
Strep_C29410	1	11.11111111111111
Strep_C27675	1	11.11111111111111
Strep_C28375	1	11.11111111111111
Strep_C28489	1	11.11111111111111
Strep_C28488	1	11.11111111111111
Strep_C28706	1	11.11111111111111
Strep_C28707	1	11.11111111111111
Strep_C28769	1	11.11111111111111
Strep_C28378	1	11.11111111111111
Strep_C28767	1	11.11111111111111
Strep_C27820	1	11.11111111111111
Strep_C28766	1	11.11111111111111
Strep_C29493	1	11.11111111111111
Strep_C27780	1	11.11111111111111
Strep_C2837	1	11.11111111111111
Strep_C29411	1	11.11111111111111
Strep_C27551	1	11.11111111111111
Strep_C29491	1	11.11111111111111
Strep_C29490	1	11.11111111111111
Strep_C29412	1	11.11111111111111
Strep_C28382	1	11.11111111111111
Strep_C29489	1	11.11111111111111
Strep_C29504	1	11.11111111111111
Strep_C28784	1	11.11111111111111
Strep_C29506	1	11.11111111111111
Strep_C27842	1	11.11111111111111
Strep_C2939	1	11.11111111111111
Strep_C29179	1	11.11111111111111
Strep_C27502	1	11.11111111111111
Strep_C29528	1	11.11111111111111
Strep_C2917	1	11.11111111111111
Strep_C28333	1	11.11111111111111
Strep_C28334	1	11.11111111111111
Strep_C28335	1	11.11111111111111
Strep_C28336	1	11.11111111111111
Strep_C28506	1	11.11111111111111
Strep_C29527	1	11.11111111111111
Strep_C29526	1	11.11111111111111
Strep_C29525	1	11.11111111111111
Strep_C29524	1	11.11111111111111
Strep_C29523	1	11.11111111111111
Strep_C29507	1	11.11111111111111
Strep_C27841	1	11.11111111111111
Strep_C29522	1	11.11111111111111
Strep_C28795	1	11.11111111111111
Strep_C27837	1	11.11111111111111
Strep_C29521	1	11.11111111111111
Strep_C28794	1	11.11111111111111
Strep_C28793	1	11.11111111111111
Strep_C28338	1	11.11111111111111
Strep_C28792	1	11.11111111111111
Strep_C28791	1	11.11111111111111
Strep_C28339	1	11.11111111111111
Strep_C28340	1	11.11111111111111
Strep_C28699	1	11.11111111111111
Strep_C28505	1	11.11111111111111
Strep_C29177	1	11.11111111111111
Strep_C2832	1	11.11111111111111
Strep_C29176	1	11.11111111111111
Strep_C29175	1	11.11111111111111
Strep_C29540	1	11.11111111111111
Strep_C28323	1	11.11111111111111
Strep_C28324	1	11.11111111111111
Strep_C28798	1	11.11111111111111
Strep_C28797	1	11.11111111111111
Strep_C28796	1	11.11111111111111
Strep_C2953	1	11.11111111111111
Strep_C29539	1	11.11111111111111
Strep_C28508	1	11.11111111111111
Strep_C27843	1	11.11111111111111
Strep_C28326	1	11.11111111111111
Strep_C28327	1	11.11111111111111
Strep_C29536	1	11.11111111111111
Strep_C29535	1	11.11111111111111
Strep_C29534	1	11.11111111111111
Strep_C29533	1	11.11111111111111
Strep_C27460	1	11.11111111111111
Strep_C29532	1	11.11111111111111
Strep_C27560	1	11.11111111111111
Strep_C28507	1	11.11111111111111
Strep_C29531	1	11.11111111111111
Strep_C29530	1	11.11111111111111
Strep_C27559	1	11.11111111111111
Strep_C27503	1	11.11111111111111
Strep_C28698	1	11.11111111111111
Strep_C29398	1	11.11111111111111
Strep_C29399	1	11.11111111111111
Strep_C29174	1	11.11111111111111
Strep_C27461	1	11.11111111111111
Strep_C28341	1	11.11111111111111
Strep_C293	1	11.11111111111111
Strep_C28342	1	11.11111111111111
Strep_C27696	1	11.11111111111111
Strep_C29402	1	11.11111111111111
Strep_C28498	1	11.11111111111111
Strep_C28787	1	11.11111111111111
Strep_C29187	1	11.11111111111111
Strep_C28496	1	11.11111111111111
Strep_C29188	1	11.11111111111111
Strep_C2834	1	11.11111111111111
Strep_C29189	1	11.11111111111111
Strep_C27833	1	11.11111111111111
Strep_C27832	1	11.11111111111111
Strep_C29514	1	11.11111111111111
Strep_C28350	1	11.11111111111111
Strep_C27831	1	11.11111111111111
Strep_C27830	1	11.11111111111111
Strep_C29512	1	11.11111111111111
Strep_C29511	1	11.11111111111111
Strep_C28351	1	11.11111111111111
Strep_C29510	1	11.11111111111111
Strep_C29403	1	11.11111111111111
Strep_C2950	1	11.11111111111111
Strep_C29509	1	11.11111111111111
Strep_C29404	1	11.11111111111111
Strep_C29246	1	11.11111111111111
Strep_C29405	1	11.11111111111111
Strep_C2918	1	11.11111111111111
Strep_C28786	1	11.11111111111111
Strep_C29190	1	11.11111111111111
Strep_C29508	1	11.11111111111111
Strep_C28785	1	11.11111111111111
Strep_C28349	1	11.11111111111111
Strep_C27834	1	11.11111111111111
Strep_C29520	1	11.11111111111111
Strep_C28348	1	11.11111111111111
Strep_C27501	1	11.11111111111111
Strep_C28790	1	11.11111111111111
Strep_C29400	1	11.11111111111111
Strep_C28504	1	11.11111111111111
Strep_C29401	1	11.11111111111111
Strep_C27465	1	11.11111111111111
Strep_C27466	1	11.11111111111111
Strep_C28503	1	11.11111111111111
Strep_C29519	1	11.11111111111111
Strep_C28502	1	11.11111111111111
Strep_C29518	1	11.11111111111111
Strep_C28501	1	11.11111111111111
Strep_C28343	1	11.11111111111111
Strep_C29181	1	11.11111111111111
Strep_C28344	1	11.11111111111111
Strep_C28500	1	11.11111111111111
Strep_C286	1	11.11111111111111
Strep_C28345	1	11.11111111111111
Strep_C27836	1	11.11111111111111
Strep_C29183	1	11.11111111111111
Strep_C28789	1	11.11111111111111
Strep_C28346	1	11.11111111111111
Strep_C29185	1	11.11111111111111
Strep_C29516	1	11.11111111111111
Strep_C2849	1	11.11111111111111
Strep_C28499	1	11.11111111111111
Strep_C29186	1	11.11111111111111
Strep_C27835	1	11.11111111111111
Strep_C28347	1	11.11111111111111
Strep_C27676	1	11.11111111111111
Strep_C2839	1	11.11111111111111
Strep_C28322	1	11.11111111111111
Strep_C28441	1	11.11111111111111
Strep_C2843	1	11.11111111111111
Strep_C29232	1	11.11111111111111
Strep_C27687	1	11.11111111111111
Strep_C29231	1	11.11111111111111
Strep_C2873	1	11.11111111111111
Strep_C29441	1	11.11111111111111
Strep_C29230	1	11.11111111111111
Strep_C28739	1	11.11111111111111
Strep_C27787	1	11.11111111111111
Strep_C27788	1	11.11111111111111
Strep_C27804	1	11.11111111111111
Strep_C27803	1	11.11111111111111
Strep_C28738	1	11.11111111111111
Strep_C28440	1	11.11111111111111
Strep_C27790	1	11.11111111111111
Strep_C27542	1	11.11111111111111
Strep_C27802	1	11.11111111111111
Strep_C27801	1	11.11111111111111
Strep_C2943	1	11.11111111111111
Strep_C29439	1	11.11111111111111
Strep_C29220	1	11.11111111111111
Strep_C28459	1	11.11111111111111
Strep_C29438	1	11.11111111111111
Strep_C27791	1	11.11111111111111
Strep_C27800	1	11.11111111111111
Strep_C29221	1	11.11111111111111
Strep_C29222	1	11.11111111111111
Strep_C28442	1	11.11111111111111
Strep_C29437	1	11.11111111111111
Strep_C28737	1	11.11111111111111
Strep_C29442	1	11.11111111111111
Strep_C28723	1	11.11111111111111
Strep_C28460	1	11.11111111111111
Strep_C28722	1	11.11111111111111
Strep_C27488	1	11.11111111111111
Strep_C27547	1	11.11111111111111
Strep_C29217	1	11.11111111111111
Strep_C29218	1	11.11111111111111
Strep_C27489	1	11.11111111111111
Strep_C29450	1	11.11111111111111
Strep_C28721	1	11.11111111111111
Strep_C28465	1	11.11111111111111
Strep_C28743	1	11.11111111111111
Strep_C28464	1	11.11111111111111
Strep_C28434	1	11.11111111111111
Strep_C29449	1	11.11111111111111
Strep_C29448	1	11.11111111111111
Strep_C2748	1	11.11111111111111
Strep_C29447	1	11.11111111111111
Strep_C28435	1	11.11111111111111
Strep_C28436	1	11.11111111111111
Strep_C28437	1	11.11111111111111
Strep_C28742	1	11.11111111111111
Strep_C29446	1	11.11111111111111
Strep_C28741	1	11.11111111111111
Strep_C29445	1	11.11111111111111
Strep_C28740	1	11.11111111111111
Strep_C29443	1	11.11111111111111
Strep_C29219	1	11.11111111111111
Strep_C27540	1	11.11111111111111
Strep_C28463	1	11.11111111111111
Strep_C28462	1	11.11111111111111
Strep_C28461	1	11.11111111111111
Strep_C28458	1	11.11111111111111
Strep_C29436	1	11.11111111111111
Strep_C283	1	11.11111111111111
Strep_C28729	1	11.11111111111111
Strep_C29229	1	11.11111111111111
Strep_C28732	1	11.11111111111111
Strep_C27494	1	11.11111111111111
Strep_C28449	1	11.11111111111111
Strep_C28731	1	11.11111111111111
Strep_C28730	1	11.11111111111111
Strep_C27495	1	11.11111111111111
Strep_C2872	1	11.11111111111111
Strep_C28452	1	11.11111111111111
Strep_C27690	1	11.11111111111111
Strep_C29228	1	11.11111111111111
Strep_C27793	1	11.11111111111111
Strep_C2942	1	11.11111111111111
Strep_C28450	1	11.11111111111111
Strep_C28728	1	11.11111111111111
Strep_C27792	1	11.11111111111111
Strep_C28727	1	11.11111111111111
Strep_C27496	1	11.11111111111111
Strep_C28725	1	11.11111111111111
Strep_C27797	1	11.11111111111111
Strep_C28726	1	11.11111111111111
Strep_C27796	1	11.11111111111111
Strep_C27795	1	11.11111111111111
Strep_C27794	1	11.11111111111111
Strep_C29429	1	11.11111111111111
Strep_C29428	1	11.11111111111111
Strep_C27544	1	11.11111111111111
Strep_C29427	1	11.11111111111111
Strep_C29226	1	11.11111111111111
Strep_C27497	1	11.11111111111111
Strep_C29430	1	11.11111111111111
Strep_C28733	1	11.11111111111111
Strep_C27543	1	11.11111111111111
Strep_C27798	1	11.11111111111111
Strep_C27490	1	11.11111111111111
Strep_C29435	1	11.11111111111111
Strep_C27491	1	11.11111111111111
Strep_C27492	1	11.11111111111111
Strep_C29434	1	11.11111111111111
Strep_C29223	1	11.11111111111111
Strep_C2922	1	11.11111111111111
Strep_C27691	1	11.11111111111111
Strep_C27493	1	11.11111111111111
Strep_C28443	1	11.11111111111111
Strep_C28724	1	11.11111111111111
Strep_C29433	1	11.11111111111111
Strep_C29432	1	11.11111111111111
Strep_C29224	1	11.11111111111111
Strep_C28444	1	11.11111111111111
Strep_C28457	1	11.11111111111111
Strep_C28456	1	11.11111111111111
Strep_C27546	1	11.11111111111111
Strep_C28445	1	11.11111111111111
Strep_C28455	1	11.11111111111111
Strep_C27688	1	11.11111111111111
Strep_C27545	1	11.11111111111111
Strep_C28454	1	11.11111111111111
Strep_C28453	1	11.11111111111111
Strep_C28446	1	11.11111111111111
Strep_C27689	1	11.11111111111111
Strep_C29225	1	11.11111111111111
Strep_C28447	1	11.11111111111111
Strep_C28448	1	11.11111111111111
Strep_C29216	1	11.11111111111111
Strep_C29215	1	11.11111111111111
Strep_C28466	1	11.11111111111111
Strep_C2941	1	11.11111111111111
Strep_C28406	1	11.11111111111111
Strep_C27814	1	11.11111111111111
Strep_C28754	1	11.11111111111111
Strep_C28484	1	11.11111111111111
Strep_C28407	1	11.11111111111111
Strep_C29201	1	11.11111111111111
Strep_C27813	1	11.11111111111111
Strep_C28753	1	11.11111111111111
Strep_C27812	1	11.11111111111111
Strep_C29203	1	11.11111111111111
Strep_C27811	1	11.11111111111111
Strep_C28483	1	11.11111111111111
Strep_C2840	1	11.11111111111111
Strep_C28482	1	11.11111111111111
Strep_C28412	1	11.11111111111111
Strep_C28720	1	11.11111111111111
Strep_C27784	1	11.11111111111111
Strep_C29471	1	11.11111111111111
Strep_C2747	1	11.11111111111111
Strep_C29206	1	11.11111111111111
Strep_C28481	1	11.11111111111111
Strep_C28710	1	11.11111111111111
Strep_C28711	1	11.11111111111111
Strep_C28413	1	11.11111111111111
Strep_C28478	1	11.11111111111111
Strep_C29470	1	11.11111111111111
Strep_C2946	1	11.11111111111111
Strep_C29469	1	11.11111111111111
Strep_C29468	1	11.11111111111111
Strep_C27548	1	11.11111111111111
Strep_C28485	1	11.11111111111111
Strep_C27549	1	11.11111111111111
Strep_C291	1	11.11111111111111
Strep_C27681	1	11.11111111111111
Strep_C27818	1	11.11111111111111
Strep_C2923	1	11.11111111111111
Strep_C28400	1	11.11111111111111
Strep_C28486	1	11.11111111111111
Strep_C28401	1	11.11111111111111
Strep_C29478	1	11.11111111111111
Strep_C28759	1	11.11111111111111
Strep_C28758	1	11.11111111111111
Strep_C29477	1	11.11111111111111
Strep_C28757	1	11.11111111111111
Strep_C28756	1	11.11111111111111
Strep_C28755	1	11.11111111111111
Strep_C29415	1	11.11111111111111
Strep_C28402	1	11.11111111111111
Strep_C28403	1	11.11111111111111
Strep_C29476	1	11.11111111111111
Strep_C2754	1	11.11111111111111
Strep_C29475	1	11.11111111111111
Strep_C28404	1	11.11111111111111
Strep_C28709	1	11.11111111111111
Strep_C27817	1	11.11111111111111
Strep_C27678	1	11.11111111111111
Strep_C27781	1	11.11111111111111
Strep_C2767	1	11.11111111111111
Strep_C29474	1	11.11111111111111
Strep_C27816	1	11.11111111111111
Strep_C28405	1	11.11111111111111
Strep_C27815	1	11.11111111111111
Strep_C27680	1	11.11111111111111
Strep_C28751	1	11.11111111111111
Strep_C28476	1	11.11111111111111
Strep_C28712	1	11.11111111111111
Strep_C27686	1	11.11111111111111
Strep_C27809	1	11.11111111111111
Strep_C29458	1	11.11111111111111
Strep_C29210	1	11.11111111111111
Strep_C29211	1	11.11111111111111
Strep_C29212	1	11.11111111111111
Strep_C29457	1	11.11111111111111
Strep_C27808	1	11.11111111111111
Strep_C29234	1	11.11111111111111
Strep_C29456	1	11.11111111111111
Strep_C28747	1	11.11111111111111
Strep_C27693	1	11.11111111111111
Strep_C29213	1	11.11111111111111
Strep_C29455	1	11.11111111111111
Strep_C28717	1	11.11111111111111
Strep_C29454	1	11.11111111111111
Strep_C29453	1	11.11111111111111
Strep_C29233	1	11.11111111111111
Strep_C29452	1	11.11111111111111
Strep_C29214	1	11.11111111111111
Strep_C28746	1	11.11111111111111
Strep_C28745	1	11.11111111111111
Strep_C28744	1	11.11111111111111
Strep_C27692	1	11.11111111111111
Strep_C28718	1	11.11111111111111
Strep_C28467	1	11.11111111111111
Strep_C27487	1	11.11111111111111
Strep_C29451	1	11.11111111111111
Strep_C28719	1	11.11111111111111
Strep_C27498	1	11.11111111111111
Strep_C28716	1	11.11111111111111
Strep_C28426	1	11.11111111111111
Strep_C29464	1	11.11111111111111
Strep_C28748	1	11.11111111111111
Strep_C28474	1	11.11111111111111
Strep_C28750	1	11.11111111111111
Strep_C28414	1	11.11111111111111
Strep_C29236	1	11.11111111111111
Strep_C28415	1	11.11111111111111
Strep_C29463	1	11.11111111111111
Strep_C28417	1	11.11111111111111
Strep_C29462	1	11.11111111111111
Strep_C28713	1	11.11111111111111
Strep_C28714	1	11.11111111111111
Strep_C29461	1	11.11111111111111
Strep_C2846	1	11.11111111111111
Strep_C29208	1	11.11111111111111
Strep_C28749	1	11.11111111111111
Strep_C28419	1	11.11111111111111
Strep_C2841	1	11.11111111111111
Strep_C29460	1	11.11111111111111
Strep_C29209	1	11.11111111111111
Strep_C28420	1	11.11111111111111
Strep_C2945	1	11.11111111111111
Strep_C28421	1	11.11111111111111
Strep_C28422	1	11.11111111111111
Strep_C27499	1	11.11111111111111
Strep_C29459	1	11.11111111111111
Strep_C28468	1	11.11111111111111
Strep_C29235	1	11.11111111111111
Strep_C27685	1	11.11111111111111
Strep_C2780	1	11.11111111111111
Strep_C28424	1	11.11111111111111
Strep_C29541	1	11.11111111111111
Strep_C28321	1	11.11111111111111
Strep_C29647	1	11.11111111111111
Strep_C29260	1	11.11111111111111
Strep_C28862	1	11.11111111111111
Strep_C29375	1	11.11111111111111
Strep_C29613	1	11.11111111111111
Strep_C29612	1	11.11111111111111
Strep_C29131	1	11.11111111111111
Strep_C29376	1	11.11111111111111
Strep_C29132	1	11.11111111111111
Strep_C28538	1	11.11111111111111
Strep_C29133	1	11.11111111111111
Strep_C29134	1	11.11111111111111
Strep_C29610	1	11.11111111111111
Strep_C29136	1	11.11111111111111
Strep_C29137	1	11.11111111111111
Strep_C28231	1	11.11111111111111
Strep_C28232	1	11.11111111111111
Strep_C28239	1	11.11111111111111
Strep_C28860	1	11.11111111111111
Strep_C2885	1	11.11111111111111
Strep_C27444	1	11.11111111111111
Strep_C28668	1	11.11111111111111
Strep_C29608	1	11.11111111111111
Strep_C28669	1	11.11111111111111
Strep_C28233	1	11.11111111111111
Strep_C28234	1	11.11111111111111
Strep_C27769	1	11.11111111111111
Strep_C27572	1	11.11111111111111
Strep_C29607	1	11.11111111111111
Strep_C28236	1	11.11111111111111
Strep_C28237	1	11.11111111111111
Strep_C28238	1	11.11111111111111
Strep_C29130	1	11.11111111111111
Strep_C29261	1	11.11111111111111
Strep_C28863	1	11.11111111111111
Strep_C28225	1	11.11111111111111
Strep_C28215	1	11.11111111111111
Strep_C28216	1	11.11111111111111
Strep_C29619	1	11.11111111111111
Strep_C28217	1	11.11111111111111
Strep_C27700	1	11.11111111111111
Strep_C27872	1	11.11111111111111
Strep_C29618	1	11.11111111111111
Strep_C28665	1	11.11111111111111
Strep_C28866	1	11.11111111111111
Strep_C27649	1	11.11111111111111
Strep_C29617	1	11.11111111111111
Strep_C29263	1	11.11111111111111
Strep_C28218	1	11.11111111111111
Strep_C28666	1	11.11111111111111
Strep_C29616	1	11.11111111111111
Strep_C28219	1	11.11111111111111
Strep_C28667	1	11.11111111111111
Strep_C29615	1	11.11111111111111
Strep_C29374	1	11.11111111111111
Strep_C29129	1	11.11111111111111
Strep_C27871	1	11.11111111111111
Strep_C28220	1	11.11111111111111
Strep_C28221	1	11.11111111111111
Strep_C28865	1	11.11111111111111
Strep_C29614	1	11.11111111111111
Strep_C28864	1	11.11111111111111
Strep_C28222	1	11.11111111111111
Strep_C28223	1	11.11111111111111
Strep_C28224	1	11.11111111111111
Strep_C29606	1	11.11111111111111
Strep_C27652	1	11.11111111111111
Strep_C29256	1	11.11111111111111
Strep_C29140	1	11.11111111111111
Strep_C28843	1	11.11111111111111
Strep_C29259	1	11.11111111111111
Strep_C29602	1	11.11111111111111
Strep_C29601	1	11.11111111111111
Strep_C29600	1	11.11111111111111
Strep_C27446	1	11.11111111111111
Strep_C295	1	11.11111111111111
Strep_C28676	1	11.11111111111111
Strep_C28677	1	11.11111111111111
Strep_C2776	1	11.11111111111111
Strep_C27866	1	11.11111111111111
Strep_C29258	1	11.11111111111111
Strep_C27770	1	11.11111111111111
Strep_C28250	1	11.11111111111111
Strep_C27570	1	11.11111111111111
Strep_C27508	1	11.11111111111111
Strep_C27653	1	11.11111111111111
Strep_C29379	1	11.11111111111111
Strep_C28251	1	11.11111111111111
Strep_C28252	1	11.11111111111111
Strep_C28253	1	11.11111111111111
Strep_C28254	1	11.11111111111111
Strep_C28842	1	11.11111111111111
Strep_C29598	1	11.11111111111111
Strep_C29597	1	11.11111111111111
Strep_C29596	1	11.11111111111111
Strep_C28255	1	11.11111111111111
Strep_C29257	1	11.11111111111111
Strep_C29595	1	11.11111111111111
Strep_C28256	1	11.11111111111111
Strep_C28844	1	11.11111111111111
Strep_C27507	1	11.11111111111111
Strep_C28249	1	11.11111111111111
Strep_C29139	1	11.11111111111111
Strep_C28537	1	11.11111111111111
Strep_C28859	1	11.11111111111111
Strep_C28858	1	11.11111111111111
Strep_C28857	1	11.11111111111111
Strep_C28856	1	11.11111111111111
Strep_C28240	1	11.11111111111111
Strep_C28855	1	11.11111111111111
Strep_C29377	1	11.11111111111111
Strep_C28241	1	11.11111111111111
Strep_C27868	1	11.11111111111111
Strep_C28853	1	11.11111111111111
Strep_C28852	1	11.11111111111111
Strep_C27445	1	11.11111111111111
Strep_C27571	1	11.11111111111111
Strep_C29378	1	11.11111111111111
Strep_C28536	1	11.11111111111111
Strep_C29605	1	11.11111111111111
Strep_C2866	1	11.11111111111111
Strep_C28535	1	11.11111111111111
Strep_C28670	1	11.11111111111111
Strep_C28245	1	11.11111111111111
Strep_C28246	1	11.11111111111111
Strep_C29604	1	11.11111111111111
Strep_C29138	1	11.11111111111111
Strep_C28671	1	11.11111111111111
Strep_C28672	1	11.11111111111111
Strep_C29603	1	11.11111111111111
Strep_C28247	1	11.11111111111111
Strep_C28533	1	11.11111111111111
Strep_C28214	1	11.11111111111111
Strep_C2961	1	11.11111111111111
Strep_C27874	1	11.11111111111111
Strep_C28879	1	11.11111111111111
Strep_C29370	1	11.11111111111111
Strep_C28658	1	11.11111111111111
Strep_C27883	1	11.11111111111111
Strep_C28185	1	11.11111111111111
Strep_C29122	1	11.11111111111111
Strep_C29641	1	11.11111111111111
Strep_C28186	1	11.11111111111111
Strep_C27703	1	11.11111111111111
Strep_C29640	1	11.11111111111111
Strep_C27765	1	11.11111111111111
Strep_C27882	1	11.11111111111111
Strep_C28187	1	11.11111111111111
Strep_C28188	1	11.11111111111111
Strep_C27645	1	11.11111111111111
Strep_C28191	1	11.11111111111111
Strep_C29620	1	11.11111111111111
Strep_C28540	1	11.11111111111111
Strep_C2963	1	11.11111111111111
Strep_C28192	1	11.11111111111111
Strep_C28878	1	11.11111111111111
Strep_C29639	1	11.11111111111111
Strep_C28877	1	11.11111111111111
Strep_C28876	1	11.11111111111111
Strep_C27646	1	11.11111111111111
Strep_C28194	1	11.11111111111111
Strep_C29638	1	11.11111111111111
Strep_C27578	1	11.11111111111111
Strep_C28875	1	11.11111111111111
Strep_C27440	1	11.11111111111111
Strep_C29635	1	11.11111111111111
Strep_C28541	1	11.11111111111111
Strep_C29643	1	11.11111111111111
Strep_C29121	1	11.11111111111111
Strep_C29644	1	11.11111111111111
Strep_C27704	1	11.11111111111111
Strep_C27439	1	11.11111111111111
Strep_C28888	1	11.11111111111111
Strep_C28887	1	11.11111111111111
Strep_C29646	1	11.11111111111111
Strep_C29119	1	11.11111111111111
Strep_C28886	1	11.11111111111111
Strep_C27509	1	11.11111111111111
Strep_C28177	1	11.11111111111111
Strep_C2757	1	11.11111111111111
Strep_C27579	1	11.11111111111111
Strep_C28545	1	11.11111111111111
Strep_C28544	1	11.11111111111111
Strep_C27644	1	11.11111111111111
Strep_C28543	1	11.11111111111111
Strep_C29120	1	11.11111111111111
Strep_C29645	1	11.11111111111111
Strep_C28882	1	11.11111111111111
Strep_C28542	1	11.11111111111111
Strep_C28180	1	11.11111111111111
Strep_C28181	1	11.11111111111111
Strep_C27884	1	11.11111111111111
Strep_C28881	1	11.11111111111111
Strep_C28182	1	11.11111111111111
Strep_C28880	1	11.11111111111111
Strep_C28183	1	11.11111111111111
Strep_C2936	1	11.11111111111111
Strep_C2887	1	11.11111111111111
Strep_C28184	1	11.11111111111111
Strep_C29634	1	11.11111111111111
Strep_C2853	1	11.11111111111111
Strep_C29633	1	11.11111111111111
Strep_C28209	1	11.11111111111111
Strep_C29627	1	11.11111111111111
Strep_C27879	1	11.11111111111111
Strep_C29625	1	11.11111111111111
Strep_C28661	1	11.11111111111111
Strep_C29624	1	11.11111111111111
Strep_C28870	1	11.11111111111111
Strep_C2886	1	11.11111111111111
Strep_C27702	1	11.11111111111111
Strep_C2820	1	11.11111111111111
Strep_C29371	1	11.11111111111111
Strep_C27768	1	11.11111111111111
Strep_C28662	1	11.11111111111111
Strep_C29372	1	11.11111111111111
Strep_C27701	1	11.11111111111111
Strep_C29373	1	11.11111111111111
Strep_C28664	1	11.11111111111111
Strep_C28869	1	11.11111111111111
Strep_C27878	1	11.11111111111111
Strep_C28868	1	11.11111111111111
Strep_C28210	1	11.11111111111111
Strep_C27877	1	11.11111111111111
Strep_C28211	1	11.11111111111111
Strep_C28212	1	11.11111111111111
Strep_C28213	1	11.11111111111111
Strep_C29623	1	11.11111111111111
Strep_C28867	1	11.11111111111111
Strep_C27876	1	11.11111111111111
Strep_C27875	1	11.11111111111111
Strep_C29621	1	11.11111111111111
Strep_C29628	1	11.11111111111111
Strep_C27443	1	11.11111111111111
Strep_C28874	1	11.11111111111111
Strep_C27574	1	11.11111111111111
Strep_C27441	1	11.11111111111111
Strep_C28451	1	11.11111111111111
Strep_C28873	1	11.11111111111111
Strep_C27577	1	11.11111111111111
Strep_C28872	1	11.11111111111111
Strep_C28199	1	11.11111111111111
Strep_C28871	1	11.11111111111111
Strep_C27766	1	11.11111111111111
Strep_C2819	1	11.11111111111111
Strep_C28539	1	11.11111111111111
Strep_C281	1	11.11111111111111
Strep_C29123	1	11.11111111111111
Strep_C29124	1	11.11111111111111
Strep_C27881	1	11.11111111111111
Strep_C27576	1	11.11111111111111
Strep_C29631	1	11.11111111111111
Strep_C29125	1	11.11111111111111
Strep_C27880	1	11.11111111111111
Strep_C28202	1	11.11111111111111
Strep_C2787	1	11.11111111111111
Strep_C28203	1	11.11111111111111
Strep_C28204	1	11.11111111111111
Strep_C27648	1	11.11111111111111
Strep_C28205	1	11.11111111111111
Strep_C28206	1	11.11111111111111
Strep_C28207	1	11.11111111111111
Strep_C27767	1	11.11111111111111
Strep_C27442	1	11.11111111111111
Strep_C27575	1	11.11111111111111
Strep_C29594	1	11.11111111111111
Strep_C28257	1	11.11111111111111
Strep_C28320	1	11.11111111111111
Strep_C29389	1	11.11111111111111
Strep_C28520	1	11.11111111111111
Strep_C28295	1	11.11111111111111
Strep_C29558	1	11.11111111111111
Strep_C27664	1	11.11111111111111
Strep_C29557	1	11.11111111111111
Strep_C27665	1	11.11111111111111
Strep_C28519	1	11.11111111111111
Strep_C28296	1	11.11111111111111
Strep_C29556	1	11.11111111111111
Strep_C29163	1	11.11111111111111
Strep_C28297	1	11.11111111111111
Strep_C27666	1	11.11111111111111
Strep_C28818	1	11.11111111111111
Strep_C27564	1	11.11111111111111
Strep_C27667	1	11.11111111111111
Strep_C28685	1	11.11111111111111
Strep_C28518	1	11.11111111111111
Strep_C28817	1	11.11111111111111
Strep_C29555	1	11.11111111111111
Strep_C29554	1	11.11111111111111
Strep_C29553	1	11.11111111111111
Strep_C29552	1	11.11111111111111
Strep_C28298	1	11.11111111111111
Strep_C29551	1	11.11111111111111
Strep_C28816	1	11.11111111111111
Strep_C28517	1	11.11111111111111
Strep_C27848	1	11.11111111111111
Strep_C2769	1	11.11111111111111
Strep_C28299	1	11.11111111111111
Strep_C29549	1	11.11111111111111
Strep_C28820	1	11.11111111111111
Strep_C29560	1	11.11111111111111
Strep_C29561	1	11.11111111111111
Strep_C29562	1	11.11111111111111
Strep_C28289	1	11.11111111111111
Strep_C27854	1	11.11111111111111
Strep_C29158	1	11.11111111111111
Strep_C2828	1	11.11111111111111
Strep_C27853	1	11.11111111111111
Strep_C29159	1	11.11111111111111
Strep_C28524	1	11.11111111111111
Strep_C27455	1	11.11111111111111
Strep_C29251	1	11.11111111111111
Strep_C27662	1	11.11111111111111
Strep_C29160	1	11.11111111111111
Strep_C27537	1	11.11111111111111
Strep_C28523	1	11.11111111111111
Strep_C29384	1	11.11111111111111
Strep_C28522	1	11.11111111111111
Strep_C29385	1	11.11111111111111
Strep_C29162	1	11.11111111111111
Strep_C28293	1	11.11111111111111
Strep_C28294	1	11.11111111111111
Strep_C27566	1	11.11111111111111
Strep_C27504	1	11.11111111111111
Strep_C28822	1	11.11111111111111
Strep_C27663	1	11.11111111111111
Strep_C27850	1	11.11111111111111
Strep_C28521	1	11.11111111111111
Strep_C28821	1	11.11111111111111
Strep_C29564	1	11.11111111111111
Strep_C29563	1	11.11111111111111
Strep_C27565	1	11.11111111111111
Strep_C28815	1	11.11111111111111
Strep_C28814	1	11.11111111111111
Strep_C29593	1	11.11111111111111
Strep_C27698	1	11.11111111111111
Strep_C29394	1	11.11111111111111
Strep_C27845	1	11.11111111111111
Strep_C29395	1	11.11111111111111
Strep_C27456	1	11.11111111111111
Strep_C27538	1	11.11111111111111
Strep_C28803	1	11.11111111111111
Strep_C28311	1	11.11111111111111
Strep_C28802	1	11.11111111111111
Strep_C28313	1	11.11111111111111
Strep_C28314	1	11.11111111111111
Strep_C28315	1	11.11111111111111
Strep_C27699	1	11.11111111111111
Strep_C2924	1	11.11111111111111
Strep_C28800	1	11.11111111111111
Strep_C29396	1	11.11111111111111
Strep_C29548	1	11.11111111111111
Strep_C27844	1	11.11111111111111
Strep_C28510	1	11.11111111111111
Strep_C29173	1	11.11111111111111
Strep_C27561	1	11.11111111111111
Strep_C27457	1	11.11111111111111
Strep_C27668	1	11.11111111111111
Strep_C27459	1	11.11111111111111
Strep_C28696	1	11.11111111111111
Strep_C27669	1	11.11111111111111
Strep_C29543	1	11.11111111111111
Strep_C28509	1	11.11111111111111
Strep_C29542	1	11.11111111111111
Strep_C28319	1	11.11111111111111
Strep_C2831	1	11.11111111111111
Strep_C2830	1	11.11111111111111
Strep_C28694	1	11.11111111111111
Strep_C28511	1	11.11111111111111
Strep_C28805	1	11.11111111111111
Strep_C282	1	11.11111111111111
Strep_C29547	1	11.11111111111111
Strep_C28686	1	11.11111111111111
Strep_C29169	1	11.11111111111111
Strep_C29546	1	11.11111111111111
Strep_C28300	1	11.11111111111111
Strep_C2916	1	11.11111111111111
Strep_C27847	1	11.11111111111111
Strep_C28301	1	11.11111111111111
Strep_C28813	1	11.11111111111111
Strep_C28302	1	11.11111111111111
Strep_C28303	1	11.11111111111111
Strep_C28304	1	11.11111111111111
Strep_C28812	1	11.11111111111111
Strep_C28687	1	11.11111111111111
Strep_C28688	1	11.11111111111111
Strep_C28305	1	11.11111111111111
Strep_C28689	1	11.11111111111111
Strep_C28516	1	11.11111111111111
Strep_C29545	1	11.11111111111111
Strep_C28690	1	11.11111111111111
Strep_C28515	1	11.11111111111111
Strep_C29172	1	11.11111111111111
Strep_C28514	1	11.11111111111111
Strep_C28806	1	11.11111111111111
Strep_C28513	1	11.11111111111111
Strep_C27563	1	11.11111111111111
Strep_C28693	1	11.11111111111111
Strep_C28512	1	11.11111111111111
Strep_C28288	1	11.11111111111111
Strep_C28287	1	11.11111111111111
Strep_C27453	1	11.11111111111111
Strep_C28528	1	11.11111111111111
Strep_C29145	1	11.11111111111111
Strep_C28529	1	11.11111111111111
Strep_C27505	1	11.11111111111111
Strep_C2765	1	11.11111111111111
Strep_C29146	1	11.11111111111111
Strep_C29380	1	11.11111111111111
Strep_C27660	1	11.11111111111111
Strep_C29381	1	11.11111111111111
Strep_C29147	1	11.11111111111111
Strep_C28261	1	11.11111111111111
Strep_C28262	1	11.11111111111111
Strep_C28263	1	11.11111111111111
Strep_C27860	1	11.11111111111111
Strep_C29148	1	11.11111111111111
Strep_C28837	1	11.11111111111111
Strep_C28286	1	11.11111111111111
Strep_C28836	1	11.11111111111111
Strep_C28527	1	11.11111111111111
Strep_C2785	1	11.11111111111111
Strep_C29149	1	11.11111111111111
Strep_C29588	1	11.11111111111111
Strep_C28835	1	11.11111111111111
Strep_C28268	1	11.11111111111111
Strep_C29587	1	11.11111111111111
Strep_C27569	1	11.11111111111111
Strep_C28834	1	11.11111111111111
Strep_C28269	1	11.11111111111111
Strep_C27568	1	11.11111111111111
Strep_C29586	1	11.11111111111111
Strep_C28270	1	11.11111111111111
Strep_C2852	1	11.11111111111111
Strep_C28260	1	11.11111111111111
Strep_C2756	1	11.11111111111111
Strep_C27659	1	11.11111111111111
Strep_C28258	1	11.11111111111111
Strep_C28259	1	11.11111111111111
Strep_C28841	1	11.11111111111111
Strep_C27865	1	11.11111111111111
Strep_C29255	1	11.11111111111111
Strep_C27864	1	11.11111111111111
Strep_C27654	1	11.11111111111111
Strep_C27655	1	11.11111111111111
Strep_C29141	1	11.11111111111111
Strep_C27506	1	11.11111111111111
Strep_C29592	1	11.11111111111111
Strep_C27863	1	11.11111111111111
Strep_C2937	1	11.11111111111111
Strep_C29142	1	11.11111111111111
Strep_C29591	1	11.11111111111111
Strep_C27656	1	11.11111111111111
Strep_C2883	1	11.11111111111111
Strep_C27657	1	11.11111111111111
Strep_C28839	1	11.11111111111111
Strep_C27862	1	11.11111111111111
Strep_C28838	1	11.11111111111111
Strep_C27861	1	11.11111111111111
Strep_C29590	1	11.11111111111111
Strep_C28678	1	11.11111111111111
Strep_C29143	1	11.11111111111111
Strep_C29144	1	11.11111111111111
Strep_C28679	1	11.11111111111111
Strep_C27658	1	11.11111111111111
Strep_C29589	1	11.11111111111111
Strep_C28833	1	11.11111111111111
Strep_C28832	1	11.11111111111111
Strep_C29382	1	11.11111111111111
Strep_C28276	1	11.11111111111111
Strep_C29575	1	11.11111111111111
Strep_C27858	1	11.11111111111111
Strep_C29156	1	11.11111111111111
Strep_C28277	1	11.11111111111111
Strep_C28278	1	11.11111111111111
Strep_C28279	1	11.11111111111111
Strep_C27857	1	11.11111111111111
Strep_C28823	1	11.11111111111111
Strep_C27856	1	11.11111111111111
Strep_C29157	1	11.11111111111111
Strep_C29574	1	11.11111111111111
Strep_C27448	1	11.11111111111111
Strep_C27449	1	11.11111111111111
Strep_C27855	1	11.11111111111111
Strep_C27450	1	11.11111111111111
Strep_C28280	1	11.11111111111111
Strep_C29573	1	11.11111111111111
Strep_C29572	1	11.11111111111111
Strep_C28281	1	11.11111111111111
Strep_C29571	1	11.11111111111111
Strep_C27451	1	11.11111111111111
Strep_C28682	1	11.11111111111111
Strep_C28683	1	11.11111111111111
Strep_C28283	1	11.11111111111111
Strep_C29570	1	11.11111111111111
Strep_C27452	1	11.11111111111111
Strep_C28284	1	11.11111111111111
Strep_C29569	1	11.11111111111111
Strep_C28285	1	11.11111111111111
Strep_C29576	1	11.11111111111111
Strep_C29155	1	11.11111111111111
Strep_C29585	1	11.11111111111111
Strep_C29154	1	11.11111111111111
Strep_C28272	1	11.11111111111111
Strep_C29150	1	11.11111111111111
Strep_C29383	1	11.11111111111111
Strep_C28274	1	11.11111111111111
Strep_C29584	1	11.11111111111111
Strep_C28275	1	11.11111111111111
Strep_C29583	1	11.11111111111111
Strep_C28526	1	11.11111111111111
Strep_C28831	1	11.11111111111111
Strep_C28830	1	11.11111111111111
Strep_C29254	1	11.11111111111111
Strep_C28829	1	11.11111111111111
Strep_C28525	1	11.11111111111111
Strep_C2867	1	11.11111111111111
Strep_C28828	1	11.11111111111111
Strep_C28827	1	11.11111111111111
Strep_C27661	1	11.11111111111111
Strep_C29151	1	11.11111111111111
Strep_C29581	1	11.11111111111111
Strep_C29152	1	11.11111111111111
Strep_C28826	1	11.11111111111111
Strep_C27859	1	11.11111111111111
Strep_C29153	1	11.11111111111111
Strep_C29580	1	11.11111111111111
Strep_C28825	1	11.11111111111111
Strep_C29579	1	11.11111111111111
Strep_C29578	1	11.11111111111111
Strep_C29577	1	11.11111111111111
Strep_C28680	1	11.11111111111111
Strep_C27851	1	11.11111111111111
Strep_C0	1	11.11111111111111
Strep_C29914	1	11.11111111111111
Strep_C7465	1	11.11111111111111
Strep_C7437	1	11.11111111111111
Strep_C7444	1	11.11111111111111
Strep_C7445	1	11.11111111111111
Strep_C7447	1	11.11111111111111
Strep_C7449	1	11.11111111111111
Strep_C7451	1	11.11111111111111
Strep_C7452	1	11.11111111111111
Strep_C7453	1	11.11111111111111
Strep_C7455	1	11.11111111111111
Strep_C7456	1	11.11111111111111
Strep_C7457	1	11.11111111111111
Strep_C745	1	11.11111111111111
Strep_C7462	1	11.11111111111111
Strep_C7464	1	11.11111111111111
Strep_C7466	1	11.11111111111111
Strep_C749	1	11.11111111111111
Strep_C7478	1	11.11111111111111
Strep_C7479	1	11.11111111111111
Strep_C747	1	11.11111111111111
Strep_C7481	1	11.11111111111111
Strep_C7483	1	11.11111111111111
Strep_C7485	1	11.11111111111111
Strep_C7486	1	11.11111111111111
Strep_C7487	1	11.11111111111111
Strep_C7488	1	11.11111111111111
Strep_C7489	1	11.11111111111111
Strep_C748	1	11.11111111111111
Strep_C7490	1	11.11111111111111
Strep_C7491	1	11.11111111111111
Strep_C7492	1	11.11111111111111
Strep_C7435	1	11.11111111111111
Strep_C7433	1	11.11111111111111
Strep_C7432	1	11.11111111111111
Strep_C7431	1	11.11111111111111
Strep_C7381	1	11.11111111111111
Strep_C7382	1	11.11111111111111
Strep_C7384	1	11.11111111111111
Strep_C7387	1	11.11111111111111
Strep_C7393	1	11.11111111111111
Strep_C7395	1	11.11111111111111
Strep_C7399	1	11.11111111111111
Strep_C739	1	11.11111111111111
Strep_C73	1	11.11111111111111
Strep_C7401	1	11.11111111111111
Strep_C7407	1	11.11111111111111
Strep_C7408	1	11.11111111111111
Strep_C7409	1	11.11111111111111
Strep_C740	1	11.11111111111111
Strep_C7410	1	11.11111111111111
Strep_C7412	1	11.11111111111111
Strep_C7413	1	11.11111111111111
Strep_C7415	1	11.11111111111111
Strep_C7416	1	11.11111111111111
Strep_C7417	1	11.11111111111111
Strep_C7418	1	11.11111111111111
Strep_C7421	1	11.11111111111111
Strep_C7422	1	11.11111111111111
Strep_C7423	1	11.11111111111111
Strep_C7425	1	11.11111111111111
Strep_C7428	1	11.11111111111111
Strep_C7429	1	11.11111111111111
Strep_C742	1	11.11111111111111
Strep_C7430	1	11.11111111111111
Strep_C7499	1	11.11111111111111
Strep_C74	1	11.11111111111111
Strep_C7621	1	11.11111111111111
Strep_C7588	1	11.11111111111111
Strep_C7569	1	11.11111111111111
Strep_C7570	1	11.11111111111111
Strep_C7571	1	11.11111111111111
Strep_C7572	1	11.11111111111111
Strep_C7573	1	11.11111111111111
Strep_C7574	1	11.11111111111111
Strep_C7575	1	11.11111111111111
Strep_C7577	1	11.11111111111111
Strep_C7579	1	11.11111111111111
Strep_C757	1	11.11111111111111
Strep_C7581	1	11.11111111111111
Strep_C7584	1	11.11111111111111
Strep_C7585	1	11.11111111111111
Strep_C7586	1	11.11111111111111
Strep_C7591	1	11.11111111111111
Strep_C7500	1	11.11111111111111
Strep_C7592	1	11.11111111111111
Strep_C7593	1	11.11111111111111
Strep_C75	1	11.11111111111111
Strep_C7605	1	11.11111111111111
Strep_C7607	1	11.11111111111111
Strep_C7609	1	11.11111111111111
Strep_C760	1	11.11111111111111
Strep_C7610	1	11.11111111111111
Strep_C7611	1	11.11111111111111
Strep_C7613	1	11.11111111111111
Strep_C7614	1	11.11111111111111
Strep_C7615	1	11.11111111111111
Strep_C7617	1	11.11111111111111
Strep_C7619	1	11.11111111111111
Strep_C7566	1	11.11111111111111
Strep_C755	1	11.11111111111111
Strep_C7558	1	11.11111111111111
Strep_C7557	1	11.11111111111111
Strep_C7504	1	11.11111111111111
Strep_C7506	1	11.11111111111111
Strep_C7507	1	11.11111111111111
Strep_C7508	1	11.11111111111111
Strep_C7509	1	11.11111111111111
Strep_C7510	1	11.11111111111111
Strep_C7514	1	11.11111111111111
Strep_C7526	1	11.11111111111111
Strep_C7528	1	11.11111111111111
Strep_C7529	1	11.11111111111111
Strep_C752	1	11.11111111111111
Strep_C7532	1	11.11111111111111
Strep_C7533	1	11.11111111111111
Strep_C7534	1	11.11111111111111
Strep_C7536	1	11.11111111111111
Strep_C7537	1	11.11111111111111
Strep_C7539	1	11.11111111111111
Strep_C753	1	11.11111111111111
Strep_C7540	1	11.11111111111111
Strep_C7541	1	11.11111111111111
Strep_C7542	1	11.11111111111111
Strep_C7543	1	11.11111111111111
Strep_C7544	1	11.11111111111111
Strep_C7545	1	11.11111111111111
Strep_C7546	1	11.11111111111111
Strep_C7547	1	11.11111111111111
Strep_C754	1	11.11111111111111
Strep_C7554	1	11.11111111111111
Strep_C7556	1	11.11111111111111
Strep_C7380	1	11.11111111111111
Strep_C7379	1	11.11111111111111
Strep_C7378	1	11.11111111111111
Strep_C7235	1	11.11111111111111
Strep_C71	1	11.11111111111111
Strep_C7200	1	11.11111111111111
Strep_C7201	1	11.11111111111111
Strep_C7202	1	11.11111111111111
Strep_C7204	1	11.11111111111111
Strep_C7208	1	11.11111111111111
Strep_C7212	1	11.11111111111111
Strep_C7214	1	11.11111111111111
Strep_C7215	1	11.11111111111111
Strep_C7216	1	11.11111111111111
Strep_C721	1	11.11111111111111
Strep_C722	1	11.11111111111111
Strep_C7230	1	11.11111111111111
Strep_C7231	1	11.11111111111111
Strep_C7237	1	11.11111111111111
Strep_C7376	1	11.11111111111111
Strep_C7239	1	11.11111111111111
Strep_C723	1	11.11111111111111
Strep_C7240	1	11.11111111111111
Strep_C7241	1	11.11111111111111
Strep_C7242	1	11.11111111111111
Strep_C7243	1	11.11111111111111
Strep_C7244	1	11.11111111111111
Strep_C7245	1	11.11111111111111
Strep_C7247	1	11.11111111111111
Strep_C7248	1	11.11111111111111
Strep_C7249	1	11.11111111111111
Strep_C7250	1	11.11111111111111
Strep_C7254	1	11.11111111111111
Strep_C7255	1	11.11111111111111
Strep_C719	1	11.11111111111111
Strep_C7199	1	11.11111111111111
Strep_C7198	1	11.11111111111111
Strep_C7195	1	11.11111111111111
Strep_C7143	1	11.11111111111111
Strep_C7144	1	11.11111111111111
Strep_C7146	1	11.11111111111111
Strep_C714	1	11.11111111111111
Strep_C7150	1	11.11111111111111
Strep_C7152	1	11.11111111111111
Strep_C7154	1	11.11111111111111
Strep_C7159	1	11.11111111111111
Strep_C7160	1	11.11111111111111
Strep_C7161	1	11.11111111111111
Strep_C7162	1	11.11111111111111
Strep_C7163	1	11.11111111111111
Strep_C7165	1	11.11111111111111
Strep_C7166	1	11.11111111111111
Strep_C7169	1	11.11111111111111
Strep_C7170	1	11.11111111111111
Strep_C7171	1	11.11111111111111
Strep_C7172	1	11.11111111111111
Strep_C7173	1	11.11111111111111
Strep_C7175	1	11.11111111111111
Strep_C7176	1	11.11111111111111
Strep_C7177	1	11.11111111111111
Strep_C717	1	11.11111111111111
Strep_C7180	1	11.11111111111111
Strep_C7183	1	11.11111111111111
Strep_C7185	1	11.11111111111111
Strep_C7190	1	11.11111111111111
Strep_C7192	1	11.11111111111111
Strep_C7194	1	11.11111111111111
Strep_C7259	1	11.11111111111111
Strep_C7261	1	11.11111111111111
Strep_C7262	1	11.11111111111111
Strep_C7327	1	11.11111111111111
Strep_C7329	1	11.11111111111111
Strep_C7330	1	11.11111111111111
Strep_C7331	1	11.11111111111111
Strep_C7332	1	11.11111111111111
Strep_C7333	1	11.11111111111111
Strep_C7334	1	11.11111111111111
Strep_C7335	1	11.11111111111111
Strep_C7337	1	11.11111111111111
Strep_C7338	1	11.11111111111111
Strep_C7339	1	11.11111111111111
Strep_C7340	1	11.11111111111111
Strep_C7341	1	11.11111111111111
Strep_C7342	1	11.11111111111111
Strep_C7343	1	11.11111111111111
Strep_C7347	1	11.11111111111111
Strep_C7348	1	11.11111111111111
Strep_C734	1	11.11111111111111
Strep_C7351	1	11.11111111111111
Strep_C7354	1	11.11111111111111
Strep_C7355	1	11.11111111111111
Strep_C7356	1	11.11111111111111
Strep_C7358	1	11.11111111111111
Strep_C7359	1	11.11111111111111
Strep_C7363	1	11.11111111111111
Strep_C7368	1	11.11111111111111
Strep_C7370	1	11.11111111111111
Strep_C7371	1	11.11111111111111
Strep_C7372	1	11.11111111111111
Strep_C7373	1	11.11111111111111
Strep_C7328	1	11.11111111111111
Strep_C7326	1	11.11111111111111
Strep_C7263	1	11.11111111111111
Strep_C7310	1	11.11111111111111
Strep_C7264	1	11.11111111111111
Strep_C7267	1	11.11111111111111
Strep_C7268	1	11.11111111111111
Strep_C7269	1	11.11111111111111
Strep_C7270	1	11.11111111111111
Strep_C7274	1	11.11111111111111
Strep_C7279	1	11.11111111111111
Strep_C727	1	11.11111111111111
Strep_C7281	1	11.11111111111111
Strep_C7283	1	11.11111111111111
Strep_C7286	1	11.11111111111111
Strep_C7287	1	11.11111111111111
Strep_C7289	1	11.11111111111111
Strep_C7290	1	11.11111111111111
Strep_C7291	1	11.11111111111111
Strep_C7292	1	11.11111111111111
Strep_C7293	1	11.11111111111111
Strep_C7294	1	11.11111111111111
Strep_C7295	1	11.11111111111111
Strep_C7299	1	11.11111111111111
Strep_C72	1	11.11111111111111
Strep_C7300	1	11.11111111111111
Strep_C7301	1	11.11111111111111
Strep_C7303	1	11.11111111111111
Strep_C7304	1	11.11111111111111
Strep_C7306	1	11.11111111111111
Strep_C7307	1	11.11111111111111
Strep_C7308	1	11.11111111111111
Strep_C730	1	11.11111111111111
Strep_C7620	1	11.11111111111111
Strep_C7623	1	11.11111111111111
Strep_C6192	1	11.11111111111111
Strep_C793	1	11.11111111111111
Strep_C7909	1	11.11111111111111
Strep_C7910	1	11.11111111111111
Strep_C7911	1	11.11111111111111
Strep_C7914	1	11.11111111111111
Strep_C7916	1	11.11111111111111
Strep_C7917	1	11.11111111111111
Strep_C791	1	11.11111111111111
Strep_C7920	1	11.11111111111111
Strep_C7921	1	11.11111111111111
Strep_C7924	1	11.11111111111111
Strep_C7926	1	11.11111111111111
Strep_C7927	1	11.11111111111111
Strep_C7937	1	11.11111111111111
Strep_C7939	1	11.11111111111111
Strep_C7940	1	11.11111111111111
Strep_C7964	1	11.11111111111111
Strep_C7941	1	11.11111111111111
Strep_C7942	1	11.11111111111111
Strep_C7943	1	11.11111111111111
Strep_C7944	1	11.11111111111111
Strep_C7945	1	11.11111111111111
Strep_C7946	1	11.11111111111111
Strep_C7947	1	11.11111111111111
Strep_C7948	1	11.11111111111111
Strep_C7949	1	11.11111111111111
Strep_C794	1	11.11111111111111
Strep_C7950	1	11.11111111111111
Strep_C7951	1	11.11111111111111
Strep_C7957	1	11.11111111111111
Strep_C7958	1	11.11111111111111
Strep_C7908	1	11.11111111111111
Strep_C7907	1	11.11111111111111
Strep_C7906	1	11.11111111111111
Strep_C7904	1	11.11111111111111
Strep_C7853	1	11.11111111111111
Strep_C7856	1	11.11111111111111
Strep_C7858	1	11.11111111111111
Strep_C7859	1	11.11111111111111
Strep_C7860	1	11.11111111111111
Strep_C7861	1	11.11111111111111
Strep_C7862	1	11.11111111111111
Strep_C7863	1	11.11111111111111
Strep_C7865	1	11.11111111111111
Strep_C7866	1	11.11111111111111
Strep_C7868	1	11.11111111111111
Strep_C7870	1	11.11111111111111
Strep_C7871	1	11.11111111111111
Strep_C7872	1	11.11111111111111
Strep_C7874	1	11.11111111111111
Strep_C7875	1	11.11111111111111
Strep_C7876	1	11.11111111111111
Strep_C7877	1	11.11111111111111
Strep_C7878	1	11.11111111111111
Strep_C787	1	11.11111111111111
Strep_C7880	1	11.11111111111111
Strep_C7881	1	11.11111111111111
Strep_C7883	1	11.11111111111111
Strep_C788	1	11.11111111111111
Strep_C7897	1	11.11111111111111
Strep_C78	1	11.11111111111111
Strep_C7900	1	11.11111111111111
Strep_C7901	1	11.11111111111111
Strep_C7902	1	11.11111111111111
Strep_C7963	1	11.11111111111111
Strep_C7968	1	11.11111111111111
Strep_C7624	1	11.11111111111111
Strep_C8056	1	11.11111111111111
Strep_C8031	1	11.11111111111111
Strep_C8033	1	11.11111111111111
Strep_C8034	1	11.11111111111111
Strep_C8036	1	11.11111111111111
Strep_C8039	1	11.11111111111111
Strep_C803	1	11.11111111111111
Strep_C8040	1	11.11111111111111
Strep_C8043	1	11.11111111111111
Strep_C8044	1	11.11111111111111
Strep_C8045	1	11.11111111111111
Strep_C8046	1	11.11111111111111
Strep_C8047	1	11.11111111111111
Strep_C804	1	11.11111111111111
Strep_C8055	1	11.11111111111111
Strep_C8058	1	11.11111111111111
Strep_C7969	1	11.11111111111111
Strep_C8059	1	11.11111111111111
Strep_C8061	1	11.11111111111111
Strep_C8063	1	11.11111111111111
Strep_C8069	1	11.11111111111111
Strep_C8073	1	11.11111111111111
Strep_C8074	1	11.11111111111111
Strep_C8075	1	11.11111111111111
Strep_C8079	1	11.11111111111111
Strep_C8080	1	11.11111111111111
Strep_C8081	1	11.11111111111111
Strep_C8083	1	11.11111111111111
Strep_C8086	1	11.11111111111111
Strep_C8087	1	11.11111111111111
Strep_C8092	1	11.11111111111111
Strep_C802	1	11.11111111111111
Strep_C8029	1	11.11111111111111
Strep_C801	1	11.11111111111111
Strep_C8017	1	11.11111111111111
Strep_C796	1	11.11111111111111
Strep_C7970	1	11.11111111111111
Strep_C7971	1	11.11111111111111
Strep_C7972	1	11.11111111111111
Strep_C7973	1	11.11111111111111
Strep_C7974	1	11.11111111111111
Strep_C7977	1	11.11111111111111
Strep_C7978	1	11.11111111111111
Strep_C7984	1	11.11111111111111
Strep_C7988	1	11.11111111111111
Strep_C7989	1	11.11111111111111
Strep_C7990	1	11.11111111111111
Strep_C7991	1	11.11111111111111
Strep_C7992	1	11.11111111111111
Strep_C7993	1	11.11111111111111
Strep_C7994	1	11.11111111111111
Strep_C7995	1	11.11111111111111
Strep_C7996	1	11.11111111111111
Strep_C7997	1	11.11111111111111
Strep_C7998	1	11.11111111111111
Strep_C7999	1	11.11111111111111
Strep_C79	1	11.11111111111111
Strep_C7	1	11.11111111111111
Strep_C8001	1	11.11111111111111
Strep_C8002	1	11.11111111111111
Strep_C8010	1	11.11111111111111
Strep_C8012	1	11.11111111111111
Strep_C8014	1	11.11111111111111
Strep_C8015	1	11.11111111111111
Strep_C7851	1	11.11111111111111
Strep_C784	1	11.11111111111111
Strep_C7849	1	11.11111111111111
Strep_C7708	1	11.11111111111111
Strep_C7682	1	11.11111111111111
Strep_C768	1	11.11111111111111
Strep_C7697	1	11.11111111111111
Strep_C7698	1	11.11111111111111
Strep_C7699	1	11.11111111111111
Strep_C769	1	11.11111111111111
Strep_C76	1	11.11111111111111
Strep_C7700	1	11.11111111111111
Strep_C7701	1	11.11111111111111
Strep_C7703	1	11.11111111111111
Strep_C7704	1	11.11111111111111
Strep_C7705	1	11.11111111111111
Strep_C7706	1	11.11111111111111
Strep_C7707	1	11.11111111111111
Strep_C7709	1	11.11111111111111
Strep_C7848	1	11.11111111111111
Strep_C770	1	11.11111111111111
Strep_C7710	1	11.11111111111111
Strep_C7715	1	11.11111111111111
Strep_C7716	1	11.11111111111111
Strep_C7717	1	11.11111111111111
Strep_C7718	1	11.11111111111111
Strep_C7719	1	11.11111111111111
Strep_C7721	1	11.11111111111111
Strep_C7722	1	11.11111111111111
Strep_C7723	1	11.11111111111111
Strep_C7725	1	11.11111111111111
Strep_C7734	1	11.11111111111111
Strep_C7735	1	11.11111111111111
Strep_C7736	1	11.11111111111111
Strep_C7681	1	11.11111111111111
Strep_C7680	1	11.11111111111111
Strep_C7679	1	11.11111111111111
Strep_C7678	1	11.11111111111111
Strep_C7626	1	11.11111111111111
Strep_C7628	1	11.11111111111111
Strep_C7629	1	11.11111111111111
Strep_C762	1	11.11111111111111
Strep_C7632	1	11.11111111111111
Strep_C7633	1	11.11111111111111
Strep_C7634	1	11.11111111111111
Strep_C7635	1	11.11111111111111
Strep_C7636	1	11.11111111111111
Strep_C7639	1	11.11111111111111
Strep_C763	1	11.11111111111111
Strep_C7640	1	11.11111111111111
Strep_C7641	1	11.11111111111111
Strep_C7654	1	11.11111111111111
Strep_C7658	1	11.11111111111111
Strep_C7659	1	11.11111111111111
Strep_C765	1	11.11111111111111
Strep_C7660	1	11.11111111111111
Strep_C7661	1	11.11111111111111
Strep_C7662	1	11.11111111111111
Strep_C7663	1	11.11111111111111
Strep_C7664	1	11.11111111111111
Strep_C7665	1	11.11111111111111
Strep_C7666	1	11.11111111111111
Strep_C7667	1	11.11111111111111
Strep_C766	1	11.11111111111111
Strep_C7671	1	11.11111111111111
Strep_C7672	1	11.11111111111111
Strep_C7675	1	11.11111111111111
Strep_C7737	1	11.11111111111111
Strep_C7738	1	11.11111111111111
Strep_C7739	1	11.11111111111111
Strep_C7791	1	11.11111111111111
Strep_C7798	1	11.11111111111111
Strep_C779	1	11.11111111111111
Strep_C77	1	11.11111111111111
Strep_C7800	1	11.11111111111111
Strep_C7801	1	11.11111111111111
Strep_C7802	1	11.11111111111111
Strep_C7803	1	11.11111111111111
Strep_C7804	1	11.11111111111111
Strep_C7807	1	11.11111111111111
Strep_C780	1	11.11111111111111
Strep_C7810	1	11.11111111111111
Strep_C7812	1	11.11111111111111
Strep_C7815	1	11.11111111111111
Strep_C7818	1	11.11111111111111
Strep_C7819	1	11.11111111111111
Strep_C7820	1	11.11111111111111
Strep_C7821	1	11.11111111111111
Strep_C7824	1	11.11111111111111
Strep_C7825	1	11.11111111111111
Strep_C7826	1	11.11111111111111
Strep_C7827	1	11.11111111111111
Strep_C7828	1	11.11111111111111
Strep_C7829	1	11.11111111111111
Strep_C7836	1	11.11111111111111
Strep_C7838	1	11.11111111111111
Strep_C783	1	11.11111111111111
Strep_C7840	1	11.11111111111111
Strep_C7842	1	11.11111111111111
Strep_C7843	1	11.11111111111111
Strep_C7794	1	11.11111111111111
Strep_C7789	1	11.11111111111111
Strep_C7740	1	11.11111111111111
Strep_C7788	1	11.11111111111111
Strep_C7741	1	11.11111111111111
Strep_C7742	1	11.11111111111111
Strep_C7743	1	11.11111111111111
Strep_C7744	1	11.11111111111111
Strep_C7745	1	11.11111111111111
Strep_C7746	1	11.11111111111111
Strep_C7747	1	11.11111111111111
Strep_C7748	1	11.11111111111111
Strep_C774	1	11.11111111111111
Strep_C7754	1	11.11111111111111
Strep_C7755	1	11.11111111111111
Strep_C7757	1	11.11111111111111
Strep_C7758	1	11.11111111111111
Strep_C7759	1	11.11111111111111
Strep_C7760	1	11.11111111111111
Strep_C7761	1	11.11111111111111
Strep_C7762	1	11.11111111111111
Strep_C7763	1	11.11111111111111
Strep_C776	1	11.11111111111111
Strep_C7770	1	11.11111111111111
Strep_C7773	1	11.11111111111111
Strep_C7775	1	11.11111111111111
Strep_C7779	1	11.11111111111111
Strep_C7781	1	11.11111111111111
Strep_C7782	1	11.11111111111111
Strep_C7783	1	11.11111111111111
Strep_C7784	1	11.11111111111111
Strep_C7786	1	11.11111111111111
Strep_C7787	1	11.11111111111111
Strep_C7140	1	11.11111111111111
Strep_C7137	1	11.11111111111111
Strep_C7130	1	11.11111111111111
Strep_C6499	1	11.11111111111111
Strep_C646	1	11.11111111111111
Strep_C6470	1	11.11111111111111
Strep_C6477	1	11.11111111111111
Strep_C6479	1	11.11111111111111
Strep_C647	1	11.11111111111111
Strep_C6483	1	11.11111111111111
Strep_C648	1	11.11111111111111
Strep_C6490	1	11.11111111111111
Strep_C6491	1	11.11111111111111
Strep_C6494	1	11.11111111111111
Strep_C6495	1	11.11111111111111
Strep_C6496	1	11.11111111111111
Strep_C6497	1	11.11111111111111
Strep_C6498	1	11.11111111111111
Strep_C64	1	11.11111111111111
Strep_C6534	1	11.11111111111111
Strep_C6500	1	11.11111111111111
Strep_C6501	1	11.11111111111111
Strep_C6507	1	11.11111111111111
Strep_C650	1	11.11111111111111
Strep_C6512	1	11.11111111111111
Strep_C6513	1	11.11111111111111
Strep_C6515	1	11.11111111111111
Strep_C6517	1	11.11111111111111
Strep_C6520	1	11.11111111111111
Strep_C6521	1	11.11111111111111
Strep_C6522	1	11.11111111111111
Strep_C6523	1	11.11111111111111
Strep_C6527	1	11.11111111111111
Strep_C6529	1	11.11111111111111
Strep_C6466	1	11.11111111111111
Strep_C6465	1	11.11111111111111
Strep_C6464	1	11.11111111111111
Strep_C6463	1	11.11111111111111
Strep_C641	1	11.11111111111111
Strep_C6420	1	11.11111111111111
Strep_C6421	1	11.11111111111111
Strep_C6423	1	11.11111111111111
Strep_C6424	1	11.11111111111111
Strep_C6425	1	11.11111111111111
Strep_C6426	1	11.11111111111111
Strep_C6427	1	11.11111111111111
Strep_C6428	1	11.11111111111111
Strep_C6429	1	11.11111111111111
Strep_C6430	1	11.11111111111111
Strep_C6431	1	11.11111111111111
Strep_C6432	1	11.11111111111111
Strep_C6433	1	11.11111111111111
Strep_C6434	1	11.11111111111111
Strep_C6436	1	11.11111111111111
Strep_C6437	1	11.11111111111111
Strep_C643	1	11.11111111111111
Strep_C6440	1	11.11111111111111
Strep_C6443	1	11.11111111111111
Strep_C6444	1	11.11111111111111
Strep_C6446	1	11.11111111111111
Strep_C644	1	11.11111111111111
Strep_C6452	1	11.11111111111111
Strep_C6455	1	11.11111111111111
Strep_C6458	1	11.11111111111111
Strep_C645	1	11.11111111111111
Strep_C6460	1	11.11111111111111
Strep_C6462	1	11.11111111111111
Strep_C6531	1	11.11111111111111
Strep_C6535	1	11.11111111111111
Strep_C712	1	11.11111111111111
Strep_C6632	1	11.11111111111111
Strep_C6608	1	11.11111111111111
Strep_C660	1	11.11111111111111
Strep_C6610	1	11.11111111111111
Strep_C6612	1	11.11111111111111
Strep_C6614	1	11.11111111111111
Strep_C6615	1	11.11111111111111
Strep_C6616	1	11.11111111111111
Strep_C6619	1	11.11111111111111
Strep_C661	1	11.11111111111111
Strep_C6620	1	11.11111111111111
Strep_C6626	1	11.11111111111111
Strep_C6628	1	11.11111111111111
Strep_C662	1	11.11111111111111
Strep_C6630	1	11.11111111111111
Strep_C6636	1	11.11111111111111
Strep_C6539	1	11.11111111111111
Strep_C6637	1	11.11111111111111
Strep_C6639	1	11.11111111111111
Strep_C6640	1	11.11111111111111
Strep_C6641	1	11.11111111111111
Strep_C6643	1	11.11111111111111
Strep_C6644	1	11.11111111111111
Strep_C6645	1	11.11111111111111
Strep_C6647	1	11.11111111111111
Strep_C6648	1	11.11111111111111
Strep_C6649	1	11.11111111111111
Strep_C6650	1	11.11111111111111
Strep_C6651	1	11.11111111111111
Strep_C6655	1	11.11111111111111
Strep_C6656	1	11.11111111111111
Strep_C6607	1	11.11111111111111
Strep_C6603	1	11.11111111111111
Strep_C6600	1	11.11111111111111
Strep_C65	1	11.11111111111111
Strep_C653	1	11.11111111111111
Strep_C6542	1	11.11111111111111
Strep_C6544	1	11.11111111111111
Strep_C6549	1	11.11111111111111
Strep_C6550	1	11.11111111111111
Strep_C6552	1	11.11111111111111
Strep_C6553	1	11.11111111111111
Strep_C6555	1	11.11111111111111
Strep_C6558	1	11.11111111111111
Strep_C6559	1	11.11111111111111
Strep_C6560	1	11.11111111111111
Strep_C6561	1	11.11111111111111
Strep_C6562	1	11.11111111111111
Strep_C6573	1	11.11111111111111
Strep_C6576	1	11.11111111111111
Strep_C6579	1	11.11111111111111
Strep_C6581	1	11.11111111111111
Strep_C6584	1	11.11111111111111
Strep_C6585	1	11.11111111111111
Strep_C6586	1	11.11111111111111
Strep_C6587	1	11.11111111111111
Strep_C6588	1	11.11111111111111
Strep_C6589	1	11.11111111111111
Strep_C658	1	11.11111111111111
Strep_C6590	1	11.11111111111111
Strep_C6591	1	11.11111111111111
Strep_C6592	1	11.11111111111111
Strep_C6593	1	11.11111111111111
Strep_C6597	1	11.11111111111111
Strep_C6412	1	11.11111111111111
Strep_C6411	1	11.11111111111111
Strep_C6410	1	11.11111111111111
Strep_C6277	1	11.11111111111111
Strep_C6254	1	11.11111111111111
Strep_C6255	1	11.11111111111111
Strep_C6256	1	11.11111111111111
Strep_C6261	1	11.11111111111111
Strep_C6263	1	11.11111111111111
Strep_C6265	1	11.11111111111111
Strep_C6266	1	11.11111111111111
Strep_C6267	1	11.11111111111111
Strep_C6268	1	11.11111111111111
Strep_C6269	1	11.11111111111111
Strep_C6271	1	11.11111111111111
Strep_C6272	1	11.11111111111111
Strep_C6273	1	11.11111111111111
Strep_C6274	1	11.11111111111111
Strep_C627	1	11.11111111111111
Strep_C640	1	11.11111111111111
Strep_C6283	1	11.11111111111111
Strep_C6284	1	11.11111111111111
Strep_C6285	1	11.11111111111111
Strep_C6286	1	11.11111111111111
Strep_C6287	1	11.11111111111111
Strep_C6288	1	11.11111111111111
Strep_C6289	1	11.11111111111111
Strep_C628	1	11.11111111111111
Strep_C6290	1	11.11111111111111
Strep_C6291	1	11.11111111111111
Strep_C6292	1	11.11111111111111
Strep_C6296	1	11.11111111111111
Strep_C6297	1	11.11111111111111
Strep_C6298	1	11.11111111111111
Strep_C6252	1	11.11111111111111
Strep_C6251	1	11.11111111111111
Strep_C624	1	11.11111111111111
Strep_C6249	1	11.11111111111111
Strep_C6194	1	11.11111111111111
Strep_C6195	1	11.11111111111111
Strep_C6198	1	11.11111111111111
Strep_C6199	1	11.11111111111111
Strep_C619	1	11.11111111111111
Strep_C61	1	11.11111111111111
Strep_C6200	1	11.11111111111111
Strep_C6201	1	11.11111111111111
Strep_C6202	1	11.11111111111111
Strep_C6203	1	11.11111111111111
Strep_C6207	1	11.11111111111111
Strep_C620	1	11.11111111111111
Strep_C6210	1	11.11111111111111
Strep_C6215	1	11.11111111111111
Strep_C6224	1	11.11111111111111
Strep_C6226	1	11.11111111111111
Strep_C6231	1	11.11111111111111
Strep_C6232	1	11.11111111111111
Strep_C6233	1	11.11111111111111
Strep_C6235	1	11.11111111111111
Strep_C6236	1	11.11111111111111
Strep_C6237	1	11.11111111111111
Strep_C6238	1	11.11111111111111
Strep_C6239	1	11.11111111111111
Strep_C623	1	11.11111111111111
Strep_C6242	1	11.11111111111111
Strep_C6246	1	11.11111111111111
Strep_C6247	1	11.11111111111111
Strep_C6248	1	11.11111111111111
Strep_C629	1	11.11111111111111
Strep_C62	1	11.11111111111111
Strep_C6300	1	11.11111111111111
Strep_C6356	1	11.11111111111111
Strep_C6358	1	11.11111111111111
Strep_C6359	1	11.11111111111111
Strep_C635	1	11.11111111111111
Strep_C6360	1	11.11111111111111
Strep_C6363	1	11.11111111111111
Strep_C6368	1	11.11111111111111
Strep_C636	1	11.11111111111111
Strep_C6370	1	11.11111111111111
Strep_C6371	1	11.11111111111111
Strep_C6373	1	11.11111111111111
Strep_C6374	1	11.11111111111111
Strep_C6376	1	11.11111111111111
Strep_C6378	1	11.11111111111111
Strep_C637	1	11.11111111111111
Strep_C6384	1	11.11111111111111
Strep_C6387	1	11.11111111111111
Strep_C6389	1	11.11111111111111
Strep_C6390	1	11.11111111111111
Strep_C6393	1	11.11111111111111
Strep_C6394	1	11.11111111111111
Strep_C6395	1	11.11111111111111
Strep_C6396	1	11.11111111111111
Strep_C6399	1	11.11111111111111
Strep_C639	1	11.11111111111111
Strep_C63	1	11.11111111111111
Strep_C6402	1	11.11111111111111
Strep_C6404	1	11.11111111111111
Strep_C6405	1	11.11111111111111
Strep_C6407	1	11.11111111111111
Strep_C6357	1	11.11111111111111
Strep_C6355	1	11.11111111111111
Strep_C6301	1	11.11111111111111
Strep_C6354	1	11.11111111111111
Strep_C6302	1	11.11111111111111
Strep_C6306	1	11.11111111111111
Strep_C6308	1	11.11111111111111
Strep_C6309	1	11.11111111111111
Strep_C6310	1	11.11111111111111
Strep_C6312	1	11.11111111111111
Strep_C6313	1	11.11111111111111
Strep_C6314	1	11.11111111111111
Strep_C6315	1	11.11111111111111
Strep_C6316	1	11.11111111111111
Strep_C6317	1	11.11111111111111
Strep_C6318	1	11.11111111111111
Strep_C631	1	11.11111111111111
Strep_C6324	1	11.11111111111111
Strep_C6325	1	11.11111111111111
Strep_C6328	1	11.11111111111111
Strep_C6329	1	11.11111111111111
Strep_C632	1	11.11111111111111
Strep_C6331	1	11.11111111111111
Strep_C6332	1	11.11111111111111
Strep_C6333	1	11.11111111111111
Strep_C6334	1	11.11111111111111
Strep_C6335	1	11.11111111111111
Strep_C6336	1	11.11111111111111
Strep_C6337	1	11.11111111111111
Strep_C6344	1	11.11111111111111
Strep_C6345	1	11.11111111111111
Strep_C6348	1	11.11111111111111
Strep_C6352	1	11.11111111111111
Strep_C665	1	11.11111111111111
Strep_C6661	1	11.11111111111111
Strep_C6662	1	11.11111111111111
Strep_C6999	1	11.11111111111111
Strep_C6978	1	11.11111111111111
Strep_C6979	1	11.11111111111111
Strep_C697	1	11.11111111111111
Strep_C6980	1	11.11111111111111
Strep_C6981	1	11.11111111111111
Strep_C6982	1	11.11111111111111
Strep_C6984	1	11.11111111111111
Strep_C6985	1	11.11111111111111
Strep_C6992	1	11.11111111111111
Strep_C6994	1	11.11111111111111
Strep_C6995	1	11.11111111111111
Strep_C6996	1	11.11111111111111
Strep_C6997	1	11.11111111111111
Strep_C6998	1	11.11111111111111
Strep_C69	1	11.11111111111111
Strep_C6917	1	11.11111111111111
Strep_C6	1	11.11111111111111
Strep_C7003	1	11.11111111111111
Strep_C7004	1	11.11111111111111
Strep_C7005	1	11.11111111111111
Strep_C7006	1	11.11111111111111
Strep_C7007	1	11.11111111111111
Strep_C7008	1	11.11111111111111
Strep_C700	1	11.11111111111111
Strep_C7010	1	11.11111111111111
Strep_C7011	1	11.11111111111111
Strep_C7016	1	11.11111111111111
Strep_C7019	1	11.11111111111111
Strep_C701	1	11.11111111111111
Strep_C7020	1	11.11111111111111
Strep_C6977	1	11.11111111111111
Strep_C6975	1	11.11111111111111
Strep_C696	1	11.11111111111111
Strep_C6968	1	11.11111111111111
Strep_C6919	1	11.11111111111111
Strep_C6922	1	11.11111111111111
Strep_C6925	1	11.11111111111111
Strep_C6927	1	11.11111111111111
Strep_C6928	1	11.11111111111111
Strep_C6929	1	11.11111111111111
Strep_C692	1	11.11111111111111
Strep_C6930	1	11.11111111111111
Strep_C6931	1	11.11111111111111
Strep_C6932	1	11.11111111111111
Strep_C6933	1	11.11111111111111
Strep_C6934	1	11.11111111111111
Strep_C6935	1	11.11111111111111
Strep_C6936	1	11.11111111111111
Strep_C693	1	11.11111111111111
Strep_C6942	1	11.11111111111111
Strep_C6944	1	11.11111111111111
Strep_C6946	1	11.11111111111111
Strep_C694	1	11.11111111111111
Strep_C6950	1	11.11111111111111
Strep_C6952	1	11.11111111111111
Strep_C6953	1	11.11111111111111
Strep_C6954	1	11.11111111111111
Strep_C6955	1	11.11111111111111
Strep_C6956	1	11.11111111111111
Strep_C6958	1	11.11111111111111
Strep_C6959	1	11.11111111111111
Strep_C695	1	11.11111111111111
Strep_C6967	1	11.11111111111111
Strep_C7022	1	11.11111111111111
Strep_C7023	1	11.11111111111111
Strep_C7024	1	11.11111111111111
Strep_C7075	1	11.11111111111111
Strep_C7078	1	11.11111111111111
Strep_C707	1	11.11111111111111
Strep_C7085	1	11.11111111111111
Strep_C7088	1	11.11111111111111
Strep_C708	1	11.11111111111111
Strep_C7090	1	11.11111111111111
Strep_C7093	1	11.11111111111111
Strep_C7094	1	11.11111111111111
Strep_C7095	1	11.11111111111111
Strep_C7097	1	11.11111111111111
Strep_C7099	1	11.11111111111111
Strep_C70	1	11.11111111111111
Strep_C7100	1	11.11111111111111
Strep_C7101	1	11.11111111111111
Strep_C7102	1	11.11111111111111
Strep_C710	1	11.11111111111111
Strep_C7111	1	11.11111111111111
Strep_C7112	1	11.11111111111111
Strep_C7114	1	11.11111111111111
Strep_C7116	1	11.11111111111111
Strep_C7117	1	11.11111111111111
Strep_C7118	1	11.11111111111111
Strep_C7120	1	11.11111111111111
Strep_C7121	1	11.11111111111111
Strep_C7122	1	11.11111111111111
Strep_C7124	1	11.11111111111111
Strep_C7125	1	11.11111111111111
Strep_C7126	1	11.11111111111111
Strep_C7127	1	11.11111111111111
Strep_C7076	1	11.11111111111111
Strep_C7074	1	11.11111111111111
Strep_C7026	1	11.11111111111111
Strep_C7073	1	11.11111111111111
Strep_C7029	1	11.11111111111111
Strep_C702	1	11.11111111111111
Strep_C7030	1	11.11111111111111
Strep_C7031	1	11.11111111111111
Strep_C7033	1	11.11111111111111
Strep_C7034	1	11.11111111111111
Strep_C7036	1	11.11111111111111
Strep_C7037	1	11.11111111111111
Strep_C7038	1	11.11111111111111
Strep_C7039	1	11.11111111111111
Strep_C703	1	11.11111111111111
Strep_C7040	1	11.11111111111111
Strep_C7041	1	11.11111111111111
Strep_C7042	1	11.11111111111111
Strep_C7043	1	11.11111111111111
Strep_C7049	1	11.11111111111111
Strep_C704	1	11.11111111111111
Strep_C7051	1	11.11111111111111
Strep_C7052	1	11.11111111111111
Strep_C7053	1	11.11111111111111
Strep_C7054	1	11.11111111111111
Strep_C7062	1	11.11111111111111
Strep_C7063	1	11.11111111111111
Strep_C7064	1	11.11111111111111
Strep_C7067	1	11.11111111111111
Strep_C7069	1	11.11111111111111
Strep_C706	1	11.11111111111111
Strep_C7071	1	11.11111111111111
Strep_C7072	1	11.11111111111111
Strep_C6918	1	11.11111111111111
Strep_C6915	1	11.11111111111111
Strep_C6664	1	11.11111111111111
Strep_C6750	1	11.11111111111111
Strep_C6733	1	11.11111111111111
Strep_C6734	1	11.11111111111111
Strep_C6735	1	11.11111111111111
Strep_C6736	1	11.11111111111111
Strep_C6737	1	11.11111111111111
Strep_C6738	1	11.11111111111111
Strep_C6739	1	11.11111111111111
Strep_C673	1	11.11111111111111
Strep_C6740	1	11.11111111111111
Strep_C6741	1	11.11111111111111
Strep_C6746	1	11.11111111111111
Strep_C6748	1	11.11111111111111
Strep_C6749	1	11.11111111111111
Strep_C674	1	11.11111111111111
Strep_C6753	1	11.11111111111111
Strep_C6914	1	11.11111111111111
Strep_C6754	1	11.11111111111111
Strep_C6756	1	11.11111111111111
Strep_C6757	1	11.11111111111111
Strep_C6758	1	11.11111111111111
Strep_C675	1	11.11111111111111
Strep_C6765	1	11.11111111111111
Strep_C6766	1	11.11111111111111
Strep_C6770	1	11.11111111111111
Strep_C6773	1	11.11111111111111
Strep_C6775	1	11.11111111111111
Strep_C6776	1	11.11111111111111
Strep_C6777	1	11.11111111111111
Strep_C6778	1	11.11111111111111
Strep_C6781	1	11.11111111111111
Strep_C6732	1	11.11111111111111
Strep_C6730	1	11.11111111111111
Strep_C672	1	11.11111111111111
Strep_C6728	1	11.11111111111111
Strep_C6665	1	11.11111111111111
Strep_C6666	1	11.11111111111111
Strep_C666	1	11.11111111111111
Strep_C6675	1	11.11111111111111
Strep_C667	1	11.11111111111111
Strep_C6680	1	11.11111111111111
Strep_C6681	1	11.11111111111111
Strep_C6683	1	11.11111111111111
Strep_C6691	1	11.11111111111111
Strep_C6692	1	11.11111111111111
Strep_C6693	1	11.11111111111111
Strep_C6695	1	11.11111111111111
Strep_C6696	1	11.11111111111111
Strep_C6697	1	11.11111111111111
Strep_C6698	1	11.11111111111111
Strep_C6699	1	11.11111111111111
Strep_C66	1	11.11111111111111
Strep_C6704	1	11.11111111111111
Strep_C6707	1	11.11111111111111
Strep_C6708	1	11.11111111111111
Strep_C670	1	11.11111111111111
Strep_C6710	1	11.11111111111111
Strep_C6713	1	11.11111111111111
Strep_C6714	1	11.11111111111111
Strep_C6715	1	11.11111111111111
Strep_C671	1	11.11111111111111
Strep_C6724	1	11.11111111111111
Strep_C6725	1	11.11111111111111
Strep_C6726	1	11.11111111111111
Strep_C6784	1	11.11111111111111
Strep_C6785	1	11.11111111111111
Strep_C6788	1	11.11111111111111
Strep_C6851	1	11.11111111111111
Strep_C6853	1	11.11111111111111
Strep_C6854	1	11.11111111111111
Strep_C6856	1	11.11111111111111
Strep_C685	1	11.11111111111111
Strep_C6864	1	11.11111111111111
Strep_C6865	1	11.11111111111111
Strep_C6867	1	11.11111111111111
Strep_C6868	1	11.11111111111111
Strep_C686	1	11.11111111111111
Strep_C6870	1	11.11111111111111
Strep_C6871	1	11.11111111111111
Strep_C6874	1	11.11111111111111
Strep_C6884	1	11.11111111111111
Strep_C688	1	11.11111111111111
Strep_C6891	1	11.11111111111111
Strep_C6894	1	11.11111111111111
Strep_C6896	1	11.11111111111111
Strep_C6897	1	11.11111111111111
Strep_C6899	1	11.11111111111111
Strep_C689	1	11.11111111111111
Strep_C68	1	11.11111111111111
Strep_C6901	1	11.11111111111111
Strep_C6902	1	11.11111111111111
Strep_C6903	1	11.11111111111111
Strep_C6907	1	11.11111111111111
Strep_C6909	1	11.11111111111111
Strep_C690	1	11.11111111111111
Strep_C6910	1	11.11111111111111
Strep_C6913	1	11.11111111111111
Strep_C6852	1	11.11111111111111
Strep_C6850	1	11.11111111111111
Strep_C678	1	11.11111111111111
Strep_C684	1	11.11111111111111
Strep_C6795	1	11.11111111111111
Strep_C6796	1	11.11111111111111
Strep_C67	1	11.11111111111111
Strep_C6800	1	11.11111111111111
Strep_C6802	1	11.11111111111111
Strep_C6804	1	11.11111111111111
Strep_C6807	1	11.11111111111111
Strep_C6808	1	11.11111111111111
Strep_C6809	1	11.11111111111111
Strep_C680	1	11.11111111111111
Strep_C6811	1	11.11111111111111
Strep_C6812	1	11.11111111111111
Strep_C6813	1	11.11111111111111
Strep_C6819	1	11.11111111111111
Strep_C6821	1	11.11111111111111
Strep_C6822	1	11.11111111111111
Strep_C6823	1	11.11111111111111
Strep_C6825	1	11.11111111111111
Strep_C6826	1	11.11111111111111
Strep_C6828	1	11.11111111111111
Strep_C6829	1	11.11111111111111
Strep_C682	1	11.11111111111111
Strep_C6830	1	11.11111111111111
Strep_C6831	1	11.11111111111111
Strep_C683	1	11.11111111111111
Strep_C6840	1	11.11111111111111
Strep_C6846	1	11.11111111111111
Strep_C6848	1	11.11111111111111
Strep_C6849	1	11.11111111111111
Strep_C8093	1	11.11111111111111
Strep_C8094	1	11.11111111111111
Strep_C8095	1	11.11111111111111
Strep_C9363	1	11.11111111111111
Strep_C9342	1	11.11111111111111
Strep_C9343	1	11.11111111111111
Strep_C9344	1	11.11111111111111
Strep_C9346	1	11.11111111111111
Strep_C9347	1	11.11111111111111
Strep_C9348	1	11.11111111111111
Strep_C9349	1	11.11111111111111
Strep_C934	1	11.11111111111111
Strep_C9350	1	11.11111111111111
Strep_C9351	1	11.11111111111111
Strep_C9352	1	11.11111111111111
Strep_C9353	1	11.11111111111111
Strep_C9361	1	11.11111111111111
Strep_C9362	1	11.11111111111111
Strep_C9364	1	11.11111111111111
Strep_C938	1	11.11111111111111
Strep_C9366	1	11.11111111111111
Strep_C9367	1	11.11111111111111
Strep_C9368	1	11.11111111111111
Strep_C9369	1	11.11111111111111
Strep_C9370	1	11.11111111111111
Strep_C9372	1	11.11111111111111
Strep_C9374	1	11.11111111111111
Strep_C9375	1	11.11111111111111
Strep_C9377	1	11.11111111111111
Strep_C9378	1	11.11111111111111
Strep_C9379	1	11.11111111111111
Strep_C937	1	11.11111111111111
Strep_C9384	1	11.11111111111111
Strep_C9385	1	11.11111111111111
Strep_C9341	1	11.11111111111111
Strep_C9340	1	11.11111111111111
Strep_C9336	1	11.11111111111111
Strep_C9334	1	11.11111111111111
Strep_C9275	1	11.11111111111111
Strep_C9276	1	11.11111111111111
Strep_C9277	1	11.11111111111111
Strep_C927	1	11.11111111111111
Strep_C9282	1	11.11111111111111
Strep_C9283	1	11.11111111111111
Strep_C9284	1	11.11111111111111
Strep_C9286	1	11.11111111111111
Strep_C9287	1	11.11111111111111
Strep_C9289	1	11.11111111111111
Strep_C9293	1	11.11111111111111
Strep_C9298	1	11.11111111111111
Strep_C929	1	11.11111111111111
Strep_C92	1	11.11111111111111
Strep_C9301	1	11.11111111111111
Strep_C9304	1	11.11111111111111
Strep_C9305	1	11.11111111111111
Strep_C9306	1	11.11111111111111
Strep_C9313	1	11.11111111111111
Strep_C9315	1	11.11111111111111
Strep_C9316	1	11.11111111111111
Strep_C9322	1	11.11111111111111
Strep_C9325	1	11.11111111111111
Strep_C9326	1	11.11111111111111
Strep_C9328	1	11.11111111111111
Strep_C9329	1	11.11111111111111
Strep_C9330	1	11.11111111111111
Strep_C9331	1	11.11111111111111
Strep_C9332	1	11.11111111111111
Strep_C9388	1	11.11111111111111
Strep_C9391	1	11.11111111111111
Strep_C9040	1	11.11111111111111
Strep_C9488	1	11.11111111111111
Strep_C945	1	11.11111111111111
Strep_C9464	1	11.11111111111111
Strep_C9465	1	11.11111111111111
Strep_C9466	1	11.11111111111111
Strep_C9469	1	11.11111111111111
Strep_C9470	1	11.11111111111111
Strep_C9473	1	11.11111111111111
Strep_C9474	1	11.11111111111111
Strep_C9476	1	11.11111111111111
Strep_C9478	1	11.11111111111111
Strep_C947	1	11.11111111111111
Strep_C9481	1	11.11111111111111
Strep_C9482	1	11.11111111111111
Strep_C9486	1	11.11111111111111
Strep_C9489	1	11.11111111111111
Strep_C9392	1	11.11111111111111
Strep_C9490	1	11.11111111111111
Strep_C9491	1	11.11111111111111
Strep_C9492	1	11.11111111111111
Strep_C9494	1	11.11111111111111
Strep_C9496	1	11.11111111111111
Strep_C9498	1	11.11111111111111
Strep_C9499	1	11.11111111111111
Strep_C949	1	11.11111111111111
Strep_C94	1	11.11111111111111
Strep_C9501	1	11.11111111111111
Strep_C9502	1	11.11111111111111
Strep_C9510	1	11.11111111111111
Strep_C9513	1	11.11111111111111
Strep_C9517	1	11.11111111111111
Strep_C9459	1	11.11111111111111
Strep_C9458	1	11.11111111111111
Strep_C9457	1	11.11111111111111
Strep_C9455	1	11.11111111111111
Strep_C9393	1	11.11111111111111
Strep_C9394	1	11.11111111111111
Strep_C9399	1	11.11111111111111
Strep_C939	1	11.11111111111111
Strep_C9405	1	11.11111111111111
Strep_C9406	1	11.11111111111111
Strep_C9408	1	11.11111111111111
Strep_C940	1	11.11111111111111
Strep_C9411	1	11.11111111111111
Strep_C9414	1	11.11111111111111
Strep_C9415	1	11.11111111111111
Strep_C9416	1	11.11111111111111
Strep_C941	1	11.11111111111111
Strep_C9421	1	11.11111111111111
Strep_C9423	1	11.11111111111111
Strep_C9424	1	11.11111111111111
Strep_C9425	1	11.11111111111111
Strep_C9426	1	11.11111111111111
Strep_C9428	1	11.11111111111111
Strep_C9429	1	11.11111111111111
Strep_C9430	1	11.11111111111111
Strep_C9431	1	11.11111111111111
Strep_C9437	1	11.11111111111111
Strep_C9440	1	11.11111111111111
Strep_C9441	1	11.11111111111111
Strep_C9447	1	11.11111111111111
Strep_C9448	1	11.11111111111111
Strep_C9449	1	11.11111111111111
Strep_C9450	1	11.11111111111111
Strep_C9273	1	11.11111111111111
Strep_C9270	1	11.11111111111111
Strep_C9267	1	11.11111111111111
Strep_C910	1	11.11111111111111
Strep_C9087	1	11.11111111111111
Strep_C9088	1	11.11111111111111
Strep_C908	1	11.11111111111111
Strep_C9092	1	11.11111111111111
Strep_C9094	1	11.11111111111111
Strep_C909	1	11.11111111111111
Strep_C9102	1	11.11111111111111
Strep_C9103	1	11.11111111111111
Strep_C9104	1	11.11111111111111
Strep_C9105	1	11.11111111111111
Strep_C9106	1	11.11111111111111
Strep_C9107	1	11.11111111111111
Strep_C9108	1	11.11111111111111
Strep_C9109	1	11.11111111111111
Strep_C9110	1	11.11111111111111
Strep_C9266	1	11.11111111111111
Strep_C9111	1	11.11111111111111
Strep_C9113	1	11.11111111111111
Strep_C9120	1	11.11111111111111
Strep_C9121	1	11.11111111111111
Strep_C9127	1	11.11111111111111
Strep_C912	1	11.11111111111111
Strep_C9133	1	11.11111111111111
Strep_C9136	1	11.11111111111111
Strep_C9137	1	11.11111111111111
Strep_C9139	1	11.11111111111111
Strep_C913	1	11.11111111111111
Strep_C9140	1	11.11111111111111
Strep_C9141	1	11.11111111111111
Strep_C9143	1	11.11111111111111
Strep_C9086	1	11.11111111111111
Strep_C9085	1	11.11111111111111
Strep_C9084	1	11.11111111111111
Strep_C9083	1	11.11111111111111
Strep_C9043	1	11.11111111111111
Strep_C9048	1	11.11111111111111
Strep_C9049	1	11.11111111111111
Strep_C904	1	11.11111111111111
Strep_C9051	1	11.11111111111111
Strep_C9054	1	11.11111111111111
Strep_C9055	1	11.11111111111111
Strep_C9056	1	11.11111111111111
Strep_C9057	1	11.11111111111111
Strep_C9059	1	11.11111111111111
Strep_C9060	1	11.11111111111111
Strep_C9061	1	11.11111111111111
Strep_C9062	1	11.11111111111111
Strep_C9063	1	11.11111111111111
Strep_C9064	1	11.11111111111111
Strep_C9066	1	11.11111111111111
Strep_C9068	1	11.11111111111111
Strep_C906	1	11.11111111111111
Strep_C9071	1	11.11111111111111
Strep_C9072	1	11.11111111111111
Strep_C9075	1	11.11111111111111
Strep_C9076	1	11.11111111111111
Strep_C9077	1	11.11111111111111
Strep_C9078	1	11.11111111111111
Strep_C9079	1	11.11111111111111
Strep_C907	1	11.11111111111111
Strep_C9080	1	11.11111111111111
Strep_C9081	1	11.11111111111111
Strep_C9082	1	11.11111111111111
Strep_C9145	1	11.11111111111111
Strep_C9146	1	11.11111111111111
Strep_C9147	1	11.11111111111111
Strep_C9208	1	11.11111111111111
Strep_C9210	1	11.11111111111111
Strep_C9211	1	11.11111111111111
Strep_C9212	1	11.11111111111111
Strep_C9213	1	11.11111111111111
Strep_C9214	1	11.11111111111111
Strep_C921	1	11.11111111111111
Strep_C9222	1	11.11111111111111
Strep_C9224	1	11.11111111111111
Strep_C9226	1	11.11111111111111
Strep_C9228	1	11.11111111111111
Strep_C9229	1	11.11111111111111
Strep_C922	1	11.11111111111111
Strep_C9230	1	11.11111111111111
Strep_C9233	1	11.11111111111111
Strep_C9234	1	11.11111111111111
Strep_C9235	1	11.11111111111111
Strep_C9236	1	11.11111111111111
Strep_C9238	1	11.11111111111111
Strep_C9239	1	11.11111111111111
Strep_C923	1	11.11111111111111
Strep_C9241	1	11.11111111111111
Strep_C9244	1	11.11111111111111
Strep_C9255	1	11.11111111111111
Strep_C9256	1	11.11111111111111
Strep_C9257	1	11.11111111111111
Strep_C9258	1	11.11111111111111
Strep_C9259	1	11.11111111111111
Strep_C9260	1	11.11111111111111
Strep_C9263	1	11.11111111111111
Strep_C9209	1	11.11111111111111
Strep_C9207	1	11.11111111111111
Strep_C9149	1	11.11111111111111
Strep_C9203	1	11.11111111111111
Strep_C9150	1	11.11111111111111
Strep_C9151	1	11.11111111111111
Strep_C9152	1	11.11111111111111
Strep_C9153	1	11.11111111111111
Strep_C9154	1	11.11111111111111
Strep_C9159	1	11.11111111111111
Strep_C915	1	11.11111111111111
Strep_C9161	1	11.11111111111111
Strep_C9162	1	11.11111111111111
Strep_C9165	1	11.11111111111111
Strep_C9167	1	11.11111111111111
Strep_C916	1	11.11111111111111
Strep_C9170	1	11.11111111111111
Strep_C917	1	11.11111111111111
Strep_C9182	1	11.11111111111111
Strep_C9183	1	11.11111111111111
Strep_C9185	1	11.11111111111111
Strep_C9188	1	11.11111111111111
Strep_C9189	1	11.11111111111111
Strep_C9190	1	11.11111111111111
Strep_C9191	1	11.11111111111111
Strep_C9192	1	11.11111111111111
Strep_C9193	1	11.11111111111111
Strep_C9194	1	11.11111111111111
Strep_C9195	1	11.11111111111111
Strep_C9197	1	11.11111111111111
Strep_C9198	1	11.11111111111111
Strep_C919	1	11.11111111111111
Strep_C91	1	11.11111111111111
Strep_C951	1	11.11111111111111
Strep_C9520	1	11.11111111111111
Strep_C9522	1	11.11111111111111
Strep_C983	1	11.11111111111111
Strep_C981	1	11.11111111111111
Strep_C9822	1	11.11111111111111
Strep_C9823	1	11.11111111111111
Strep_C9824	1	11.11111111111111
Strep_C9825	1	11.11111111111111
Strep_C9826	1	11.11111111111111
Strep_C9827	1	11.11111111111111
Strep_C9829	1	11.11111111111111
Strep_C9830	1	11.11111111111111
Strep_C9831	1	11.11111111111111
Strep_C9832	1	11.11111111111111
Strep_C9833	1	11.11111111111111
Strep_C9835	1	11.11111111111111
Strep_C9836	1	11.11111111111111
Strep_C9845	1	11.11111111111111
Strep_C9764	1	11.11111111111111
Strep_C984	1	11.11111111111111
Strep_C9850	1	11.11111111111111
Strep_C9851	1	11.11111111111111
Strep_C9852	1	11.11111111111111
Strep_C9853	1	11.11111111111111
Strep_C9854	1	11.11111111111111
Strep_C9855	1	11.11111111111111
Strep_C9856	1	11.11111111111111
Strep_C9857	1	11.11111111111111
Strep_C9858	1	11.11111111111111
Strep_C985	1	11.11111111111111
Strep_C9864	1	11.11111111111111
Strep_C9865	1	11.11111111111111
Strep_C9866	1	11.11111111111111
Strep_C9819	1	11.11111111111111
Strep_C9818	1	11.11111111111111
Strep_C9816	1	11.11111111111111
Strep_C9815	1	11.11111111111111
Strep_C9766	1	11.11111111111111
Strep_C9767	1	11.11111111111111
Strep_C9768	1	11.11111111111111
Strep_C9769	1	11.11111111111111
Strep_C976	1	11.11111111111111
Strep_C9770	1	11.11111111111111
Strep_C9771	1	11.11111111111111
Strep_C9775	1	11.11111111111111
Strep_C9777	1	11.11111111111111
Strep_C9778	1	11.11111111111111
Strep_C9781	1	11.11111111111111
Strep_C9783	1	11.11111111111111
Strep_C9784	1	11.11111111111111
Strep_C9785	1	11.11111111111111
Strep_C9796	1	11.11111111111111
Strep_C9799	1	11.11111111111111
Strep_C979	1	11.11111111111111
Strep_C97	1	11.11111111111111
Strep_C9802	1	11.11111111111111
Strep_C9804	1	11.11111111111111
Strep_C9805	1	11.11111111111111
Strep_C9806	1	11.11111111111111
Strep_C9807	1	11.11111111111111
Strep_C9808	1	11.11111111111111
Strep_C9809	1	11.11111111111111
Strep_C980	1	11.11111111111111
Strep_C9810	1	11.11111111111111
Strep_C9813	1	11.11111111111111
Strep_C9814	1	11.11111111111111
Strep_C9872	1	11.11111111111111
Strep_C9874	1	11.11111111111111
Strep_C9880	1	11.11111111111111
Strep_C993	1	11.11111111111111
Strep_C9943	1	11.11111111111111
Strep_C9945	1	11.11111111111111
Strep_C9946	1	11.11111111111111
Strep_C9947	1	11.11111111111111
Strep_C9956	1	11.11111111111111
Strep_C9959	1	11.11111111111111
Strep_C995	1	11.11111111111111
Strep_C9960	1	11.11111111111111
Strep_C9962	1	11.11111111111111
Strep_C9963	1	11.11111111111111
Strep_C9964	1	11.11111111111111
Strep_C9967	1	11.11111111111111
Strep_C9968	1	11.11111111111111
Strep_C9969	1	11.11111111111111
Strep_C996	1	11.11111111111111
Strep_C9970	1	11.11111111111111
Strep_C9971	1	11.11111111111111
Strep_C9972	1	11.11111111111111
Strep_C9973	1	11.11111111111111
Strep_C9974	1	11.11111111111111
Strep_C9975	1	11.11111111111111
Strep_C997	1	11.11111111111111
Strep_C9980	1	11.11111111111111
Strep_C9981	1	11.11111111111111
Strep_C9982	1	11.11111111111111
Strep_C9989	1	11.11111111111111
Strep_C9991	1	11.11111111111111
Strep_C9994	1	11.11111111111111
Strep_C9997	1	11.11111111111111
Strep_C9941	1	11.11111111111111
Strep_C9939	1	11.11111111111111
Strep_C9882	1	11.11111111111111
Strep_C9938	1	11.11111111111111
Strep_C9883	1	11.11111111111111
Strep_C9884	1	11.11111111111111
Strep_C9885	1	11.11111111111111
Strep_C9895	1	11.11111111111111
Strep_C9896	1	11.11111111111111
Strep_C9897	1	11.11111111111111
Strep_C98	1	11.11111111111111
Strep_C9900	1	11.11111111111111
Strep_C9901	1	11.11111111111111
Strep_C9903	1	11.11111111111111
Strep_C9904	1	11.11111111111111
Strep_C9905	1	11.11111111111111
Strep_C9909	1	11.11111111111111
Strep_C990	1	11.11111111111111
Strep_C9910	1	11.11111111111111
Strep_C9912	1	11.11111111111111
Strep_C9913	1	11.11111111111111
Strep_C9914	1	11.11111111111111
Strep_C9915	1	11.11111111111111
Strep_C9917	1	11.11111111111111
Strep_C991	1	11.11111111111111
Strep_C9921	1	11.11111111111111
Strep_C9922	1	11.11111111111111
Strep_C9928	1	11.11111111111111
Strep_C992	1	11.11111111111111
Strep_C9932	1	11.11111111111111
Strep_C9933	1	11.11111111111111
Strep_C9935	1	11.11111111111111
Strep_C9936	1	11.11111111111111
Strep_C9765	1	11.11111111111111
Strep_C9763	1	11.11111111111111
Strep_C9523	1	11.11111111111111
Strep_C9608	1	11.11111111111111
Strep_C9588	1	11.11111111111111
Strep_C9589	1	11.11111111111111
Strep_C958	1	11.11111111111111
Strep_C9590	1	11.11111111111111
Strep_C9591	1	11.11111111111111
Strep_C9592	1	11.11111111111111
Strep_C9593	1	11.11111111111111
Strep_C9594	1	11.11111111111111
Strep_C9595	1	11.11111111111111
Strep_C9596	1	11.11111111111111
Strep_C9597	1	11.11111111111111
Strep_C9598	1	11.11111111111111
Strep_C9599	1	11.11111111111111
Strep_C95	1	11.11111111111111
Strep_C9611	1	11.11111111111111
Strep_C9762	1	11.11111111111111
Strep_C9612	1	11.11111111111111
Strep_C9614	1	11.11111111111111
Strep_C9615	1	11.11111111111111
Strep_C9616	1	11.11111111111111
Strep_C9617	1	11.11111111111111
Strep_C961	1	11.11111111111111
Strep_C9620	1	11.11111111111111
Strep_C9625	1	11.11111111111111
Strep_C9630	1	11.11111111111111
Strep_C9631	1	11.11111111111111
Strep_C9632	1	11.11111111111111
Strep_C9634	1	11.11111111111111
Strep_C9635	1	11.11111111111111
Strep_C9637	1	11.11111111111111
Strep_C9587	1	11.11111111111111
Strep_C9586	1	11.11111111111111
Strep_C9584	1	11.11111111111111
Strep_C9582	1	11.11111111111111
Strep_C9524	1	11.11111111111111
Strep_C952	1	11.11111111111111
Strep_C9530	1	11.11111111111111
Strep_C9532	1	11.11111111111111
Strep_C9533	1	11.11111111111111
Strep_C9536	1	11.11111111111111
Strep_C9539	1	11.11111111111111
Strep_C953	1	11.11111111111111
Strep_C9540	1	11.11111111111111
Strep_C9541	1	11.11111111111111
Strep_C9542	1	11.11111111111111
Strep_C9543	1	11.11111111111111
Strep_C9545	1	11.11111111111111
Strep_C9546	1	11.11111111111111
Strep_C9548	1	11.11111111111111
Strep_C954	1	11.11111111111111
Strep_C9551	1	11.11111111111111
Strep_C9555	1	11.11111111111111
Strep_C9556	1	11.11111111111111
Strep_C9557	1	11.11111111111111
Strep_C9558	1	11.11111111111111
Strep_C9560	1	11.11111111111111
Strep_C9563	1	11.11111111111111
Strep_C9565	1	11.11111111111111
Strep_C9566	1	11.11111111111111
Strep_C9568	1	11.11111111111111
Strep_C956	1	11.11111111111111
Strep_C9573	1	11.11111111111111
Strep_C9578	1	11.11111111111111
Strep_C9638	1	11.11111111111111
Strep_C9639	1	11.11111111111111
Strep_C9640	1	11.11111111111111
Strep_C9705	1	11.11111111111111
Strep_C9708	1	11.11111111111111
Strep_C9709	1	11.11111111111111
Strep_C970	1	11.11111111111111
Strep_C9710	1	11.11111111111111
Strep_C9716	1	11.11111111111111
Strep_C9718	1	11.11111111111111
Strep_C9719	1	11.11111111111111
Strep_C9720	1	11.11111111111111
Strep_C9723	1	11.11111111111111
Strep_C9725	1	11.11111111111111
Strep_C9726	1	11.11111111111111
Strep_C9727	1	11.11111111111111
Strep_C9728	1	11.11111111111111
Strep_C9729	1	11.11111111111111
Strep_C9730	1	11.11111111111111
Strep_C9731	1	11.11111111111111
Strep_C9732	1	11.11111111111111
Strep_C9740	1	11.11111111111111
Strep_C9742	1	11.11111111111111
Strep_C9743	1	11.11111111111111
Strep_C9745	1	11.11111111111111
Strep_C9746	1	11.11111111111111
Strep_C9752	1	11.11111111111111
Strep_C9754	1	11.11111111111111
Strep_C9755	1	11.11111111111111
Strep_C9756	1	11.11111111111111
Strep_C975	1	11.11111111111111
Strep_C9760	1	11.11111111111111
Strep_C9761	1	11.11111111111111
Strep_C9707	1	11.11111111111111
Strep_C9704	1	11.11111111111111
Strep_C9643	1	11.11111111111111
Strep_C9703	1	11.11111111111111
Strep_C9647	1	11.11111111111111
Strep_C9649	1	11.11111111111111
Strep_C964	1	11.11111111111111
Strep_C9650	1	11.11111111111111
Strep_C9658	1	11.11111111111111
Strep_C965	1	11.11111111111111
Strep_C9662	1	11.11111111111111
Strep_C9663	1	11.11111111111111
Strep_C9664	1	11.11111111111111
Strep_C9665	1	11.11111111111111
Strep_C9666	1	11.11111111111111
Strep_C9668	1	11.11111111111111
Strep_C9669	1	11.11111111111111
Strep_C966	1	11.11111111111111
Strep_C9670	1	11.11111111111111
Strep_C9671	1	11.11111111111111
Strep_C9672	1	11.11111111111111
Strep_C9673	1	11.11111111111111
Strep_C967	1	11.11111111111111
Strep_C9686	1	11.11111111111111
Strep_C968	1	11.11111111111111
Strep_C9690	1	11.11111111111111
Strep_C9692	1	11.11111111111111
Strep_C9693	1	11.11111111111111
Strep_C9696	1	11.11111111111111
Strep_C9699	1	11.11111111111111
Strep_C96	1	11.11111111111111
Strep_C9701	1	11.11111111111111
Strep_C9702	1	11.11111111111111
Strep_C9042	1	11.11111111111111
Strep_C903	1	11.11111111111111
Strep_C8097	1	11.11111111111111
Strep_C8441	1	11.11111111111111
Strep_C8410	1	11.11111111111111
Strep_C8411	1	11.11111111111111
Strep_C8414	1	11.11111111111111
Strep_C8417	1	11.11111111111111
Strep_C8419	1	11.11111111111111
Strep_C8422	1	11.11111111111111
Strep_C8425	1	11.11111111111111
Strep_C8426	1	11.11111111111111
Strep_C842	1	11.11111111111111
Strep_C8433	1	11.11111111111111
Strep_C8435	1	11.11111111111111
Strep_C8437	1	11.11111111111111
Strep_C8439	1	11.11111111111111
Strep_C843	1	11.11111111111111
Strep_C8442	1	11.11111111111111
Strep_C8475	1	11.11111111111111
Strep_C8443	1	11.11111111111111
Strep_C8444	1	11.11111111111111
Strep_C8450	1	11.11111111111111
Strep_C8455	1	11.11111111111111
Strep_C8456	1	11.11111111111111
Strep_C8457	1	11.11111111111111
Strep_C8459	1	11.11111111111111
Strep_C8460	1	11.11111111111111
Strep_C8461	1	11.11111111111111
Strep_C8468	1	11.11111111111111
Strep_C8469	1	11.11111111111111
Strep_C8471	1	11.11111111111111
Strep_C8472	1	11.11111111111111
Strep_C8473	1	11.11111111111111
Strep_C840	1	11.11111111111111
Strep_C8409	1	11.11111111111111
Strep_C8408	1	11.11111111111111
Strep_C8407	1	11.11111111111111
Strep_C8340	1	11.11111111111111
Strep_C8341	1	11.11111111111111
Strep_C8342	1	11.11111111111111
Strep_C8345	1	11.11111111111111
Strep_C8348	1	11.11111111111111
Strep_C8349	1	11.11111111111111
Strep_C8351	1	11.11111111111111
Strep_C8352	1	11.11111111111111
Strep_C8356	1	11.11111111111111
Strep_C8357	1	11.11111111111111
Strep_C8358	1	11.11111111111111
Strep_C835	1	11.11111111111111
Strep_C8360	1	11.11111111111111
Strep_C8369	1	11.11111111111111
Strep_C8374	1	11.11111111111111
Strep_C8377	1	11.11111111111111
Strep_C8378	1	11.11111111111111
Strep_C837	1	11.11111111111111
Strep_C8386	1	11.11111111111111
Strep_C8387	1	11.11111111111111
Strep_C8389	1	11.11111111111111
Strep_C838	1	11.11111111111111
Strep_C8392	1	11.11111111111111
Strep_C8393	1	11.11111111111111
Strep_C83	1	11.11111111111111
Strep_C8400	1	11.11111111111111
Strep_C8402	1	11.11111111111111
Strep_C8404	1	11.11111111111111
Strep_C8406	1	11.11111111111111
Strep_C8474	1	11.11111111111111
Strep_C8476	1	11.11111111111111
Strep_C9037	1	11.11111111111111
Strep_C8558	1	11.11111111111111
Strep_C8531	1	11.11111111111111
Strep_C8532	1	11.11111111111111
Strep_C8537	1	11.11111111111111
Strep_C8539	1	11.11111111111111
Strep_C853	1	11.11111111111111
Strep_C8541	1	11.11111111111111
Strep_C8543	1	11.11111111111111
Strep_C8544	1	11.11111111111111
Strep_C8545	1	11.11111111111111
Strep_C8546	1	11.11111111111111
Strep_C854	1	11.11111111111111
Strep_C8551	1	11.11111111111111
Strep_C8553	1	11.11111111111111
Strep_C8554	1	11.11111111111111
Strep_C8559	1	11.11111111111111
Strep_C8478	1	11.11111111111111
Strep_C8561	1	11.11111111111111
Strep_C8562	1	11.11111111111111
Strep_C8563	1	11.11111111111111
Strep_C8564	1	11.11111111111111
Strep_C8566	1	11.11111111111111
Strep_C8567	1	11.11111111111111
Strep_C8568	1	11.11111111111111
Strep_C856	1	11.11111111111111
Strep_C8573	1	11.11111111111111
Strep_C8574	1	11.11111111111111
Strep_C8575	1	11.11111111111111
Strep_C8579	1	11.11111111111111
Strep_C857	1	11.11111111111111
Strep_C8580	1	11.11111111111111
Strep_C852	1	11.11111111111111
Strep_C8529	1	11.11111111111111
Strep_C8528	1	11.11111111111111
Strep_C8527	1	11.11111111111111
Strep_C8479	1	11.11111111111111
Strep_C8481	1	11.11111111111111
Strep_C8482	1	11.11111111111111
Strep_C8483	1	11.11111111111111
Strep_C8485	1	11.11111111111111
Strep_C848	1	11.11111111111111
Strep_C8492	1	11.11111111111111
Strep_C8493	1	11.11111111111111
Strep_C8494	1	11.11111111111111
Strep_C8495	1	11.11111111111111
Strep_C8496	1	11.11111111111111
Strep_C8499	1	11.11111111111111
Strep_C84	1	11.11111111111111
Strep_C8500	1	11.11111111111111
Strep_C8501	1	11.11111111111111
Strep_C8502	1	11.11111111111111
Strep_C8503	1	11.11111111111111
Strep_C8506	1	11.11111111111111
Strep_C8510	1	11.11111111111111
Strep_C8511	1	11.11111111111111
Strep_C8515	1	11.11111111111111
Strep_C8516	1	11.11111111111111
Strep_C8519	1	11.11111111111111
Strep_C8520	1	11.11111111111111
Strep_C8522	1	11.11111111111111
Strep_C8523	1	11.11111111111111
Strep_C8524	1	11.11111111111111
Strep_C8525	1	11.11111111111111
Strep_C8526	1	11.11111111111111
Strep_C833	1	11.11111111111111
Strep_C8339	1	11.11111111111111
Strep_C8338	1	11.11111111111111
Strep_C8181	1	11.11111111111111
Strep_C8159	1	11.11111111111111
Strep_C815	1	11.11111111111111
Strep_C8160	1	11.11111111111111
Strep_C8161	1	11.11111111111111
Strep_C8162	1	11.11111111111111
Strep_C8163	1	11.11111111111111
Strep_C8170	1	11.11111111111111
Strep_C8171	1	11.11111111111111
Strep_C8172	1	11.11111111111111
Strep_C8173	1	11.11111111111111
Strep_C8174	1	11.11111111111111
Strep_C8178	1	11.11111111111111
Strep_C8179	1	11.11111111111111
Strep_C8180	1	11.11111111111111
Strep_C8184	1	11.11111111111111
Strep_C8337	1	11.11111111111111
Strep_C8188	1	11.11111111111111
Strep_C8189	1	11.11111111111111
Strep_C8191	1	11.11111111111111
Strep_C8195	1	11.11111111111111
Strep_C8197	1	11.11111111111111
Strep_C8198	1	11.11111111111111
Strep_C8199	1	11.11111111111111
Strep_C81	1	11.11111111111111
Strep_C8200	1	11.11111111111111
Strep_C8201	1	11.11111111111111
Strep_C8202	1	11.11111111111111
Strep_C8203	1	11.11111111111111
Strep_C8204	1	11.11111111111111
Strep_C8207	1	11.11111111111111
Strep_C8158	1	11.11111111111111
Strep_C8157	1	11.11111111111111
Strep_C8156	1	11.11111111111111
Strep_C8153	1	11.11111111111111
Strep_C8099	1	11.11111111111111
Strep_C80	1	11.11111111111111
Strep_C8108	1	11.11111111111111
Strep_C810	1	11.11111111111111
Strep_C8111	1	11.11111111111111
Strep_C8112	1	11.11111111111111
Strep_C8113	1	11.11111111111111
Strep_C8114	1	11.11111111111111
Strep_C8115	1	11.11111111111111
Strep_C8117	1	11.11111111111111
Strep_C8118	1	11.11111111111111
Strep_C8123	1	11.11111111111111
Strep_C8127	1	11.11111111111111
Strep_C8128	1	11.11111111111111
Strep_C8131	1	11.11111111111111
Strep_C8132	1	11.11111111111111
Strep_C8133	1	11.11111111111111
Strep_C8134	1	11.11111111111111
Strep_C8135	1	11.11111111111111
Strep_C8136	1	11.11111111111111
Strep_C8138	1	11.11111111111111
Strep_C813	1	11.11111111111111
Strep_C8144	1	11.11111111111111
Strep_C8146	1	11.11111111111111
Strep_C8147	1	11.11111111111111
Strep_C8149	1	11.11111111111111
Strep_C814	1	11.11111111111111
Strep_C8150	1	11.11111111111111
Strep_C8152	1	11.11111111111111
Strep_C8208	1	11.11111111111111
Strep_C820	1	11.11111111111111
Strep_C8213	1	11.11111111111111
Strep_C8276	1	11.11111111111111
Strep_C8278	1	11.11111111111111
Strep_C827	1	11.11111111111111
Strep_C8287	1	11.11111111111111
Strep_C828	1	11.11111111111111
Strep_C8291	1	11.11111111111111
Strep_C8295	1	11.11111111111111
Strep_C8297	1	11.11111111111111
Strep_C8299	1	11.11111111111111
Strep_C829	1	11.11111111111111
Strep_C82	1	11.11111111111111
Strep_C8301	1	11.11111111111111
Strep_C8302	1	11.11111111111111
Strep_C8303	1	11.11111111111111
Strep_C8304	1	11.11111111111111
Strep_C8305	1	11.11111111111111
Strep_C8306	1	11.11111111111111
Strep_C8307	1	11.11111111111111
Strep_C8308	1	11.11111111111111
Strep_C8309	1	11.11111111111111
Strep_C830	1	11.11111111111111
Strep_C8313	1	11.11111111111111
Strep_C8316	1	11.11111111111111
Strep_C8318	1	11.11111111111111
Strep_C8319	1	11.11111111111111
Strep_C8320	1	11.11111111111111
Strep_C8328	1	11.11111111111111
Strep_C8329	1	11.11111111111111
Strep_C8332	1	11.11111111111111
Strep_C8334	1	11.11111111111111
Strep_C8277	1	11.11111111111111
Strep_C8275	1	11.11111111111111
Strep_C8214	1	11.11111111111111
Strep_C8273	1	11.11111111111111
Strep_C8215	1	11.11111111111111
Strep_C8216	1	11.11111111111111
Strep_C8217	1	11.11111111111111
Strep_C8218	1	11.11111111111111
Strep_C8219	1	11.11111111111111
Strep_C8222	1	11.11111111111111
Strep_C8224	1	11.11111111111111
Strep_C8225	1	11.11111111111111
Strep_C8226	1	11.11111111111111
Strep_C8228	1	11.11111111111111
Strep_C822	1	11.11111111111111
Strep_C8230	1	11.11111111111111
Strep_C8231	1	11.11111111111111
Strep_C8234	1	11.11111111111111
Strep_C8235	1	11.11111111111111
Strep_C8237	1	11.11111111111111
Strep_C8238	1	11.11111111111111
Strep_C823	1	11.11111111111111
Strep_C8240	1	11.11111111111111
Strep_C8242	1	11.11111111111111
Strep_C8243	1	11.11111111111111
Strep_C8257	1	11.11111111111111
Strep_C8261	1	11.11111111111111
Strep_C8262	1	11.11111111111111
Strep_C8263	1	11.11111111111111
Strep_C8264	1	11.11111111111111
Strep_C8265	1	11.11111111111111
Strep_C8266	1	11.11111111111111
Strep_C8268	1	11.11111111111111
Strep_C8582	1	11.11111111111111
Strep_C8583	1	11.11111111111111
Strep_C8594	1	11.11111111111111
Strep_C8890	1	11.11111111111111
Strep_C8869	1	11.11111111111111
Strep_C8870	1	11.11111111111111
Strep_C8879	1	11.11111111111111
Strep_C887	1	11.11111111111111
Strep_C8880	1	11.11111111111111
Strep_C8881	1	11.11111111111111
Strep_C8882	1	11.11111111111111
Strep_C8883	1	11.11111111111111
Strep_C8884	1	11.11111111111111
Strep_C8886	1	11.11111111111111
Strep_C8887	1	11.11111111111111
Strep_C8888	1	11.11111111111111
Strep_C8889	1	11.11111111111111
Strep_C888	1	11.11111111111111
Strep_C8891	1	11.11111111111111
Strep_C8808	1	11.11111111111111
Strep_C8892	1	11.11111111111111
Strep_C8895	1	11.11111111111111
Strep_C8896	1	11.11111111111111
Strep_C8900	1	11.11111111111111
Strep_C8902	1	11.11111111111111
Strep_C8903	1	11.11111111111111
Strep_C8908	1	11.11111111111111
Strep_C8909	1	11.11111111111111
Strep_C8910	1	11.11111111111111
Strep_C8911	1	11.11111111111111
Strep_C8912	1	11.11111111111111
Strep_C8913	1	11.11111111111111
Strep_C8914	1	11.11111111111111
Strep_C8915	1	11.11111111111111
Strep_C8868	1	11.11111111111111
Strep_C8863	1	11.11111111111111
Strep_C8861	1	11.11111111111111
Strep_C8860	1	11.11111111111111
Strep_C8816	1	11.11111111111111
Strep_C881	1	11.11111111111111
Strep_C8820	1	11.11111111111111
Strep_C8822	1	11.11111111111111
Strep_C8823	1	11.11111111111111
Strep_C8826	1	11.11111111111111
Strep_C8827	1	11.11111111111111
Strep_C8828	1	11.11111111111111
Strep_C8829	1	11.11111111111111
Strep_C8830	1	11.11111111111111
Strep_C8831	1	11.11111111111111
Strep_C8833	1	11.11111111111111
Strep_C8834	1	11.11111111111111
Strep_C8835	1	11.11111111111111
Strep_C8836	1	11.11111111111111
Strep_C8837	1	11.11111111111111
Strep_C8842	1	11.11111111111111
Strep_C8844	1	11.11111111111111
Strep_C8845	1	11.11111111111111
Strep_C8846	1	11.11111111111111
Strep_C8847	1	11.11111111111111
Strep_C8848	1	11.11111111111111
Strep_C8849	1	11.11111111111111
Strep_C884	1	11.11111111111111
Strep_C8850	1	11.11111111111111
Strep_C8851	1	11.11111111111111
Strep_C8852	1	11.11111111111111
Strep_C8857	1	11.11111111111111
Strep_C8859	1	11.11111111111111
Strep_C8916	1	11.11111111111111
Strep_C8928	1	11.11111111111111
Strep_C8932	1	11.11111111111111
Strep_C8993	1	11.11111111111111
Strep_C899	1	11.11111111111111
Strep_C89	1	11.11111111111111
Strep_C8	1	11.11111111111111
Strep_C9001	1	11.11111111111111
Strep_C9002	1	11.11111111111111
Strep_C9004	1	11.11111111111111
Strep_C9005	1	11.11111111111111
Strep_C9006	1	11.11111111111111
Strep_C9008	1	11.11111111111111
Strep_C9009	1	11.11111111111111
Strep_C900	1	11.11111111111111
Strep_C9010	1	11.11111111111111
Strep_C9011	1	11.11111111111111
Strep_C9016	1	11.11111111111111
Strep_C9017	1	11.11111111111111
Strep_C9018	1	11.11111111111111
Strep_C9019	1	11.11111111111111
Strep_C901	1	11.11111111111111
Strep_C9020	1	11.11111111111111
Strep_C9023	1	11.11111111111111
Strep_C9025	1	11.11111111111111
Strep_C9027	1	11.11111111111111
Strep_C9029	1	11.11111111111111
Strep_C9030	1	11.11111111111111
Strep_C9031	1	11.11111111111111
Strep_C9032	1	11.11111111111111
Strep_C9033	1	11.11111111111111
Strep_C9034	1	11.11111111111111
Strep_C9035	1	11.11111111111111
Strep_C8998	1	11.11111111111111
Strep_C8992	1	11.11111111111111
Strep_C8933	1	11.11111111111111
Strep_C8989	1	11.11111111111111
Strep_C8934	1	11.11111111111111
Strep_C8935	1	11.11111111111111
Strep_C8936	1	11.11111111111111
Strep_C8939	1	11.11111111111111
Strep_C8940	1	11.11111111111111
Strep_C8941	1	11.11111111111111
Strep_C8942	1	11.11111111111111
Strep_C8943	1	11.11111111111111
Strep_C8945	1	11.11111111111111
Strep_C8946	1	11.11111111111111
Strep_C8947	1	11.11111111111111
Strep_C8948	1	11.11111111111111
Strep_C8954	1	11.11111111111111
Strep_C8958	1	11.11111111111111
Strep_C8962	1	11.11111111111111
Strep_C8963	1	11.11111111111111
Strep_C8964	1	11.11111111111111
Strep_C8965	1	11.11111111111111
Strep_C8966	1	11.11111111111111
Strep_C8968	1	11.11111111111111
Strep_C896	1	11.11111111111111
Strep_C8971	1	11.11111111111111
Strep_C8972	1	11.11111111111111
Strep_C8974	1	11.11111111111111
Strep_C8979	1	11.11111111111111
Strep_C8983	1	11.11111111111111
Strep_C8984	1	11.11111111111111
Strep_C8985	1	11.11111111111111
Strep_C8987	1	11.11111111111111
Strep_C8814	1	11.11111111111111
Strep_C8807	1	11.11111111111111
Strep_C8595	1	11.11111111111111
Strep_C8666	1	11.11111111111111
Strep_C8650	1	11.11111111111111
Strep_C8651	1	11.11111111111111
Strep_C8652	1	11.11111111111111
Strep_C8653	1	11.11111111111111
Strep_C8654	1	11.11111111111111
Strep_C8655	1	11.11111111111111
Strep_C8656	1	11.11111111111111
Strep_C8658	1	11.11111111111111
Strep_C8660	1	11.11111111111111
Strep_C8661	1	11.11111111111111
Strep_C8662	1	11.11111111111111
Strep_C8663	1	11.11111111111111
Strep_C8664	1	11.11111111111111
Strep_C8665	1	11.11111111111111
Strep_C8668	1	11.11111111111111
Strep_C8806	1	11.11111111111111
Strep_C8672	1	11.11111111111111
Strep_C8676	1	11.11111111111111
Strep_C8677	1	11.11111111111111
Strep_C8678	1	11.11111111111111
Strep_C8679	1	11.11111111111111
Strep_C8680	1	11.11111111111111
Strep_C8681	1	11.11111111111111
Strep_C8682	1	11.11111111111111
Strep_C8685	1	11.11111111111111
Strep_C8687	1	11.11111111111111
Strep_C8688	1	11.11111111111111
Strep_C8689	1	11.11111111111111
Strep_C868	1	11.11111111111111
Strep_C8690	1	11.11111111111111
Strep_C864	1	11.11111111111111
Strep_C8649	1	11.11111111111111
Strep_C8648	1	11.11111111111111
Strep_C8647	1	11.11111111111111
Strep_C8598	1	11.11111111111111
Strep_C8599	1	11.11111111111111
Strep_C85	1	11.11111111111111
Strep_C8600	1	11.11111111111111
Strep_C8602	1	11.11111111111111
Strep_C8604	1	11.11111111111111
Strep_C8605	1	11.11111111111111
Strep_C8607	1	11.11111111111111
Strep_C8609	1	11.11111111111111
Strep_C8610	1	11.11111111111111
Strep_C8611	1	11.11111111111111
Strep_C8612	1	11.11111111111111
Strep_C861	1	11.11111111111111
Strep_C8621	1	11.11111111111111
Strep_C8623	1	11.11111111111111
Strep_C8626	1	11.11111111111111
Strep_C8627	1	11.11111111111111
Strep_C8628	1	11.11111111111111
Strep_C8629	1	11.11111111111111
Strep_C862	1	11.11111111111111
Strep_C8632	1	11.11111111111111
Strep_C8633	1	11.11111111111111
Strep_C8636	1	11.11111111111111
Strep_C8638	1	11.11111111111111
Strep_C8639	1	11.11111111111111
Strep_C8640	1	11.11111111111111
Strep_C8642	1	11.11111111111111
Strep_C8643	1	11.11111111111111
Strep_C8646	1	11.11111111111111
Strep_C8691	1	11.11111111111111
Strep_C8692	1	11.11111111111111
Strep_C8693	1	11.11111111111111
Strep_C8749	1	11.11111111111111
Strep_C8754	1	11.11111111111111
Strep_C8758	1	11.11111111111111
Strep_C8764	1	11.11111111111111
Strep_C8765	1	11.11111111111111
Strep_C8767	1	11.11111111111111
Strep_C8768	1	11.11111111111111
Strep_C8769	1	11.11111111111111
Strep_C8772	1	11.11111111111111
Strep_C8774	1	11.11111111111111
Strep_C8778	1	11.11111111111111
Strep_C8779	1	11.11111111111111
Strep_C877	1	11.11111111111111
Strep_C8780	1	11.11111111111111
Strep_C8781	1	11.11111111111111
Strep_C8782	1	11.11111111111111
Strep_C8783	1	11.11111111111111
Strep_C8784	1	11.11111111111111
Strep_C8785	1	11.11111111111111
Strep_C8794	1	11.11111111111111
Strep_C8795	1	11.11111111111111
Strep_C8796	1	11.11111111111111
Strep_C8797	1	11.11111111111111
Strep_C8798	1	11.11111111111111
Strep_C8799	1	11.11111111111111
Strep_C879	1	11.11111111111111
Strep_C87	1	11.11111111111111
Strep_C8801	1	11.11111111111111
Strep_C8803	1	11.11111111111111
Strep_C8805	1	11.11111111111111
Strep_C8750	1	11.11111111111111
Strep_C8748	1	11.11111111111111
Strep_C86	1	11.11111111111111
Strep_C8744	1	11.11111111111111
Strep_C8703	1	11.11111111111111
Strep_C8704	1	11.11111111111111
Strep_C8706	1	11.11111111111111
Strep_C8708	1	11.11111111111111
Strep_C870	1	11.11111111111111
Strep_C8710	1	11.11111111111111
Strep_C8711	1	11.11111111111111
Strep_C8713	1	11.11111111111111
Strep_C8715	1	11.11111111111111
Strep_C8718	1	11.11111111111111
Strep_C8719	1	11.11111111111111
Strep_C871	1	11.11111111111111
Strep_C8721	1	11.11111111111111
Strep_C8722	1	11.11111111111111
Strep_C8723	1	11.11111111111111
Strep_C8725	1	11.11111111111111
Strep_C8726	1	11.11111111111111
Strep_C8727	1	11.11111111111111
Strep_C8728	1	11.11111111111111
Strep_C8729	1	11.11111111111111
Strep_C872	1	11.11111111111111
Strep_C8730	1	11.11111111111111
Strep_C8731	1	11.11111111111111
Strep_C8732	1	11.11111111111111
Strep_C8733	1	11.11111111111111
Strep_C8736	1	11.11111111111111
Strep_C8737	1	11.11111111111111
Strep_C8739	1	11.11111111111111
Strep_C8740	1	11.11111111111111
Strep_C6193	1	11.11111111111111
Strep_C6191	1	11.11111111111111
Strep_C29915	1	11.11111111111111
Strep_C3555	1	11.11111111111111
Strep_C3531	1	11.11111111111111
Strep_C3533	1	11.11111111111111
Strep_C3536	1	11.11111111111111
Strep_C3537	1	11.11111111111111
Strep_C3539	1	11.11111111111111
Strep_C353	1	11.11111111111111
Strep_C3540	1	11.11111111111111
Strep_C3547	1	11.11111111111111
Strep_C3549	1	11.11111111111111
Strep_C354	1	11.11111111111111
Strep_C3550	1	11.11111111111111
Strep_C3552	1	11.11111111111111
Strep_C3553	1	11.11111111111111
Strep_C3554	1	11.11111111111111
Strep_C3556	1	11.11111111111111
Strep_C3583	1	11.11111111111111
Strep_C355	1	11.11111111111111
Strep_C3562	1	11.11111111111111
Strep_C3563	1	11.11111111111111
Strep_C3564	1	11.11111111111111
Strep_C3567	1	11.11111111111111
Strep_C3569	1	11.11111111111111
Strep_C356	1	11.11111111111111
Strep_C3571	1	11.11111111111111
Strep_C3572	1	11.11111111111111
Strep_C3575	1	11.11111111111111
Strep_C3578	1	11.11111111111111
Strep_C3579	1	11.11111111111111
Strep_C357	1	11.11111111111111
Strep_C3580	1	11.11111111111111
Strep_C3530	1	11.11111111111111
Strep_C352	1	11.11111111111111
Strep_C3529	1	11.11111111111111
Strep_C3527	1	11.11111111111111
Strep_C3470	1	11.11111111111111
Strep_C3471	1	11.11111111111111
Strep_C3473	1	11.11111111111111
Strep_C3476	1	11.11111111111111
Strep_C347	1	11.11111111111111
Strep_C3480	1	11.11111111111111
Strep_C3483	1	11.11111111111111
Strep_C3487	1	11.11111111111111
Strep_C3488	1	11.11111111111111
Strep_C3490	1	11.11111111111111
Strep_C3493	1	11.11111111111111
Strep_C3495	1	11.11111111111111
Strep_C3496	1	11.11111111111111
Strep_C349	1	11.11111111111111
Strep_C34	1	11.11111111111111
Strep_C3505	1	11.11111111111111
Strep_C3506	1	11.11111111111111
Strep_C3508	1	11.11111111111111
Strep_C350	1	11.11111111111111
Strep_C3510	1	11.11111111111111
Strep_C3511	1	11.11111111111111
Strep_C3512	1	11.11111111111111
Strep_C3513	1	11.11111111111111
Strep_C3514	1	11.11111111111111
Strep_C3516	1	11.11111111111111
Strep_C3517	1	11.11111111111111
Strep_C3518	1	11.11111111111111
Strep_C3519	1	11.11111111111111
Strep_C3525	1	11.11111111111111
Strep_C3581	1	11.11111111111111
Strep_C3584	1	11.11111111111111
Strep_C3700	1	11.11111111111111
Strep_C3667	1	11.11111111111111
Strep_C3642	1	11.11111111111111
Strep_C3643	1	11.11111111111111
Strep_C3644	1	11.11111111111111
Strep_C3646	1	11.11111111111111
Strep_C3649	1	11.11111111111111
Strep_C3651	1	11.11111111111111
Strep_C3657	1	11.11111111111111
Strep_C3658	1	11.11111111111111
Strep_C3659	1	11.11111111111111
Strep_C365	1	11.11111111111111
Strep_C3660	1	11.11111111111111
Strep_C3661	1	11.11111111111111
Strep_C3663	1	11.11111111111111
Strep_C3664	1	11.11111111111111
Strep_C366	1	11.11111111111111
Strep_C3585	1	11.11111111111111
Strep_C3670	1	11.11111111111111
Strep_C3676	1	11.11111111111111
Strep_C3677	1	11.11111111111111
Strep_C3678	1	11.11111111111111
Strep_C3679	1	11.11111111111111
Strep_C367	1	11.11111111111111
Strep_C3681	1	11.11111111111111
Strep_C3683	1	11.11111111111111
Strep_C3686	1	11.11111111111111
Strep_C3687	1	11.11111111111111
Strep_C3689	1	11.11111111111111
Strep_C368	1	11.11111111111111
Strep_C3690	1	11.11111111111111
Strep_C3694	1	11.11111111111111
Strep_C3641	1	11.11111111111111
Strep_C3640	1	11.11111111111111
Strep_C3639	1	11.11111111111111
Strep_C3634	1	11.11111111111111
Strep_C3586	1	11.11111111111111
Strep_C3587	1	11.11111111111111
Strep_C3588	1	11.11111111111111
Strep_C3589	1	11.11111111111111
Strep_C358	1	11.11111111111111
Strep_C3590	1	11.11111111111111
Strep_C3591	1	11.11111111111111
Strep_C3593	1	11.11111111111111
Strep_C3594	1	11.11111111111111
Strep_C3595	1	11.11111111111111
Strep_C359	1	11.11111111111111
Strep_C35	1	11.11111111111111
Strep_C3605	1	11.11111111111111
Strep_C3606	1	11.11111111111111
Strep_C3607	1	11.11111111111111
Strep_C3608	1	11.11111111111111
Strep_C3609	1	11.11111111111111
Strep_C3611	1	11.11111111111111
Strep_C3613	1	11.11111111111111
Strep_C3615	1	11.11111111111111
Strep_C3616	1	11.11111111111111
Strep_C361	1	11.11111111111111
Strep_C3625	1	11.11111111111111
Strep_C3626	1	11.11111111111111
Strep_C3627	1	11.11111111111111
Strep_C3628	1	11.11111111111111
Strep_C3630	1	11.11111111111111
Strep_C3631	1	11.11111111111111
Strep_C3632	1	11.11111111111111
Strep_C3468	1	11.11111111111111
Strep_C3467	1	11.11111111111111
Strep_C3465	1	11.11111111111111
Strep_C3321	1	11.11111111111111
Strep_C3294	1	11.11111111111111
Strep_C3297	1	11.11111111111111
Strep_C329	1	11.11111111111111
Strep_C32	1	11.11111111111111
Strep_C3304	1	11.11111111111111
Strep_C3306	1	11.11111111111111
Strep_C3307	1	11.11111111111111
Strep_C3308	1	11.11111111111111
Strep_C3309	1	11.11111111111111
Strep_C330	1	11.11111111111111
Strep_C3310	1	11.11111111111111
Strep_C3315	1	11.11111111111111
Strep_C331	1	11.11111111111111
Strep_C3320	1	11.11111111111111
Strep_C3322	1	11.11111111111111
Strep_C3463	1	11.11111111111111
Strep_C3323	1	11.11111111111111
Strep_C3325	1	11.11111111111111
Strep_C3326	1	11.11111111111111
Strep_C3328	1	11.11111111111111
Strep_C3329	1	11.11111111111111
Strep_C332	1	11.11111111111111
Strep_C3331	1	11.11111111111111
Strep_C3336	1	11.11111111111111
Strep_C3337	1	11.11111111111111
Strep_C3338	1	11.11111111111111
Strep_C3339	1	11.11111111111111
Strep_C333	1	11.11111111111111
Strep_C3340	1	11.11111111111111
Strep_C3342	1	11.11111111111111
Strep_C3291	1	11.11111111111111
Strep_C3290	1	11.11111111111111
Strep_C3289	1	11.11111111111111
Strep_C3288	1	11.11111111111111
Strep_C3227	1	11.11111111111111
Strep_C3233	1	11.11111111111111
Strep_C3234	1	11.11111111111111
Strep_C3237	1	11.11111111111111
Strep_C3238	1	11.11111111111111
Strep_C323	1	11.11111111111111
Strep_C3240	1	11.11111111111111
Strep_C3242	1	11.11111111111111
Strep_C3246	1	11.11111111111111
Strep_C3247	1	11.11111111111111
Strep_C3248	1	11.11111111111111
Strep_C324	1	11.11111111111111
Strep_C3250	1	11.11111111111111
Strep_C3251	1	11.11111111111111
Strep_C3254	1	11.11111111111111
Strep_C3259	1	11.11111111111111
Strep_C3263	1	11.11111111111111
Strep_C3265	1	11.11111111111111
Strep_C3269	1	11.11111111111111
Strep_C326	1	11.11111111111111
Strep_C3270	1	11.11111111111111
Strep_C3275	1	11.11111111111111
Strep_C3276	1	11.11111111111111
Strep_C3277	1	11.11111111111111
Strep_C327	1	11.11111111111111
Strep_C3280	1	11.11111111111111
Strep_C3282	1	11.11111111111111
Strep_C3283	1	11.11111111111111
Strep_C3284	1	11.11111111111111
Strep_C3343	1	11.11111111111111
Strep_C3344	1	11.11111111111111
Strep_C3345	1	11.11111111111111
Strep_C340	1	11.11111111111111
Strep_C3415	1	11.11111111111111
Strep_C3418	1	11.11111111111111
Strep_C3421	1	11.11111111111111
Strep_C3422	1	11.11111111111111
Strep_C3424	1	11.11111111111111
Strep_C3428	1	11.11111111111111
Strep_C3429	1	11.11111111111111
Strep_C342	1	11.11111111111111
Strep_C3430	1	11.11111111111111
Strep_C3432	1	11.11111111111111
Strep_C3433	1	11.11111111111111
Strep_C3435	1	11.11111111111111
Strep_C3436	1	11.11111111111111
Strep_C3437	1	11.11111111111111
Strep_C3438	1	11.11111111111111
Strep_C3439	1	11.11111111111111
Strep_C3444	1	11.11111111111111
Strep_C3445	1	11.11111111111111
Strep_C3446	1	11.11111111111111
Strep_C3447	1	11.11111111111111
Strep_C3449	1	11.11111111111111
Strep_C3451	1	11.11111111111111
Strep_C3452	1	11.11111111111111
Strep_C3453	1	11.11111111111111
Strep_C3454	1	11.11111111111111
Strep_C3457	1	11.11111111111111
Strep_C3458	1	11.11111111111111
Strep_C3460	1	11.11111111111111
Strep_C3461	1	11.11111111111111
Strep_C3410	1	11.11111111111111
Strep_C3409	1	11.11111111111111
Strep_C3346	1	11.11111111111111
Strep_C3404	1	11.11111111111111
Strep_C3348	1	11.11111111111111
Strep_C3349	1	11.11111111111111
Strep_C3350	1	11.11111111111111
Strep_C3359	1	11.11111111111111
Strep_C335	1	11.11111111111111
Strep_C3360	1	11.11111111111111
Strep_C3361	1	11.11111111111111
Strep_C3363	1	11.11111111111111
Strep_C3364	1	11.11111111111111
Strep_C3365	1	11.11111111111111
Strep_C3369	1	11.11111111111111
Strep_C3372	1	11.11111111111111
Strep_C3373	1	11.11111111111111
Strep_C3375	1	11.11111111111111
Strep_C3376	1	11.11111111111111
Strep_C3377	1	11.11111111111111
Strep_C3382	1	11.11111111111111
Strep_C3384	1	11.11111111111111
Strep_C3385	1	11.11111111111111
Strep_C3386	1	11.11111111111111
Strep_C3387	1	11.11111111111111
Strep_C3388	1	11.11111111111111
Strep_C3390	1	11.11111111111111
Strep_C3392	1	11.11111111111111
Strep_C3393	1	11.11111111111111
Strep_C3399	1	11.11111111111111
Strep_C33	1	11.11111111111111
Strep_C3401	1	11.11111111111111
Strep_C3402	1	11.11111111111111
Strep_C36	1	11.11111111111111
Strep_C3703	1	11.11111111111111
Strep_C6190	1	11.11111111111111
Strep_C4028	1	11.11111111111111
Strep_C4004	1	11.11111111111111
Strep_C4005	1	11.11111111111111
Strep_C4006	1	11.11111111111111
Strep_C4007	1	11.11111111111111
Strep_C4009	1	11.11111111111111
Strep_C400	1	11.11111111111111
Strep_C4011	1	11.11111111111111
Strep_C4015	1	11.11111111111111
Strep_C4016	1	11.11111111111111
Strep_C4019	1	11.11111111111111
Strep_C401	1	11.11111111111111
Strep_C4020	1	11.11111111111111
Strep_C4021	1	11.11111111111111
Strep_C4025	1	11.11111111111111
Strep_C4029	1	11.11111111111111
Strep_C4059	1	11.11111111111111
Strep_C4030	1	11.11111111111111
Strep_C4031	1	11.11111111111111
Strep_C4035	1	11.11111111111111
Strep_C4037	1	11.11111111111111
Strep_C4038	1	11.11111111111111
Strep_C4039	1	11.11111111111111
Strep_C4040	1	11.11111111111111
Strep_C4044	1	11.11111111111111
Strep_C4049	1	11.11111111111111
Strep_C4050	1	11.11111111111111
Strep_C4052	1	11.11111111111111
Strep_C4053	1	11.11111111111111
Strep_C4055	1	11.11111111111111
Strep_C4057	1	11.11111111111111
Strep_C3	1	11.11111111111111
Strep_C39	1	11.11111111111111
Strep_C3998	1	11.11111111111111
Strep_C3997	1	11.11111111111111
Strep_C3951	1	11.11111111111111
Strep_C3955	1	11.11111111111111
Strep_C3957	1	11.11111111111111
Strep_C3958	1	11.11111111111111
Strep_C395	1	11.11111111111111
Strep_C3960	1	11.11111111111111
Strep_C3961	1	11.11111111111111
Strep_C3965	1	11.11111111111111
Strep_C3966	1	11.11111111111111
Strep_C3968	1	11.11111111111111
Strep_C3969	1	11.11111111111111
Strep_C396	1	11.11111111111111
Strep_C3970	1	11.11111111111111
Strep_C3974	1	11.11111111111111
Strep_C3975	1	11.11111111111111
Strep_C3976	1	11.11111111111111
Strep_C3977	1	11.11111111111111
Strep_C3979	1	11.11111111111111
Strep_C397	1	11.11111111111111
Strep_C3981	1	11.11111111111111
Strep_C3983	1	11.11111111111111
Strep_C3984	1	11.11111111111111
Strep_C3985	1	11.11111111111111
Strep_C3988	1	11.11111111111111
Strep_C3989	1	11.11111111111111
Strep_C398	1	11.11111111111111
Strep_C3994	1	11.11111111111111
Strep_C3995	1	11.11111111111111
Strep_C3996	1	11.11111111111111
Strep_C4058	1	11.11111111111111
Strep_C406	1	11.11111111111111
Strep_C3704	1	11.11111111111111
Strep_C4167	1	11.11111111111111
Strep_C4141	1	11.11111111111111
Strep_C4142	1	11.11111111111111
Strep_C4146	1	11.11111111111111
Strep_C4147	1	11.11111111111111
Strep_C4149	1	11.11111111111111
Strep_C414	1	11.11111111111111
Strep_C4150	1	11.11111111111111
Strep_C4151	1	11.11111111111111
Strep_C4152	1	11.11111111111111
Strep_C415	1	11.11111111111111
Strep_C4161	1	11.11111111111111
Strep_C4163	1	11.11111111111111
Strep_C4164	1	11.11111111111111
Strep_C4166	1	11.11111111111111
Strep_C416	1	11.11111111111111
Strep_C4070	1	11.11111111111111
Strep_C4170	1	11.11111111111111
Strep_C4171	1	11.11111111111111
Strep_C4175	1	11.11111111111111
Strep_C4177	1	11.11111111111111
Strep_C4179	1	11.11111111111111
Strep_C4180	1	11.11111111111111
Strep_C4187	1	11.11111111111111
Strep_C4188	1	11.11111111111111
Strep_C418	1	11.11111111111111
Strep_C4190	1	11.11111111111111
Strep_C4192	1	11.11111111111111
Strep_C4193	1	11.11111111111111
Strep_C4194	1	11.11111111111111
Strep_C4195	1	11.11111111111111
Strep_C413	1	11.11111111111111
Strep_C4139	1	11.11111111111111
Strep_C4138	1	11.11111111111111
Strep_C4131	1	11.11111111111111
Strep_C4072	1	11.11111111111111
Strep_C4073	1	11.11111111111111
Strep_C4074	1	11.11111111111111
Strep_C4076	1	11.11111111111111
Strep_C407	1	11.11111111111111
Strep_C4080	1	11.11111111111111
Strep_C4085	1	11.11111111111111
Strep_C4087	1	11.11111111111111
Strep_C4088	1	11.11111111111111
Strep_C4089	1	11.11111111111111
Strep_C408	1	11.11111111111111
Strep_C4090	1	11.11111111111111
Strep_C4091	1	11.11111111111111
Strep_C4092	1	11.11111111111111
Strep_C4093	1	11.11111111111111
Strep_C4095	1	11.11111111111111
Strep_C4098	1	11.11111111111111
Strep_C40	1	11.11111111111111
Strep_C4100	1	11.11111111111111
Strep_C4104	1	11.11111111111111
Strep_C4106	1	11.11111111111111
Strep_C4107	1	11.11111111111111
Strep_C4115	1	11.11111111111111
Strep_C411	1	11.11111111111111
Strep_C4120	1	11.11111111111111
Strep_C4121	1	11.11111111111111
Strep_C4122	1	11.11111111111111
Strep_C4123	1	11.11111111111111
Strep_C4126	1	11.11111111111111
Strep_C3949	1	11.11111111111111
Strep_C3947	1	11.11111111111111
Strep_C3942	1	11.11111111111111
Strep_C3786	1	11.11111111111111
Strep_C3761	1	11.11111111111111
Strep_C3762	1	11.11111111111111
Strep_C3763	1	11.11111111111111
Strep_C3766	1	11.11111111111111
Strep_C3767	1	11.11111111111111
Strep_C3768	1	11.11111111111111
Strep_C3769	1	11.11111111111111
Strep_C3770	1	11.11111111111111
Strep_C3776	1	11.11111111111111
Strep_C3779	1	11.11111111111111
Strep_C3780	1	11.11111111111111
Strep_C3781	1	11.11111111111111
Strep_C3782	1	11.11111111111111
Strep_C3783	1	11.11111111111111
Strep_C3788	1	11.11111111111111
Strep_C3941	1	11.11111111111111
Strep_C3789	1	11.11111111111111
Strep_C378	1	11.11111111111111
Strep_C3790	1	11.11111111111111
Strep_C3791	1	11.11111111111111
Strep_C3797	1	11.11111111111111
Strep_C3799	1	11.11111111111111
Strep_C379	1	11.11111111111111
Strep_C37	1	11.11111111111111
Strep_C3801	1	11.11111111111111
Strep_C3806	1	11.11111111111111
Strep_C3807	1	11.11111111111111
Strep_C3809	1	11.11111111111111
Strep_C380	1	11.11111111111111
Strep_C3811	1	11.11111111111111
Strep_C375	1	11.11111111111111
Strep_C3757	1	11.11111111111111
Strep_C3756	1	11.11111111111111
Strep_C3754	1	11.11111111111111
Strep_C3708	1	11.11111111111111
Strep_C3711	1	11.11111111111111
Strep_C3712	1	11.11111111111111
Strep_C3713	1	11.11111111111111
Strep_C3715	1	11.11111111111111
Strep_C3717	1	11.11111111111111
Strep_C3718	1	11.11111111111111
Strep_C371	1	11.11111111111111
Strep_C3720	1	11.11111111111111
Strep_C3721	1	11.11111111111111
Strep_C3722	1	11.11111111111111
Strep_C3723	1	11.11111111111111
Strep_C3724	1	11.11111111111111
Strep_C3729	1	11.11111111111111
Strep_C372	1	11.11111111111111
Strep_C3730	1	11.11111111111111
Strep_C3731	1	11.11111111111111
Strep_C3732	1	11.11111111111111
Strep_C3733	1	11.11111111111111
Strep_C3734	1	11.11111111111111
Strep_C3737	1	11.11111111111111
Strep_C3738	1	11.11111111111111
Strep_C373	1	11.11111111111111
Strep_C3741	1	11.11111111111111
Strep_C3742	1	11.11111111111111
Strep_C3744	1	11.11111111111111
Strep_C3746	1	11.11111111111111
Strep_C374	1	11.11111111111111
Strep_C3752	1	11.11111111111111
Strep_C3812	1	11.11111111111111
Strep_C3813	1	11.11111111111111
Strep_C3815	1	11.11111111111111
Strep_C3883	1	11.11111111111111
Strep_C3886	1	11.11111111111111
Strep_C3887	1	11.11111111111111
Strep_C3891	1	11.11111111111111
Strep_C3893	1	11.11111111111111
Strep_C3894	1	11.11111111111111
Strep_C3895	1	11.11111111111111
Strep_C3896	1	11.11111111111111
Strep_C3899	1	11.11111111111111
Strep_C389	1	11.11111111111111
Strep_C38	1	11.11111111111111
Strep_C3900	1	11.11111111111111
Strep_C3904	1	11.11111111111111
Strep_C3905	1	11.11111111111111
Strep_C3906	1	11.11111111111111
Strep_C3907	1	11.11111111111111
Strep_C3908	1	11.11111111111111
Strep_C3910	1	11.11111111111111
Strep_C3911	1	11.11111111111111
Strep_C3912	1	11.11111111111111
Strep_C3915	1	11.11111111111111
Strep_C3916	1	11.11111111111111
Strep_C3922	1	11.11111111111111
Strep_C3928	1	11.11111111111111
Strep_C3929	1	11.11111111111111
Strep_C3933	1	11.11111111111111
Strep_C3935	1	11.11111111111111
Strep_C3938	1	11.11111111111111
Strep_C3939	1	11.11111111111111
Strep_C393	1	11.11111111111111
Strep_C3885	1	11.11111111111111
Strep_C3882	1	11.11111111111111
Strep_C3816	1	11.11111111111111
Strep_C3881	1	11.11111111111111
Strep_C3817	1	11.11111111111111
Strep_C381	1	11.11111111111111
Strep_C3820	1	11.11111111111111
Strep_C3821	1	11.11111111111111
Strep_C3822	1	11.11111111111111
Strep_C3826	1	11.11111111111111
Strep_C3827	1	11.11111111111111
Strep_C3829	1	11.11111111111111
Strep_C382	1	11.11111111111111
Strep_C3834	1	11.11111111111111
Strep_C3838	1	11.11111111111111
Strep_C3844	1	11.11111111111111
Strep_C3845	1	11.11111111111111
Strep_C3846	1	11.11111111111111
Strep_C384	1	11.11111111111111
Strep_C3852	1	11.11111111111111
Strep_C3854	1	11.11111111111111
Strep_C3856	1	11.11111111111111
Strep_C3857	1	11.11111111111111
Strep_C385	1	11.11111111111111
Strep_C3860	1	11.11111111111111
Strep_C3863	1	11.11111111111111
Strep_C3865	1	11.11111111111111
Strep_C3871	1	11.11111111111111
Strep_C3872	1	11.11111111111111
Strep_C3873	1	11.11111111111111
Strep_C3875	1	11.11111111111111
Strep_C3876	1	11.11111111111111
Strep_C387	1	11.11111111111111
Strep_C3226	1	11.11111111111111
Strep_C3221	1	11.11111111111111
Strep_C3220	1	11.11111111111111
Strep_C30116	1	11.11111111111111
Strep_C30102	1	11.11111111111111
Strep_C30103	1	11.11111111111111
Strep_C30104	1	11.11111111111111
Strep_C30105	1	11.11111111111111
Strep_C30106	1	11.11111111111111
Strep_C30107	1	11.11111111111111
Strep_C30108	1	11.11111111111111
Strep_C30109	1	11.11111111111111
Strep_C30110	1	11.11111111111111
Strep_C30111	1	11.11111111111111
Strep_C30112	1	11.11111111111111
Strep_C30113	1	11.11111111111111
Strep_C30114	1	11.11111111111111
Strep_C30115	1	11.11111111111111
Strep_C30117	1	11.11111111111111
Strep_C30134	1	11.11111111111111
Strep_C30119	1	11.11111111111111
Strep_C30120	1	11.11111111111111
Strep_C30121	1	11.11111111111111
Strep_C30122	1	11.11111111111111
Strep_C30123	1	11.11111111111111
Strep_C30124	1	11.11111111111111
Strep_C30125	1	11.11111111111111
Strep_C30126	1	11.11111111111111
Strep_C30127	1	11.11111111111111
Strep_C30128	1	11.11111111111111
Strep_C30129	1	11.11111111111111
Strep_C3012	1	11.11111111111111
Strep_C30131	1	11.11111111111111
Strep_C30132	1	11.11111111111111
Strep_C30101	1	11.11111111111111
Strep_C30100	1	11.11111111111111
Strep_C300	1	11.11111111111111
Strep_C3009	1	11.11111111111111
Strep_C30064	1	11.11111111111111
Strep_C30065	1	11.11111111111111
Strep_C30069	1	11.11111111111111
Strep_C30070	1	11.11111111111111
Strep_C30071	1	11.11111111111111
Strep_C30072	1	11.11111111111111
Strep_C30073	1	11.11111111111111
Strep_C30074	1	11.11111111111111
Strep_C30077	1	11.11111111111111
Strep_C30078	1	11.11111111111111
Strep_C30079	1	11.11111111111111
Strep_C30080	1	11.11111111111111
Strep_C30081	1	11.11111111111111
Strep_C30082	1	11.11111111111111
Strep_C30083	1	11.11111111111111
Strep_C30084	1	11.11111111111111
Strep_C30085	1	11.11111111111111
Strep_C30086	1	11.11111111111111
Strep_C30087	1	11.11111111111111
Strep_C30088	1	11.11111111111111
Strep_C30089	1	11.11111111111111
Strep_C30090	1	11.11111111111111
Strep_C30091	1	11.11111111111111
Strep_C30092	1	11.11111111111111
Strep_C30093	1	11.11111111111111
Strep_C30094	1	11.11111111111111
Strep_C30095	1	11.11111111111111
Strep_C30097	1	11.11111111111111
Strep_C30098	1	11.11111111111111
Strep_C30133	1	11.11111111111111
Strep_C30135	1	11.11111111111111
Strep_C3219	1	11.11111111111111
Strep_C30186	1	11.11111111111111
Strep_C30171	1	11.11111111111111
Strep_C30172	1	11.11111111111111
Strep_C30173	1	11.11111111111111
Strep_C30174	1	11.11111111111111
Strep_C30175	1	11.11111111111111
Strep_C30176	1	11.11111111111111
Strep_C30177	1	11.11111111111111
Strep_C30179	1	11.11111111111111
Strep_C30180	1	11.11111111111111
Strep_C30181	1	11.11111111111111
Strep_C30182	1	11.11111111111111
Strep_C30183	1	11.11111111111111
Strep_C30184	1	11.11111111111111
Strep_C30185	1	11.11111111111111
Strep_C30187	1	11.11111111111111
Strep_C30137	1	11.11111111111111
Strep_C30188	1	11.11111111111111
Strep_C30189	1	11.11111111111111
Strep_C3018	1	11.11111111111111
Strep_C30190	1	11.11111111111111
Strep_C30191	1	11.11111111111111
Strep_C30192	1	11.11111111111111
Strep_C30193	1	11.11111111111111
Strep_C30194	1	11.11111111111111
Strep_C30196	1	11.11111111111111
Strep_C30197	1	11.11111111111111
Strep_C30198	1	11.11111111111111
Strep_C30199	1	11.11111111111111
Strep_C3019	1	11.11111111111111
Strep_C30200	1	11.11111111111111
Strep_C30170	1	11.11111111111111
Strep_C30169	1	11.11111111111111
Strep_C30168	1	11.11111111111111
Strep_C30167	1	11.11111111111111
Strep_C30138	1	11.11111111111111
Strep_C30139	1	11.11111111111111
Strep_C30140	1	11.11111111111111
Strep_C30141	1	11.11111111111111
Strep_C30142	1	11.11111111111111
Strep_C30143	1	11.11111111111111
Strep_C30144	1	11.11111111111111
Strep_C30145	1	11.11111111111111
Strep_C30146	1	11.11111111111111
Strep_C30147	1	11.11111111111111
Strep_C30148	1	11.11111111111111
Strep_C3014	1	11.11111111111111
Strep_C30151	1	11.11111111111111
Strep_C30152	1	11.11111111111111
Strep_C30153	1	11.11111111111111
Strep_C30154	1	11.11111111111111
Strep_C30155	1	11.11111111111111
Strep_C30156	1	11.11111111111111
Strep_C30157	1	11.11111111111111
Strep_C30158	1	11.11111111111111
Strep_C30159	1	11.11111111111111
Strep_C3015	1	11.11111111111111
Strep_C30160	1	11.11111111111111
Strep_C30161	1	11.11111111111111
Strep_C30162	1	11.11111111111111
Strep_C30163	1	11.11111111111111
Strep_C30164	1	11.11111111111111
Strep_C30165	1	11.11111111111111
Strep_C30166	1	11.11111111111111
Strep_C30060	1	11.11111111111111
Strep_C30059	1	11.11111111111111
Strep_C30058	1	11.11111111111111
Strep_C29971	1	11.11111111111111
Strep_C29957	1	11.11111111111111
Strep_C29958	1	11.11111111111111
Strep_C29959	1	11.11111111111111
Strep_C29960	1	11.11111111111111
Strep_C29961	1	11.11111111111111
Strep_C29962	1	11.11111111111111
Strep_C29963	1	11.11111111111111
Strep_C29964	1	11.11111111111111
Strep_C29965	1	11.11111111111111
Strep_C29966	1	11.11111111111111
Strep_C29967	1	11.11111111111111
Strep_C29968	1	11.11111111111111
Strep_C29969	1	11.11111111111111
Strep_C29970	1	11.11111111111111
Strep_C29972	1	11.11111111111111
Strep_C30057	1	11.11111111111111
Strep_C29973	1	11.11111111111111
Strep_C29975	1	11.11111111111111
Strep_C29978	1	11.11111111111111
Strep_C2997	1	11.11111111111111
Strep_C29981	1	11.11111111111111
Strep_C29982	1	11.11111111111111
Strep_C29984	1	11.11111111111111
Strep_C29985	1	11.11111111111111
Strep_C29986	1	11.11111111111111
Strep_C29987	1	11.11111111111111
Strep_C29988	1	11.11111111111111
Strep_C29989	1	11.11111111111111
Strep_C2998	1	11.11111111111111
Strep_C29990	1	11.11111111111111
Strep_C29956	1	11.11111111111111
Strep_C29955	1	11.11111111111111
Strep_C29954	1	11.11111111111111
Strep_C29952	1	11.11111111111111
Strep_C29916	1	11.11111111111111
Strep_C29917	1	11.11111111111111
Strep_C29918	1	11.11111111111111
Strep_C29920	1	11.11111111111111
Strep_C29921	1	11.11111111111111
Strep_C29924	1	11.11111111111111
Strep_C29925	1	11.11111111111111
Strep_C29926	1	11.11111111111111
Strep_C29927	1	11.11111111111111
Strep_C29928	1	11.11111111111111
Strep_C29930	1	11.11111111111111
Strep_C29931	1	11.11111111111111
Strep_C29932	1	11.11111111111111
Strep_C29933	1	11.11111111111111
Strep_C29934	1	11.11111111111111
Strep_C29935	1	11.11111111111111
Strep_C29936	1	11.11111111111111
Strep_C29937	1	11.11111111111111
Strep_C29938	1	11.11111111111111
Strep_C29939	1	11.11111111111111
Strep_C29940	1	11.11111111111111
Strep_C29941	1	11.11111111111111
Strep_C29942	1	11.11111111111111
Strep_C29943	1	11.11111111111111
Strep_C29944	1	11.11111111111111
Strep_C29948	1	11.11111111111111
Strep_C2994	1	11.11111111111111
Strep_C29950	1	11.11111111111111
Strep_C29951	1	11.11111111111111
Strep_C29991	1	11.11111111111111
Strep_C29992	1	11.11111111111111
Strep_C29993	1	11.11111111111111
Strep_C30024	1	11.11111111111111
Strep_C30026	1	11.11111111111111
Strep_C30027	1	11.11111111111111
Strep_C30028	1	11.11111111111111
Strep_C30029	1	11.11111111111111
Strep_C30030	1	11.11111111111111
Strep_C30031	1	11.11111111111111
Strep_C30032	1	11.11111111111111
Strep_C30034	1	11.11111111111111
Strep_C30035	1	11.11111111111111
Strep_C30036	1	11.11111111111111
Strep_C30037	1	11.11111111111111
Strep_C30038	1	11.11111111111111
Strep_C30039	1	11.11111111111111
Strep_C3003	1	11.11111111111111
Strep_C30040	1	11.11111111111111
Strep_C30041	1	11.11111111111111
Strep_C30042	1	11.11111111111111
Strep_C30045	1	11.11111111111111
Strep_C30046	1	11.11111111111111
Strep_C30048	1	11.11111111111111
Strep_C30049	1	11.11111111111111
Strep_C3004	1	11.11111111111111
Strep_C30050	1	11.11111111111111
Strep_C30051	1	11.11111111111111
Strep_C30052	1	11.11111111111111
Strep_C30053	1	11.11111111111111
Strep_C30054	1	11.11111111111111
Strep_C30055	1	11.11111111111111
Strep_C30056	1	11.11111111111111
Strep_C30025	1	11.11111111111111
Strep_C30023	1	11.11111111111111
Strep_C29996	1	11.11111111111111
Strep_C30022	1	11.11111111111111
Strep_C29997	1	11.11111111111111
Strep_C29998	1	11.11111111111111
Strep_C29999	1	11.11111111111111
Strep_C299	1	11.11111111111111
Strep_C29	1	11.11111111111111
Strep_C2	1	11.11111111111111
Strep_C30000	1	11.11111111111111
Strep_C30001	1	11.11111111111111
Strep_C30002	1	11.11111111111111
Strep_C30003	1	11.11111111111111
Strep_C30004	1	11.11111111111111
Strep_C30006	1	11.11111111111111
Strep_C30007	1	11.11111111111111
Strep_C30008	1	11.11111111111111
Strep_C30009	1	11.11111111111111
Strep_C3000	1	11.11111111111111
Strep_C30010	1	11.11111111111111
Strep_C30011	1	11.11111111111111
Strep_C30012	1	11.11111111111111
Strep_C30013	1	11.11111111111111
Strep_C30014	1	11.11111111111111
Strep_C30015	1	11.11111111111111
Strep_C30016	1	11.11111111111111
Strep_C30017	1	11.11111111111111
Strep_C30018	1	11.11111111111111
Strep_C30019	1	11.11111111111111
Strep_C3001	1	11.11111111111111
Strep_C30020	1	11.11111111111111
Strep_C30021	1	11.11111111111111
Strep_C30201	1	11.11111111111111
Strep_C30202	1	11.11111111111111
Strep_C30203	1	11.11111111111111
Strep_C3063	1	11.11111111111111
Strep_C30401	1	11.11111111111111
Strep_C30402	1	11.11111111111111
Strep_C30403	1	11.11111111111111
Strep_C3040	1	11.11111111111111
Strep_C3041	1	11.11111111111111
Strep_C3045	1	11.11111111111111
Strep_C304	1	11.11111111111111
Strep_C3050	1	11.11111111111111
Strep_C3051	1	11.11111111111111
Strep_C3052	1	11.11111111111111
Strep_C3057	1	11.11111111111111
Strep_C3059	1	11.11111111111111
Strep_C305	1	11.11111111111111
Strep_C3060	1	11.11111111111111
Strep_C3064	1	11.11111111111111
Strep_C30352	1	11.11111111111111
Strep_C3065	1	11.11111111111111
Strep_C3067	1	11.11111111111111
Strep_C3068	1	11.11111111111111
Strep_C3069	1	11.11111111111111
Strep_C306	1	11.11111111111111
Strep_C3073	1	11.11111111111111
Strep_C3074	1	11.11111111111111
Strep_C3077	1	11.11111111111111
Strep_C3078	1	11.11111111111111
Strep_C3079	1	11.11111111111111
Strep_C307	1	11.11111111111111
Strep_C3083	1	11.11111111111111
Strep_C3084	1	11.11111111111111
Strep_C3086	1	11.11111111111111
Strep_C30400	1	11.11111111111111
Strep_C3039	1	11.11111111111111
Strep_C30399	1	11.11111111111111
Strep_C30394	1	11.11111111111111
Strep_C30354	1	11.11111111111111
Strep_C30355	1	11.11111111111111
Strep_C30356	1	11.11111111111111
Strep_C30357	1	11.11111111111111
Strep_C3035	1	11.11111111111111
Strep_C30360	1	11.11111111111111
Strep_C30362	1	11.11111111111111
Strep_C30363	1	11.11111111111111
Strep_C30364	1	11.11111111111111
Strep_C30365	1	11.11111111111111
Strep_C30366	1	11.11111111111111
Strep_C30368	1	11.11111111111111
Strep_C30371	1	11.11111111111111
Strep_C30372	1	11.11111111111111
Strep_C30373	1	11.11111111111111
Strep_C30375	1	11.11111111111111
Strep_C30377	1	11.11111111111111
Strep_C30378	1	11.11111111111111
Strep_C30379	1	11.11111111111111
Strep_C3037	1	11.11111111111111
Strep_C30382	1	11.11111111111111
Strep_C30384	1	11.11111111111111
Strep_C30385	1	11.11111111111111
Strep_C30386	1	11.11111111111111
Strep_C30387	1	11.11111111111111
Strep_C3038	1	11.11111111111111
Strep_C30390	1	11.11111111111111
Strep_C30392	1	11.11111111111111
Strep_C30393	1	11.11111111111111
Strep_C3088	1	11.11111111111111
Strep_C3089	1	11.11111111111111
Strep_C3093	1	11.11111111111111
Strep_C3164	1	11.11111111111111
Strep_C3167	1	11.11111111111111
Strep_C3170	1	11.11111111111111
Strep_C3171	1	11.11111111111111
Strep_C3175	1	11.11111111111111
Strep_C3176	1	11.11111111111111
Strep_C3177	1	11.11111111111111
Strep_C3179	1	11.11111111111111
Strep_C317	1	11.11111111111111
Strep_C3181	1	11.11111111111111
Strep_C3182	1	11.11111111111111
Strep_C3184	1	11.11111111111111
Strep_C3189	1	11.11111111111111
Strep_C318	1	11.11111111111111
Strep_C3190	1	11.11111111111111
Strep_C3193	1	11.11111111111111
Strep_C3195	1	11.11111111111111
Strep_C3197	1	11.11111111111111
Strep_C3198	1	11.11111111111111
Strep_C3199	1	11.11111111111111
Strep_C31	1	11.11111111111111
Strep_C3204	1	11.11111111111111
Strep_C3207	1	11.11111111111111
Strep_C3208	1	11.11111111111111
Strep_C3209	1	11.11111111111111
Strep_C3210	1	11.11111111111111
Strep_C3215	1	11.11111111111111
Strep_C3216	1	11.11111111111111
Strep_C3217	1	11.11111111111111
Strep_C3218	1	11.11111111111111
Strep_C3166	1	11.11111111111111
Strep_C3162	1	11.11111111111111
Strep_C3095	1	11.11111111111111
Strep_C3159	1	11.11111111111111
Strep_C309	1	11.11111111111111
Strep_C30	1	11.11111111111111
Strep_C3102	1	11.11111111111111
Strep_C3103	1	11.11111111111111
Strep_C3105	1	11.11111111111111
Strep_C3108	1	11.11111111111111
Strep_C3109	1	11.11111111111111
Strep_C310	1	11.11111111111111
Strep_C3112	1	11.11111111111111
Strep_C3114	1	11.11111111111111
Strep_C3117	1	11.11111111111111
Strep_C3119	1	11.11111111111111
Strep_C311	1	11.11111111111111
Strep_C3120	1	11.11111111111111
Strep_C3125	1	11.11111111111111
Strep_C3128	1	11.11111111111111
Strep_C3129	1	11.11111111111111
Strep_C312	1	11.11111111111111
Strep_C3133	1	11.11111111111111
Strep_C3134	1	11.11111111111111
Strep_C3138	1	11.11111111111111
Strep_C3139	1	11.11111111111111
Strep_C313	1	11.11111111111111
Strep_C3140	1	11.11111111111111
Strep_C3141	1	11.11111111111111
Strep_C3142	1	11.11111111111111
Strep_C3147	1	11.11111111111111
Strep_C3152	1	11.11111111111111
Strep_C3155	1	11.11111111111111
Strep_C30353	1	11.11111111111111
Strep_C30351	1	11.11111111111111
Strep_C30204	1	11.11111111111111
Strep_C30260	1	11.11111111111111
Strep_C30243	1	11.11111111111111
Strep_C30244	1	11.11111111111111
Strep_C30245	1	11.11111111111111
Strep_C30246	1	11.11111111111111
Strep_C30247	1	11.11111111111111
Strep_C30250	1	11.11111111111111
Strep_C30251	1	11.11111111111111
Strep_C30252	1	11.11111111111111
Strep_C30253	1	11.11111111111111
Strep_C30254	1	11.11111111111111
Strep_C30255	1	11.11111111111111
Strep_C30257	1	11.11111111111111
Strep_C30258	1	11.11111111111111
Strep_C30259	1	11.11111111111111
Strep_C30261	1	11.11111111111111
Strep_C30350	1	11.11111111111111
Strep_C30262	1	11.11111111111111
Strep_C30263	1	11.11111111111111
Strep_C30265	1	11.11111111111111
Strep_C30266	1	11.11111111111111
Strep_C30269	1	11.11111111111111
Strep_C3026	1	11.11111111111111
Strep_C30270	1	11.11111111111111
Strep_C30271	1	11.11111111111111
Strep_C30272	1	11.11111111111111
Strep_C30273	1	11.11111111111111
Strep_C30274	1	11.11111111111111
Strep_C30275	1	11.11111111111111
Strep_C30276	1	11.11111111111111
Strep_C30277	1	11.11111111111111
Strep_C30242	1	11.11111111111111
Strep_C30241	1	11.11111111111111
Strep_C30240	1	11.11111111111111
Strep_C30239	1	11.11111111111111
Strep_C30205	1	11.11111111111111
Strep_C30206	1	11.11111111111111
Strep_C30207	1	11.11111111111111
Strep_C30208	1	11.11111111111111
Strep_C30209	1	11.11111111111111
Strep_C3020	1	11.11111111111111
Strep_C30210	1	11.11111111111111
Strep_C30212	1	11.11111111111111
Strep_C30213	1	11.11111111111111
Strep_C30214	1	11.11111111111111
Strep_C30215	1	11.11111111111111
Strep_C30217	1	11.11111111111111
Strep_C30218	1	11.11111111111111
Strep_C3021	1	11.11111111111111
Strep_C30220	1	11.11111111111111
Strep_C30221	1	11.11111111111111
Strep_C30222	1	11.11111111111111
Strep_C30223	1	11.11111111111111
Strep_C30224	1	11.11111111111111
Strep_C30225	1	11.11111111111111
Strep_C30226	1	11.11111111111111
Strep_C30227	1	11.11111111111111
Strep_C30228	1	11.11111111111111
Strep_C30229	1	11.11111111111111
Strep_C30231	1	11.11111111111111
Strep_C30233	1	11.11111111111111
Strep_C30234	1	11.11111111111111
Strep_C30235	1	11.11111111111111
Strep_C30238	1	11.11111111111111
Strep_C30278	1	11.11111111111111
Strep_C30279	1	11.11111111111111
Strep_C3027	1	11.11111111111111
Strep_C30315	1	11.11111111111111
Strep_C30317	1	11.11111111111111
Strep_C30318	1	11.11111111111111
Strep_C30319	1	11.11111111111111
Strep_C30321	1	11.11111111111111
Strep_C30322	1	11.11111111111111
Strep_C30323	1	11.11111111111111
Strep_C30325	1	11.11111111111111
Strep_C30326	1	11.11111111111111
Strep_C30328	1	11.11111111111111
Strep_C30329	1	11.11111111111111
Strep_C30330	1	11.11111111111111
Strep_C30331	1	11.11111111111111
Strep_C30332	1	11.11111111111111
Strep_C30333	1	11.11111111111111
Strep_C30334	1	11.11111111111111
Strep_C30335	1	11.11111111111111
Strep_C30337	1	11.11111111111111
Strep_C30339	1	11.11111111111111
Strep_C30340	1	11.11111111111111
Strep_C30341	1	11.11111111111111
Strep_C30342	1	11.11111111111111
Strep_C30343	1	11.11111111111111
Strep_C30344	1	11.11111111111111
Strep_C30345	1	11.11111111111111
Strep_C30346	1	11.11111111111111
Strep_C30347	1	11.11111111111111
Strep_C30348	1	11.11111111111111
Strep_C30349	1	11.11111111111111
Strep_C3034	1	11.11111111111111
Strep_C30316	1	11.11111111111111
Strep_C30314	1	11.11111111111111
Strep_C30280	1	11.11111111111111
Strep_C30313	1	11.11111111111111
Strep_C30281	1	11.11111111111111
Strep_C30282	1	11.11111111111111
Strep_C30283	1	11.11111111111111
Strep_C30284	1	11.11111111111111
Strep_C30285	1	11.11111111111111
Strep_C30286	1	11.11111111111111
Strep_C30287	1	11.11111111111111
Strep_C30288	1	11.11111111111111
Strep_C30289	1	11.11111111111111
Strep_C3028	1	11.11111111111111
Strep_C30290	1	11.11111111111111
Strep_C30291	1	11.11111111111111
Strep_C30294	1	11.11111111111111
Strep_C30295	1	11.11111111111111
Strep_C30296	1	11.11111111111111
Strep_C30297	1	11.11111111111111
Strep_C30298	1	11.11111111111111
Strep_C30300	1	11.11111111111111
Strep_C30302	1	11.11111111111111
Strep_C30303	1	11.11111111111111
Strep_C30304	1	11.11111111111111
Strep_C30305	1	11.11111111111111
Strep_C30306	1	11.11111111111111
Strep_C30307	1	11.11111111111111
Strep_C30308	1	11.11111111111111
Strep_C30309	1	11.11111111111111
Strep_C30310	1	11.11111111111111
Strep_C30311	1	11.11111111111111
Strep_C30312	1	11.11111111111111
Strep_C4196	1	11.11111111111111
Strep_C4197	1	11.11111111111111
Strep_C41	1	11.11111111111111
Strep_C5535	1	11.11111111111111
Strep_C5503	1	11.11111111111111
Strep_C5504	1	11.11111111111111
Strep_C5506	1	11.11111111111111
Strep_C5508	1	11.11111111111111
Strep_C5509	1	11.11111111111111
Strep_C5516	1	11.11111111111111
Strep_C551	1	11.11111111111111
Strep_C5521	1	11.11111111111111
Strep_C5525	1	11.11111111111111
Strep_C5526	1	11.11111111111111
Strep_C5527	1	11.11111111111111
Strep_C5528	1	11.11111111111111
Strep_C5529	1	11.11111111111111
Strep_C5532	1	11.11111111111111
Strep_C5536	1	11.11111111111111
Strep_C5567	1	11.11111111111111
Strep_C5537	1	11.11111111111111
Strep_C5539	1	11.11111111111111
Strep_C554	1	11.11111111111111
Strep_C5551	1	11.11111111111111
Strep_C5554	1	11.11111111111111
Strep_C5555	1	11.11111111111111
Strep_C5556	1	11.11111111111111
Strep_C5557	1	11.11111111111111
Strep_C5558	1	11.11111111111111
Strep_C5559	1	11.11111111111111
Strep_C555	1	11.11111111111111
Strep_C5561	1	11.11111111111111
Strep_C5564	1	11.11111111111111
Strep_C5565	1	11.11111111111111
Strep_C5501	1	11.11111111111111
Strep_C54	1	11.11111111111111
Strep_C549	1	11.11111111111111
Strep_C5497	1	11.11111111111111
Strep_C5448	1	11.11111111111111
Strep_C5449	1	11.11111111111111
Strep_C544	1	11.11111111111111
Strep_C5451	1	11.11111111111111
Strep_C5452	1	11.11111111111111
Strep_C5456	1	11.11111111111111
Strep_C5459	1	11.11111111111111
Strep_C545	1	11.11111111111111
Strep_C5460	1	11.11111111111111
Strep_C5461	1	11.11111111111111
Strep_C5466	1	11.11111111111111
Strep_C5468	1	11.11111111111111
Strep_C5470	1	11.11111111111111
Strep_C5471	1	11.11111111111111
Strep_C5475	1	11.11111111111111
Strep_C5476	1	11.11111111111111
Strep_C5477	1	11.11111111111111
Strep_C547	1	11.11111111111111
Strep_C5482	1	11.11111111111111
Strep_C5483	1	11.11111111111111
Strep_C5484	1	11.11111111111111
Strep_C5485	1	11.11111111111111
Strep_C5489	1	11.11111111111111
Strep_C548	1	11.11111111111111
Strep_C5490	1	11.11111111111111
Strep_C5493	1	11.11111111111111
Strep_C5494	1	11.11111111111111
Strep_C5495	1	11.11111111111111
Strep_C5496	1	11.11111111111111
Strep_C5566	1	11.11111111111111
Strep_C5568	1	11.11111111111111
Strep_C5217	1	11.11111111111111
Strep_C5678	1	11.11111111111111
Strep_C5651	1	11.11111111111111
Strep_C5652	1	11.11111111111111
Strep_C5653	1	11.11111111111111
Strep_C5654	1	11.11111111111111
Strep_C5655	1	11.11111111111111
Strep_C5662	1	11.11111111111111
Strep_C5667	1	11.11111111111111
Strep_C566	1	11.11111111111111
Strep_C5670	1	11.11111111111111
Strep_C5671	1	11.11111111111111
Strep_C5672	1	11.11111111111111
Strep_C5673	1	11.11111111111111
Strep_C5676	1	11.11111111111111
Strep_C5677	1	11.11111111111111
Strep_C567	1	11.11111111111111
Strep_C5569	1	11.11111111111111
Strep_C5685	1	11.11111111111111
Strep_C5686	1	11.11111111111111
Strep_C5687	1	11.11111111111111
Strep_C5688	1	11.11111111111111
Strep_C5690	1	11.11111111111111
Strep_C5692	1	11.11111111111111
Strep_C5693	1	11.11111111111111
Strep_C5694	1	11.11111111111111
Strep_C5695	1	11.11111111111111
Strep_C5699	1	11.11111111111111
Strep_C569	1	11.11111111111111
Strep_C56	1	11.11111111111111
Strep_C5700	1	11.11111111111111
Strep_C5706	1	11.11111111111111
Strep_C5650	1	11.11111111111111
Strep_C564	1	11.11111111111111
Strep_C5647	1	11.11111111111111
Strep_C563	1	11.11111111111111
Strep_C5570	1	11.11111111111111
Strep_C5571	1	11.11111111111111
Strep_C5572	1	11.11111111111111
Strep_C5583	1	11.11111111111111
Strep_C5584	1	11.11111111111111
Strep_C5585	1	11.11111111111111
Strep_C5586	1	11.11111111111111
Strep_C5588	1	11.11111111111111
Strep_C5591	1	11.11111111111111
Strep_C5594	1	11.11111111111111
Strep_C5595	1	11.11111111111111
Strep_C559	1	11.11111111111111
Strep_C5600	1	11.11111111111111
Strep_C5601	1	11.11111111111111
Strep_C5602	1	11.11111111111111
Strep_C5603	1	11.11111111111111
Strep_C5604	1	11.11111111111111
Strep_C5605	1	11.11111111111111
Strep_C5611	1	11.11111111111111
Strep_C5612	1	11.11111111111111
Strep_C5613	1	11.11111111111111
Strep_C5614	1	11.11111111111111
Strep_C561	1	11.11111111111111
Strep_C5620	1	11.11111111111111
Strep_C5627	1	11.11111111111111
Strep_C5628	1	11.11111111111111
Strep_C562	1	11.11111111111111
Strep_C5630	1	11.11111111111111
Strep_C5638	1	11.11111111111111
Strep_C5447	1	11.11111111111111
Strep_C5445	1	11.11111111111111
Strep_C5444	1	11.11111111111111
Strep_C52	1	11.11111111111111
Strep_C5277	1	11.11111111111111
Strep_C527	1	11.11111111111111
Strep_C5282	1	11.11111111111111
Strep_C5283	1	11.11111111111111
Strep_C5285	1	11.11111111111111
Strep_C5286	1	11.11111111111111
Strep_C5287	1	11.11111111111111
Strep_C5288	1	11.11111111111111
Strep_C5289	1	11.11111111111111
Strep_C528	1	11.11111111111111
Strep_C5294	1	11.11111111111111
Strep_C5297	1	11.11111111111111
Strep_C5298	1	11.11111111111111
Strep_C529	1	11.11111111111111
Strep_C5302	1	11.11111111111111
Strep_C543	1	11.11111111111111
Strep_C5303	1	11.11111111111111
Strep_C5305	1	11.11111111111111
Strep_C5308	1	11.11111111111111
Strep_C530	1	11.11111111111111
Strep_C5310	1	11.11111111111111
Strep_C5313	1	11.11111111111111
Strep_C5314	1	11.11111111111111
Strep_C5316	1	11.11111111111111
Strep_C5317	1	11.11111111111111
Strep_C5318	1	11.11111111111111
Strep_C5319	1	11.11111111111111
Strep_C5322	1	11.11111111111111
Strep_C5325	1	11.11111111111111
Strep_C5326	1	11.11111111111111
Strep_C5275	1	11.11111111111111
Strep_C5274	1	11.11111111111111
Strep_C5272	1	11.11111111111111
Strep_C526	1	11.11111111111111
Strep_C521	1	11.11111111111111
Strep_C5223	1	11.11111111111111
Strep_C5224	1	11.11111111111111
Strep_C5228	1	11.11111111111111
Strep_C5229	1	11.11111111111111
Strep_C522	1	11.11111111111111
Strep_C5230	1	11.11111111111111
Strep_C5231	1	11.11111111111111
Strep_C5232	1	11.11111111111111
Strep_C5233	1	11.11111111111111
Strep_C5236	1	11.11111111111111
Strep_C523	1	11.11111111111111
Strep_C5240	1	11.11111111111111
Strep_C5241	1	11.11111111111111
Strep_C5242	1	11.11111111111111
Strep_C5243	1	11.11111111111111
Strep_C5244	1	11.11111111111111
Strep_C524	1	11.11111111111111
Strep_C5252	1	11.11111111111111
Strep_C5253	1	11.11111111111111
Strep_C5254	1	11.11111111111111
Strep_C5255	1	11.11111111111111
Strep_C525	1	11.11111111111111
Strep_C5260	1	11.11111111111111
Strep_C5262	1	11.11111111111111
Strep_C5263	1	11.11111111111111
Strep_C5264	1	11.11111111111111
Strep_C5265	1	11.11111111111111
Strep_C5266	1	11.11111111111111
Strep_C5327	1	11.11111111111111
Strep_C532	1	11.11111111111111
Strep_C5330	1	11.11111111111111
Strep_C5391	1	11.11111111111111
Strep_C5394	1	11.11111111111111
Strep_C5395	1	11.11111111111111
Strep_C5396	1	11.11111111111111
Strep_C539	1	11.11111111111111
Strep_C53	1	11.11111111111111
Strep_C5400	1	11.11111111111111
Strep_C5402	1	11.11111111111111
Strep_C5403	1	11.11111111111111
Strep_C5404	1	11.11111111111111
Strep_C5405	1	11.11111111111111
Strep_C5406	1	11.11111111111111
Strep_C5407	1	11.11111111111111
Strep_C5408	1	11.11111111111111
Strep_C5411	1	11.11111111111111
Strep_C5412	1	11.11111111111111
Strep_C5413	1	11.11111111111111
Strep_C5414	1	11.11111111111111
Strep_C5415	1	11.11111111111111
Strep_C5416	1	11.11111111111111
Strep_C5417	1	11.11111111111111
Strep_C541	1	11.11111111111111
Strep_C5426	1	11.11111111111111
Strep_C5428	1	11.11111111111111
Strep_C5429	1	11.11111111111111
Strep_C5430	1	11.11111111111111
Strep_C5431	1	11.11111111111111
Strep_C5432	1	11.11111111111111
Strep_C5433	1	11.11111111111111
Strep_C5434	1	11.11111111111111
Strep_C5392	1	11.11111111111111
Strep_C5390	1	11.11111111111111
Strep_C5331	1	11.11111111111111
Strep_C538	1	11.11111111111111
Strep_C5337	1	11.11111111111111
Strep_C5339	1	11.11111111111111
Strep_C533	1	11.11111111111111
Strep_C5341	1	11.11111111111111
Strep_C5345	1	11.11111111111111
Strep_C5346	1	11.11111111111111
Strep_C5348	1	11.11111111111111
Strep_C5349	1	11.11111111111111
Strep_C534	1	11.11111111111111
Strep_C5350	1	11.11111111111111
Strep_C5357	1	11.11111111111111
Strep_C5360	1	11.11111111111111
Strep_C5362	1	11.11111111111111
Strep_C5363	1	11.11111111111111
Strep_C5364	1	11.11111111111111
Strep_C5365	1	11.11111111111111
Strep_C5366	1	11.11111111111111
Strep_C5367	1	11.11111111111111
Strep_C5368	1	11.11111111111111
Strep_C5369	1	11.11111111111111
Strep_C5370	1	11.11111111111111
Strep_C5372	1	11.11111111111111
Strep_C5376	1	11.11111111111111
Strep_C5379	1	11.11111111111111
Strep_C5380	1	11.11111111111111
Strep_C5382	1	11.11111111111111
Strep_C5385	1	11.11111111111111
Strep_C5386	1	11.11111111111111
Strep_C5389	1	11.11111111111111
Strep_C5707	1	11.11111111111111
Strep_C5708	1	11.11111111111111
Strep_C5710	1	11.11111111111111
Strep_C6021	1	11.11111111111111
Strep_C5995	1	11.11111111111111
Strep_C5996	1	11.11111111111111
Strep_C5997	1	11.11111111111111
Strep_C59	1	11.11111111111111
Strep_C5	1	11.11111111111111
Strep_C6000	1	11.11111111111111
Strep_C6006	1	11.11111111111111
Strep_C6008	1	11.11111111111111
Strep_C600	1	11.11111111111111
Strep_C6010	1	11.11111111111111
Strep_C6016	1	11.11111111111111
Strep_C6017	1	11.11111111111111
Strep_C601	1	11.11111111111111
Strep_C6020	1	11.11111111111111
Strep_C6022	1	11.11111111111111
Strep_C5942	1	11.11111111111111
Strep_C6023	1	11.11111111111111
Strep_C6028	1	11.11111111111111
Strep_C6030	1	11.11111111111111
Strep_C6032	1	11.11111111111111
Strep_C6033	1	11.11111111111111
Strep_C6036	1	11.11111111111111
Strep_C6039	1	11.11111111111111
Strep_C6040	1	11.11111111111111
Strep_C6042	1	11.11111111111111
Strep_C6045	1	11.11111111111111
Strep_C6047	1	11.11111111111111
Strep_C6049	1	11.11111111111111
Strep_C6052	1	11.11111111111111
Strep_C6053	1	11.11111111111111
Strep_C5994	1	11.11111111111111
Strep_C5993	1	11.11111111111111
Strep_C598	1	11.11111111111111
Strep_C5988	1	11.11111111111111
Strep_C5946	1	11.11111111111111
Strep_C5947	1	11.11111111111111
Strep_C5948	1	11.11111111111111
Strep_C5949	1	11.11111111111111
Strep_C594	1	11.11111111111111
Strep_C5951	1	11.11111111111111
Strep_C5955	1	11.11111111111111
Strep_C5956	1	11.11111111111111
Strep_C5957	1	11.11111111111111
Strep_C5960	1	11.11111111111111
Strep_C5966	1	11.11111111111111
Strep_C5967	1	11.11111111111111
Strep_C5968	1	11.11111111111111
Strep_C5969	1	11.11111111111111
Strep_C5970	1	11.11111111111111
Strep_C5971	1	11.11111111111111
Strep_C5972	1	11.11111111111111
Strep_C5973	1	11.11111111111111
Strep_C5976	1	11.11111111111111
Strep_C5977	1	11.11111111111111
Strep_C5979	1	11.11111111111111
Strep_C597	1	11.11111111111111
Strep_C5980	1	11.11111111111111
Strep_C5981	1	11.11111111111111
Strep_C5982	1	11.11111111111111
Strep_C5983	1	11.11111111111111
Strep_C5984	1	11.11111111111111
Strep_C5985	1	11.11111111111111
Strep_C5986	1	11.11111111111111
Strep_C6055	1	11.11111111111111
Strep_C6056	1	11.11111111111111
Strep_C6064	1	11.11111111111111
Strep_C6131	1	11.11111111111111
Strep_C6134	1	11.11111111111111
Strep_C6135	1	11.11111111111111
Strep_C6137	1	11.11111111111111
Strep_C6143	1	11.11111111111111
Strep_C6144	1	11.11111111111111
Strep_C6145	1	11.11111111111111
Strep_C6148	1	11.11111111111111
Strep_C6149	1	11.11111111111111
Strep_C6158	1	11.11111111111111
Strep_C6159	1	11.11111111111111
Strep_C615	1	11.11111111111111
Strep_C6161	1	11.11111111111111
Strep_C6162	1	11.11111111111111
Strep_C6163	1	11.11111111111111
Strep_C6164	1	11.11111111111111
Strep_C6165	1	11.11111111111111
Strep_C6166	1	11.11111111111111
Strep_C6168	1	11.11111111111111
Strep_C616	1	11.11111111111111
Strep_C6171	1	11.11111111111111
Strep_C6173	1	11.11111111111111
Strep_C6174	1	11.11111111111111
Strep_C6175	1	11.11111111111111
Strep_C6177	1	11.11111111111111
Strep_C6178	1	11.11111111111111
Strep_C6179	1	11.11111111111111
Strep_C617	1	11.11111111111111
Strep_C6188	1	11.11111111111111
Strep_C618	1	11.11111111111111
Strep_C6133	1	11.11111111111111
Strep_C6130	1	11.11111111111111
Strep_C6066	1	11.11111111111111
Strep_C6129	1	11.11111111111111
Strep_C6067	1	11.11111111111111
Strep_C606	1	11.11111111111111
Strep_C6073	1	11.11111111111111
Strep_C6075	1	11.11111111111111
Strep_C6076	1	11.11111111111111
Strep_C6077	1	11.11111111111111
Strep_C6078	1	11.11111111111111
Strep_C6079	1	11.11111111111111
Strep_C607	1	11.11111111111111
Strep_C6080	1	11.11111111111111
Strep_C6086	1	11.11111111111111
Strep_C6088	1	11.11111111111111
Strep_C608	1	11.11111111111111
Strep_C6093	1	11.11111111111111
Strep_C6094	1	11.11111111111111
Strep_C6095	1	11.11111111111111
Strep_C6096	1	11.11111111111111
Strep_C6098	1	11.11111111111111
Strep_C60	1	11.11111111111111
Strep_C6105	1	11.11111111111111
Strep_C6106	1	11.11111111111111
Strep_C6108	1	11.11111111111111
Strep_C6109	1	11.11111111111111
Strep_C610	1	11.11111111111111
Strep_C6119	1	11.11111111111111
Strep_C611	1	11.11111111111111
Strep_C6123	1	11.11111111111111
Strep_C6125	1	11.11111111111111
Strep_C6126	1	11.11111111111111
Strep_C5945	1	11.11111111111111
Strep_C5933	1	11.11111111111111
Strep_C5711	1	11.11111111111111
Strep_C5787	1	11.11111111111111
Strep_C5771	1	11.11111111111111
Strep_C5772	1	11.11111111111111
Strep_C5773	1	11.11111111111111
Strep_C5774	1	11.11111111111111
Strep_C5775	1	11.11111111111111
Strep_C5776	1	11.11111111111111
Strep_C5777	1	11.11111111111111
Strep_C5778	1	11.11111111111111
Strep_C577	1	11.11111111111111
Strep_C5782	1	11.11111111111111
Strep_C5783	1	11.11111111111111
Strep_C5784	1	11.11111111111111
Strep_C5785	1	11.11111111111111
Strep_C5786	1	11.11111111111111
Strep_C5789	1	11.11111111111111
Strep_C5932	1	11.11111111111111
Strep_C578	1	11.11111111111111
Strep_C5790	1	11.11111111111111
Strep_C5796	1	11.11111111111111
Strep_C5798	1	11.11111111111111
Strep_C5799	1	11.11111111111111
Strep_C579	1	11.11111111111111
Strep_C57	1	11.11111111111111
Strep_C5800	1	11.11111111111111
Strep_C5801	1	11.11111111111111
Strep_C5807	1	11.11111111111111
Strep_C5811	1	11.11111111111111
Strep_C5812	1	11.11111111111111
Strep_C5815	1	11.11111111111111
Strep_C5816	1	11.11111111111111
Strep_C5768	1	11.11111111111111
Strep_C5767	1	11.11111111111111
Strep_C5765	1	11.11111111111111
Strep_C5764	1	11.11111111111111
Strep_C5714	1	11.11111111111111
Strep_C5717	1	11.11111111111111
Strep_C5718	1	11.11111111111111
Strep_C5719	1	11.11111111111111
Strep_C571	1	11.11111111111111
Strep_C5721	1	11.11111111111111
Strep_C5724	1	11.11111111111111
Strep_C5726	1	11.11111111111111
Strep_C5728	1	11.11111111111111
Strep_C5731	1	11.11111111111111
Strep_C5734	1	11.11111111111111
Strep_C5737	1	11.11111111111111
Strep_C5738	1	11.11111111111111
Strep_C5739	1	11.11111111111111
Strep_C5740	1	11.11111111111111
Strep_C5741	1	11.11111111111111
Strep_C5746	1	11.11111111111111
Strep_C5747	1	11.11111111111111
Strep_C5750	1	11.11111111111111
Strep_C5753	1	11.11111111111111
Strep_C5754	1	11.11111111111111
Strep_C5755	1	11.11111111111111
Strep_C5756	1	11.11111111111111
Strep_C5757	1	11.11111111111111
Strep_C5759	1	11.11111111111111
Strep_C575	1	11.11111111111111
Strep_C5760	1	11.11111111111111
Strep_C5761	1	11.11111111111111
Strep_C5762	1	11.11111111111111
Strep_C5817	1	11.11111111111111
Strep_C5818	1	11.11111111111111
Strep_C5819	1	11.11111111111111
Strep_C5878	1	11.11111111111111
Strep_C5880	1	11.11111111111111
Strep_C5881	1	11.11111111111111
Strep_C5882	1	11.11111111111111
Strep_C5883	1	11.11111111111111
Strep_C5885	1	11.11111111111111
Strep_C5886	1	11.11111111111111
Strep_C5888	1	11.11111111111111
Strep_C5891	1	11.11111111111111
Strep_C5892	1	11.11111111111111
Strep_C5894	1	11.11111111111111
Strep_C5896	1	11.11111111111111
Strep_C5897	1	11.11111111111111
Strep_C5898	1	11.11111111111111
Strep_C589	1	11.11111111111111
Strep_C58	1	11.11111111111111
Strep_C5900	1	11.11111111111111
Strep_C5901	1	11.11111111111111
Strep_C5902	1	11.11111111111111
Strep_C5903	1	11.11111111111111
Strep_C5904	1	11.11111111111111
Strep_C590	1	11.11111111111111
Strep_C5911	1	11.11111111111111
Strep_C5917	1	11.11111111111111
Strep_C591	1	11.11111111111111
Strep_C5924	1	11.11111111111111
Strep_C5925	1	11.11111111111111
Strep_C5926	1	11.11111111111111
Strep_C5928	1	11.11111111111111
Strep_C5930	1	11.11111111111111
Strep_C5879	1	11.11111111111111
Strep_C5875	1	11.11111111111111
Strep_C581	1	11.11111111111111
Strep_C586	1	11.11111111111111
Strep_C5823	1	11.11111111111111
Strep_C5824	1	11.11111111111111
Strep_C5825	1	11.11111111111111
Strep_C5826	1	11.11111111111111
Strep_C5827	1	11.11111111111111
Strep_C5828	1	11.11111111111111
Strep_C582	1	11.11111111111111
Strep_C5830	1	11.11111111111111
Strep_C5831	1	11.11111111111111
Strep_C5832	1	11.11111111111111
Strep_C5833	1	11.11111111111111
Strep_C5834	1	11.11111111111111
Strep_C5835	1	11.11111111111111
Strep_C5840	1	11.11111111111111
Strep_C5841	1	11.11111111111111
Strep_C5842	1	11.11111111111111
Strep_C5844	1	11.11111111111111
Strep_C5851	1	11.11111111111111
Strep_C5852	1	11.11111111111111
Strep_C5856	1	11.11111111111111
Strep_C5857	1	11.11111111111111
Strep_C5858	1	11.11111111111111
Strep_C5859	1	11.11111111111111
Strep_C585	1	11.11111111111111
Strep_C5860	1	11.11111111111111
Strep_C5865	1	11.11111111111111
Strep_C5867	1	11.11111111111111
Strep_C5868	1	11.11111111111111
Strep_C5869	1	11.11111111111111
Strep_C5218	1	11.11111111111111
Strep_C520	1	11.11111111111111
Strep_C4201	1	11.11111111111111
Strep_C4540	1	11.11111111111111
Strep_C4517	1	11.11111111111111
Strep_C4520	1	11.11111111111111
Strep_C4521	1	11.11111111111111
Strep_C4524	1	11.11111111111111
Strep_C4525	1	11.11111111111111
Strep_C4527	1	11.11111111111111
Strep_C452	1	11.11111111111111
Strep_C4530	1	11.11111111111111
Strep_C4531	1	11.11111111111111
Strep_C4532	1	11.11111111111111
Strep_C4533	1	11.11111111111111
Strep_C4534	1	11.11111111111111
Strep_C4535	1	11.11111111111111
Strep_C453	1	11.11111111111111
Strep_C4541	1	11.11111111111111
Strep_C4573	1	11.11111111111111
Strep_C4542	1	11.11111111111111
Strep_C4543	1	11.11111111111111
Strep_C4548	1	11.11111111111111
Strep_C4549	1	11.11111111111111
Strep_C454	1	11.11111111111111
Strep_C4551	1	11.11111111111111
Strep_C4552	1	11.11111111111111
Strep_C4555	1	11.11111111111111
Strep_C455	1	11.11111111111111
Strep_C4562	1	11.11111111111111
Strep_C4563	1	11.11111111111111
Strep_C4564	1	11.11111111111111
Strep_C4565	1	11.11111111111111
Strep_C456	1	11.11111111111111
Strep_C4511	1	11.11111111111111
Strep_C450	1	11.11111111111111
Strep_C4509	1	11.11111111111111
Strep_C4508	1	11.11111111111111
Strep_C4449	1	11.11111111111111
Strep_C4454	1	11.11111111111111
Strep_C4458	1	11.11111111111111
Strep_C4459	1	11.11111111111111
Strep_C445	1	11.11111111111111
Strep_C4460	1	11.11111111111111
Strep_C4461	1	11.11111111111111
Strep_C4462	1	11.11111111111111
Strep_C4463	1	11.11111111111111
Strep_C4465	1	11.11111111111111
Strep_C4467	1	11.11111111111111
Strep_C4468	1	11.11111111111111
Strep_C4469	1	11.11111111111111
Strep_C4470	1	11.11111111111111
Strep_C4471	1	11.11111111111111
Strep_C4476	1	11.11111111111111
Strep_C4477	1	11.11111111111111
Strep_C4479	1	11.11111111111111
Strep_C4485	1	11.11111111111111
Strep_C4486	1	11.11111111111111
Strep_C4487	1	11.11111111111111
Strep_C4490	1	11.11111111111111
Strep_C4492	1	11.11111111111111
Strep_C4493	1	11.11111111111111
Strep_C4498	1	11.11111111111111
Strep_C44	1	11.11111111111111
Strep_C4501	1	11.11111111111111
Strep_C4503	1	11.11111111111111
Strep_C4504	1	11.11111111111111
Strep_C4570	1	11.11111111111111
Strep_C4575	1	11.11111111111111
Strep_C5209	1	11.11111111111111
Strep_C4680	1	11.11111111111111
Strep_C4637	1	11.11111111111111
Strep_C4638	1	11.11111111111111
Strep_C4646	1	11.11111111111111
Strep_C464	1	11.11111111111111
Strep_C4653	1	11.11111111111111
Strep_C4659	1	11.11111111111111
Strep_C4664	1	11.11111111111111
Strep_C4666	1	11.11111111111111
Strep_C4669	1	11.11111111111111
Strep_C466	1	11.11111111111111
Strep_C4670	1	11.11111111111111
Strep_C4671	1	11.11111111111111
Strep_C4673	1	11.11111111111111
Strep_C4679	1	11.11111111111111
Strep_C4681	1	11.11111111111111
Strep_C4576	1	11.11111111111111
Strep_C4682	1	11.11111111111111
Strep_C4683	1	11.11111111111111
Strep_C4685	1	11.11111111111111
Strep_C4686	1	11.11111111111111
Strep_C4691	1	11.11111111111111
Strep_C4694	1	11.11111111111111
Strep_C4696	1	11.11111111111111
Strep_C4698	1	11.11111111111111
Strep_C4699	1	11.11111111111111
Strep_C469	1	11.11111111111111
Strep_C46	1	11.11111111111111
Strep_C4700	1	11.11111111111111
Strep_C4701	1	11.11111111111111
Strep_C4703	1	11.11111111111111
Strep_C4636	1	11.11111111111111
Strep_C4635	1	11.11111111111111
Strep_C4631	1	11.11111111111111
Strep_C462	1	11.11111111111111
Strep_C4577	1	11.11111111111111
Strep_C4578	1	11.11111111111111
Strep_C4580	1	11.11111111111111
Strep_C4583	1	11.11111111111111
Strep_C4584	1	11.11111111111111
Strep_C4585	1	11.11111111111111
Strep_C4590	1	11.11111111111111
Strep_C4598	1	11.11111111111111
Strep_C4599	1	11.11111111111111
Strep_C459	1	11.11111111111111
Strep_C45	1	11.11111111111111
Strep_C4600	1	11.11111111111111
Strep_C4601	1	11.11111111111111
Strep_C4602	1	11.11111111111111
Strep_C4603	1	11.11111111111111
Strep_C4604	1	11.11111111111111
Strep_C4606	1	11.11111111111111
Strep_C4608	1	11.11111111111111
Strep_C4609	1	11.11111111111111
Strep_C4610	1	11.11111111111111
Strep_C4613	1	11.11111111111111
Strep_C4614	1	11.11111111111111
Strep_C4615	1	11.11111111111111
Strep_C4617	1	11.11111111111111
Strep_C4618	1	11.11111111111111
Strep_C4619	1	11.11111111111111
Strep_C4622	1	11.11111111111111
Strep_C4626	1	11.11111111111111
Strep_C4629	1	11.11111111111111
Strep_C4448	1	11.11111111111111
Strep_C4447	1	11.11111111111111
Strep_C443	1	11.11111111111111
Strep_C428	1	11.11111111111111
Strep_C4263	1	11.11111111111111
Strep_C4265	1	11.11111111111111
Strep_C4268	1	11.11111111111111
Strep_C4270	1	11.11111111111111
Strep_C4272	1	11.11111111111111
Strep_C4273	1	11.11111111111111
Strep_C4276	1	11.11111111111111
Strep_C4278	1	11.11111111111111
Strep_C4279	1	11.11111111111111
Strep_C427	1	11.11111111111111
Strep_C4280	1	11.11111111111111
Strep_C4283	1	11.11111111111111
Strep_C4284	1	11.11111111111111
Strep_C4286	1	11.11111111111111
Strep_C4290	1	11.11111111111111
Strep_C4436	1	11.11111111111111
Strep_C4293	1	11.11111111111111
Strep_C4295	1	11.11111111111111
Strep_C4296	1	11.11111111111111
Strep_C4297	1	11.11111111111111
Strep_C4298	1	11.11111111111111
Strep_C429	1	11.11111111111111
Strep_C42	1	11.11111111111111
Strep_C4300	1	11.11111111111111
Strep_C4302	1	11.11111111111111
Strep_C4303	1	11.11111111111111
Strep_C4305	1	11.11111111111111
Strep_C4309	1	11.11111111111111
Strep_C430	1	11.11111111111111
Strep_C4310	1	11.11111111111111
Strep_C4262	1	11.11111111111111
Strep_C425	1	11.11111111111111
Strep_C4257	1	11.11111111111111
Strep_C4256	1	11.11111111111111
Strep_C4202	1	11.11111111111111
Strep_C4203	1	11.11111111111111
Strep_C4206	1	11.11111111111111
Strep_C4208	1	11.11111111111111
Strep_C4210	1	11.11111111111111
Strep_C4213	1	11.11111111111111
Strep_C4214	1	11.11111111111111
Strep_C4215	1	11.11111111111111
Strep_C4216	1	11.11111111111111
Strep_C4219	1	11.11111111111111
Strep_C421	1	11.11111111111111
Strep_C4222	1	11.11111111111111
Strep_C4224	1	11.11111111111111
Strep_C4225	1	11.11111111111111
Strep_C4226	1	11.11111111111111
Strep_C4230	1	11.11111111111111
Strep_C4231	1	11.11111111111111
Strep_C4233	1	11.11111111111111
Strep_C4234	1	11.11111111111111
Strep_C4235	1	11.11111111111111
Strep_C4236	1	11.11111111111111
Strep_C4237	1	11.11111111111111
Strep_C423	1	11.11111111111111
Strep_C4240	1	11.11111111111111
Strep_C4246	1	11.11111111111111
Strep_C4247	1	11.11111111111111
Strep_C4248	1	11.11111111111111
Strep_C424	1	11.11111111111111
Strep_C4254	1	11.11111111111111
Strep_C4312	1	11.11111111111111
Strep_C4315	1	11.11111111111111
Strep_C4319	1	11.11111111111111
Strep_C4374	1	11.11111111111111
Strep_C4379	1	11.11111111111111
Strep_C437	1	11.11111111111111
Strep_C4380	1	11.11111111111111
Strep_C4382	1	11.11111111111111
Strep_C4385	1	11.11111111111111
Strep_C4387	1	11.11111111111111
Strep_C4395	1	11.11111111111111
Strep_C4398	1	11.11111111111111
Strep_C4399	1	11.11111111111111
Strep_C439	1	11.11111111111111
Strep_C43	1	11.11111111111111
Strep_C4401	1	11.11111111111111
Strep_C4402	1	11.11111111111111
Strep_C4403	1	11.11111111111111
Strep_C4407	1	11.11111111111111
Strep_C4408	1	11.11111111111111
Strep_C4409	1	11.11111111111111
Strep_C4413	1	11.11111111111111
Strep_C4414	1	11.11111111111111
Strep_C4415	1	11.11111111111111
Strep_C4416	1	11.11111111111111
Strep_C4418	1	11.11111111111111
Strep_C4421	1	11.11111111111111
Strep_C4422	1	11.11111111111111
Strep_C4423	1	11.11111111111111
Strep_C4425	1	11.11111111111111
Strep_C4428	1	11.11111111111111
Strep_C4430	1	11.11111111111111
Strep_C4431	1	11.11111111111111
Strep_C4375	1	11.11111111111111
Strep_C4373	1	11.11111111111111
Strep_C431	1	11.11111111111111
Strep_C4372	1	11.11111111111111
Strep_C4323	1	11.11111111111111
Strep_C4324	1	11.11111111111111
Strep_C4329	1	11.11111111111111
Strep_C432	1	11.11111111111111
Strep_C4331	1	11.11111111111111
Strep_C4334	1	11.11111111111111
Strep_C4335	1	11.11111111111111
Strep_C4336	1	11.11111111111111
Strep_C433	1	11.11111111111111
Strep_C4341	1	11.11111111111111
Strep_C4343	1	11.11111111111111
Strep_C4344	1	11.11111111111111
Strep_C4346	1	11.11111111111111
Strep_C4347	1	11.11111111111111
Strep_C4348	1	11.11111111111111
Strep_C4349	1	11.11111111111111
Strep_C434	1	11.11111111111111
Strep_C4351	1	11.11111111111111
Strep_C4352	1	11.11111111111111
Strep_C4354	1	11.11111111111111
Strep_C4355	1	11.11111111111111
Strep_C4359	1	11.11111111111111
Strep_C4361	1	11.11111111111111
Strep_C4362	1	11.11111111111111
Strep_C4363	1	11.11111111111111
Strep_C4364	1	11.11111111111111
Strep_C4367	1	11.11111111111111
Strep_C4370	1	11.11111111111111
Strep_C4371	1	11.11111111111111
Strep_C4708	1	11.11111111111111
Strep_C4709	1	11.11111111111111
Strep_C4712	1	11.11111111111111
Strep_C5041	1	11.11111111111111
Strep_C5012	1	11.11111111111111
Strep_C5013	1	11.11111111111111
Strep_C5014	1	11.11111111111111
Strep_C5018	1	11.11111111111111
Strep_C501	1	11.11111111111111
Strep_C5023	1	11.11111111111111
Strep_C5025	1	11.11111111111111
Strep_C5026	1	11.11111111111111
Strep_C5027	1	11.11111111111111
Strep_C5034	1	11.11111111111111
Strep_C5035	1	11.11111111111111
Strep_C5036	1	11.11111111111111
Strep_C5037	1	11.11111111111111
Strep_C503	1	11.11111111111111
Strep_C5042	1	11.11111111111111
Strep_C4950	1	11.11111111111111
Strep_C5044	1	11.11111111111111
Strep_C5049	1	11.11111111111111
Strep_C5053	1	11.11111111111111
Strep_C5054	1	11.11111111111111
Strep_C5055	1	11.11111111111111
Strep_C5056	1	11.11111111111111
Strep_C5057	1	11.11111111111111
Strep_C5058	1	11.11111111111111
Strep_C5060	1	11.11111111111111
Strep_C5063	1	11.11111111111111
Strep_C5065	1	11.11111111111111
Strep_C5066	1	11.11111111111111
Strep_C5069	1	11.11111111111111
Strep_C506	1	11.11111111111111
Strep_C5011	1	11.11111111111111
Strep_C5010	1	11.11111111111111
Strep_C500	1	11.11111111111111
Strep_C5008	1	11.11111111111111
Strep_C4957	1	11.11111111111111
Strep_C4958	1	11.11111111111111
Strep_C4959	1	11.11111111111111
Strep_C495	1	11.11111111111111
Strep_C4960	1	11.11111111111111
Strep_C4961	1	11.11111111111111
Strep_C4962	1	11.11111111111111
Strep_C4967	1	11.11111111111111
Strep_C4969	1	11.11111111111111
Strep_C496	1	11.11111111111111
Strep_C4975	1	11.11111111111111
Strep_C4976	1	11.11111111111111
Strep_C4979	1	11.11111111111111
Strep_C4981	1	11.11111111111111
Strep_C4984	1	11.11111111111111
Strep_C4985	1	11.11111111111111
Strep_C4986	1	11.11111111111111
Strep_C4987	1	11.11111111111111
Strep_C4988	1	11.11111111111111
Strep_C498	1	11.11111111111111
Strep_C4991	1	11.11111111111111
Strep_C4994	1	11.11111111111111
Strep_C4996	1	11.11111111111111
Strep_C4997	1	11.11111111111111
Strep_C499	1	11.11111111111111
Strep_C49	1	11.11111111111111
Strep_C4	1	11.11111111111111
Strep_C5002	1	11.11111111111111
Strep_C5006	1	11.11111111111111
Strep_C5071	1	11.11111111111111
Strep_C5075	1	11.11111111111111
Strep_C5076	1	11.11111111111111
Strep_C5141	1	11.11111111111111
Strep_C5149	1	11.11111111111111
Strep_C5150	1	11.11111111111111
Strep_C5154	1	11.11111111111111
Strep_C5155	1	11.11111111111111
Strep_C5158	1	11.11111111111111
Strep_C5160	1	11.11111111111111
Strep_C5161	1	11.11111111111111
Strep_C5162	1	11.11111111111111
Strep_C5163	1	11.11111111111111
Strep_C5170	1	11.11111111111111
Strep_C5171	1	11.11111111111111
Strep_C5172	1	11.11111111111111
Strep_C5177	1	11.11111111111111
Strep_C5178	1	11.11111111111111
Strep_C5179	1	11.11111111111111
Strep_C5180	1	11.11111111111111
Strep_C5184	1	11.11111111111111
Strep_C5186	1	11.11111111111111
Strep_C5187	1	11.11111111111111
Strep_C5188	1	11.11111111111111
Strep_C5189	1	11.11111111111111
Strep_C518	1	11.11111111111111
Strep_C5194	1	11.11111111111111
Strep_C5199	1	11.11111111111111
Strep_C51	1	11.11111111111111
Strep_C5200	1	11.11111111111111
Strep_C5202	1	11.11111111111111
Strep_C5204	1	11.11111111111111
Strep_C5206	1	11.11111111111111
Strep_C5142	1	11.11111111111111
Strep_C5137	1	11.11111111111111
Strep_C507	1	11.11111111111111
Strep_C5135	1	11.11111111111111
Strep_C5081	1	11.11111111111111
Strep_C5083	1	11.11111111111111
Strep_C5084	1	11.11111111111111
Strep_C5088	1	11.11111111111111
Strep_C5091	1	11.11111111111111
Strep_C5092	1	11.11111111111111
Strep_C5094	1	11.11111111111111
Strep_C5095	1	11.11111111111111
Strep_C5096	1	11.11111111111111
Strep_C5097	1	11.11111111111111
Strep_C50	1	11.11111111111111
Strep_C5105	1	11.11111111111111
Strep_C5107	1	11.11111111111111
Strep_C5108	1	11.11111111111111
Strep_C5109	1	11.11111111111111
Strep_C510	1	11.11111111111111
Strep_C5111	1	11.11111111111111
Strep_C5112	1	11.11111111111111
Strep_C5113	1	11.11111111111111
Strep_C5114	1	11.11111111111111
Strep_C5115	1	11.11111111111111
Strep_C5116	1	11.11111111111111
Strep_C5122	1	11.11111111111111
Strep_C5123	1	11.11111111111111
Strep_C5124	1	11.11111111111111
Strep_C5125	1	11.11111111111111
Strep_C512	1	11.11111111111111
Strep_C5133	1	11.11111111111111
Strep_C5134	1	11.11111111111111
Strep_C4955	1	11.11111111111111
Strep_C494	1	11.11111111111111
Strep_C4713	1	11.11111111111111
Strep_C4793	1	11.11111111111111
Strep_C4766	1	11.11111111111111
Strep_C4767	1	11.11111111111111
Strep_C4769	1	11.11111111111111
Strep_C476	1	11.11111111111111
Strep_C4773	1	11.11111111111111
Strep_C4775	1	11.11111111111111
Strep_C4776	1	11.11111111111111
Strep_C4778	1	11.11111111111111
Strep_C4780	1	11.11111111111111
Strep_C4781	1	11.11111111111111
Strep_C4785	1	11.11111111111111
Strep_C4787	1	11.11111111111111
Strep_C4789	1	11.11111111111111
Strep_C478	1	11.11111111111111
Strep_C4794	1	11.11111111111111
Strep_C4949	1	11.11111111111111
Strep_C4795	1	11.11111111111111
Strep_C4798	1	11.11111111111111
Strep_C479	1	11.11111111111111
Strep_C47	1	11.11111111111111
Strep_C4803	1	11.11111111111111
Strep_C4804	1	11.11111111111111
Strep_C4805	1	11.11111111111111
Strep_C4806	1	11.11111111111111
Strep_C4807	1	11.11111111111111
Strep_C4808	1	11.11111111111111
Strep_C4809	1	11.11111111111111
Strep_C4811	1	11.11111111111111
Strep_C4813	1	11.11111111111111
Strep_C4817	1	11.11111111111111
Strep_C4765	1	11.11111111111111
Strep_C4764	1	11.11111111111111
Strep_C4762	1	11.11111111111111
Strep_C475	1	11.11111111111111
Strep_C4714	1	11.11111111111111
Strep_C4715	1	11.11111111111111
Strep_C4717	1	11.11111111111111
Strep_C4719	1	11.11111111111111
Strep_C4720	1	11.11111111111111
Strep_C4721	1	11.11111111111111
Strep_C4723	1	11.11111111111111
Strep_C4724	1	11.11111111111111
Strep_C4726	1	11.11111111111111
Strep_C4727	1	11.11111111111111
Strep_C4728	1	11.11111111111111
Strep_C4729	1	11.11111111111111
Strep_C472	1	11.11111111111111
Strep_C4732	1	11.11111111111111
Strep_C4736	1	11.11111111111111
Strep_C4737	1	11.11111111111111
Strep_C4738	1	11.11111111111111
Strep_C4739	1	11.11111111111111
Strep_C473	1	11.11111111111111
Strep_C4742	1	11.11111111111111
Strep_C4746	1	11.11111111111111
Strep_C4747	1	11.11111111111111
Strep_C4748	1	11.11111111111111
Strep_C4749	1	11.11111111111111
Strep_C4751	1	11.11111111111111
Strep_C4752	1	11.11111111111111
Strep_C4753	1	11.11111111111111
Strep_C4758	1	11.11111111111111
Strep_C4759	1	11.11111111111111
Strep_C4821	1	11.11111111111111
Strep_C4822	1	11.11111111111111
Strep_C4823	1	11.11111111111111
Strep_C4894	1	11.11111111111111
Strep_C4898	1	11.11111111111111
Strep_C489	1	11.11111111111111
Strep_C48	1	11.11111111111111
Strep_C4904	1	11.11111111111111
Strep_C4905	1	11.11111111111111
Strep_C4906	1	11.11111111111111
Strep_C4907	1	11.11111111111111
Strep_C490	1	11.11111111111111
Strep_C4911	1	11.11111111111111
Strep_C4912	1	11.11111111111111
Strep_C4914	1	11.11111111111111
Strep_C4916	1	11.11111111111111
Strep_C4917	1	11.11111111111111
Strep_C4919	1	11.11111111111111
Strep_C491	1	11.11111111111111
Strep_C4920	1	11.11111111111111
Strep_C4923	1	11.11111111111111
Strep_C4924	1	11.11111111111111
Strep_C4925	1	11.11111111111111
Strep_C4926	1	11.11111111111111
Strep_C4927	1	11.11111111111111
Strep_C4928	1	11.11111111111111
Strep_C4930	1	11.11111111111111
Strep_C4932	1	11.11111111111111
Strep_C4935	1	11.11111111111111
Strep_C4940	1	11.11111111111111
Strep_C4942	1	11.11111111111111
Strep_C4943	1	11.11111111111111
Strep_C4944	1	11.11111111111111
Strep_C4895	1	11.11111111111111
Strep_C4890	1	11.11111111111111
Strep_C4831	1	11.11111111111111
Strep_C488	1	11.11111111111111
Strep_C4832	1	11.11111111111111
Strep_C4833	1	11.11111111111111
Strep_C4835	1	11.11111111111111
Strep_C4836	1	11.11111111111111
Strep_C4837	1	11.11111111111111
Strep_C4838	1	11.11111111111111
Strep_C483	1	11.11111111111111
Strep_C4842	1	11.11111111111111
Strep_C4844	1	11.11111111111111
Strep_C4845	1	11.11111111111111
Strep_C4846	1	11.11111111111111
Strep_C4850	1	11.11111111111111
Strep_C4855	1	11.11111111111111
Strep_C485	1	11.11111111111111
Strep_C4864	1	11.11111111111111
Strep_C4866	1	11.11111111111111
Strep_C4867	1	11.11111111111111
Strep_C4868	1	11.11111111111111
Strep_C4870	1	11.11111111111111
Strep_C4871	1	11.11111111111111
Strep_C4872	1	11.11111111111111
Strep_C4874	1	11.11111111111111
Strep_C4876	1	11.11111111111111
Strep_C4878	1	11.11111111111111
Strep_C487	1	11.11111111111111
Strep_C4880	1	11.11111111111111
Strep_C4881	1	11.11111111111111
Strep_C4885	1	11.11111111111111
Strep_C4887	1	11.11111111111111
Strep_C27408	1	11.11111111111111
Strep_C23684	1	11.11111111111111
Strep_C27406	1	11.11111111111111
Strep_C16592	1	11.11111111111111
Strep_C16602	1	11.11111111111111
Strep_C16601	1	11.11111111111111
Strep_C16600	1	11.11111111111111
Strep_C165	1	11.11111111111111
Strep_C16598	1	11.11111111111111
Strep_C16597	1	11.11111111111111
Strep_C16595	1	11.11111111111111
Strep_C16594	1	11.11111111111111
Strep_C16591	1	11.11111111111111
Strep_C1660	1	11.11111111111111
Strep_C1658	1	11.11111111111111
Strep_C16589	1	11.11111111111111
Strep_C16584	1	11.11111111111111
Strep_C16583	1	11.11111111111111
Strep_C16579	1	11.11111111111111
Strep_C16578	1	11.11111111111111
Strep_C16577	1	11.11111111111111
Strep_C16576	1	11.11111111111111
Strep_C16607	1	11.11111111111111
Strep_C16612	1	11.11111111111111
Strep_C16499	1	11.11111111111111
Strep_C16629	1	11.11111111111111
Strep_C16644	1	11.11111111111111
Strep_C16642	1	11.11111111111111
Strep_C16640	1	11.11111111111111
Strep_C1663	1	11.11111111111111
Strep_C16637	1	11.11111111111111
Strep_C16635	1	11.11111111111111
Strep_C16632	1	11.11111111111111
Strep_C16630	1	11.11111111111111
Strep_C16628	1	11.11111111111111
Strep_C16614	1	11.11111111111111
Strep_C16625	1	11.11111111111111
Strep_C16623	1	11.11111111111111
Strep_C16622	1	11.11111111111111
Strep_C1661	1	11.11111111111111
Strep_C16618	1	11.11111111111111
Strep_C16617	1	11.11111111111111
Strep_C16616	1	11.11111111111111
Strep_C16615	1	11.11111111111111
Strep_C16575	1	11.11111111111111
Strep_C16574	1	11.11111111111111
Strep_C16573	1	11.11111111111111
Strep_C16510	1	11.11111111111111
Strep_C16524	1	11.11111111111111
Strep_C16523	1	11.11111111111111
Strep_C1651	1	11.11111111111111
Strep_C16519	1	11.11111111111111
Strep_C16518	1	11.11111111111111
Strep_C16514	1	11.11111111111111
Strep_C16513	1	11.11111111111111
Strep_C16512	1	11.11111111111111
Strep_C1650	1	11.11111111111111
Strep_C16570	1	11.11111111111111
Strep_C16508	1	11.11111111111111
Strep_C16507	1	11.11111111111111
Strep_C16506	1	11.11111111111111
Strep_C16505	1	11.11111111111111
Strep_C16504	1	11.11111111111111
Strep_C16503	1	11.11111111111111
Strep_C16501	1	11.11111111111111
Strep_C16500	1	11.11111111111111
Strep_C16525	1	11.11111111111111
Strep_C16526	1	11.11111111111111
Strep_C16527	1	11.11111111111111
Strep_C16529	1	11.11111111111111
Strep_C1656	1	11.11111111111111
Strep_C16567	1	11.11111111111111
Strep_C16565	1	11.11111111111111
Strep_C16564	1	11.11111111111111
Strep_C1655	1	11.11111111111111
Strep_C16559	1	11.11111111111111
Strep_C16558	1	11.11111111111111
Strep_C16556	1	11.11111111111111
Strep_C16551	1	11.11111111111111
Strep_C1654	1	11.11111111111111
Strep_C1653	1	11.11111111111111
Strep_C16537	1	11.11111111111111
Strep_C16536	1	11.11111111111111
Strep_C16535	1	11.11111111111111
Strep_C16533	1	11.11111111111111
Strep_C16532	1	11.11111111111111
Strep_C16531	1	11.11111111111111
Strep_C16646	1	11.11111111111111
Strep_C16647	1	11.11111111111111
Strep_C16649	1	11.11111111111111
Strep_C16729	1	11.11111111111111
Strep_C16749	1	11.11111111111111
Strep_C16746	1	11.11111111111111
Strep_C16745	1	11.11111111111111
Strep_C16743	1	11.11111111111111
Strep_C16740	1	11.11111111111111
Strep_C16738	1	11.11111111111111
Strep_C16737	1	11.11111111111111
Strep_C16730	1	11.11111111111111
Strep_C16727	1	11.11111111111111
Strep_C16715	1	11.11111111111111
Strep_C16726	1	11.11111111111111
Strep_C16725	1	11.11111111111111
Strep_C16724	1	11.11111111111111
Strep_C16723	1	11.11111111111111
Strep_C16722	1	11.11111111111111
Strep_C16721	1	11.11111111111111
Strep_C16720	1	11.11111111111111
Strep_C16718	1	11.11111111111111
Strep_C16752	1	11.11111111111111
Strep_C16753	1	11.11111111111111
Strep_C16754	1	11.11111111111111
Strep_C16755	1	11.11111111111111
Strep_C16775	1	11.11111111111111
Strep_C16772	1	11.11111111111111
Strep_C16771	1	11.11111111111111
Strep_C16770	1	11.11111111111111
Strep_C1676	1	11.11111111111111
Strep_C16769	1	11.11111111111111
Strep_C16766	1	11.11111111111111
Strep_C16765	1	11.11111111111111
Strep_C16764	1	11.11111111111111
Strep_C16763	1	11.11111111111111
Strep_C16762	1	11.11111111111111
Strep_C16761	1	11.11111111111111
Strep_C16760	1	11.11111111111111
Strep_C16759	1	11.11111111111111
Strep_C16758	1	11.11111111111111
Strep_C16757	1	11.11111111111111
Strep_C16756	1	11.11111111111111
Strep_C16717	1	11.11111111111111
Strep_C16713	1	11.11111111111111
Strep_C16651	1	11.11111111111111
Strep_C16669	1	11.11111111111111
Strep_C16676	1	11.11111111111111
Strep_C16675	1	11.11111111111111
Strep_C16674	1	11.11111111111111
Strep_C16673	1	11.11111111111111
Strep_C16672	1	11.11111111111111
Strep_C16671	1	11.11111111111111
Strep_C16670	1	11.11111111111111
Strep_C1666	1	11.11111111111111
Strep_C16665	1	11.11111111111111
Strep_C16712	1	11.11111111111111
Strep_C16660	1	11.11111111111111
Strep_C16659	1	11.11111111111111
Strep_C16658	1	11.11111111111111
Strep_C16656	1	11.11111111111111
Strep_C16655	1	11.11111111111111
Strep_C16654	1	11.11111111111111
Strep_C16653	1	11.11111111111111
Strep_C16652	1	11.11111111111111
Strep_C16677	1	11.11111111111111
Strep_C16679	1	11.11111111111111
Strep_C16682	1	11.11111111111111
Strep_C16685	1	11.11111111111111
Strep_C16711	1	11.11111111111111
Strep_C16710	1	11.11111111111111
Strep_C1670	1	11.11111111111111
Strep_C16708	1	11.11111111111111
Strep_C16707	1	11.11111111111111
Strep_C16706	1	11.11111111111111
Strep_C16703	1	11.11111111111111
Strep_C16701	1	11.11111111111111
Strep_C16697	1	11.11111111111111
Strep_C16694	1	11.11111111111111
Strep_C16693	1	11.11111111111111
Strep_C16692	1	11.11111111111111
Strep_C16691	1	11.11111111111111
Strep_C16690	1	11.11111111111111
Strep_C16689	1	11.11111111111111
Strep_C16688	1	11.11111111111111
Strep_C16687	1	11.11111111111111
Strep_C164	1	11.11111111111111
Strep_C16498	1	11.11111111111111
Strep_C16780	1	11.11111111111111
Strep_C16290	1	11.11111111111111
Strep_C16303	1	11.11111111111111
Strep_C16302	1	11.11111111111111
Strep_C16301	1	11.11111111111111
Strep_C162	1	11.11111111111111
Strep_C16299	1	11.11111111111111
Strep_C16298	1	11.11111111111111
Strep_C16296	1	11.11111111111111
Strep_C16295	1	11.11111111111111
Strep_C16289	1	11.11111111111111
Strep_C16306	1	11.11111111111111
Strep_C16288	1	11.11111111111111
Strep_C16287	1	11.11111111111111
Strep_C16282	1	11.11111111111111
Strep_C16281	1	11.11111111111111
Strep_C16278	1	11.11111111111111
Strep_C16277	1	11.11111111111111
Strep_C16276	1	11.11111111111111
Strep_C16275	1	11.11111111111111
Strep_C16304	1	11.11111111111111
Strep_C16309	1	11.11111111111111
Strep_C16497	1	11.11111111111111
Strep_C16328	1	11.11111111111111
Strep_C1633	1	11.11111111111111
Strep_C16336	1	11.11111111111111
Strep_C16333	1	11.11111111111111
Strep_C16332	1	11.11111111111111
Strep_C16331	1	11.11111111111111
Strep_C16330	1	11.11111111111111
Strep_C1632	1	11.11111111111111
Strep_C16329	1	11.11111111111111
Strep_C16326	1	11.11111111111111
Strep_C16314	1	11.11111111111111
Strep_C16325	1	11.11111111111111
Strep_C16324	1	11.11111111111111
Strep_C16323	1	11.11111111111111
Strep_C16321	1	11.11111111111111
Strep_C16320	1	11.11111111111111
Strep_C1631	1	11.11111111111111
Strep_C16319	1	11.11111111111111
Strep_C16315	1	11.11111111111111
Strep_C16274	1	11.11111111111111
Strep_C16273	1	11.11111111111111
Strep_C16272	1	11.11111111111111
Strep_C16222	1	11.11111111111111
Strep_C16231	1	11.11111111111111
Strep_C16229	1	11.11111111111111
Strep_C16228	1	11.11111111111111
Strep_C16227	1	11.11111111111111
Strep_C16226	1	11.11111111111111
Strep_C16225	1	11.11111111111111
Strep_C16224	1	11.11111111111111
Strep_C16223	1	11.11111111111111
Strep_C16221	1	11.11111111111111
Strep_C16271	1	11.11111111111111
Strep_C16220	1	11.11111111111111
Strep_C16218	1	11.11111111111111
Strep_C16215	1	11.11111111111111
Strep_C16211	1	11.11111111111111
Strep_C16210	1	11.11111111111111
Strep_C16209	1	11.11111111111111
Strep_C16208	1	11.11111111111111
Strep_C16207	1	11.11111111111111
Strep_C16232	1	11.11111111111111
Strep_C16233	1	11.11111111111111
Strep_C16235	1	11.11111111111111
Strep_C16236	1	11.11111111111111
Strep_C16270	1	11.11111111111111
Strep_C1626	1	11.11111111111111
Strep_C16269	1	11.11111111111111
Strep_C16267	1	11.11111111111111
Strep_C16264	1	11.11111111111111
Strep_C16263	1	11.11111111111111
Strep_C16261	1	11.11111111111111
Strep_C16260	1	11.11111111111111
Strep_C1625	1	11.11111111111111
Strep_C16259	1	11.11111111111111
Strep_C16255	1	11.11111111111111
Strep_C16253	1	11.11111111111111
Strep_C1624	1	11.11111111111111
Strep_C16249	1	11.11111111111111
Strep_C16247	1	11.11111111111111
Strep_C1623	1	11.11111111111111
Strep_C16237	1	11.11111111111111
Strep_C16341	1	11.11111111111111
Strep_C16343	1	11.11111111111111
Strep_C16345	1	11.11111111111111
Strep_C16444	1	11.11111111111111
Strep_C16453	1	11.11111111111111
Strep_C16451	1	11.11111111111111
Strep_C1644	1	11.11111111111111
Strep_C16449	1	11.11111111111111
Strep_C16448	1	11.11111111111111
Strep_C16447	1	11.11111111111111
Strep_C16446	1	11.11111111111111
Strep_C16445	1	11.11111111111111
Strep_C16441	1	11.11111111111111
Strep_C16414	1	11.11111111111111
Strep_C16438	1	11.11111111111111
Strep_C16437	1	11.11111111111111
Strep_C16436	1	11.11111111111111
Strep_C16420	1	11.11111111111111
Strep_C16419	1	11.11111111111111
Strep_C16418	1	11.11111111111111
Strep_C16417	1	11.11111111111111
Strep_C16416	1	11.11111111111111
Strep_C16454	1	11.11111111111111
Strep_C16455	1	11.11111111111111
Strep_C16456	1	11.11111111111111
Strep_C16457	1	11.11111111111111
Strep_C16496	1	11.11111111111111
Strep_C16495	1	11.11111111111111
Strep_C16492	1	11.11111111111111
Strep_C16490	1	11.11111111111111
Strep_C16487	1	11.11111111111111
Strep_C16479	1	11.11111111111111
Strep_C16478	1	11.11111111111111
Strep_C16476	1	11.11111111111111
Strep_C16475	1	11.11111111111111
Strep_C16474	1	11.11111111111111
Strep_C16472	1	11.11111111111111
Strep_C16471	1	11.11111111111111
Strep_C1646	1	11.11111111111111
Strep_C16469	1	11.11111111111111
Strep_C16466	1	11.11111111111111
Strep_C16461	1	11.11111111111111
Strep_C1645	1	11.11111111111111
Strep_C16415	1	11.11111111111111
Strep_C16413	1	11.11111111111111
Strep_C16346	1	11.11111111111111
Strep_C16362	1	11.11111111111111
Strep_C16386	1	11.11111111111111
Strep_C16384	1	11.11111111111111
Strep_C1637	1	11.11111111111111
Strep_C16379	1	11.11111111111111
Strep_C16375	1	11.11111111111111
Strep_C1636	1	11.11111111111111
Strep_C16367	1	11.11111111111111
Strep_C16364	1	11.11111111111111
Strep_C16360	1	11.11111111111111
Strep_C16412	1	11.11111111111111
Strep_C16359	1	11.11111111111111
Strep_C16358	1	11.11111111111111
Strep_C16356	1	11.11111111111111
Strep_C16355	1	11.11111111111111
Strep_C16351	1	11.11111111111111
Strep_C16349	1	11.11111111111111
Strep_C16348	1	11.11111111111111
Strep_C16347	1	11.11111111111111
Strep_C16387	1	11.11111111111111
Strep_C16388	1	11.11111111111111
Strep_C16389	1	11.11111111111111
Strep_C1638	1	11.11111111111111
Strep_C16411	1	11.11111111111111
Strep_C16410	1	11.11111111111111
Strep_C1640	1	11.11111111111111
Strep_C16409	1	11.11111111111111
Strep_C16406	1	11.11111111111111
Strep_C16404	1	11.11111111111111
Strep_C16400	1	11.11111111111111
Strep_C163	1	11.11111111111111
Strep_C16399	1	11.11111111111111
Strep_C16398	1	11.11111111111111
Strep_C16397	1	11.11111111111111
Strep_C16396	1	11.11111111111111
Strep_C16395	1	11.11111111111111
Strep_C16394	1	11.11111111111111
Strep_C16393	1	11.11111111111111
Strep_C16391	1	11.11111111111111
Strep_C16390	1	11.11111111111111
Strep_C16778	1	11.11111111111111
Strep_C16781	1	11.11111111111111
Strep_C16204	1	11.11111111111111
Strep_C17152	1	11.11111111111111
Strep_C17164	1	11.11111111111111
Strep_C17163	1	11.11111111111111
Strep_C17161	1	11.11111111111111
Strep_C1715	1	11.11111111111111
Strep_C17159	1	11.11111111111111
Strep_C17157	1	11.11111111111111
Strep_C17156	1	11.11111111111111
Strep_C17153	1	11.11111111111111
Strep_C17147	1	11.11111111111111
Strep_C17170	1	11.11111111111111
Strep_C17146	1	11.11111111111111
Strep_C17144	1	11.11111111111111
Strep_C17141	1	11.11111111111111
Strep_C17139	1	11.11111111111111
Strep_C17137	1	11.11111111111111
Strep_C17136	1	11.11111111111111
Strep_C17135	1	11.11111111111111
Strep_C17133	1	11.11111111111111
Strep_C17166	1	11.11111111111111
Strep_C17171	1	11.11111111111111
Strep_C17062	1	11.11111111111111
Strep_C17186	1	11.11111111111111
Strep_C1719	1	11.11111111111111
Strep_C17197	1	11.11111111111111
Strep_C17196	1	11.11111111111111
Strep_C17193	1	11.11111111111111
Strep_C17192	1	11.11111111111111
Strep_C17191	1	11.11111111111111
Strep_C1718	1	11.11111111111111
Strep_C17189	1	11.11111111111111
Strep_C17185	1	11.11111111111111
Strep_C17172	1	11.11111111111111
Strep_C17184	1	11.11111111111111
Strep_C17182	1	11.11111111111111
Strep_C17180	1	11.11111111111111
Strep_C1717	1	11.11111111111111
Strep_C17178	1	11.11111111111111
Strep_C17177	1	11.11111111111111
Strep_C17176	1	11.11111111111111
Strep_C17173	1	11.11111111111111
Strep_C17132	1	11.11111111111111
Strep_C1712	1	11.11111111111111
Strep_C17129	1	11.11111111111111
Strep_C17082	1	11.11111111111111
Strep_C17103	1	11.11111111111111
Strep_C17102	1	11.11111111111111
Strep_C17101	1	11.11111111111111
Strep_C17100	1	11.11111111111111
Strep_C170	1	11.11111111111111
Strep_C17099	1	11.11111111111111
Strep_C17095	1	11.11111111111111
Strep_C17094	1	11.11111111111111
Strep_C17081	1	11.11111111111111
Strep_C17127	1	11.11111111111111
Strep_C17080	1	11.11111111111111
Strep_C1707	1	11.11111111111111
Strep_C17078	1	11.11111111111111
Strep_C17075	1	11.11111111111111
Strep_C17074	1	11.11111111111111
Strep_C17069	1	11.11111111111111
Strep_C17067	1	11.11111111111111
Strep_C17066	1	11.11111111111111
Strep_C17104	1	11.11111111111111
Strep_C17105	1	11.11111111111111
Strep_C17106	1	11.11111111111111
Strep_C17107	1	11.11111111111111
Strep_C17125	1	11.11111111111111
Strep_C17124	1	11.11111111111111
Strep_C17123	1	11.11111111111111
Strep_C17122	1	11.11111111111111
Strep_C17120	1	11.11111111111111
Strep_C17119	1	11.11111111111111
Strep_C17118	1	11.11111111111111
Strep_C17117	1	11.11111111111111
Strep_C17116	1	11.11111111111111
Strep_C17115	1	11.11111111111111
Strep_C17114	1	11.11111111111111
Strep_C17113	1	11.11111111111111
Strep_C17112	1	11.11111111111111
Strep_C17111	1	11.11111111111111
Strep_C17110	1	11.11111111111111
Strep_C17109	1	11.11111111111111
Strep_C17108	1	11.11111111111111
Strep_C171	1	11.11111111111111
Strep_C17200	1	11.11111111111111
Strep_C17201	1	11.11111111111111
Strep_C17291	1	11.11111111111111
Strep_C172	1	11.11111111111111
Strep_C1729	1	11.11111111111111
Strep_C17299	1	11.11111111111111
Strep_C17298	1	11.11111111111111
Strep_C17296	1	11.11111111111111
Strep_C17295	1	11.11111111111111
Strep_C17294	1	11.11111111111111
Strep_C17293	1	11.11111111111111
Strep_C17290	1	11.11111111111111
Strep_C17273	1	11.11111111111111
Strep_C1728	1	11.11111111111111
Strep_C17284	1	11.11111111111111
Strep_C1727	1	11.11111111111111
Strep_C17279	1	11.11111111111111
Strep_C17278	1	11.11111111111111
Strep_C17277	1	11.11111111111111
Strep_C17276	1	11.11111111111111
Strep_C17275	1	11.11111111111111
Strep_C17300	1	11.11111111111111
Strep_C17303	1	11.11111111111111
Strep_C17305	1	11.11111111111111
Strep_C17306	1	11.11111111111111
Strep_C17335	1	11.11111111111111
Strep_C17332	1	11.11111111111111
Strep_C17331	1	11.11111111111111
Strep_C17328	1	11.11111111111111
Strep_C17325	1	11.11111111111111
Strep_C17322	1	11.11111111111111
Strep_C17320	1	11.11111111111111
Strep_C17319	1	11.11111111111111
Strep_C17318	1	11.11111111111111
Strep_C17317	1	11.11111111111111
Strep_C17312	1	11.11111111111111
Strep_C17311	1	11.11111111111111
Strep_C17310	1	11.11111111111111
Strep_C1730	1	11.11111111111111
Strep_C17309	1	11.11111111111111
Strep_C17308	1	11.11111111111111
Strep_C17307	1	11.11111111111111
Strep_C17274	1	11.11111111111111
Strep_C17272	1	11.11111111111111
Strep_C17203	1	11.11111111111111
Strep_C17223	1	11.11111111111111
Strep_C17237	1	11.11111111111111
Strep_C17235	1	11.11111111111111
Strep_C17233	1	11.11111111111111
Strep_C17230	1	11.11111111111111
Strep_C1722	1	11.11111111111111
Strep_C17228	1	11.11111111111111
Strep_C17226	1	11.11111111111111
Strep_C17225	1	11.11111111111111
Strep_C17222	1	11.11111111111111
Strep_C17271	1	11.11111111111111
Strep_C1721	1	11.11111111111111
Strep_C1720	1	11.11111111111111
Strep_C17209	1	11.11111111111111
Strep_C17208	1	11.11111111111111
Strep_C17207	1	11.11111111111111
Strep_C17206	1	11.11111111111111
Strep_C17205	1	11.11111111111111
Strep_C17204	1	11.11111111111111
Strep_C17239	1	11.11111111111111
Strep_C17240	1	11.11111111111111
Strep_C17241	1	11.11111111111111
Strep_C17242	1	11.11111111111111
Strep_C17270	1	11.11111111111111
Strep_C1726	1	11.11111111111111
Strep_C17269	1	11.11111111111111
Strep_C17268	1	11.11111111111111
Strep_C17265	1	11.11111111111111
Strep_C17264	1	11.11111111111111
Strep_C17263	1	11.11111111111111
Strep_C17262	1	11.11111111111111
Strep_C17261	1	11.11111111111111
Strep_C1725	1	11.11111111111111
Strep_C17255	1	11.11111111111111
Strep_C17253	1	11.11111111111111
Strep_C17252	1	11.11111111111111
Strep_C17250	1	11.11111111111111
Strep_C1724	1	11.11111111111111
Strep_C17244	1	11.11111111111111
Strep_C17243	1	11.11111111111111
Strep_C17064	1	11.11111111111111
Strep_C17060	1	11.11111111111111
Strep_C16782	1	11.11111111111111
Strep_C16873	1	11.11111111111111
Strep_C16887	1	11.11111111111111
Strep_C16886	1	11.11111111111111
Strep_C16885	1	11.11111111111111
Strep_C16884	1	11.11111111111111
Strep_C16883	1	11.11111111111111
Strep_C16882	1	11.11111111111111
Strep_C1687	1	11.11111111111111
Strep_C16875	1	11.11111111111111
Strep_C16871	1	11.11111111111111
Strep_C16891	1	11.11111111111111
Strep_C16867	1	11.11111111111111
Strep_C16866	1	11.11111111111111
Strep_C16865	1	11.11111111111111
Strep_C16864	1	11.11111111111111
Strep_C16861	1	11.11111111111111
Strep_C16860	1	11.11111111111111
Strep_C1685	1	11.11111111111111
Strep_C16859	1	11.11111111111111
Strep_C16888	1	11.11111111111111
Strep_C16892	1	11.11111111111111
Strep_C1705	1	11.11111111111111
Strep_C16903	1	11.11111111111111
Strep_C16913	1	11.11111111111111
Strep_C16911	1	11.11111111111111
Strep_C16910	1	11.11111111111111
Strep_C1690	1	11.11111111111111
Strep_C16909	1	11.11111111111111
Strep_C16908	1	11.11111111111111
Strep_C16906	1	11.11111111111111
Strep_C16904	1	11.11111111111111
Strep_C16902	1	11.11111111111111
Strep_C16893	1	11.11111111111111
Strep_C16901	1	11.11111111111111
Strep_C16900	1	11.11111111111111
Strep_C168	1	11.11111111111111
Strep_C16899	1	11.11111111111111
Strep_C16897	1	11.11111111111111
Strep_C16896	1	11.11111111111111
Strep_C16895	1	11.11111111111111
Strep_C16894	1	11.11111111111111
Strep_C16855	1	11.11111111111111
Strep_C16854	1	11.11111111111111
Strep_C16853	1	11.11111111111111
Strep_C16798	1	11.11111111111111
Strep_C1681	1	11.11111111111111
Strep_C16819	1	11.11111111111111
Strep_C16818	1	11.11111111111111
Strep_C16817	1	11.11111111111111
Strep_C16811	1	11.11111111111111
Strep_C16809	1	11.11111111111111
Strep_C1679	1	11.11111111111111
Strep_C16799	1	11.11111111111111
Strep_C16797	1	11.11111111111111
Strep_C16852	1	11.11111111111111
Strep_C16796	1	11.11111111111111
Strep_C16793	1	11.11111111111111
Strep_C1678	1	11.11111111111111
Strep_C16789	1	11.11111111111111
Strep_C16787	1	11.11111111111111
Strep_C16786	1	11.11111111111111
Strep_C16785	1	11.11111111111111
Strep_C16784	1	11.11111111111111
Strep_C16824	1	11.11111111111111
Strep_C16827	1	11.11111111111111
Strep_C1682	1	11.11111111111111
Strep_C16830	1	11.11111111111111
Strep_C16851	1	11.11111111111111
Strep_C16850	1	11.11111111111111
Strep_C1684	1	11.11111111111111
Strep_C16848	1	11.11111111111111
Strep_C16847	1	11.11111111111111
Strep_C16846	1	11.11111111111111
Strep_C16845	1	11.11111111111111
Strep_C16844	1	11.11111111111111
Strep_C16841	1	11.11111111111111
Strep_C16840	1	11.11111111111111
Strep_C1683	1	11.11111111111111
Strep_C16839	1	11.11111111111111
Strep_C16838	1	11.11111111111111
Strep_C16837	1	11.11111111111111
Strep_C16835	1	11.11111111111111
Strep_C16834	1	11.11111111111111
Strep_C16832	1	11.11111111111111
Strep_C16914	1	11.11111111111111
Strep_C16915	1	11.11111111111111
Strep_C16916	1	11.11111111111111
Strep_C17005	1	11.11111111111111
Strep_C17015	1	11.11111111111111
Strep_C17013	1	11.11111111111111
Strep_C17012	1	11.11111111111111
Strep_C17011	1	11.11111111111111
Strep_C17010	1	11.11111111111111
Strep_C17009	1	11.11111111111111
Strep_C17008	1	11.11111111111111
Strep_C17007	1	11.11111111111111
Strep_C17004	1	11.11111111111111
Strep_C16991	1	11.11111111111111
Strep_C17001	1	11.11111111111111
Strep_C16	1	11.11111111111111
Strep_C169	1	11.11111111111111
Strep_C16998	1	11.11111111111111
Strep_C16996	1	11.11111111111111
Strep_C16995	1	11.11111111111111
Strep_C16994	1	11.11111111111111
Strep_C16993	1	11.11111111111111
Strep_C17016	1	11.11111111111111
Strep_C17017	1	11.11111111111111
Strep_C17018	1	11.11111111111111
Strep_C1701	1	11.11111111111111
Strep_C17054	1	11.11111111111111
Strep_C17053	1	11.11111111111111
Strep_C17052	1	11.11111111111111
Strep_C17051	1	11.11111111111111
Strep_C17050	1	11.11111111111111
Strep_C1704	1	11.11111111111111
Strep_C17049	1	11.11111111111111
Strep_C17047	1	11.11111111111111
Strep_C17042	1	11.11111111111111
Strep_C17041	1	11.11111111111111
Strep_C1703	1	11.11111111111111
Strep_C17039	1	11.11111111111111
Strep_C17035	1	11.11111111111111
Strep_C17033	1	11.11111111111111
Strep_C17032	1	11.11111111111111
Strep_C17030	1	11.11111111111111
Strep_C1702	1	11.11111111111111
Strep_C16992	1	11.11111111111111
Strep_C16990	1	11.11111111111111
Strep_C16926	1	11.11111111111111
Strep_C16946	1	11.11111111111111
Strep_C16955	1	11.11111111111111
Strep_C16953	1	11.11111111111111
Strep_C16952	1	11.11111111111111
Strep_C16951	1	11.11111111111111
Strep_C16950	1	11.11111111111111
Strep_C16949	1	11.11111111111111
Strep_C16948	1	11.11111111111111
Strep_C16947	1	11.11111111111111
Strep_C16945	1	11.11111111111111
Strep_C1698	1	11.11111111111111
Strep_C16943	1	11.11111111111111
Strep_C16942	1	11.11111111111111
Strep_C16940	1	11.11111111111111
Strep_C16939	1	11.11111111111111
Strep_C16938	1	11.11111111111111
Strep_C16937	1	11.11111111111111
Strep_C16936	1	11.11111111111111
Strep_C16927	1	11.11111111111111
Strep_C16957	1	11.11111111111111
Strep_C16958	1	11.11111111111111
Strep_C16959	1	11.11111111111111
Strep_C16960	1	11.11111111111111
Strep_C16989	1	11.11111111111111
Strep_C16987	1	11.11111111111111
Strep_C16986	1	11.11111111111111
Strep_C16985	1	11.11111111111111
Strep_C16984	1	11.11111111111111
Strep_C16983	1	11.11111111111111
Strep_C16982	1	11.11111111111111
Strep_C16978	1	11.11111111111111
Strep_C16975	1	11.11111111111111
Strep_C16973	1	11.11111111111111
Strep_C16970	1	11.11111111111111
Strep_C1696	1	11.11111111111111
Strep_C16969	1	11.11111111111111
Strep_C16968	1	11.11111111111111
Strep_C16964	1	11.11111111111111
Strep_C16962	1	11.11111111111111
Strep_C16961	1	11.11111111111111
Strep_C16205	1	11.11111111111111
Strep_C16203	1	11.11111111111111
Strep_C19523	1	11.11111111111111
Strep_C15362	1	11.11111111111111
Strep_C15384	1	11.11111111111111
Strep_C1537	1	11.11111111111111
Strep_C15379	1	11.11111111111111
Strep_C15372	1	11.11111111111111
Strep_C1536	1	11.11111111111111
Strep_C15365	1	11.11111111111111
Strep_C15364	1	11.11111111111111
Strep_C15363	1	11.11111111111111
Strep_C15361	1	11.11111111111111
Strep_C15386	1	11.11111111111111
Strep_C15360	1	11.11111111111111
Strep_C1535	1	11.11111111111111
Strep_C15358	1	11.11111111111111
Strep_C15357	1	11.11111111111111
Strep_C15356	1	11.11111111111111
Strep_C15355	1	11.11111111111111
Strep_C15354	1	11.11111111111111
Strep_C15353	1	11.11111111111111
Strep_C15385	1	11.11111111111111
Strep_C15387	1	11.11111111111111
Strep_C15266	1	11.11111111111111
Strep_C15401	1	11.11111111111111
Strep_C15424	1	11.11111111111111
Strep_C15423	1	11.11111111111111
Strep_C15421	1	11.11111111111111
Strep_C15419	1	11.11111111111111
Strep_C15418	1	11.11111111111111
Strep_C15413	1	11.11111111111111
Strep_C15412	1	11.11111111111111
Strep_C1540	1	11.11111111111111
Strep_C15400	1	11.11111111111111
Strep_C15389	1	11.11111111111111
Strep_C153	1	11.11111111111111
Strep_C1539	1	11.11111111111111
Strep_C15399	1	11.11111111111111
Strep_C15397	1	11.11111111111111
Strep_C15396	1	11.11111111111111
Strep_C15393	1	11.11111111111111
Strep_C15392	1	11.11111111111111
Strep_C15391	1	11.11111111111111
Strep_C15350	1	11.11111111111111
Strep_C1534	1	11.11111111111111
Strep_C15347	1	11.11111111111111
Strep_C15290	1	11.11111111111111
Strep_C1529	1	11.11111111111111
Strep_C15299	1	11.11111111111111
Strep_C15298	1	11.11111111111111
Strep_C15297	1	11.11111111111111
Strep_C15294	1	11.11111111111111
Strep_C15293	1	11.11111111111111
Strep_C15292	1	11.11111111111111
Strep_C15291	1	11.11111111111111
Strep_C1528	1	11.11111111111111
Strep_C15345	1	11.11111111111111
Strep_C15286	1	11.11111111111111
Strep_C15285	1	11.11111111111111
Strep_C15284	1	11.11111111111111
Strep_C15272	1	11.11111111111111
Strep_C15271	1	11.11111111111111
Strep_C1526	1	11.11111111111111
Strep_C15269	1	11.11111111111111
Strep_C15268	1	11.11111111111111
Strep_C152	1	11.11111111111111
Strep_C15300	1	11.11111111111111
Strep_C15301	1	11.11111111111111
Strep_C15302	1	11.11111111111111
Strep_C15344	1	11.11111111111111
Strep_C15341	1	11.11111111111111
Strep_C15331	1	11.11111111111111
Strep_C1532	1	11.11111111111111
Strep_C15323	1	11.11111111111111
Strep_C15321	1	11.11111111111111
Strep_C15320	1	11.11111111111111
Strep_C15319	1	11.11111111111111
Strep_C15317	1	11.11111111111111
Strep_C15316	1	11.11111111111111
Strep_C15313	1	11.11111111111111
Strep_C15310	1	11.11111111111111
Strep_C15308	1	11.11111111111111
Strep_C15306	1	11.11111111111111
Strep_C15305	1	11.11111111111111
Strep_C15304	1	11.11111111111111
Strep_C15303	1	11.11111111111111
Strep_C15425	1	11.11111111111111
Strep_C15426	1	11.11111111111111
Strep_C15428	1	11.11111111111111
Strep_C15508	1	11.11111111111111
Strep_C15519	1	11.11111111111111
Strep_C15514	1	11.11111111111111
Strep_C15513	1	11.11111111111111
Strep_C15512	1	11.11111111111111
Strep_C15511	1	11.11111111111111
Strep_C15510	1	11.11111111111111
Strep_C1550	1	11.11111111111111
Strep_C15509	1	11.11111111111111
Strep_C15507	1	11.11111111111111
Strep_C15493	1	11.11111111111111
Strep_C15501	1	11.11111111111111
Strep_C15500	1	11.11111111111111
Strep_C154	1	11.11111111111111
Strep_C1549	1	11.11111111111111
Strep_C15498	1	11.11111111111111
Strep_C15497	1	11.11111111111111
Strep_C15496	1	11.11111111111111
Strep_C15495	1	11.11111111111111
Strep_C1551	1	11.11111111111111
Strep_C15520	1	11.11111111111111
Strep_C15521	1	11.11111111111111
Strep_C15522	1	11.11111111111111
Strep_C15555	1	11.11111111111111
Strep_C15554	1	11.11111111111111
Strep_C15551	1	11.11111111111111
Strep_C1554	1	11.11111111111111
Strep_C15549	1	11.11111111111111
Strep_C15548	1	11.11111111111111
Strep_C15546	1	11.11111111111111
Strep_C15544	1	11.11111111111111
Strep_C15539	1	11.11111111111111
Strep_C15538	1	11.11111111111111
Strep_C15531	1	11.11111111111111
Strep_C15530	1	11.11111111111111
Strep_C1552	1	11.11111111111111
Strep_C15529	1	11.11111111111111
Strep_C15528	1	11.11111111111111
Strep_C15526	1	11.11111111111111
Strep_C15524	1	11.11111111111111
Strep_C15494	1	11.11111111111111
Strep_C15492	1	11.11111111111111
Strep_C15429	1	11.11111111111111
Strep_C15440	1	11.11111111111111
Strep_C15450	1	11.11111111111111
Strep_C15449	1	11.11111111111111
Strep_C15446	1	11.11111111111111
Strep_C15445	1	11.11111111111111
Strep_C15444	1	11.11111111111111
Strep_C15443	1	11.11111111111111
Strep_C15442	1	11.11111111111111
Strep_C15441	1	11.11111111111111
Strep_C15439	1	11.11111111111111
Strep_C15491	1	11.11111111111111
Strep_C15438	1	11.11111111111111
Strep_C15436	1	11.11111111111111
Strep_C15435	1	11.11111111111111
Strep_C15434	1	11.11111111111111
Strep_C15433	1	11.11111111111111
Strep_C15432	1	11.11111111111111
Strep_C15431	1	11.11111111111111
Strep_C15430	1	11.11111111111111
Strep_C15453	1	11.11111111111111
Strep_C15454	1	11.11111111111111
Strep_C15457	1	11.11111111111111
Strep_C15458	1	11.11111111111111
Strep_C15490	1	11.11111111111111
Strep_C1548	1	11.11111111111111
Strep_C15488	1	11.11111111111111
Strep_C15487	1	11.11111111111111
Strep_C15485	1	11.11111111111111
Strep_C15484	1	11.11111111111111
Strep_C15483	1	11.11111111111111
Strep_C1547	1	11.11111111111111
Strep_C15477	1	11.11111111111111
Strep_C15475	1	11.11111111111111
Strep_C15474	1	11.11111111111111
Strep_C15466	1	11.11111111111111
Strep_C15464	1	11.11111111111111
Strep_C15463	1	11.11111111111111
Strep_C15461	1	11.11111111111111
Strep_C15460	1	11.11111111111111
Strep_C15459	1	11.11111111111111
Strep_C15267	1	11.11111111111111
Strep_C15264	1	11.11111111111111
Strep_C15557	1	11.11111111111111
Strep_C15067	1	11.11111111111111
Strep_C15077	1	11.11111111111111
Strep_C15076	1	11.11111111111111
Strep_C15073	1	11.11111111111111
Strep_C15072	1	11.11111111111111
Strep_C15071	1	11.11111111111111
Strep_C15070	1	11.11111111111111
Strep_C1506	1	11.11111111111111
Strep_C15069	1	11.11111111111111
Strep_C15066	1	11.11111111111111
Strep_C15079	1	11.11111111111111
Strep_C15065	1	11.11111111111111
Strep_C15064	1	11.11111111111111
Strep_C15063	1	11.11111111111111
Strep_C15062	1	11.11111111111111
Strep_C15061	1	11.11111111111111
Strep_C15060	1	11.11111111111111
Strep_C1505	1	11.11111111111111
Strep_C15056	1	11.11111111111111
Strep_C15078	1	11.11111111111111
Strep_C1507	1	11.11111111111111
Strep_C15263	1	11.11111111111111
Strep_C15099	1	11.11111111111111
Strep_C15109	1	11.11111111111111
Strep_C15108	1	11.11111111111111
Strep_C15106	1	11.11111111111111
Strep_C15105	1	11.11111111111111
Strep_C15103	1	11.11111111111111
Strep_C15102	1	11.11111111111111
Strep_C150	1	11.11111111111111
Strep_C1509	1	11.11111111111111
Strep_C15096	1	11.11111111111111
Strep_C15080	1	11.11111111111111
Strep_C15094	1	11.11111111111111
Strep_C15093	1	11.11111111111111
Strep_C15086	1	11.11111111111111
Strep_C15085	1	11.11111111111111
Strep_C15084	1	11.11111111111111
Strep_C15083	1	11.11111111111111
Strep_C15082	1	11.11111111111111
Strep_C15081	1	11.11111111111111
Strep_C15051	1	11.11111111111111
Strep_C15050	1	11.11111111111111
Strep_C1504	1	11.11111111111111
Strep_C14986	1	11.11111111111111
Strep_C149	1	11.11111111111111
Strep_C14994	1	11.11111111111111
Strep_C14993	1	11.11111111111111
Strep_C14992	1	11.11111111111111
Strep_C14991	1	11.11111111111111
Strep_C14990	1	11.11111111111111
Strep_C14989	1	11.11111111111111
Strep_C14987	1	11.11111111111111
Strep_C14981	1	11.11111111111111
Strep_C15048	1	11.11111111111111
Strep_C1497	1	11.11111111111111
Strep_C14975	1	11.11111111111111
Strep_C14974	1	11.11111111111111
Strep_C14973	1	11.11111111111111
Strep_C14972	1	11.11111111111111
Strep_C14971	1	11.11111111111111
Strep_C14970	1	11.11111111111111
Strep_C1496	1	11.11111111111111
Strep_C14	1	11.11111111111111
Strep_C15004	1	11.11111111111111
Strep_C15005	1	11.11111111111111
Strep_C15010	1	11.11111111111111
Strep_C15042	1	11.11111111111111
Strep_C1503	1	11.11111111111111
Strep_C15033	1	11.11111111111111
Strep_C15032	1	11.11111111111111
Strep_C15030	1	11.11111111111111
Strep_C15029	1	11.11111111111111
Strep_C15028	1	11.11111111111111
Strep_C15027	1	11.11111111111111
Strep_C15026	1	11.11111111111111
Strep_C15025	1	11.11111111111111
Strep_C15024	1	11.11111111111111
Strep_C15023	1	11.11111111111111
Strep_C15021	1	11.11111111111111
Strep_C15017	1	11.11111111111111
Strep_C15014	1	11.11111111111111
Strep_C15013	1	11.11111111111111
Strep_C15012	1	11.11111111111111
Strep_C15110	1	11.11111111111111
Strep_C15112	1	11.11111111111111
Strep_C15113	1	11.11111111111111
Strep_C15219	1	11.11111111111111
Strep_C15231	1	11.11111111111111
Strep_C15230	1	11.11111111111111
Strep_C1522	1	11.11111111111111
Strep_C15227	1	11.11111111111111
Strep_C15225	1	11.11111111111111
Strep_C15224	1	11.11111111111111
Strep_C15223	1	11.11111111111111
Strep_C15222	1	11.11111111111111
Strep_C15218	1	11.11111111111111
Strep_C15195	1	11.11111111111111
Strep_C15217	1	11.11111111111111
Strep_C15214	1	11.11111111111111
Strep_C15213	1	11.11111111111111
Strep_C15203	1	11.11111111111111
Strep_C151	1	11.11111111111111
Strep_C1519	1	11.11111111111111
Strep_C15199	1	11.11111111111111
Strep_C15197	1	11.11111111111111
Strep_C15232	1	11.11111111111111
Strep_C15234	1	11.11111111111111
Strep_C15235	1	11.11111111111111
Strep_C15236	1	11.11111111111111
Strep_C15261	1	11.11111111111111
Strep_C15259	1	11.11111111111111
Strep_C15258	1	11.11111111111111
Strep_C15257	1	11.11111111111111
Strep_C15256	1	11.11111111111111
Strep_C15255	1	11.11111111111111
Strep_C15253	1	11.11111111111111
Strep_C15252	1	11.11111111111111
Strep_C15251	1	11.11111111111111
Strep_C15250	1	11.11111111111111
Strep_C1524	1	11.11111111111111
Strep_C15248	1	11.11111111111111
Strep_C15245	1	11.11111111111111
Strep_C15243	1	11.11111111111111
Strep_C15240	1	11.11111111111111
Strep_C15239	1	11.11111111111111
Strep_C15237	1	11.11111111111111
Strep_C15196	1	11.11111111111111
Strep_C15194	1	11.11111111111111
Strep_C15114	1	11.11111111111111
Strep_C15130	1	11.11111111111111
Strep_C15153	1	11.11111111111111
Strep_C15152	1	11.11111111111111
Strep_C15139	1	11.11111111111111
Strep_C15137	1	11.11111111111111
Strep_C15136	1	11.11111111111111
Strep_C15135	1	11.11111111111111
Strep_C15133	1	11.11111111111111
Strep_C15132	1	11.11111111111111
Strep_C15127	1	11.11111111111111
Strep_C15191	1	11.11111111111111
Strep_C15126	1	11.11111111111111
Strep_C15125	1	11.11111111111111
Strep_C15123	1	11.11111111111111
Strep_C15120	1	11.11111111111111
Strep_C1511	1	11.11111111111111
Strep_C15118	1	11.11111111111111
Strep_C15117	1	11.11111111111111
Strep_C15115	1	11.11111111111111
Strep_C15158	1	11.11111111111111
Strep_C15159	1	11.11111111111111
Strep_C1515	1	11.11111111111111
Strep_C15161	1	11.11111111111111
Strep_C15190	1	11.11111111111111
Strep_C1518	1	11.11111111111111
Strep_C15189	1	11.11111111111111
Strep_C15188	1	11.11111111111111
Strep_C15187	1	11.11111111111111
Strep_C15185	1	11.11111111111111
Strep_C15177	1	11.11111111111111
Strep_C15172	1	11.11111111111111
Strep_C15171	1	11.11111111111111
Strep_C15170	1	11.11111111111111
Strep_C15169	1	11.11111111111111
Strep_C15168	1	11.11111111111111
Strep_C15167	1	11.11111111111111
Strep_C15166	1	11.11111111111111
Strep_C15165	1	11.11111111111111
Strep_C15164	1	11.11111111111111
Strep_C15163	1	11.11111111111111
Strep_C15556	1	11.11111111111111
Strep_C15558	1	11.11111111111111
Strep_C16202	1	11.11111111111111
Strep_C15992	1	11.11111111111111
Strep_C16006	1	11.11111111111111
Strep_C16001	1	11.11111111111111
Strep_C15	1	11.11111111111111
Strep_C159	1	11.11111111111111
Strep_C15999	1	11.11111111111111
Strep_C15998	1	11.11111111111111
Strep_C15994	1	11.11111111111111
Strep_C15993	1	11.11111111111111
Strep_C15991	1	11.11111111111111
Strep_C16011	1	11.11111111111111
Strep_C15990	1	11.11111111111111
Strep_C15989	1	11.11111111111111
Strep_C15988	1	11.11111111111111
Strep_C15987	1	11.11111111111111
Strep_C15986	1	11.11111111111111
Strep_C15985	1	11.11111111111111
Strep_C15984	1	11.11111111111111
Strep_C15983	1	11.11111111111111
Strep_C1600	1	11.11111111111111
Strep_C16012	1	11.11111111111111
Strep_C15888	1	11.11111111111111
Strep_C16039	1	11.11111111111111
Strep_C16050	1	11.11111111111111
Strep_C1604	1	11.11111111111111
Strep_C16049	1	11.11111111111111
Strep_C16046	1	11.11111111111111
Strep_C16045	1	11.11111111111111
Strep_C16044	1	11.11111111111111
Strep_C16041	1	11.11111111111111
Strep_C1603	1	11.11111111111111
Strep_C16028	1	11.11111111111111
Strep_C16014	1	11.11111111111111
Strep_C16027	1	11.11111111111111
Strep_C16025	1	11.11111111111111
Strep_C16023	1	11.11111111111111
Strep_C16021	1	11.11111111111111
Strep_C16019	1	11.11111111111111
Strep_C16018	1	11.11111111111111
Strep_C16017	1	11.11111111111111
Strep_C16016	1	11.11111111111111
Strep_C15981	1	11.11111111111111
Strep_C15980	1	11.11111111111111
Strep_C15979	1	11.11111111111111
Strep_C15913	1	11.11111111111111
Strep_C15939	1	11.11111111111111
Strep_C15934	1	11.11111111111111
Strep_C15931	1	11.11111111111111
Strep_C15920	1	11.11111111111111
Strep_C15918	1	11.11111111111111
Strep_C15917	1	11.11111111111111
Strep_C15915	1	11.11111111111111
Strep_C15914	1	11.11111111111111
Strep_C15911	1	11.11111111111111
Strep_C15978	1	11.11111111111111
Strep_C15898	1	11.11111111111111
Strep_C15897	1	11.11111111111111
Strep_C15896	1	11.11111111111111
Strep_C15895	1	11.11111111111111
Strep_C15894	1	11.11111111111111
Strep_C15893	1	11.11111111111111
Strep_C15892	1	11.11111111111111
Strep_C15891	1	11.11111111111111
Strep_C1593	1	11.11111111111111
Strep_C15940	1	11.11111111111111
Strep_C15942	1	11.11111111111111
Strep_C15943	1	11.11111111111111
Strep_C15975	1	11.11111111111111
Strep_C15974	1	11.11111111111111
Strep_C15973	1	11.11111111111111
Strep_C15972	1	11.11111111111111
Strep_C15971	1	11.11111111111111
Strep_C15970	1	11.11111111111111
Strep_C15965	1	11.11111111111111
Strep_C15961	1	11.11111111111111
Strep_C15956	1	11.11111111111111
Strep_C15955	1	11.11111111111111
Strep_C15953	1	11.11111111111111
Strep_C15952	1	11.11111111111111
Strep_C15950	1	11.11111111111111
Strep_C15949	1	11.11111111111111
Strep_C15948	1	11.11111111111111
Strep_C15946	1	11.11111111111111
Strep_C15945	1	11.11111111111111
Strep_C16051	1	11.11111111111111
Strep_C16058	1	11.11111111111111
Strep_C16059	1	11.11111111111111
Strep_C16153	1	11.11111111111111
Strep_C16168	1	11.11111111111111
Strep_C16166	1	11.11111111111111
Strep_C16165	1	11.11111111111111
Strep_C16164	1	11.11111111111111
Strep_C16162	1	11.11111111111111
Strep_C1615	1	11.11111111111111
Strep_C16156	1	11.11111111111111
Strep_C16154	1	11.11111111111111
Strep_C16152	1	11.11111111111111
Strep_C16142	1	11.11111111111111
Strep_C16151	1	11.11111111111111
Strep_C16150	1	11.11111111111111
Strep_C1614	1	11.11111111111111
Strep_C16149	1	11.11111111111111
Strep_C16147	1	11.11111111111111
Strep_C16146	1	11.11111111111111
Strep_C16145	1	11.11111111111111
Strep_C16144	1	11.11111111111111
Strep_C1616	1	11.11111111111111
Strep_C16170	1	11.11111111111111
Strep_C16172	1	11.11111111111111
Strep_C16173	1	11.11111111111111
Strep_C16201	1	11.11111111111111
Strep_C161	1	11.11111111111111
Strep_C16199	1	11.11111111111111
Strep_C16197	1	11.11111111111111
Strep_C16195	1	11.11111111111111
Strep_C16194	1	11.11111111111111
Strep_C16193	1	11.11111111111111
Strep_C16190	1	11.11111111111111
Strep_C1618	1	11.11111111111111
Strep_C16187	1	11.11111111111111
Strep_C16186	1	11.11111111111111
Strep_C16180	1	11.11111111111111
Strep_C16178	1	11.11111111111111
Strep_C16177	1	11.11111111111111
Strep_C16176	1	11.11111111111111
Strep_C16175	1	11.11111111111111
Strep_C16174	1	11.11111111111111
Strep_C16143	1	11.11111111111111
Strep_C16141	1	11.11111111111111
Strep_C16060	1	11.11111111111111
Strep_C16071	1	11.11111111111111
Strep_C16094	1	11.11111111111111
Strep_C16092	1	11.11111111111111
Strep_C16091	1	11.11111111111111
Strep_C16087	1	11.11111111111111
Strep_C16081	1	11.11111111111111
Strep_C16074	1	11.11111111111111
Strep_C16073	1	11.11111111111111
Strep_C16072	1	11.11111111111111
Strep_C16070	1	11.11111111111111
Strep_C16140	1	11.11111111111111
Strep_C1606	1	11.11111111111111
Strep_C16069	1	11.11111111111111
Strep_C16068	1	11.11111111111111
Strep_C16066	1	11.11111111111111
Strep_C16065	1	11.11111111111111
Strep_C16064	1	11.11111111111111
Strep_C16062	1	11.11111111111111
Strep_C16061	1	11.11111111111111
Strep_C16096	1	11.11111111111111
Strep_C16100	1	11.11111111111111
Strep_C16101	1	11.11111111111111
Strep_C16103	1	11.11111111111111
Strep_C16139	1	11.11111111111111
Strep_C16137	1	11.11111111111111
Strep_C16136	1	11.11111111111111
Strep_C16133	1	11.11111111111111
Strep_C16132	1	11.11111111111111
Strep_C16131	1	11.11111111111111
Strep_C1612	1	11.11111111111111
Strep_C1611	1	11.11111111111111
Strep_C16114	1	11.11111111111111
Strep_C16112	1	11.11111111111111
Strep_C16111	1	11.11111111111111
Strep_C16110	1	11.11111111111111
Strep_C1610	1	11.11111111111111
Strep_C16109	1	11.11111111111111
Strep_C16108	1	11.11111111111111
Strep_C16106	1	11.11111111111111
Strep_C16104	1	11.11111111111111
Strep_C15890	1	11.11111111111111
Strep_C15886	1	11.11111111111111
Strep_C15559	1	11.11111111111111
Strep_C1565	1	11.11111111111111
Strep_C15669	1	11.11111111111111
Strep_C15668	1	11.11111111111111
Strep_C15667	1	11.11111111111111
Strep_C15665	1	11.11111111111111
Strep_C15664	1	11.11111111111111
Strep_C15662	1	11.11111111111111
Strep_C15661	1	11.11111111111111
Strep_C15660	1	11.11111111111111
Strep_C15659	1	11.11111111111111
Strep_C15673	1	11.11111111111111
Strep_C15658	1	11.11111111111111
Strep_C15657	1	11.11111111111111
Strep_C15654	1	11.11111111111111
Strep_C1564	1	11.11111111111111
Strep_C15649	1	11.11111111111111
Strep_C15641	1	11.11111111111111
Strep_C15640	1	11.11111111111111
Strep_C1563	1	11.11111111111111
Strep_C15672	1	11.11111111111111
Strep_C15675	1	11.11111111111111
Strep_C15885	1	11.11111111111111
Strep_C15701	1	11.11111111111111
Strep_C15711	1	11.11111111111111
Strep_C15710	1	11.11111111111111
Strep_C1570	1	11.11111111111111
Strep_C15709	1	11.11111111111111
Strep_C15705	1	11.11111111111111
Strep_C15704	1	11.11111111111111
Strep_C15703	1	11.11111111111111
Strep_C15702	1	11.11111111111111
Strep_C15700	1	11.11111111111111
Strep_C15678	1	11.11111111111111
Strep_C156	1	11.11111111111111
Strep_C15699	1	11.11111111111111
Strep_C15698	1	11.11111111111111
Strep_C15692	1	11.11111111111111
Strep_C15690	1	11.11111111111111
Strep_C1568	1	11.11111111111111
Strep_C15682	1	11.11111111111111
Strep_C1567	1	11.11111111111111
Strep_C15639	1	11.11111111111111
Strep_C15638	1	11.11111111111111
Strep_C15637	1	11.11111111111111
Strep_C15573	1	11.11111111111111
Strep_C15587	1	11.11111111111111
Strep_C15586	1	11.11111111111111
Strep_C15585	1	11.11111111111111
Strep_C15584	1	11.11111111111111
Strep_C15582	1	11.11111111111111
Strep_C1557	1	11.11111111111111
Strep_C15576	1	11.11111111111111
Strep_C15575	1	11.11111111111111
Strep_C15570	1	11.11111111111111
Strep_C15635	1	11.11111111111111
Strep_C15567	1	11.11111111111111
Strep_C15566	1	11.11111111111111
Strep_C15565	1	11.11111111111111
Strep_C15564	1	11.11111111111111
Strep_C15563	1	11.11111111111111
Strep_C15562	1	11.11111111111111
Strep_C15561	1	11.11111111111111
Strep_C1555	1	11.11111111111111
Strep_C15588	1	11.11111111111111
Strep_C15589	1	11.11111111111111
Strep_C15590	1	11.11111111111111
Strep_C15591	1	11.11111111111111
Strep_C15634	1	11.11111111111111
Strep_C15633	1	11.11111111111111
Strep_C15631	1	11.11111111111111
Strep_C15630	1	11.11111111111111
Strep_C15628	1	11.11111111111111
Strep_C15627	1	11.11111111111111
Strep_C15626	1	11.11111111111111
Strep_C15625	1	11.11111111111111
Strep_C15624	1	11.11111111111111
Strep_C15623	1	11.11111111111111
Strep_C15621	1	11.11111111111111
Strep_C1561	1	11.11111111111111
Strep_C1560	1	11.11111111111111
Strep_C15603	1	11.11111111111111
Strep_C15602	1	11.11111111111111
Strep_C15593	1	11.11111111111111
Strep_C15592	1	11.11111111111111
Strep_C15715	1	11.11111111111111
Strep_C15716	1	11.11111111111111
Strep_C15717	1	11.11111111111111
Strep_C15823	1	11.11111111111111
Strep_C15848	1	11.11111111111111
Strep_C15847	1	11.11111111111111
Strep_C15845	1	11.11111111111111
Strep_C15835	1	11.11111111111111
Strep_C15833	1	11.11111111111111
Strep_C15832	1	11.11111111111111
Strep_C15829	1	11.11111111111111
Strep_C15826	1	11.11111111111111
Strep_C1581	1	11.11111111111111
Strep_C15797	1	11.11111111111111
Strep_C15813	1	11.11111111111111
Strep_C15811	1	11.11111111111111
Strep_C1580	1	11.11111111111111
Strep_C15804	1	11.11111111111111
Strep_C15803	1	11.11111111111111
Strep_C15802	1	11.11111111111111
Strep_C1579	1	11.11111111111111
Strep_C15799	1	11.11111111111111
Strep_C1584	1	11.11111111111111
Strep_C15850	1	11.11111111111111
Strep_C15852	1	11.11111111111111
Strep_C15854	1	11.11111111111111
Strep_C15883	1	11.11111111111111
Strep_C15882	1	11.11111111111111
Strep_C15881	1	11.11111111111111
Strep_C15879	1	11.11111111111111
Strep_C15873	1	11.11111111111111
Strep_C15871	1	11.11111111111111
Strep_C15870	1	11.11111111111111
Strep_C15869	1	11.11111111111111
Strep_C15866	1	11.11111111111111
Strep_C15865	1	11.11111111111111
Strep_C15864	1	11.11111111111111
Strep_C15863	1	11.11111111111111
Strep_C15862	1	11.11111111111111
Strep_C15861	1	11.11111111111111
Strep_C15859	1	11.11111111111111
Strep_C15857	1	11.11111111111111
Strep_C15856	1	11.11111111111111
Strep_C15798	1	11.11111111111111
Strep_C15796	1	11.11111111111111
Strep_C15720	1	11.11111111111111
Strep_C15735	1	11.11111111111111
Strep_C15750	1	11.11111111111111
Strep_C15749	1	11.11111111111111
Strep_C15747	1	11.11111111111111
Strep_C15745	1	11.11111111111111
Strep_C15743	1	11.11111111111111
Strep_C15742	1	11.11111111111111
Strep_C15740	1	11.11111111111111
Strep_C15736	1	11.11111111111111
Strep_C15734	1	11.11111111111111
Strep_C15795	1	11.11111111111111
Strep_C1572	1	11.11111111111111
Strep_C15727	1	11.11111111111111
Strep_C15726	1	11.11111111111111
Strep_C15725	1	11.11111111111111
Strep_C15724	1	11.11111111111111
Strep_C15723	1	11.11111111111111
Strep_C15722	1	11.11111111111111
Strep_C15721	1	11.11111111111111
Strep_C15751	1	11.11111111111111
Strep_C15752	1	11.11111111111111
Strep_C15754	1	11.11111111111111
Strep_C15755	1	11.11111111111111
Strep_C15794	1	11.11111111111111
Strep_C15792	1	11.11111111111111
Strep_C15791	1	11.11111111111111
Strep_C15789	1	11.11111111111111
Strep_C15788	1	11.11111111111111
Strep_C15787	1	11.11111111111111
Strep_C15786	1	11.11111111111111
Strep_C1577	1	11.11111111111111
Strep_C15777	1	11.11111111111111
Strep_C15772	1	11.11111111111111
Strep_C15765	1	11.11111111111111
Strep_C15764	1	11.11111111111111
Strep_C15763	1	11.11111111111111
Strep_C1575	1	11.11111111111111
Strep_C15759	1	11.11111111111111
Strep_C15757	1	11.11111111111111
Strep_C15756	1	11.11111111111111
Strep_C17336	1	11.11111111111111
Strep_C17337	1	11.11111111111111
Strep_C17341	1	11.11111111111111
Strep_C18814	1	11.11111111111111
Strep_C18830	1	11.11111111111111
Strep_C1882	1	11.11111111111111
Strep_C18828	1	11.11111111111111
Strep_C18819	1	11.11111111111111
Strep_C18818	1	11.11111111111111
Strep_C18817	1	11.11111111111111
Strep_C18816	1	11.11111111111111
Strep_C18815	1	11.11111111111111
Strep_C18813	1	11.11111111111111
Strep_C18832	1	11.11111111111111
Strep_C18810	1	11.11111111111111
Strep_C18809	1	11.11111111111111
Strep_C18807	1	11.11111111111111
Strep_C18806	1	11.11111111111111
Strep_C18805	1	11.11111111111111
Strep_C18803	1	11.11111111111111
Strep_C1879	1	11.11111111111111
Strep_C18797	1	11.11111111111111
Strep_C18831	1	11.11111111111111
Strep_C18833	1	11.11111111111111
Strep_C18737	1	11.11111111111111
Strep_C18844	1	11.11111111111111
Strep_C18851	1	11.11111111111111
Strep_C18850	1	11.11111111111111
Strep_C1884	1	11.11111111111111
Strep_C18849	1	11.11111111111111
Strep_C18848	1	11.11111111111111
Strep_C18847	1	11.11111111111111
Strep_C18846	1	11.11111111111111
Strep_C18845	1	11.11111111111111
Strep_C18843	1	11.11111111111111
Strep_C18834	1	11.11111111111111
Strep_C18842	1	11.11111111111111
Strep_C18841	1	11.11111111111111
Strep_C18840	1	11.11111111111111
Strep_C1883	1	11.11111111111111
Strep_C18839	1	11.11111111111111
Strep_C18838	1	11.11111111111111
Strep_C18837	1	11.11111111111111
Strep_C18836	1	11.11111111111111
Strep_C18796	1	11.11111111111111
Strep_C18795	1	11.11111111111111
Strep_C18792	1	11.11111111111111
Strep_C18748	1	11.11111111111111
Strep_C18756	1	11.11111111111111
Strep_C18755	1	11.11111111111111
Strep_C18754	1	11.11111111111111
Strep_C18753	1	11.11111111111111
Strep_C18752	1	11.11111111111111
Strep_C18751	1	11.11111111111111
Strep_C18750	1	11.11111111111111
Strep_C18749	1	11.11111111111111
Strep_C18747	1	11.11111111111111
Strep_C18791	1	11.11111111111111
Strep_C18746	1	11.11111111111111
Strep_C18745	1	11.11111111111111
Strep_C18744	1	11.11111111111111
Strep_C18743	1	11.11111111111111
Strep_C18742	1	11.11111111111111
Strep_C18741	1	11.11111111111111
Strep_C18740	1	11.11111111111111
Strep_C18739	1	11.11111111111111
Strep_C18757	1	11.11111111111111
Strep_C18758	1	11.11111111111111
Strep_C1875	1	11.11111111111111
Strep_C18761	1	11.11111111111111
Strep_C18790	1	11.11111111111111
Strep_C1878	1	11.11111111111111
Strep_C18789	1	11.11111111111111
Strep_C18788	1	11.11111111111111
Strep_C18787	1	11.11111111111111
Strep_C18786	1	11.11111111111111
Strep_C18785	1	11.11111111111111
Strep_C18784	1	11.11111111111111
Strep_C18782	1	11.11111111111111
Strep_C18781	1	11.11111111111111
Strep_C18779	1	11.11111111111111
Strep_C18778	1	11.11111111111111
Strep_C18772	1	11.11111111111111
Strep_C18771	1	11.11111111111111
Strep_C1876	1	11.11111111111111
Strep_C18768	1	11.11111111111111
Strep_C18762	1	11.11111111111111
Strep_C18854	1	11.11111111111111
Strep_C18855	1	11.11111111111111
Strep_C18856	1	11.11111111111111
Strep_C1893	1	11.11111111111111
Strep_C18954	1	11.11111111111111
Strep_C18953	1	11.11111111111111
Strep_C18951	1	11.11111111111111
Strep_C18950	1	11.11111111111111
Strep_C18949	1	11.11111111111111
Strep_C18948	1	11.11111111111111
Strep_C18947	1	11.11111111111111
Strep_C18945	1	11.11111111111111
Strep_C18937	1	11.11111111111111
Strep_C18926	1	11.11111111111111
Strep_C18936	1	11.11111111111111
Strep_C18935	1	11.11111111111111
Strep_C18934	1	11.11111111111111
Strep_C18933	1	11.11111111111111
Strep_C18932	1	11.11111111111111
Strep_C18930	1	11.11111111111111
Strep_C18929	1	11.11111111111111
Strep_C18928	1	11.11111111111111
Strep_C18955	1	11.11111111111111
Strep_C18956	1	11.11111111111111
Strep_C18957	1	11.11111111111111
Strep_C18959	1	11.11111111111111
Strep_C18987	1	11.11111111111111
Strep_C18985	1	11.11111111111111
Strep_C18984	1	11.11111111111111
Strep_C18983	1	11.11111111111111
Strep_C18982	1	11.11111111111111
Strep_C18980	1	11.11111111111111
Strep_C1897	1	11.11111111111111
Strep_C18979	1	11.11111111111111
Strep_C18977	1	11.11111111111111
Strep_C18976	1	11.11111111111111
Strep_C18971	1	11.11111111111111
Strep_C1896	1	11.11111111111111
Strep_C18965	1	11.11111111111111
Strep_C18964	1	11.11111111111111
Strep_C18963	1	11.11111111111111
Strep_C18962	1	11.11111111111111
Strep_C18960	1	11.11111111111111
Strep_C18927	1	11.11111111111111
Strep_C18924	1	11.11111111111111
Strep_C18857	1	11.11111111111111
Strep_C18878	1	11.11111111111111
Strep_C18889	1	11.11111111111111
Strep_C18886	1	11.11111111111111
Strep_C18885	1	11.11111111111111
Strep_C18883	1	11.11111111111111
Strep_C18881	1	11.11111111111111
Strep_C18880	1	11.11111111111111
Strep_C1887	1	11.11111111111111
Strep_C18879	1	11.11111111111111
Strep_C18877	1	11.11111111111111
Strep_C18922	1	11.11111111111111
Strep_C18872	1	11.11111111111111
Strep_C18871	1	11.11111111111111
Strep_C18870	1	11.11111111111111
Strep_C18867	1	11.11111111111111
Strep_C18866	1	11.11111111111111
Strep_C18865	1	11.11111111111111
Strep_C18863	1	11.11111111111111
Strep_C18861	1	11.11111111111111
Strep_C18890	1	11.11111111111111
Strep_C18891	1	11.11111111111111
Strep_C18892	1	11.11111111111111
Strep_C18893	1	11.11111111111111
Strep_C18920	1	11.11111111111111
Strep_C1891	1	11.11111111111111
Strep_C18918	1	11.11111111111111
Strep_C18913	1	11.11111111111111
Strep_C18912	1	11.11111111111111
Strep_C18911	1	11.11111111111111
Strep_C1890	1	11.11111111111111
Strep_C18909	1	11.11111111111111
Strep_C18907	1	11.11111111111111
Strep_C18902	1	11.11111111111111
Strep_C18901	1	11.11111111111111
Strep_C1889	1	11.11111111111111
Strep_C18899	1	11.11111111111111
Strep_C18897	1	11.11111111111111
Strep_C18896	1	11.11111111111111
Strep_C18895	1	11.11111111111111
Strep_C18894	1	11.11111111111111
Strep_C18738	1	11.11111111111111
Strep_C18736	1	11.11111111111111
Strep_C18989	1	11.11111111111111
Strep_C18551	1	11.11111111111111
Strep_C18572	1	11.11111111111111
Strep_C18571	1	11.11111111111111
Strep_C18570	1	11.11111111111111
Strep_C1856	1	11.11111111111111
Strep_C18563	1	11.11111111111111
Strep_C1855	1	11.11111111111111
Strep_C18557	1	11.11111111111111
Strep_C18555	1	11.11111111111111
Strep_C18550	1	11.11111111111111
Strep_C18574	1	11.11111111111111
Strep_C18549	1	11.11111111111111
Strep_C18548	1	11.11111111111111
Strep_C18547	1	11.11111111111111
Strep_C18546	1	11.11111111111111
Strep_C18545	1	11.11111111111111
Strep_C18544	1	11.11111111111111
Strep_C18543	1	11.11111111111111
Strep_C18542	1	11.11111111111111
Strep_C18573	1	11.11111111111111
Strep_C18576	1	11.11111111111111
Strep_C18730	1	11.11111111111111
Strep_C18587	1	11.11111111111111
Strep_C18594	1	11.11111111111111
Strep_C18593	1	11.11111111111111
Strep_C18592	1	11.11111111111111
Strep_C18591	1	11.11111111111111
Strep_C18590	1	11.11111111111111
Strep_C1858	1	11.11111111111111
Strep_C18589	1	11.11111111111111
Strep_C18588	1	11.11111111111111
Strep_C18586	1	11.11111111111111
Strep_C18577	1	11.11111111111111
Strep_C18585	1	11.11111111111111
Strep_C18584	1	11.11111111111111
Strep_C18583	1	11.11111111111111
Strep_C18582	1	11.11111111111111
Strep_C18581	1	11.11111111111111
Strep_C18580	1	11.11111111111111
Strep_C1857	1	11.11111111111111
Strep_C18578	1	11.11111111111111
Strep_C18540	1	11.11111111111111
Strep_C18535	1	11.11111111111111
Strep_C18533	1	11.11111111111111
Strep_C18490	1	11.11111111111111
Strep_C18508	1	11.11111111111111
Strep_C18507	1	11.11111111111111
Strep_C18506	1	11.11111111111111
Strep_C18505	1	11.11111111111111
Strep_C184	1	11.11111111111111
Strep_C18493	1	11.11111111111111
Strep_C18492	1	11.11111111111111
Strep_C18491	1	11.11111111111111
Strep_C1848	1	11.11111111111111
Strep_C18529	1	11.11111111111111
Strep_C18489	1	11.11111111111111
Strep_C18488	1	11.11111111111111
Strep_C18487	1	11.11111111111111
Strep_C18485	1	11.11111111111111
Strep_C18484	1	11.11111111111111
Strep_C18483	1	11.11111111111111
Strep_C18482	1	11.11111111111111
Strep_C1847	1	11.11111111111111
Strep_C18509	1	11.11111111111111
Strep_C1850	1	11.11111111111111
Strep_C18511	1	11.11111111111111
Strep_C18512	1	11.11111111111111
Strep_C18528	1	11.11111111111111
Strep_C18527	1	11.11111111111111
Strep_C18526	1	11.11111111111111
Strep_C18525	1	11.11111111111111
Strep_C18524	1	11.11111111111111
Strep_C18523	1	11.11111111111111
Strep_C18522	1	11.11111111111111
Strep_C18521	1	11.11111111111111
Strep_C18520	1	11.11111111111111
Strep_C1851	1	11.11111111111111
Strep_C18519	1	11.11111111111111
Strep_C18518	1	11.11111111111111
Strep_C18517	1	11.11111111111111
Strep_C18516	1	11.11111111111111
Strep_C18515	1	11.11111111111111
Strep_C18514	1	11.11111111111111
Strep_C18513	1	11.11111111111111
Strep_C18595	1	11.11111111111111
Strep_C18596	1	11.11111111111111
Strep_C18599	1	11.11111111111111
Strep_C18682	1	11.11111111111111
Strep_C1868	1	11.11111111111111
Strep_C18689	1	11.11111111111111
Strep_C18688	1	11.11111111111111
Strep_C18687	1	11.11111111111111
Strep_C18686	1	11.11111111111111
Strep_C18685	1	11.11111111111111
Strep_C18684	1	11.11111111111111
Strep_C18683	1	11.11111111111111
Strep_C18681	1	11.11111111111111
Strep_C18661	1	11.11111111111111
Strep_C18679	1	11.11111111111111
Strep_C18677	1	11.11111111111111
Strep_C18670	1	11.11111111111111
Strep_C1866	1	11.11111111111111
Strep_C18666	1	11.11111111111111
Strep_C18665	1	11.11111111111111
Strep_C18664	1	11.11111111111111
Strep_C18663	1	11.11111111111111
Strep_C18692	1	11.11111111111111
Strep_C18693	1	11.11111111111111
Strep_C18695	1	11.11111111111111
Strep_C18698	1	11.11111111111111
Strep_C18724	1	11.11111111111111
Strep_C18723	1	11.11111111111111
Strep_C18722	1	11.11111111111111
Strep_C18720	1	11.11111111111111
Strep_C18719	1	11.11111111111111
Strep_C18717	1	11.11111111111111
Strep_C18716	1	11.11111111111111
Strep_C18715	1	11.11111111111111
Strep_C18714	1	11.11111111111111
Strep_C18712	1	11.11111111111111
Strep_C18711	1	11.11111111111111
Strep_C18710	1	11.11111111111111
Strep_C18709	1	11.11111111111111
Strep_C18708	1	11.11111111111111
Strep_C18707	1	11.11111111111111
Strep_C18701	1	11.11111111111111
Strep_C18699	1	11.11111111111111
Strep_C18662	1	11.11111111111111
Strep_C18660	1	11.11111111111111
Strep_C1859	1	11.11111111111111
Strep_C18616	1	11.11111111111111
Strep_C18625	1	11.11111111111111
Strep_C18624	1	11.11111111111111
Strep_C18623	1	11.11111111111111
Strep_C18622	1	11.11111111111111
Strep_C18621	1	11.11111111111111
Strep_C18620	1	11.11111111111111
Strep_C18618	1	11.11111111111111
Strep_C18617	1	11.11111111111111
Strep_C18615	1	11.11111111111111
Strep_C1865	1	11.11111111111111
Strep_C18614	1	11.11111111111111
Strep_C18613	1	11.11111111111111
Strep_C18612	1	11.11111111111111
Strep_C1860	1	11.11111111111111
Strep_C18607	1	11.11111111111111
Strep_C18603	1	11.11111111111111
Strep_C18602	1	11.11111111111111
Strep_C185	1	11.11111111111111
Strep_C18626	1	11.11111111111111
Strep_C18628	1	11.11111111111111
Strep_C18637	1	11.11111111111111
Strep_C18638	1	11.11111111111111
Strep_C18659	1	11.11111111111111
Strep_C18658	1	11.11111111111111
Strep_C18655	1	11.11111111111111
Strep_C18654	1	11.11111111111111
Strep_C18652	1	11.11111111111111
Strep_C18651	1	11.11111111111111
Strep_C18650	1	11.11111111111111
Strep_C18649	1	11.11111111111111
Strep_C18648	1	11.11111111111111
Strep_C18647	1	11.11111111111111
Strep_C18646	1	11.11111111111111
Strep_C18645	1	11.11111111111111
Strep_C18644	1	11.11111111111111
Strep_C18641	1	11.11111111111111
Strep_C18640	1	11.11111111111111
Strep_C1863	1	11.11111111111111
Strep_C18639	1	11.11111111111111
Strep_C18988	1	11.11111111111111
Strep_C1898	1	11.11111111111111
Strep_C17342	1	11.11111111111111
Strep_C19335	1	11.11111111111111
Strep_C19347	1	11.11111111111111
Strep_C19346	1	11.11111111111111
Strep_C19345	1	11.11111111111111
Strep_C19344	1	11.11111111111111
Strep_C19341	1	11.11111111111111
Strep_C19340	1	11.11111111111111
Strep_C19339	1	11.11111111111111
Strep_C19338	1	11.11111111111111
Strep_C19331	1	11.11111111111111
Strep_C19350	1	11.11111111111111
Strep_C19329	1	11.11111111111111
Strep_C19326	1	11.11111111111111
Strep_C19325	1	11.11111111111111
Strep_C19320	1	11.11111111111111
Strep_C1931	1	11.11111111111111
Strep_C19316	1	11.11111111111111
Strep_C19315	1	11.11111111111111
Strep_C19314	1	11.11111111111111
Strep_C19348	1	11.11111111111111
Strep_C19351	1	11.11111111111111
Strep_C19251	1	11.11111111111111
Strep_C19375	1	11.11111111111111
Strep_C19384	1	11.11111111111111
Strep_C19383	1	11.11111111111111
Strep_C19382	1	11.11111111111111
Strep_C19381	1	11.11111111111111
Strep_C19380	1	11.11111111111111
Strep_C19379	1	11.11111111111111
Strep_C19378	1	11.11111111111111
Strep_C19376	1	11.11111111111111
Strep_C19373	1	11.11111111111111
Strep_C19352	1	11.11111111111111
Strep_C19371	1	11.11111111111111
Strep_C19370	1	11.11111111111111
Strep_C19360	1	11.11111111111111
Strep_C19358	1	11.11111111111111
Strep_C19357	1	11.11111111111111
Strep_C19356	1	11.11111111111111
Strep_C19355	1	11.11111111111111
Strep_C19353	1	11.11111111111111
Strep_C19311	1	11.11111111111111
Strep_C1930	1	11.11111111111111
Strep_C19307	1	11.11111111111111
Strep_C19265	1	11.11111111111111
Strep_C19272	1	11.11111111111111
Strep_C19271	1	11.11111111111111
Strep_C19270	1	11.11111111111111
Strep_C1926	1	11.11111111111111
Strep_C19269	1	11.11111111111111
Strep_C19268	1	11.11111111111111
Strep_C19267	1	11.11111111111111
Strep_C19266	1	11.11111111111111
Strep_C19263	1	11.11111111111111
Strep_C19306	1	11.11111111111111
Strep_C19262	1	11.11111111111111
Strep_C19261	1	11.11111111111111
Strep_C19260	1	11.11111111111111
Strep_C1925	1	11.11111111111111
Strep_C19259	1	11.11111111111111
Strep_C19257	1	11.11111111111111
Strep_C19256	1	11.11111111111111
Strep_C19255	1	11.11111111111111
Strep_C19273	1	11.11111111111111
Strep_C19274	1	11.11111111111111
Strep_C1927	1	11.11111111111111
Strep_C19283	1	11.11111111111111
Strep_C19305	1	11.11111111111111
Strep_C19304	1	11.11111111111111
Strep_C19303	1	11.11111111111111
Strep_C19302	1	11.11111111111111
Strep_C19301	1	11.11111111111111
Strep_C19300	1	11.11111111111111
Strep_C1929	1	11.11111111111111
Strep_C19299	1	11.11111111111111
Strep_C19295	1	11.11111111111111
Strep_C19294	1	11.11111111111111
Strep_C19293	1	11.11111111111111
Strep_C19291	1	11.11111111111111
Strep_C19290	1	11.11111111111111
Strep_C19288	1	11.11111111111111
Strep_C19287	1	11.11111111111111
Strep_C19286	1	11.11111111111111
Strep_C19284	1	11.11111111111111
Strep_C19387	1	11.11111111111111
Strep_C19389	1	11.11111111111111
Strep_C1938	1	11.11111111111111
Strep_C19470	1	11.11111111111111
Strep_C19490	1	11.11111111111111
Strep_C1948	1	11.11111111111111
Strep_C19486	1	11.11111111111111
Strep_C19481	1	11.11111111111111
Strep_C19480	1	11.11111111111111
Strep_C1947	1	11.11111111111111
Strep_C19479	1	11.11111111111111
Strep_C19471	1	11.11111111111111
Strep_C19469	1	11.11111111111111
Strep_C19459	1	11.11111111111111
Strep_C19468	1	11.11111111111111
Strep_C19467	1	11.11111111111111
Strep_C19466	1	11.11111111111111
Strep_C19465	1	11.11111111111111
Strep_C19464	1	11.11111111111111
Strep_C19463	1	11.11111111111111
Strep_C19462	1	11.11111111111111
Strep_C19461	1	11.11111111111111
Strep_C19491	1	11.11111111111111
Strep_C19492	1	11.11111111111111
Strep_C19493	1	11.11111111111111
Strep_C19494	1	11.11111111111111
Strep_C1951	1	11.11111111111111
Strep_C19519	1	11.11111111111111
Strep_C19512	1	11.11111111111111
Strep_C19511	1	11.11111111111111
Strep_C19510	1	11.11111111111111
Strep_C19508	1	11.11111111111111
Strep_C19507	1	11.11111111111111
Strep_C19506	1	11.11111111111111
Strep_C19505	1	11.11111111111111
Strep_C19504	1	11.11111111111111
Strep_C19500	1	11.11111111111111
Strep_C194	1	11.11111111111111
Strep_C19499	1	11.11111111111111
Strep_C19498	1	11.11111111111111
Strep_C19497	1	11.11111111111111
Strep_C19496	1	11.11111111111111
Strep_C19495	1	11.11111111111111
Strep_C19460	1	11.11111111111111
Strep_C19458	1	11.11111111111111
Strep_C19390	1	11.11111111111111
Strep_C193	1	11.11111111111111
Strep_C1941	1	11.11111111111111
Strep_C19419	1	11.11111111111111
Strep_C19418	1	11.11111111111111
Strep_C19417	1	11.11111111111111
Strep_C19415	1	11.11111111111111
Strep_C19413	1	11.11111111111111
Strep_C19407	1	11.11111111111111
Strep_C19404	1	11.11111111111111
Strep_C1939	1	11.11111111111111
Strep_C19457	1	11.11111111111111
Strep_C19399	1	11.11111111111111
Strep_C19398	1	11.11111111111111
Strep_C19397	1	11.11111111111111
Strep_C19396	1	11.11111111111111
Strep_C19395	1	11.11111111111111
Strep_C19393	1	11.11111111111111
Strep_C19392	1	11.11111111111111
Strep_C19391	1	11.11111111111111
Strep_C19420	1	11.11111111111111
Strep_C19421	1	11.11111111111111
Strep_C19423	1	11.11111111111111
Strep_C19424	1	11.11111111111111
Strep_C19455	1	11.11111111111111
Strep_C19454	1	11.11111111111111
Strep_C19453	1	11.11111111111111
Strep_C19451	1	11.11111111111111
Strep_C1944	1	11.11111111111111
Strep_C19448	1	11.11111111111111
Strep_C19444	1	11.11111111111111
Strep_C19435	1	11.11111111111111
Strep_C19434	1	11.11111111111111
Strep_C19433	1	11.11111111111111
Strep_C19432	1	11.11111111111111
Strep_C19431	1	11.11111111111111
Strep_C19430	1	11.11111111111111
Strep_C19429	1	11.11111111111111
Strep_C19428	1	11.11111111111111
Strep_C19427	1	11.11111111111111
Strep_C19426	1	11.11111111111111
Strep_C19254	1	11.11111111111111
Strep_C19250	1	11.11111111111111
Strep_C18990	1	11.11111111111111
Strep_C19067	1	11.11111111111111
Strep_C19078	1	11.11111111111111
Strep_C19077	1	11.11111111111111
Strep_C19076	1	11.11111111111111
Strep_C19074	1	11.11111111111111
Strep_C19073	1	11.11111111111111
Strep_C19072	1	11.11111111111111
Strep_C19070	1	11.11111111111111
Strep_C19069	1	11.11111111111111
Strep_C19064	1	11.11111111111111
Strep_C19083	1	11.11111111111111
Strep_C19063	1	11.11111111111111
Strep_C19062	1	11.11111111111111
Strep_C19061	1	11.11111111111111
Strep_C19060	1	11.11111111111111
Strep_C1905	1	11.11111111111111
Strep_C19059	1	11.11111111111111
Strep_C19058	1	11.11111111111111
Strep_C19057	1	11.11111111111111
Strep_C19082	1	11.11111111111111
Strep_C19084	1	11.11111111111111
Strep_C19248	1	11.11111111111111
Strep_C19102	1	11.11111111111111
Strep_C19112	1	11.11111111111111
Strep_C19111	1	11.11111111111111
Strep_C19110	1	11.11111111111111
Strep_C19109	1	11.11111111111111
Strep_C19108	1	11.11111111111111
Strep_C19106	1	11.11111111111111
Strep_C19104	1	11.11111111111111
Strep_C19103	1	11.11111111111111
Strep_C19101	1	11.11111111111111
Strep_C19085	1	11.11111111111111
Strep_C19100	1	11.11111111111111
Strep_C1909	1	11.11111111111111
Strep_C19099	1	11.11111111111111
Strep_C19098	1	11.11111111111111
Strep_C19097	1	11.11111111111111
Strep_C19096	1	11.11111111111111
Strep_C19095	1	11.11111111111111
Strep_C19087	1	11.11111111111111
Strep_C19056	1	11.11111111111111
Strep_C19053	1	11.11111111111111
Strep_C1904	1	11.11111111111111
Strep_C19001	1	11.11111111111111
Strep_C19010	1	11.11111111111111
Strep_C19009	1	11.11111111111111
Strep_C19008	1	11.11111111111111
Strep_C19007	1	11.11111111111111
Strep_C19005	1	11.11111111111111
Strep_C19004	1	11.11111111111111
Strep_C19003	1	11.11111111111111
Strep_C19002	1	11.11111111111111
Strep_C19000	1	11.11111111111111
Strep_C19044	1	11.11111111111111
Strep_C18	1	11.11111111111111
Strep_C189	1	11.11111111111111
Strep_C18999	1	11.11111111111111
Strep_C18998	1	11.11111111111111
Strep_C18997	1	11.11111111111111
Strep_C18996	1	11.11111111111111
Strep_C18994	1	11.11111111111111
Strep_C18992	1	11.11111111111111
Strep_C19011	1	11.11111111111111
Strep_C19012	1	11.11111111111111
Strep_C19013	1	11.11111111111111
Strep_C19017	1	11.11111111111111
Strep_C19043	1	11.11111111111111
Strep_C19042	1	11.11111111111111
Strep_C19041	1	11.11111111111111
Strep_C19040	1	11.11111111111111
Strep_C1903	1	11.11111111111111
Strep_C19039	1	11.11111111111111
Strep_C19038	1	11.11111111111111
Strep_C19037	1	11.11111111111111
Strep_C19036	1	11.11111111111111
Strep_C19035	1	11.11111111111111
Strep_C19034	1	11.11111111111111
Strep_C1902	1	11.11111111111111
Strep_C19026	1	11.11111111111111
Strep_C19025	1	11.11111111111111
Strep_C19024	1	11.11111111111111
Strep_C19020	1	11.11111111111111
Strep_C1901	1	11.11111111111111
Strep_C19117	1	11.11111111111111
Strep_C19118	1	11.11111111111111
Strep_C19119	1	11.11111111111111
Strep_C1920	1	11.11111111111111
Strep_C19219	1	11.11111111111111
Strep_C19218	1	11.11111111111111
Strep_C19216	1	11.11111111111111
Strep_C19215	1	11.11111111111111
Strep_C19214	1	11.11111111111111
Strep_C19212	1	11.11111111111111
Strep_C19211	1	11.11111111111111
Strep_C19210	1	11.11111111111111
Strep_C19209	1	11.11111111111111
Strep_C19189	1	11.11111111111111
Strep_C191	1	11.11111111111111
Strep_C1919	1	11.11111111111111
Strep_C19199	1	11.11111111111111
Strep_C19198	1	11.11111111111111
Strep_C19197	1	11.11111111111111
Strep_C19195	1	11.11111111111111
Strep_C19194	1	11.11111111111111
Strep_C19193	1	11.11111111111111
Strep_C19222	1	11.11111111111111
Strep_C19224	1	11.11111111111111
Strep_C19225	1	11.11111111111111
Strep_C19227	1	11.11111111111111
Strep_C19247	1	11.11111111111111
Strep_C19246	1	11.11111111111111
Strep_C19244	1	11.11111111111111
Strep_C19243	1	11.11111111111111
Strep_C19241	1	11.11111111111111
Strep_C19240	1	11.11111111111111
Strep_C19239	1	11.11111111111111
Strep_C19237	1	11.11111111111111
Strep_C19236	1	11.11111111111111
Strep_C19235	1	11.11111111111111
Strep_C19234	1	11.11111111111111
Strep_C19233	1	11.11111111111111
Strep_C19232	1	11.11111111111111
Strep_C19231	1	11.11111111111111
Strep_C19230	1	11.11111111111111
Strep_C19229	1	11.11111111111111
Strep_C19228	1	11.11111111111111
Strep_C19192	1	11.11111111111111
Strep_C19188	1	11.11111111111111
Strep_C19120	1	11.11111111111111
Strep_C19139	1	11.11111111111111
Strep_C19151	1	11.11111111111111
Strep_C19149	1	11.11111111111111
Strep_C19148	1	11.11111111111111
Strep_C19147	1	11.11111111111111
Strep_C19146	1	11.11111111111111
Strep_C19145	1	11.11111111111111
Strep_C19143	1	11.11111111111111
Strep_C19141	1	11.11111111111111
Strep_C19138	1	11.11111111111111
Strep_C19187	1	11.11111111111111
Strep_C19134	1	11.11111111111111
Strep_C19132	1	11.11111111111111
Strep_C19131	1	11.11111111111111
Strep_C19129	1	11.11111111111111
Strep_C19128	1	11.11111111111111
Strep_C19127	1	11.11111111111111
Strep_C19125	1	11.11111111111111
Strep_C19122	1	11.11111111111111
Strep_C19153	1	11.11111111111111
Strep_C19156	1	11.11111111111111
Strep_C19157	1	11.11111111111111
Strep_C19158	1	11.11111111111111
Strep_C19186	1	11.11111111111111
Strep_C19184	1	11.11111111111111
Strep_C19182	1	11.11111111111111
Strep_C19181	1	11.11111111111111
Strep_C19180	1	11.11111111111111
Strep_C1917	1	11.11111111111111
Strep_C19177	1	11.11111111111111
Strep_C19176	1	11.11111111111111
Strep_C19172	1	11.11111111111111
Strep_C19171	1	11.11111111111111
Strep_C19170	1	11.11111111111111
Strep_C1916	1	11.11111111111111
Strep_C19169	1	11.11111111111111
Strep_C19168	1	11.11111111111111
Strep_C19162	1	11.11111111111111
Strep_C1915	1	11.11111111111111
Strep_C19159	1	11.11111111111111
Strep_C18476	1	11.11111111111111
Strep_C18472	1	11.11111111111111
Strep_C18471	1	11.11111111111111
Strep_C1771	1	11.11111111111111
Strep_C17731	1	11.11111111111111
Strep_C17730	1	11.11111111111111
Strep_C1772	1	11.11111111111111
Strep_C17728	1	11.11111111111111
Strep_C17727	1	11.11111111111111
Strep_C17726	1	11.11111111111111
Strep_C17721	1	11.11111111111111
Strep_C17720	1	11.11111111111111
Strep_C17719	1	11.11111111111111
Strep_C17741	1	11.11111111111111
Strep_C17717	1	11.11111111111111
Strep_C17713	1	11.11111111111111
Strep_C1770	1	11.11111111111111
Strep_C17709	1	11.11111111111111
Strep_C17706	1	11.11111111111111
Strep_C17704	1	11.11111111111111
Strep_C17703	1	11.11111111111111
Strep_C17702	1	11.11111111111111
Strep_C17740	1	11.11111111111111
Strep_C17743	1	11.11111111111111
Strep_C17627	1	11.11111111111111
Strep_C17764	1	11.11111111111111
Strep_C17778	1	11.11111111111111
Strep_C17774	1	11.11111111111111
Strep_C17773	1	11.11111111111111
Strep_C17771	1	11.11111111111111
Strep_C17770	1	11.11111111111111
Strep_C1776	1	11.11111111111111
Strep_C17768	1	11.11111111111111
Strep_C17765	1	11.11111111111111
Strep_C17753	1	11.11111111111111
Strep_C17744	1	11.11111111111111
Strep_C17752	1	11.11111111111111
Strep_C17750	1	11.11111111111111
Strep_C1774	1	11.11111111111111
Strep_C17749	1	11.11111111111111
Strep_C17748	1	11.11111111111111
Strep_C17747	1	11.11111111111111
Strep_C17746	1	11.11111111111111
Strep_C17745	1	11.11111111111111
Strep_C17701	1	11.11111111111111
Strep_C17700	1	11.11111111111111
Strep_C176	1	11.11111111111111
Strep_C17640	1	11.11111111111111
Strep_C17657	1	11.11111111111111
Strep_C17655	1	11.11111111111111
Strep_C17650	1	11.11111111111111
Strep_C17649	1	11.11111111111111
Strep_C17646	1	11.11111111111111
Strep_C17645	1	11.11111111111111
Strep_C17644	1	11.11111111111111
Strep_C17643	1	11.11111111111111
Strep_C1763	1	11.11111111111111
Strep_C1769	1	11.11111111111111
Strep_C17639	1	11.11111111111111
Strep_C17638	1	11.11111111111111
Strep_C17637	1	11.11111111111111
Strep_C17636	1	11.11111111111111
Strep_C17631	1	11.11111111111111
Strep_C17630	1	11.11111111111111
Strep_C1762	1	11.11111111111111
Strep_C17629	1	11.11111111111111
Strep_C17658	1	11.11111111111111
Strep_C1765	1	11.11111111111111
Strep_C17660	1	11.11111111111111
Strep_C17661	1	11.11111111111111
Strep_C17699	1	11.11111111111111
Strep_C17697	1	11.11111111111111
Strep_C17695	1	11.11111111111111
Strep_C17691	1	11.11111111111111
Strep_C17684	1	11.11111111111111
Strep_C17682	1	11.11111111111111
Strep_C1767	1	11.11111111111111
Strep_C17673	1	11.11111111111111
Strep_C17672	1	11.11111111111111
Strep_C17670	1	11.11111111111111
Strep_C1766	1	11.11111111111111
Strep_C17669	1	11.11111111111111
Strep_C17668	1	11.11111111111111
Strep_C17667	1	11.11111111111111
Strep_C17666	1	11.11111111111111
Strep_C17664	1	11.11111111111111
Strep_C17663	1	11.11111111111111
Strep_C17779	1	11.11111111111111
Strep_C17780	1	11.11111111111111
Strep_C17781	1	11.11111111111111
Strep_C17873	1	11.11111111111111
Strep_C17882	1	11.11111111111111
Strep_C17881	1	11.11111111111111
Strep_C17879	1	11.11111111111111
Strep_C17878	1	11.11111111111111
Strep_C17877	1	11.11111111111111
Strep_C17876	1	11.11111111111111
Strep_C17875	1	11.11111111111111
Strep_C17874	1	11.11111111111111
Strep_C17872	1	11.11111111111111
Strep_C17858	1	11.11111111111111
Strep_C17870	1	11.11111111111111
Strep_C17869	1	11.11111111111111
Strep_C17865	1	11.11111111111111
Strep_C17864	1	11.11111111111111
Strep_C17863	1	11.11111111111111
Strep_C17862	1	11.11111111111111
Strep_C17861	1	11.11111111111111
Strep_C17860	1	11.11111111111111
Strep_C17883	1	11.11111111111111
Strep_C17884	1	11.11111111111111
Strep_C17885	1	11.11111111111111
Strep_C17886	1	11.11111111111111
Strep_C17923	1	11.11111111111111
Strep_C17922	1	11.11111111111111
Strep_C17917	1	11.11111111111111
Strep_C17916	1	11.11111111111111
Strep_C17914	1	11.11111111111111
Strep_C17912	1	11.11111111111111
Strep_C17911	1	11.11111111111111
Strep_C17908	1	11.11111111111111
Strep_C17902	1	11.11111111111111
Strep_C17896	1	11.11111111111111
Strep_C17894	1	11.11111111111111
Strep_C17892	1	11.11111111111111
Strep_C17891	1	11.11111111111111
Strep_C17890	1	11.11111111111111
Strep_C1788	1	11.11111111111111
Strep_C17889	1	11.11111111111111
Strep_C17888	1	11.11111111111111
Strep_C17859	1	11.11111111111111
Strep_C17857	1	11.11111111111111
Strep_C17782	1	11.11111111111111
Strep_C17797	1	11.11111111111111
Strep_C17809	1	11.11111111111111
Strep_C17807	1	11.11111111111111
Strep_C17805	1	11.11111111111111
Strep_C17802	1	11.11111111111111
Strep_C17801	1	11.11111111111111
Strep_C17800	1	11.11111111111111
Strep_C177	1	11.11111111111111
Strep_C17798	1	11.11111111111111
Strep_C17796	1	11.11111111111111
Strep_C17855	1	11.11111111111111
Strep_C17794	1	11.11111111111111
Strep_C17793	1	11.11111111111111
Strep_C17791	1	11.11111111111111
Strep_C17790	1	11.11111111111111
Strep_C1778	1	11.11111111111111
Strep_C17786	1	11.11111111111111
Strep_C17785	1	11.11111111111111
Strep_C17783	1	11.11111111111111
Strep_C17810	1	11.11111111111111
Strep_C17812	1	11.11111111111111
Strep_C17813	1	11.11111111111111
Strep_C17816	1	11.11111111111111
Strep_C17853	1	11.11111111111111
Strep_C1784	1	11.11111111111111
Strep_C17849	1	11.11111111111111
Strep_C1783	1	11.11111111111111
Strep_C17839	1	11.11111111111111
Strep_C17838	1	11.11111111111111
Strep_C17836	1	11.11111111111111
Strep_C17835	1	11.11111111111111
Strep_C17833	1	11.11111111111111
Strep_C17830	1	11.11111111111111
Strep_C17829	1	11.11111111111111
Strep_C17827	1	11.11111111111111
Strep_C17825	1	11.11111111111111
Strep_C17823	1	11.11111111111111
Strep_C1781	1	11.11111111111111
Strep_C17818	1	11.11111111111111
Strep_C17817	1	11.11111111111111
Strep_C17628	1	11.11111111111111
Strep_C17626	1	11.11111111111111
Strep_C1846	1	11.11111111111111
Strep_C17430	1	11.11111111111111
Strep_C17444	1	11.11111111111111
Strep_C17443	1	11.11111111111111
Strep_C17441	1	11.11111111111111
Strep_C17438	1	11.11111111111111
Strep_C17437	1	11.11111111111111
Strep_C17436	1	11.11111111111111
Strep_C17432	1	11.11111111111111
Strep_C17431	1	11.11111111111111
Strep_C17427	1	11.11111111111111
Strep_C17446	1	11.11111111111111
Strep_C17426	1	11.11111111111111
Strep_C17425	1	11.11111111111111
Strep_C17424	1	11.11111111111111
Strep_C17423	1	11.11111111111111
Strep_C17422	1	11.11111111111111
Strep_C17421	1	11.11111111111111
Strep_C17419	1	11.11111111111111
Strep_C17408	1	11.11111111111111
Strep_C17445	1	11.11111111111111
Strep_C17448	1	11.11111111111111
Strep_C17625	1	11.11111111111111
Strep_C17467	1	11.11111111111111
Strep_C17476	1	11.11111111111111
Strep_C17475	1	11.11111111111111
Strep_C17473	1	11.11111111111111
Strep_C17472	1	11.11111111111111
Strep_C17471	1	11.11111111111111
Strep_C17470	1	11.11111111111111
Strep_C1746	1	11.11111111111111
Strep_C17468	1	11.11111111111111
Strep_C17464	1	11.11111111111111
Strep_C17449	1	11.11111111111111
Strep_C17461	1	11.11111111111111
Strep_C1745	1	11.11111111111111
Strep_C17459	1	11.11111111111111
Strep_C17458	1	11.11111111111111
Strep_C17454	1	11.11111111111111
Strep_C17452	1	11.11111111111111
Strep_C17451	1	11.11111111111111
Strep_C17450	1	11.11111111111111
Strep_C17407	1	11.11111111111111
Strep_C17406	1	11.11111111111111
Strep_C17405	1	11.11111111111111
Strep_C17365	1	11.11111111111111
Strep_C17373	1	11.11111111111111
Strep_C17372	1	11.11111111111111
Strep_C17371	1	11.11111111111111
Strep_C17370	1	11.11111111111111
Strep_C17369	1	11.11111111111111
Strep_C17368	1	11.11111111111111
Strep_C17367	1	11.11111111111111
Strep_C17366	1	11.11111111111111
Strep_C17361	1	11.11111111111111
Strep_C17403	1	11.11111111111111
Strep_C1735	1	11.11111111111111
Strep_C17356	1	11.11111111111111
Strep_C17349	1	11.11111111111111
Strep_C17348	1	11.11111111111111
Strep_C17347	1	11.11111111111111
Strep_C17346	1	11.11111111111111
Strep_C17345	1	11.11111111111111
Strep_C17344	1	11.11111111111111
Strep_C17374	1	11.11111111111111
Strep_C17375	1	11.11111111111111
Strep_C17376	1	11.11111111111111
Strep_C17379	1	11.11111111111111
Strep_C173	1	11.11111111111111
Strep_C1739	1	11.11111111111111
Strep_C17398	1	11.11111111111111
Strep_C17397	1	11.11111111111111
Strep_C17394	1	11.11111111111111
Strep_C17393	1	11.11111111111111
Strep_C17392	1	11.11111111111111
Strep_C17391	1	11.11111111111111
Strep_C17390	1	11.11111111111111
Strep_C1738	1	11.11111111111111
Strep_C17389	1	11.11111111111111
Strep_C17388	1	11.11111111111111
Strep_C17387	1	11.11111111111111
Strep_C17382	1	11.11111111111111
Strep_C17381	1	11.11111111111111
Strep_C17380	1	11.11111111111111
Strep_C1737	1	11.11111111111111
Strep_C17477	1	11.11111111111111
Strep_C17478	1	11.11111111111111
Strep_C1747	1	11.11111111111111
Strep_C17568	1	11.11111111111111
Strep_C17589	1	11.11111111111111
Strep_C17585	1	11.11111111111111
Strep_C17580	1	11.11111111111111
Strep_C17574	1	11.11111111111111
Strep_C17573	1	11.11111111111111
Strep_C17572	1	11.11111111111111
Strep_C17570	1	11.11111111111111
Strep_C17569	1	11.11111111111111
Strep_C17567	1	11.11111111111111
Strep_C17554	1	11.11111111111111
Strep_C17566	1	11.11111111111111
Strep_C17565	1	11.11111111111111
Strep_C17564	1	11.11111111111111
Strep_C17563	1	11.11111111111111
Strep_C17560	1	11.11111111111111
Strep_C1755	1	11.11111111111111
Strep_C17559	1	11.11111111111111
Strep_C17557	1	11.11111111111111
Strep_C1758	1	11.11111111111111
Strep_C17594	1	11.11111111111111
Strep_C17595	1	11.11111111111111
Strep_C17599	1	11.11111111111111
Strep_C17624	1	11.11111111111111
Strep_C17622	1	11.11111111111111
Strep_C1761	1	11.11111111111111
Strep_C17617	1	11.11111111111111
Strep_C17613	1	11.11111111111111
Strep_C17612	1	11.11111111111111
Strep_C17610	1	11.11111111111111
Strep_C1760	1	11.11111111111111
Strep_C17609	1	11.11111111111111
Strep_C17608	1	11.11111111111111
Strep_C17607	1	11.11111111111111
Strep_C17606	1	11.11111111111111
Strep_C17605	1	11.11111111111111
Strep_C17604	1	11.11111111111111
Strep_C17603	1	11.11111111111111
Strep_C17602	1	11.11111111111111
Strep_C17600	1	11.11111111111111
Strep_C17556	1	11.11111111111111
Strep_C1754	1	11.11111111111111
Strep_C17480	1	11.11111111111111
Strep_C1749	1	11.11111111111111
Strep_C17509	1	11.11111111111111
Strep_C17507	1	11.11111111111111
Strep_C17506	1	11.11111111111111
Strep_C17505	1	11.11111111111111
Strep_C17504	1	11.11111111111111
Strep_C17503	1	11.11111111111111
Strep_C17501	1	11.11111111111111
Strep_C174	1	11.11111111111111
Strep_C17497	1	11.11111111111111
Strep_C17549	1	11.11111111111111
Strep_C17496	1	11.11111111111111
Strep_C17495	1	11.11111111111111
Strep_C17491	1	11.11111111111111
Strep_C17490	1	11.11111111111111
Strep_C1748	1	11.11111111111111
Strep_C17489	1	11.11111111111111
Strep_C17488	1	11.11111111111111
Strep_C17487	1	11.11111111111111
Strep_C1750	1	11.11111111111111
Strep_C17510	1	11.11111111111111
Strep_C17511	1	11.11111111111111
Strep_C17514	1	11.11111111111111
Strep_C17548	1	11.11111111111111
Strep_C17536	1	11.11111111111111
Strep_C17535	1	11.11111111111111
Strep_C17534	1	11.11111111111111
Strep_C17533	1	11.11111111111111
Strep_C17532	1	11.11111111111111
Strep_C17531	1	11.11111111111111
Strep_C17530	1	11.11111111111111
Strep_C17529	1	11.11111111111111
Strep_C17528	1	11.11111111111111
Strep_C17527	1	11.11111111111111
Strep_C17526	1	11.11111111111111
Strep_C17525	1	11.11111111111111
Strep_C17524	1	11.11111111111111
Strep_C17520	1	11.11111111111111
Strep_C17519	1	11.11111111111111
Strep_C17515	1	11.11111111111111
Strep_C17925	1	11.11111111111111
Strep_C17926	1	11.11111111111111
Strep_C17927	1	11.11111111111111
Strep_C18299	1	11.11111111111111
Strep_C18315	1	11.11111111111111
Strep_C18314	1	11.11111111111111
Strep_C18309	1	11.11111111111111
Strep_C18308	1	11.11111111111111
Strep_C18307	1	11.11111111111111
Strep_C18302	1	11.11111111111111
Strep_C18300	1	11.11111111111111
Strep_C1829	1	11.11111111111111
Strep_C18298	1	11.11111111111111
Strep_C18320	1	11.11111111111111
Strep_C18297	1	11.11111111111111
Strep_C18296	1	11.11111111111111
Strep_C18295	1	11.11111111111111
Strep_C18294	1	11.11111111111111
Strep_C18293	1	11.11111111111111
Strep_C18292	1	11.11111111111111
Strep_C18291	1	11.11111111111111
Strep_C1828	1	11.11111111111111
Strep_C1831	1	11.11111111111111
Strep_C18322	1	11.11111111111111
Strep_C17928	1	11.11111111111111
Strep_C18344	1	11.11111111111111
Strep_C18357	1	11.11111111111111
Strep_C18356	1	11.11111111111111
Strep_C18353	1	11.11111111111111
Strep_C18351	1	11.11111111111111
Strep_C18350	1	11.11111111111111
Strep_C18349	1	11.11111111111111
Strep_C18348	1	11.11111111111111
Strep_C18346	1	11.11111111111111
Strep_C18341	1	11.11111111111111
Strep_C18323	1	11.11111111111111
Strep_C18339	1	11.11111111111111
Strep_C18337	1	11.11111111111111
Strep_C18330	1	11.11111111111111
Strep_C1832	1	11.11111111111111
Strep_C18329	1	11.11111111111111
Strep_C18328	1	11.11111111111111
Strep_C18326	1	11.11111111111111
Strep_C18325	1	11.11111111111111
Strep_C18289	1	11.11111111111111
Strep_C18288	1	11.11111111111111
Strep_C18282	1	11.11111111111111
Strep_C18231	1	11.11111111111111
Strep_C18246	1	11.11111111111111
Strep_C18245	1	11.11111111111111
Strep_C18244	1	11.11111111111111
Strep_C18243	1	11.11111111111111
Strep_C18236	1	11.11111111111111
Strep_C18234	1	11.11111111111111
Strep_C18233	1	11.11111111111111
Strep_C18232	1	11.11111111111111
Strep_C1822	1	11.11111111111111
Strep_C18281	1	11.11111111111111
Strep_C18229	1	11.11111111111111
Strep_C18228	1	11.11111111111111
Strep_C18227	1	11.11111111111111
Strep_C18226	1	11.11111111111111
Strep_C18223	1	11.11111111111111
Strep_C18221	1	11.11111111111111
Strep_C18220	1	11.11111111111111
Strep_C18219	1	11.11111111111111
Strep_C18247	1	11.11111111111111
Strep_C18249	1	11.11111111111111
Strep_C18250	1	11.11111111111111
Strep_C18253	1	11.11111111111111
Strep_C18280	1	11.11111111111111
Strep_C1827	1	11.11111111111111
Strep_C18279	1	11.11111111111111
Strep_C18278	1	11.11111111111111
Strep_C18277	1	11.11111111111111
Strep_C18275	1	11.11111111111111
Strep_C1826	1	11.11111111111111
Strep_C18265	1	11.11111111111111
Strep_C18264	1	11.11111111111111
Strep_C18263	1	11.11111111111111
Strep_C18262	1	11.11111111111111
Strep_C18261	1	11.11111111111111
Strep_C18260	1	11.11111111111111
Strep_C18259	1	11.11111111111111
Strep_C18258	1	11.11111111111111
Strep_C18255	1	11.11111111111111
Strep_C18254	1	11.11111111111111
Strep_C18360	1	11.11111111111111
Strep_C18361	1	11.11111111111111
Strep_C18362	1	11.11111111111111
Strep_C18437	1	11.11111111111111
Strep_C18445	1	11.11111111111111
Strep_C18444	1	11.11111111111111
Strep_C18443	1	11.11111111111111
Strep_C18442	1	11.11111111111111
Strep_C18441	1	11.11111111111111
Strep_C18440	1	11.11111111111111
Strep_C18439	1	11.11111111111111
Strep_C18438	1	11.11111111111111
Strep_C18436	1	11.11111111111111
Strep_C18413	1	11.11111111111111
Strep_C18435	1	11.11111111111111
Strep_C18433	1	11.11111111111111
Strep_C18430	1	11.11111111111111
Strep_C18429	1	11.11111111111111
Strep_C18427	1	11.11111111111111
Strep_C18425	1	11.11111111111111
Strep_C18424	1	11.11111111111111
Strep_C18415	1	11.11111111111111
Strep_C18447	1	11.11111111111111
Strep_C18448	1	11.11111111111111
Strep_C18449	1	11.11111111111111
Strep_C1844	1	11.11111111111111
Strep_C18469	1	11.11111111111111
Strep_C18467	1	11.11111111111111
Strep_C18466	1	11.11111111111111
Strep_C18465	1	11.11111111111111
Strep_C18462	1	11.11111111111111
Strep_C18460	1	11.11111111111111
Strep_C1845	1	11.11111111111111
Strep_C18459	1	11.11111111111111
Strep_C18458	1	11.11111111111111
Strep_C18457	1	11.11111111111111
Strep_C18456	1	11.11111111111111
Strep_C18455	1	11.11111111111111
Strep_C18454	1	11.11111111111111
Strep_C18453	1	11.11111111111111
Strep_C18452	1	11.11111111111111
Strep_C18451	1	11.11111111111111
Strep_C18450	1	11.11111111111111
Strep_C18414	1	11.11111111111111
Strep_C18411	1	11.11111111111111
Strep_C18363	1	11.11111111111111
Strep_C18373	1	11.11111111111111
Strep_C18382	1	11.11111111111111
Strep_C18381	1	11.11111111111111
Strep_C18380	1	11.11111111111111
Strep_C1837	1	11.11111111111111
Strep_C18379	1	11.11111111111111
Strep_C18378	1	11.11111111111111
Strep_C18375	1	11.11111111111111
Strep_C18374	1	11.11111111111111
Strep_C18372	1	11.11111111111111
Strep_C18410	1	11.11111111111111
Strep_C18371	1	11.11111111111111
Strep_C18370	1	11.11111111111111
Strep_C18369	1	11.11111111111111
Strep_C18368	1	11.11111111111111
Strep_C18367	1	11.11111111111111
Strep_C18366	1	11.11111111111111
Strep_C18365	1	11.11111111111111
Strep_C18364	1	11.11111111111111
Strep_C18385	1	11.11111111111111
Strep_C18386	1	11.11111111111111
Strep_C18388	1	11.11111111111111
Strep_C1838	1	11.11111111111111
Strep_C18408	1	11.11111111111111
Strep_C18406	1	11.11111111111111
Strep_C18405	1	11.11111111111111
Strep_C18404	1	11.11111111111111
Strep_C18403	1	11.11111111111111
Strep_C18402	1	11.11111111111111
Strep_C18401	1	11.11111111111111
Strep_C183	1	11.11111111111111
Strep_C1839	1	11.11111111111111
Strep_C18399	1	11.11111111111111
Strep_C18398	1	11.11111111111111
Strep_C18397	1	11.11111111111111
Strep_C18395	1	11.11111111111111
Strep_C18394	1	11.11111111111111
Strep_C18393	1	11.11111111111111
Strep_C18392	1	11.11111111111111
Strep_C18391	1	11.11111111111111
Strep_C18218	1	11.11111111111111
Strep_C18216	1	11.11111111111111
Strep_C18214	1	11.11111111111111
Strep_C18009	1	11.11111111111111
Strep_C18016	1	11.11111111111111
Strep_C18015	1	11.11111111111111
Strep_C18014	1	11.11111111111111
Strep_C18013	1	11.11111111111111
Strep_C18012	1	11.11111111111111
Strep_C18011	1	11.11111111111111
Strep_C18010	1	11.11111111111111
Strep_C1800	1	11.11111111111111
Strep_C18008	1	11.11111111111111
Strep_C17996	1	11.11111111111111
Strep_C18006	1	11.11111111111111
Strep_C18005	1	11.11111111111111
Strep_C18003	1	11.11111111111111
Strep_C18002	1	11.11111111111111
Strep_C18001	1	11.11111111111111
Strep_C179	1	11.11111111111111
Strep_C1799	1	11.11111111111111
Strep_C17999	1	11.11111111111111
Strep_C1801	1	11.11111111111111
Strep_C18024	1	11.11111111111111
Strep_C18027	1	11.11111111111111
Strep_C18029	1	11.11111111111111
Strep_C18059	1	11.11111111111111
Strep_C18058	1	11.11111111111111
Strep_C18057	1	11.11111111111111
Strep_C18056	1	11.11111111111111
Strep_C18054	1	11.11111111111111
Strep_C18053	1	11.11111111111111
Strep_C18051	1	11.11111111111111
Strep_C18050	1	11.11111111111111
Strep_C18048	1	11.11111111111111
Strep_C18047	1	11.11111111111111
Strep_C18044	1	11.11111111111111
Strep_C18043	1	11.11111111111111
Strep_C18041	1	11.11111111111111
Strep_C18039	1	11.11111111111111
Strep_C18035	1	11.11111111111111
Strep_C18034	1	11.11111111111111
Strep_C1802	1	11.11111111111111
Strep_C17998	1	11.11111111111111
Strep_C17994	1	11.11111111111111
Strep_C18060	1	11.11111111111111
Strep_C17952	1	11.11111111111111
Strep_C17965	1	11.11111111111111
Strep_C17963	1	11.11111111111111
Strep_C17962	1	11.11111111111111
Strep_C17961	1	11.11111111111111
Strep_C17957	1	11.11111111111111
Strep_C17956	1	11.11111111111111
Strep_C17955	1	11.11111111111111
Strep_C17954	1	11.11111111111111
Strep_C17951	1	11.11111111111111
Strep_C17993	1	11.11111111111111
Strep_C17950	1	11.11111111111111
Strep_C1794	1	11.11111111111111
Strep_C17949	1	11.11111111111111
Strep_C17948	1	11.11111111111111
Strep_C17940	1	11.11111111111111
Strep_C1793	1	11.11111111111111
Strep_C1792	1	11.11111111111111
Strep_C17929	1	11.11111111111111
Strep_C17966	1	11.11111111111111
Strep_C17967	1	11.11111111111111
Strep_C17968	1	11.11111111111111
Strep_C17969	1	11.11111111111111
Strep_C17992	1	11.11111111111111
Strep_C17990	1	11.11111111111111
Strep_C17989	1	11.11111111111111
Strep_C17987	1	11.11111111111111
Strep_C17986	1	11.11111111111111
Strep_C17985	1	11.11111111111111
Strep_C17983	1	11.11111111111111
Strep_C17982	1	11.11111111111111
Strep_C17981	1	11.11111111111111
Strep_C1797	1	11.11111111111111
Strep_C17977	1	11.11111111111111
Strep_C17975	1	11.11111111111111
Strep_C17974	1	11.11111111111111
Strep_C17973	1	11.11111111111111
Strep_C17972	1	11.11111111111111
Strep_C17971	1	11.11111111111111
Strep_C17970	1	11.11111111111111
Strep_C1805	1	11.11111111111111
Strep_C18062	1	11.11111111111111
Strep_C18211	1	11.11111111111111
Strep_C18152	1	11.11111111111111
Strep_C18172	1	11.11111111111111
Strep_C18171	1	11.11111111111111
Strep_C18169	1	11.11111111111111
Strep_C18168	1	11.11111111111111
Strep_C18166	1	11.11111111111111
Strep_C18161	1	11.11111111111111
Strep_C18156	1	11.11111111111111
Strep_C18155	1	11.11111111111111
Strep_C18151	1	11.11111111111111
Strep_C18140	1	11.11111111111111
Strep_C18150	1	11.11111111111111
Strep_C1814	1	11.11111111111111
Strep_C18148	1	11.11111111111111
Strep_C18147	1	11.11111111111111
Strep_C18146	1	11.11111111111111
Strep_C18145	1	11.11111111111111
Strep_C18144	1	11.11111111111111
Strep_C18142	1	11.11111111111111
Strep_C18173	1	11.11111111111111
Strep_C18174	1	11.11111111111111
Strep_C18176	1	11.11111111111111
Strep_C18177	1	11.11111111111111
Strep_C18210	1	11.11111111111111
Strep_C18209	1	11.11111111111111
Strep_C18207	1	11.11111111111111
Strep_C18205	1	11.11111111111111
Strep_C18204	1	11.11111111111111
Strep_C181	1	11.11111111111111
Strep_C18199	1	11.11111111111111
Strep_C18193	1	11.11111111111111
Strep_C18192	1	11.11111111111111
Strep_C18191	1	11.11111111111111
Strep_C1818	1	11.11111111111111
Strep_C18188	1	11.11111111111111
Strep_C18187	1	11.11111111111111
Strep_C18186	1	11.11111111111111
Strep_C18185	1	11.11111111111111
Strep_C18181	1	11.11111111111111
Strep_C18180	1	11.11111111111111
Strep_C18141	1	11.11111111111111
Strep_C18137	1	11.11111111111111
Strep_C18063	1	11.11111111111111
Strep_C18081	1	11.11111111111111
Strep_C18096	1	11.11111111111111
Strep_C18094	1	11.11111111111111
Strep_C18093	1	11.11111111111111
Strep_C18092	1	11.11111111111111
Strep_C18091	1	11.11111111111111
Strep_C1808	1	11.11111111111111
Strep_C18088	1	11.11111111111111
Strep_C18086	1	11.11111111111111
Strep_C18077	1	11.11111111111111
Strep_C18136	1	11.11111111111111
Strep_C18072	1	11.11111111111111
Strep_C18071	1	11.11111111111111
Strep_C18070	1	11.11111111111111
Strep_C18069	1	11.11111111111111
Strep_C18068	1	11.11111111111111
Strep_C18067	1	11.11111111111111
Strep_C18065	1	11.11111111111111
Strep_C18064	1	11.11111111111111
Strep_C18097	1	11.11111111111111
Strep_C18098	1	11.11111111111111
Strep_C18099	1	11.11111111111111
Strep_C180	1	11.11111111111111
Strep_C18135	1	11.11111111111111
Strep_C18134	1	11.11111111111111
Strep_C18131	1	11.11111111111111
Strep_C18129	1	11.11111111111111
Strep_C18127	1	11.11111111111111
Strep_C18126	1	11.11111111111111
Strep_C18120	1	11.11111111111111
Strep_C18111	1	11.11111111111111
Strep_C18110	1	11.11111111111111
Strep_C18108	1	11.11111111111111
Strep_C18107	1	11.11111111111111
Strep_C18106	1	11.11111111111111
Strep_C18105	1	11.11111111111111
Strep_C18104	1	11.11111111111111
Strep_C18103	1	11.11111111111111
Strep_C18102	1	11.11111111111111
Strep_C18101	1	11.11111111111111
Strep_C14968	1	11.11111111111111
Strep_C14966	1	11.11111111111111
Strep_C14964	1	11.11111111111111
Strep_C11764	1	11.11111111111111
Strep_C11778	1	11.11111111111111
Strep_C11777	1	11.11111111111111
Strep_C11776	1	11.11111111111111
Strep_C11775	1	11.11111111111111
Strep_C11774	1	11.11111111111111
Strep_C11772	1	11.11111111111111
Strep_C11771	1	11.11111111111111
Strep_C11767	1	11.11111111111111
Strep_C11763	1	11.11111111111111
Strep_C11782	1	11.11111111111111
Strep_C11760	1	11.11111111111111
Strep_C11759	1	11.11111111111111
Strep_C11757	1	11.11111111111111
Strep_C11755	1	11.11111111111111
Strep_C11754	1	11.11111111111111
Strep_C11753	1	11.11111111111111
Strep_C11752	1	11.11111111111111
Strep_C11751	1	11.11111111111111
Strep_C11779	1	11.11111111111111
Strep_C11783	1	11.11111111111111
Strep_C11665	1	11.11111111111111
Strep_C11809	1	11.11111111111111
Strep_C1181	1	11.11111111111111
Strep_C11819	1	11.11111111111111
Strep_C11817	1	11.11111111111111
Strep_C11816	1	11.11111111111111
Strep_C11813	1	11.11111111111111
Strep_C11812	1	11.11111111111111
Strep_C11811	1	11.11111111111111
Strep_C11810	1	11.11111111111111
Strep_C11808	1	11.11111111111111
Strep_C11792	1	11.11111111111111
Strep_C11807	1	11.11111111111111
Strep_C11804	1	11.11111111111111
Strep_C11802	1	11.11111111111111
Strep_C117	1	11.11111111111111
Strep_C11798	1	11.11111111111111
Strep_C11797	1	11.11111111111111
Strep_C11796	1	11.11111111111111
Strep_C11795	1	11.11111111111111
Strep_C11750	1	11.11111111111111
Strep_C1174	1	11.11111111111111
Strep_C11748	1	11.11111111111111
Strep_C11683	1	11.11111111111111
Strep_C11700	1	11.11111111111111
Strep_C11699	1	11.11111111111111
Strep_C11697	1	11.11111111111111
Strep_C11696	1	11.11111111111111
Strep_C11695	1	11.11111111111111
Strep_C11694	1	11.11111111111111
Strep_C1168	1	11.11111111111111
Strep_C11688	1	11.11111111111111
Strep_C11682	1	11.11111111111111
Strep_C11745	1	11.11111111111111
Strep_C1167	1	11.11111111111111
Strep_C11679	1	11.11111111111111
Strep_C11675	1	11.11111111111111
Strep_C11674	1	11.11111111111111
Strep_C11673	1	11.11111111111111
Strep_C11672	1	11.11111111111111
Strep_C11671	1	11.11111111111111
Strep_C11668	1	11.11111111111111
Strep_C11701	1	11.11111111111111
Strep_C11702	1	11.11111111111111
Strep_C11703	1	11.11111111111111
Strep_C11704	1	11.11111111111111
Strep_C11744	1	11.11111111111111
Strep_C11743	1	11.11111111111111
Strep_C11742	1	11.11111111111111
Strep_C11740	1	11.11111111111111
Strep_C11738	1	11.11111111111111
Strep_C11737	1	11.11111111111111
Strep_C11732	1	11.11111111111111
Strep_C11731	1	11.11111111111111
Strep_C11729	1	11.11111111111111
Strep_C11728	1	11.11111111111111
Strep_C11723	1	11.11111111111111
Strep_C1171	1	11.11111111111111
Strep_C11717	1	11.11111111111111
Strep_C11715	1	11.11111111111111
Strep_C1170	1	11.11111111111111
Strep_C11707	1	11.11111111111111
Strep_C11706	1	11.11111111111111
Strep_C11820	1	11.11111111111111
Strep_C11828	1	11.11111111111111
Strep_C11832	1	11.11111111111111
Strep_C11934	1	11.11111111111111
Strep_C11948	1	11.11111111111111
Strep_C11940	1	11.11111111111111
Strep_C1193	1	11.11111111111111
Strep_C11939	1	11.11111111111111
Strep_C11938	1	11.11111111111111
Strep_C11937	1	11.11111111111111
Strep_C11936	1	11.11111111111111
Strep_C11935	1	11.11111111111111
Strep_C11933	1	11.11111111111111
Strep_C11915	1	11.11111111111111
Strep_C11931	1	11.11111111111111
Strep_C11930	1	11.11111111111111
Strep_C11929	1	11.11111111111111
Strep_C11926	1	11.11111111111111
Strep_C11922	1	11.11111111111111
Strep_C11921	1	11.11111111111111
Strep_C11920	1	11.11111111111111
Strep_C11918	1	11.11111111111111
Strep_C1194	1	11.11111111111111
Strep_C11952	1	11.11111111111111
Strep_C11953	1	11.11111111111111
Strep_C11955	1	11.11111111111111
Strep_C11991	1	11.11111111111111
Strep_C11990	1	11.11111111111111
Strep_C11989	1	11.11111111111111
Strep_C11988	1	11.11111111111111
Strep_C11987	1	11.11111111111111
Strep_C11986	1	11.11111111111111
Strep_C11985	1	11.11111111111111
Strep_C1197	1	11.11111111111111
Strep_C11979	1	11.11111111111111
Strep_C11976	1	11.11111111111111
Strep_C11973	1	11.11111111111111
Strep_C11969	1	11.11111111111111
Strep_C11967	1	11.11111111111111
Strep_C1195	1	11.11111111111111
Strep_C11958	1	11.11111111111111
Strep_C11957	1	11.11111111111111
Strep_C11956	1	11.11111111111111
Strep_C11916	1	11.11111111111111
Strep_C11913	1	11.11111111111111
Strep_C11833	1	11.11111111111111
Strep_C11857	1	11.11111111111111
Strep_C11868	1	11.11111111111111
Strep_C11867	1	11.11111111111111
Strep_C11866	1	11.11111111111111
Strep_C11865	1	11.11111111111111
Strep_C11864	1	11.11111111111111
Strep_C11862	1	11.11111111111111
Strep_C11859	1	11.11111111111111
Strep_C11858	1	11.11111111111111
Strep_C11852	1	11.11111111111111
Strep_C11910	1	11.11111111111111
Strep_C11847	1	11.11111111111111
Strep_C11840	1	11.11111111111111
Strep_C1183	1	11.11111111111111
Strep_C11839	1	11.11111111111111
Strep_C11838	1	11.11111111111111
Strep_C11837	1	11.11111111111111
Strep_C11836	1	11.11111111111111
Strep_C11835	1	11.11111111111111
Strep_C11869	1	11.11111111111111
Strep_C11870	1	11.11111111111111
Strep_C11871	1	11.11111111111111
Strep_C11872	1	11.11111111111111
Strep_C1190	1	11.11111111111111
Strep_C11909	1	11.11111111111111
Strep_C118	1	11.11111111111111
Strep_C1189	1	11.11111111111111
Strep_C11898	1	11.11111111111111
Strep_C11896	1	11.11111111111111
Strep_C11895	1	11.11111111111111
Strep_C11892	1	11.11111111111111
Strep_C11888	1	11.11111111111111
Strep_C11887	1	11.11111111111111
Strep_C11884	1	11.11111111111111
Strep_C11880	1	11.11111111111111
Strep_C1187	1	11.11111111111111
Strep_C11877	1	11.11111111111111
Strep_C11875	1	11.11111111111111
Strep_C11874	1	11.11111111111111
Strep_C11873	1	11.11111111111111
Strep_C11666	1	11.11111111111111
Strep_C11663	1	11.11111111111111
Strep_C11995	1	11.11111111111111
Strep_C11459	1	11.11111111111111
Strep_C11470	1	11.11111111111111
Strep_C1146	1	11.11111111111111
Strep_C11467	1	11.11111111111111
Strep_C11466	1	11.11111111111111
Strep_C11463	1	11.11111111111111
Strep_C11462	1	11.11111111111111
Strep_C11461	1	11.11111111111111
Strep_C11460	1	11.11111111111111
Strep_C11457	1	11.11111111111111
Strep_C11479	1	11.11111111111111
Strep_C11456	1	11.11111111111111
Strep_C11455	1	11.11111111111111
Strep_C11454	1	11.11111111111111
Strep_C1144	1	11.11111111111111
Strep_C11449	1	11.11111111111111
Strep_C11447	1	11.11111111111111
Strep_C11445	1	11.11111111111111
Strep_C1143	1	11.11111111111111
Strep_C11475	1	11.11111111111111
Strep_C11480	1	11.11111111111111
Strep_C11660	1	11.11111111111111
Strep_C11493	1	11.11111111111111
Strep_C11511	1	11.11111111111111
Strep_C11508	1	11.11111111111111
Strep_C11504	1	11.11111111111111
Strep_C114	1	11.11111111111111
Strep_C1149	1	11.11111111111111
Strep_C11497	1	11.11111111111111
Strep_C11495	1	11.11111111111111
Strep_C11494	1	11.11111111111111
Strep_C11491	1	11.11111111111111
Strep_C11481	1	11.11111111111111
Strep_C11490	1	11.11111111111111
Strep_C1148	1	11.11111111111111
Strep_C11489	1	11.11111111111111
Strep_C11488	1	11.11111111111111
Strep_C11487	1	11.11111111111111
Strep_C11485	1	11.11111111111111
Strep_C11484	1	11.11111111111111
Strep_C11482	1	11.11111111111111
Strep_C11439	1	11.11111111111111
Strep_C11435	1	11.11111111111111
Strep_C11420	1	11.11111111111111
Strep_C11370	1	11.11111111111111
Strep_C11385	1	11.11111111111111
Strep_C11384	1	11.11111111111111
Strep_C11383	1	11.11111111111111
Strep_C11382	1	11.11111111111111
Strep_C11381	1	11.11111111111111
Strep_C11380	1	11.11111111111111
Strep_C11374	1	11.11111111111111
Strep_C11371	1	11.11111111111111
Strep_C11368	1	11.11111111111111
Strep_C11419	1	11.11111111111111
Strep_C11360	1	11.11111111111111
Strep_C1135	1	11.11111111111111
Strep_C11359	1	11.11111111111111
Strep_C11358	1	11.11111111111111
Strep_C11355	1	11.11111111111111
Strep_C1134	1	11.11111111111111
Strep_C11348	1	11.11111111111111
Strep_C11346	1	11.11111111111111
Strep_C11386	1	11.11111111111111
Strep_C11388	1	11.11111111111111
Strep_C11389	1	11.11111111111111
Strep_C1138	1	11.11111111111111
Strep_C11416	1	11.11111111111111
Strep_C11415	1	11.11111111111111
Strep_C11414	1	11.11111111111111
Strep_C11412	1	11.11111111111111
Strep_C11411	1	11.11111111111111
Strep_C11410	1	11.11111111111111
Strep_C1140	1	11.11111111111111
Strep_C11408	1	11.11111111111111
Strep_C11407	1	11.11111111111111
Strep_C11404	1	11.11111111111111
Strep_C11402	1	11.11111111111111
Strep_C11401	1	11.11111111111111
Strep_C11399	1	11.11111111111111
Strep_C11395	1	11.11111111111111
Strep_C11392	1	11.11111111111111
Strep_C11391	1	11.11111111111111
Strep_C11390	1	11.11111111111111
Strep_C11513	1	11.11111111111111
Strep_C11514	1	11.11111111111111
Strep_C11517	1	11.11111111111111
Strep_C11602	1	11.11111111111111
Strep_C11618	1	11.11111111111111
Strep_C11617	1	11.11111111111111
Strep_C11616	1	11.11111111111111
Strep_C11609	1	11.11111111111111
Strep_C11606	1	11.11111111111111
Strep_C11605	1	11.11111111111111
Strep_C11604	1	11.11111111111111
Strep_C11603	1	11.11111111111111
Strep_C11601	1	11.11111111111111
Strep_C11592	1	11.11111111111111
Strep_C11600	1	11.11111111111111
Strep_C115	1	11.11111111111111
Strep_C11599	1	11.11111111111111
Strep_C11598	1	11.11111111111111
Strep_C11597	1	11.11111111111111
Strep_C11596	1	11.11111111111111
Strep_C11595	1	11.11111111111111
Strep_C11594	1	11.11111111111111
Strep_C11619	1	11.11111111111111
Strep_C11620	1	11.11111111111111
Strep_C11622	1	11.11111111111111
Strep_C11623	1	11.11111111111111
Strep_C1165	1	11.11111111111111
Strep_C11659	1	11.11111111111111
Strep_C11658	1	11.11111111111111
Strep_C11657	1	11.11111111111111
Strep_C11656	1	11.11111111111111
Strep_C11655	1	11.11111111111111
Strep_C11647	1	11.11111111111111
Strep_C11644	1	11.11111111111111
Strep_C11635	1	11.11111111111111
Strep_C11634	1	11.11111111111111
Strep_C11633	1	11.11111111111111
Strep_C11632	1	11.11111111111111
Strep_C11631	1	11.11111111111111
Strep_C11630	1	11.11111111111111
Strep_C11629	1	11.11111111111111
Strep_C11628	1	11.11111111111111
Strep_C11627	1	11.11111111111111
Strep_C11593	1	11.11111111111111
Strep_C11591	1	11.11111111111111
Strep_C11518	1	11.11111111111111
Strep_C11531	1	11.11111111111111
Strep_C11549	1	11.11111111111111
Strep_C1153	1	11.11111111111111
Strep_C11539	1	11.11111111111111
Strep_C11538	1	11.11111111111111
Strep_C11535	1	11.11111111111111
Strep_C11534	1	11.11111111111111
Strep_C11533	1	11.11111111111111
Strep_C11532	1	11.11111111111111
Strep_C11530	1	11.11111111111111
Strep_C11589	1	11.11111111111111
Strep_C1152	1	11.11111111111111
Strep_C11529	1	11.11111111111111
Strep_C11526	1	11.11111111111111
Strep_C11525	1	11.11111111111111
Strep_C11522	1	11.11111111111111
Strep_C11520	1	11.11111111111111
Strep_C1151	1	11.11111111111111
Strep_C11519	1	11.11111111111111
Strep_C11552	1	11.11111111111111
Strep_C11553	1	11.11111111111111
Strep_C11555	1	11.11111111111111
Strep_C11557	1	11.11111111111111
Strep_C11588	1	11.11111111111111
Strep_C11587	1	11.11111111111111
Strep_C11586	1	11.11111111111111
Strep_C11585	1	11.11111111111111
Strep_C11584	1	11.11111111111111
Strep_C11583	1	11.11111111111111
Strep_C11582	1	11.11111111111111
Strep_C1157	1	11.11111111111111
Strep_C11579	1	11.11111111111111
Strep_C11568	1	11.11111111111111
Strep_C11567	1	11.11111111111111
Strep_C11566	1	11.11111111111111
Strep_C11565	1	11.11111111111111
Strep_C11563	1	11.11111111111111
Strep_C11561	1	11.11111111111111
Strep_C11559	1	11.11111111111111
Strep_C11558	1	11.11111111111111
Strep_C11992	1	11.11111111111111
Strep_C11997	1	11.11111111111111
Strep_C12608	1	11.11111111111111
Strep_C1238	1	11.11111111111111
Strep_C12401	1	11.11111111111111
Strep_C12400	1	11.11111111111111
Strep_C1239	1	11.11111111111111
Strep_C12398	1	11.11111111111111
Strep_C12397	1	11.11111111111111
Strep_C12395	1	11.11111111111111
Strep_C12391	1	11.11111111111111
Strep_C12390	1	11.11111111111111
Strep_C12389	1	11.11111111111111
Strep_C12408	1	11.11111111111111
Strep_C12386	1	11.11111111111111
Strep_C12384	1	11.11111111111111
Strep_C12383	1	11.11111111111111
Strep_C12381	1	11.11111111111111
Strep_C1237	1	11.11111111111111
Strep_C12374	1	11.11111111111111
Strep_C12373	1	11.11111111111111
Strep_C12371	1	11.11111111111111
Strep_C12405	1	11.11111111111111
Strep_C12409	1	11.11111111111111
Strep_C12301	1	11.11111111111111
Strep_C12430	1	11.11111111111111
Strep_C12449	1	11.11111111111111
Strep_C12447	1	11.11111111111111
Strep_C12446	1	11.11111111111111
Strep_C12441	1	11.11111111111111
Strep_C12436	1	11.11111111111111
Strep_C12434	1	11.11111111111111
Strep_C12433	1	11.11111111111111
Strep_C12432	1	11.11111111111111
Strep_C1242	1	11.11111111111111
Strep_C12413	1	11.11111111111111
Strep_C12429	1	11.11111111111111
Strep_C12428	1	11.11111111111111
Strep_C12427	1	11.11111111111111
Strep_C12426	1	11.11111111111111
Strep_C12425	1	11.11111111111111
Strep_C12421	1	11.11111111111111
Strep_C12420	1	11.11111111111111
Strep_C12414	1	11.11111111111111
Strep_C1236	1	11.11111111111111
Strep_C12369	1	11.11111111111111
Strep_C12368	1	11.11111111111111
Strep_C12313	1	11.11111111111111
Strep_C12326	1	11.11111111111111
Strep_C12324	1	11.11111111111111
Strep_C12323	1	11.11111111111111
Strep_C12321	1	11.11111111111111
Strep_C12320	1	11.11111111111111
Strep_C1231	1	11.11111111111111
Strep_C12318	1	11.11111111111111
Strep_C12314	1	11.11111111111111
Strep_C12312	1	11.11111111111111
Strep_C12367	1	11.11111111111111
Strep_C12311	1	11.11111111111111
Strep_C12310	1	11.11111111111111
Strep_C12309	1	11.11111111111111
Strep_C12308	1	11.11111111111111
Strep_C12307	1	11.11111111111111
Strep_C12306	1	11.11111111111111
Strep_C12305	1	11.11111111111111
Strep_C12304	1	11.11111111111111
Strep_C12329	1	11.11111111111111
Strep_C1232	1	11.11111111111111
Strep_C12330	1	11.11111111111111
Strep_C12331	1	11.11111111111111
Strep_C12365	1	11.11111111111111
Strep_C12364	1	11.11111111111111
Strep_C12363	1	11.11111111111111
Strep_C12362	1	11.11111111111111
Strep_C12361	1	11.11111111111111
Strep_C12360	1	11.11111111111111
Strep_C1235	1	11.11111111111111
Strep_C12358	1	11.11111111111111
Strep_C12357	1	11.11111111111111
Strep_C12355	1	11.11111111111111
Strep_C12354	1	11.11111111111111
Strep_C12349	1	11.11111111111111
Strep_C12348	1	11.11111111111111
Strep_C12343	1	11.11111111111111
Strep_C12334	1	11.11111111111111
Strep_C12333	1	11.11111111111111
Strep_C12332	1	11.11111111111111
Strep_C1244	1	11.11111111111111
Strep_C12450	1	11.11111111111111
Strep_C12452	1	11.11111111111111
Strep_C1254	1	11.11111111111111
Strep_C1255	1	11.11111111111111
Strep_C12558	1	11.11111111111111
Strep_C12557	1	11.11111111111111
Strep_C12555	1	11.11111111111111
Strep_C12554	1	11.11111111111111
Strep_C12553	1	11.11111111111111
Strep_C12552	1	11.11111111111111
Strep_C12550	1	11.11111111111111
Strep_C12548	1	11.11111111111111
Strep_C12525	1	11.11111111111111
Strep_C12545	1	11.11111111111111
Strep_C12544	1	11.11111111111111
Strep_C12532	1	11.11111111111111
Strep_C12531	1	11.11111111111111
Strep_C12530	1	11.11111111111111
Strep_C12529	1	11.11111111111111
Strep_C12528	1	11.11111111111111
Strep_C12527	1	11.11111111111111
Strep_C12560	1	11.11111111111111
Strep_C12561	1	11.11111111111111
Strep_C12563	1	11.11111111111111
Strep_C12564	1	11.11111111111111
Strep_C12605	1	11.11111111111111
Strep_C125	1	11.11111111111111
Strep_C12589	1	11.11111111111111
Strep_C12588	1	11.11111111111111
Strep_C12586	1	11.11111111111111
Strep_C12584	1	11.11111111111111
Strep_C12583	1	11.11111111111111
Strep_C12582	1	11.11111111111111
Strep_C12577	1	11.11111111111111
Strep_C12576	1	11.11111111111111
Strep_C12575	1	11.11111111111111
Strep_C12572	1	11.11111111111111
Strep_C12571	1	11.11111111111111
Strep_C1256	1	11.11111111111111
Strep_C12568	1	11.11111111111111
Strep_C12566	1	11.11111111111111
Strep_C12565	1	11.11111111111111
Strep_C12526	1	11.11111111111111
Strep_C12523	1	11.11111111111111
Strep_C12457	1	11.11111111111111
Strep_C12479	1	11.11111111111111
Strep_C1248	1	11.11111111111111
Strep_C12489	1	11.11111111111111
Strep_C12487	1	11.11111111111111
Strep_C12486	1	11.11111111111111
Strep_C12485	1	11.11111111111111
Strep_C12482	1	11.11111111111111
Strep_C12480	1	11.11111111111111
Strep_C1247	1	11.11111111111111
Strep_C12478	1	11.11111111111111
Strep_C12521	1	11.11111111111111
Strep_C12474	1	11.11111111111111
Strep_C1246	1	11.11111111111111
Strep_C12463	1	11.11111111111111
Strep_C12462	1	11.11111111111111
Strep_C12461	1	11.11111111111111
Strep_C12460	1	11.11111111111111
Strep_C1245	1	11.11111111111111
Strep_C12458	1	11.11111111111111
Strep_C12491	1	11.11111111111111
Strep_C12492	1	11.11111111111111
Strep_C12493	1	11.11111111111111
Strep_C12494	1	11.11111111111111
Strep_C12520	1	11.11111111111111
Strep_C1251	1	11.11111111111111
Strep_C12519	1	11.11111111111111
Strep_C12518	1	11.11111111111111
Strep_C12516	1	11.11111111111111
Strep_C12512	1	11.11111111111111
Strep_C12511	1	11.11111111111111
Strep_C12510	1	11.11111111111111
Strep_C12508	1	11.11111111111111
Strep_C12506	1	11.11111111111111
Strep_C12504	1	11.11111111111111
Strep_C12500	1	11.11111111111111
Strep_C124	1	11.11111111111111
Strep_C1249	1	11.11111111111111
Strep_C12499	1	11.11111111111111
Strep_C12498	1	11.11111111111111
Strep_C12497	1	11.11111111111111
Strep_C12302	1	11.11111111111111
Strep_C12300	1	11.11111111111111
Strep_C11999	1	11.11111111111111
Strep_C12092	1	11.11111111111111
Strep_C12101	1	11.11111111111111
Strep_C12100	1	11.11111111111111
Strep_C120	1	11.11111111111111
Strep_C12099	1	11.11111111111111
Strep_C12098	1	11.11111111111111
Strep_C12097	1	11.11111111111111
Strep_C12095	1	11.11111111111111
Strep_C12094	1	11.11111111111111
Strep_C12091	1	11.11111111111111
Strep_C12109	1	11.11111111111111
Strep_C12090	1	11.11111111111111
Strep_C12089	1	11.11111111111111
Strep_C12088	1	11.11111111111111
Strep_C12085	1	11.11111111111111
Strep_C1207	1	11.11111111111111
Strep_C12077	1	11.11111111111111
Strep_C12074	1	11.11111111111111
Strep_C12073	1	11.11111111111111
Strep_C12102	1	11.11111111111111
Strep_C1210	1	11.11111111111111
Strep_C122	1	11.11111111111111
Strep_C12127	1	11.11111111111111
Strep_C12135	1	11.11111111111111
Strep_C12133	1	11.11111111111111
Strep_C12132	1	11.11111111111111
Strep_C12131	1	11.11111111111111
Strep_C12130	1	11.11111111111111
Strep_C1212	1	11.11111111111111
Strep_C12129	1	11.11111111111111
Strep_C12128	1	11.11111111111111
Strep_C12124	1	11.11111111111111
Strep_C12112	1	11.11111111111111
Strep_C12123	1	11.11111111111111
Strep_C12122	1	11.11111111111111
Strep_C12119	1	11.11111111111111
Strep_C12118	1	11.11111111111111
Strep_C12117	1	11.11111111111111
Strep_C12116	1	11.11111111111111
Strep_C12115	1	11.11111111111111
Strep_C12113	1	11.11111111111111
Strep_C12072	1	11.11111111111111
Strep_C12070	1	11.11111111111111
Strep_C1206	1	11.11111111111111
Strep_C1201	1	11.11111111111111
Strep_C12036	1	11.11111111111111
Strep_C12034	1	11.11111111111111
Strep_C12033	1	11.11111111111111
Strep_C12032	1	11.11111111111111
Strep_C12030	1	11.11111111111111
Strep_C1202	1	11.11111111111111
Strep_C12027	1	11.11111111111111
Strep_C12026	1	11.11111111111111
Strep_C12019	1	11.11111111111111
Strep_C12069	1	11.11111111111111
Strep_C1200	1	11.11111111111111
Strep_C12009	1	11.11111111111111
Strep_C12008	1	11.11111111111111
Strep_C12007	1	11.11111111111111
Strep_C12005	1	11.11111111111111
Strep_C11	1	11.11111111111111
Strep_C119	1	11.11111111111111
Strep_C1199	1	11.11111111111111
Strep_C12037	1	11.11111111111111
Strep_C12038	1	11.11111111111111
Strep_C12039	1	11.11111111111111
Strep_C12040	1	11.11111111111111
Strep_C12067	1	11.11111111111111
Strep_C12065	1	11.11111111111111
Strep_C12064	1	11.11111111111111
Strep_C12063	1	11.11111111111111
Strep_C12062	1	11.11111111111111
Strep_C12061	1	11.11111111111111
Strep_C12052	1	11.11111111111111
Strep_C12051	1	11.11111111111111
Strep_C12050	1	11.11111111111111
Strep_C12048	1	11.11111111111111
Strep_C12047	1	11.11111111111111
Strep_C12046	1	11.11111111111111
Strep_C12045	1	11.11111111111111
Strep_C12044	1	11.11111111111111
Strep_C12043	1	11.11111111111111
Strep_C12042	1	11.11111111111111
Strep_C12041	1	11.11111111111111
Strep_C12147	1	11.11111111111111
Strep_C1214	1	11.11111111111111
Strep_C12151	1	11.11111111111111
Strep_C12247	1	11.11111111111111
Strep_C12262	1	11.11111111111111
Strep_C12261	1	11.11111111111111
Strep_C12260	1	11.11111111111111
Strep_C12259	1	11.11111111111111
Strep_C12257	1	11.11111111111111
Strep_C12251	1	11.11111111111111
Strep_C1224	1	11.11111111111111
Strep_C12249	1	11.11111111111111
Strep_C12243	1	11.11111111111111
Strep_C12231	1	11.11111111111111
Strep_C12242	1	11.11111111111111
Strep_C1223	1	11.11111111111111
Strep_C12238	1	11.11111111111111
Strep_C12237	1	11.11111111111111
Strep_C12236	1	11.11111111111111
Strep_C12235	1	11.11111111111111
Strep_C12234	1	11.11111111111111
Strep_C12233	1	11.11111111111111
Strep_C12263	1	11.11111111111111
Strep_C12264	1	11.11111111111111
Strep_C12265	1	11.11111111111111
Strep_C12266	1	11.11111111111111
Strep_C1229	1	11.11111111111111
Strep_C12299	1	11.11111111111111
Strep_C12297	1	11.11111111111111
Strep_C12295	1	11.11111111111111
Strep_C12294	1	11.11111111111111
Strep_C12293	1	11.11111111111111
Strep_C12292	1	11.11111111111111
Strep_C1228	1	11.11111111111111
Strep_C1227	1	11.11111111111111
Strep_C12277	1	11.11111111111111
Strep_C12276	1	11.11111111111111
Strep_C12274	1	11.11111111111111
Strep_C12271	1	11.11111111111111
Strep_C1226	1	11.11111111111111
Strep_C12269	1	11.11111111111111
Strep_C12268	1	11.11111111111111
Strep_C12267	1	11.11111111111111
Strep_C12232	1	11.11111111111111
Strep_C12230	1	11.11111111111111
Strep_C12153	1	11.11111111111111
Strep_C12167	1	11.11111111111111
Strep_C12182	1	11.11111111111111
Strep_C12178	1	11.11111111111111
Strep_C12175	1	11.11111111111111
Strep_C12172	1	11.11111111111111
Strep_C12170	1	11.11111111111111
Strep_C1216	1	11.11111111111111
Strep_C12169	1	11.11111111111111
Strep_C12168	1	11.11111111111111
Strep_C12166	1	11.11111111111111
Strep_C12228	1	11.11111111111111
Strep_C12165	1	11.11111111111111
Strep_C12163	1	11.11111111111111
Strep_C12162	1	11.11111111111111
Strep_C1215	1	11.11111111111111
Strep_C12159	1	11.11111111111111
Strep_C12158	1	11.11111111111111
Strep_C12155	1	11.11111111111111
Strep_C12154	1	11.11111111111111
Strep_C12188	1	11.11111111111111
Strep_C12189	1	11.11111111111111
Strep_C1218	1	11.11111111111111
Strep_C12195	1	11.11111111111111
Strep_C12227	1	11.11111111111111
Strep_C12224	1	11.11111111111111
Strep_C12223	1	11.11111111111111
Strep_C12221	1	11.11111111111111
Strep_C12220	1	11.11111111111111
Strep_C1221	1	11.11111111111111
Strep_C12219	1	11.11111111111111
Strep_C12218	1	11.11111111111111
Strep_C12216	1	11.11111111111111
Strep_C12212	1	11.11111111111111
Strep_C1220	1	11.11111111111111
Strep_C12200	1	11.11111111111111
Strep_C121	1	11.11111111111111
Strep_C1219	1	11.11111111111111
Strep_C12198	1	11.11111111111111
Strep_C12197	1	11.11111111111111
Strep_C12196	1	11.11111111111111
Strep_C11344	1	11.11111111111111
Strep_C11339	1	11.11111111111111
Strep_C11338	1	11.11111111111111
Strep_C10495	1	11.11111111111111
Strep_C10512	1	11.11111111111111
Strep_C10510	1	11.11111111111111
Strep_C10509	1	11.11111111111111
Strep_C10507	1	11.11111111111111
Strep_C10506	1	11.11111111111111
Strep_C10502	1	11.11111111111111
Strep_C104	1	11.11111111111111
Strep_C10498	1	11.11111111111111
Strep_C10493	1	11.11111111111111
Strep_C10514	1	11.11111111111111
Strep_C1048	1	11.11111111111111
Strep_C10488	1	11.11111111111111
Strep_C10486	1	11.11111111111111
Strep_C10484	1	11.11111111111111
Strep_C10481	1	11.11111111111111
Strep_C10480	1	11.11111111111111
Strep_C1047	1	11.11111111111111
Strep_C10479	1	11.11111111111111
Strep_C10513	1	11.11111111111111
Strep_C10515	1	11.11111111111111
Strep_C1037	1	11.11111111111111
Strep_C10528	1	11.11111111111111
Strep_C10536	1	11.11111111111111
Strep_C10535	1	11.11111111111111
Strep_C10533	1	11.11111111111111
Strep_C10532	1	11.11111111111111
Strep_C10531	1	11.11111111111111
Strep_C10530	1	11.11111111111111
Strep_C1052	1	11.11111111111111
Strep_C10529	1	11.11111111111111
Strep_C10527	1	11.11111111111111
Strep_C10517	1	11.11111111111111
Strep_C10526	1	11.11111111111111
Strep_C10524	1	11.11111111111111
Strep_C10523	1	11.11111111111111
Strep_C10522	1	11.11111111111111
Strep_C10521	1	11.11111111111111
Strep_C1051	1	11.11111111111111
Strep_C10519	1	11.11111111111111
Strep_C10518	1	11.11111111111111
Strep_C10474	1	11.11111111111111
Strep_C10471	1	11.11111111111111
Strep_C10469	1	11.11111111111111
Strep_C10406	1	11.11111111111111
Strep_C10416	1	11.11111111111111
Strep_C10415	1	11.11111111111111
Strep_C10413	1	11.11111111111111
Strep_C10410	1	11.11111111111111
Strep_C1040	1	11.11111111111111
Strep_C10409	1	11.11111111111111
Strep_C10408	1	11.11111111111111
Strep_C10407	1	11.11111111111111
Strep_C10403	1	11.11111111111111
Strep_C10467	1	11.11111111111111
Strep_C10402	1	11.11111111111111
Strep_C1039	1	11.11111111111111
Strep_C10399	1	11.11111111111111
Strep_C10397	1	11.11111111111111
Strep_C10388	1	11.11111111111111
Strep_C10387	1	11.11111111111111
Strep_C10386	1	11.11111111111111
Strep_C10384	1	11.11111111111111
Strep_C10417	1	11.11111111111111
Strep_C10420	1	11.11111111111111
Strep_C10424	1	11.11111111111111
Strep_C10429	1	11.11111111111111
Strep_C10465	1	11.11111111111111
Strep_C10463	1	11.11111111111111
Strep_C10462	1	11.11111111111111
Strep_C10460	1	11.11111111111111
Strep_C1045	1	11.11111111111111
Strep_C10458	1	11.11111111111111
Strep_C10454	1	11.11111111111111
Strep_C10452	1	11.11111111111111
Strep_C10451	1	11.11111111111111
Strep_C10450	1	11.11111111111111
Strep_C10449	1	11.11111111111111
Strep_C10445	1	11.11111111111111
Strep_C10441	1	11.11111111111111
Strep_C10438	1	11.11111111111111
Strep_C10432	1	11.11111111111111
Strep_C10431	1	11.11111111111111
Strep_C10430	1	11.11111111111111
Strep_C10539	1	11.11111111111111
Strep_C1053	1	11.11111111111111
Strep_C10540	1	11.11111111111111
Strep_C10632	1	11.11111111111111
Strep_C10645	1	11.11111111111111
Strep_C10644	1	11.11111111111111
Strep_C10642	1	11.11111111111111
Strep_C10640	1	11.11111111111111
Strep_C1063	1	11.11111111111111
Strep_C10638	1	11.11111111111111
Strep_C10636	1	11.11111111111111
Strep_C10634	1	11.11111111111111
Strep_C10630	1	11.11111111111111
Strep_C10615	1	11.11111111111111
Strep_C1062	1	11.11111111111111
Strep_C10628	1	11.11111111111111
Strep_C10627	1	11.11111111111111
Strep_C10626	1	11.11111111111111
Strep_C10622	1	11.11111111111111
Strep_C10621	1	11.11111111111111
Strep_C1061	1	11.11111111111111
Strep_C10619	1	11.11111111111111
Strep_C10646	1	11.11111111111111
Strep_C10647	1	11.11111111111111
Strep_C10649	1	11.11111111111111
Strep_C10650	1	11.11111111111111
Strep_C10690	1	11.11111111111111
Strep_C10688	1	11.11111111111111
Strep_C10680	1	11.11111111111111
Strep_C10679	1	11.11111111111111
Strep_C10678	1	11.11111111111111
Strep_C10676	1	11.11111111111111
Strep_C10674	1	11.11111111111111
Strep_C10672	1	11.11111111111111
Strep_C10671	1	11.11111111111111
Strep_C10670	1	11.11111111111111
Strep_C10669	1	11.11111111111111
Strep_C10667	1	11.11111111111111
Strep_C10666	1	11.11111111111111
Strep_C10665	1	11.11111111111111
Strep_C10664	1	11.11111111111111
Strep_C10653	1	11.11111111111111
Strep_C10651	1	11.11111111111111
Strep_C10617	1	11.11111111111111
Strep_C10604	1	11.11111111111111
Strep_C10541	1	11.11111111111111
Strep_C1055	1	11.11111111111111
Strep_C10570	1	11.11111111111111
Strep_C1056	1	11.11111111111111
Strep_C10568	1	11.11111111111111
Strep_C10567	1	11.11111111111111
Strep_C10566	1	11.11111111111111
Strep_C10565	1	11.11111111111111
Strep_C10564	1	11.11111111111111
Strep_C10560	1	11.11111111111111
Strep_C10554	1	11.11111111111111
Strep_C10603	1	11.11111111111111
Strep_C10553	1	11.11111111111111
Strep_C10551	1	11.11111111111111
Strep_C10548	1	11.11111111111111
Strep_C10547	1	11.11111111111111
Strep_C10546	1	11.11111111111111
Strep_C10545	1	11.11111111111111
Strep_C10544	1	11.11111111111111
Strep_C10542	1	11.11111111111111
Strep_C10572	1	11.11111111111111
Strep_C10573	1	11.11111111111111
Strep_C10574	1	11.11111111111111
Strep_C10575	1	11.11111111111111
Strep_C10600	1	11.11111111111111
Strep_C1059	1	11.11111111111111
Strep_C10599	1	11.11111111111111
Strep_C10598	1	11.11111111111111
Strep_C10596	1	11.11111111111111
Strep_C10595	1	11.11111111111111
Strep_C10594	1	11.11111111111111
Strep_C10592	1	11.11111111111111
Strep_C1058	1	11.11111111111111
Strep_C10585	1	11.11111111111111
Strep_C10584	1	11.11111111111111
Strep_C10583	1	11.11111111111111
Strep_C1057	1	11.11111111111111
Strep_C10579	1	11.11111111111111
Strep_C10578	1	11.11111111111111
Strep_C10577	1	11.11111111111111
Strep_C10576	1	11.11111111111111
Strep_C10381	1	11.11111111111111
Strep_C10378	1	11.11111111111111
Strep_C11335	1	11.11111111111111
Strep_C10139	1	11.11111111111111
Strep_C10157	1	11.11111111111111
Strep_C10156	1	11.11111111111111
Strep_C10155	1	11.11111111111111
Strep_C10146	1	11.11111111111111
Strep_C10144	1	11.11111111111111
Strep_C10142	1	11.11111111111111
Strep_C10141	1	11.11111111111111
Strep_C10140	1	11.11111111111111
Strep_C10138	1	11.11111111111111
Strep_C1015	1	11.11111111111111
Strep_C10134	1	11.11111111111111
Strep_C10133	1	11.11111111111111
Strep_C10132	1	11.11111111111111
Strep_C10130	1	11.11111111111111
Strep_C10128	1	11.11111111111111
Strep_C10122	1	11.11111111111111
Strep_C10120	1	11.11111111111111
Strep_C1011	1	11.11111111111111
Strep_C10158	1	11.11111111111111
Strep_C10161	1	11.11111111111111
Strep_C10377	1	11.11111111111111
Strep_C10187	1	11.11111111111111
Strep_C10196	1	11.11111111111111
Strep_C10195	1	11.11111111111111
Strep_C10194	1	11.11111111111111
Strep_C10193	1	11.11111111111111
Strep_C10192	1	11.11111111111111
Strep_C10191	1	11.11111111111111
Strep_C10189	1	11.11111111111111
Strep_C10188	1	11.11111111111111
Strep_C10185	1	11.11111111111111
Strep_C10162	1	11.11111111111111
Strep_C10184	1	11.11111111111111
Strep_C10183	1	11.11111111111111
Strep_C10181	1	11.11111111111111
Strep_C10176	1	11.11111111111111
Strep_C10175	1	11.11111111111111
Strep_C10173	1	11.11111111111111
Strep_C10172	1	11.11111111111111
Strep_C10165	1	11.11111111111111
Strep_C10114	1	11.11111111111111
Strep_C10112	1	11.11111111111111
Strep_C10108	1	11.11111111111111
Strep_C1002	1	11.11111111111111
Strep_C10061	1	11.11111111111111
Strep_C10059	1	11.11111111111111
Strep_C10056	1	11.11111111111111
Strep_C10055	1	11.11111111111111
Strep_C10047	1	11.11111111111111
Strep_C10034	1	11.11111111111111
Strep_C10033	1	11.11111111111111
Strep_C10031	1	11.11111111111111
Strep_C10026	1	11.11111111111111
Strep_C10107	1	11.11111111111111
Strep_C10025	1	11.11111111111111
Strep_C10023	1	11.11111111111111
Strep_C10022	1	11.11111111111111
Strep_C1001	1	11.11111111111111
Strep_C10008	1	11.11111111111111
Strep_C10007	1	11.11111111111111
Strep_C10006	1	11.11111111111111
Strep_C10002	1	11.11111111111111
Strep_C10066	1	11.11111111111111
Strep_C10073	1	11.11111111111111
Strep_C10074	1	11.11111111111111
Strep_C10075	1	11.11111111111111
Strep_C10106	1	11.11111111111111
Strep_C10105	1	11.11111111111111
Strep_C10104	1	11.11111111111111
Strep_C10103	1	11.11111111111111
Strep_C10101	1	11.11111111111111
Strep_C100	1	11.11111111111111
Strep_C10096	1	11.11111111111111
Strep_C10095	1	11.11111111111111
Strep_C10093	1	11.11111111111111
Strep_C10090	1	11.11111111111111
Strep_C10087	1	11.11111111111111
Strep_C10086	1	11.11111111111111
Strep_C10085	1	11.11111111111111
Strep_C10083	1	11.11111111111111
Strep_C10082	1	11.11111111111111
Strep_C10080	1	11.11111111111111
Strep_C1007	1	11.11111111111111
Strep_C10199	1	11.11111111111111
Strep_C10201	1	11.11111111111111
Strep_C10205	1	11.11111111111111
Strep_C10321	1	11.11111111111111
Strep_C10339	1	11.11111111111111
Strep_C10337	1	11.11111111111111
Strep_C10328	1	11.11111111111111
Strep_C10327	1	11.11111111111111
Strep_C10326	1	11.11111111111111
Strep_C10324	1	11.11111111111111
Strep_C10323	1	11.11111111111111
Strep_C10322	1	11.11111111111111
Strep_C10320	1	11.11111111111111
Strep_C102	1	11.11111111111111
Strep_C1031	1	11.11111111111111
Strep_C10319	1	11.11111111111111
Strep_C10318	1	11.11111111111111
Strep_C10317	1	11.11111111111111
Strep_C10311	1	11.11111111111111
Strep_C1030	1	11.11111111111111
Strep_C10309	1	11.11111111111111
Strep_C10307	1	11.11111111111111
Strep_C1033	1	11.11111111111111
Strep_C10341	1	11.11111111111111
Strep_C10344	1	11.11111111111111
Strep_C10346	1	11.11111111111111
Strep_C10375	1	11.11111111111111
Strep_C10372	1	11.11111111111111
Strep_C10366	1	11.11111111111111
Strep_C10365	1	11.11111111111111
Strep_C10364	1	11.11111111111111
Strep_C1035	1	11.11111111111111
Strep_C10359	1	11.11111111111111
Strep_C10357	1	11.11111111111111
Strep_C10356	1	11.11111111111111
Strep_C10355	1	11.11111111111111
Strep_C10354	1	11.11111111111111
Strep_C10353	1	11.11111111111111
Strep_C10352	1	11.11111111111111
Strep_C10351	1	11.11111111111111
Strep_C10350	1	11.11111111111111
Strep_C1034	1	11.11111111111111
Strep_C10348	1	11.11111111111111
Strep_C10303	1	11.11111111111111
Strep_C1029	1	11.11111111111111
Strep_C10206	1	11.11111111111111
Strep_C10221	1	11.11111111111111
Strep_C10237	1	11.11111111111111
Strep_C10236	1	11.11111111111111
Strep_C10235	1	11.11111111111111
Strep_C10233	1	11.11111111111111
Strep_C10232	1	11.11111111111111
Strep_C10231	1	11.11111111111111
Strep_C1022	1	11.11111111111111
Strep_C10222	1	11.11111111111111
Strep_C10220	1	11.11111111111111
Strep_C10299	1	11.11111111111111
Strep_C10219	1	11.11111111111111
Strep_C10217	1	11.11111111111111
Strep_C10215	1	11.11111111111111
Strep_C10214	1	11.11111111111111
Strep_C10213	1	11.11111111111111
Strep_C10212	1	11.11111111111111
Strep_C10211	1	11.11111111111111
Strep_C1020	1	11.11111111111111
Strep_C1023	1	11.11111111111111
Strep_C10240	1	11.11111111111111
Strep_C10241	1	11.11111111111111
Strep_C10243	1	11.11111111111111
Strep_C10298	1	11.11111111111111
Strep_C10297	1	11.11111111111111
Strep_C10295	1	11.11111111111111
Strep_C10288	1	11.11111111111111
Strep_C1027	1	11.11111111111111
Strep_C10273	1	11.11111111111111
Strep_C10272	1	11.11111111111111
Strep_C10271	1	11.11111111111111
Strep_C10270	1	11.11111111111111
Strep_C1026	1	11.11111111111111
Strep_C10268	1	11.11111111111111
Strep_C10267	1	11.11111111111111
Strep_C10263	1	11.11111111111111
Strep_C10261	1	11.11111111111111
Strep_C10260	1	11.11111111111111
Strep_C10255	1	11.11111111111111
Strep_C10248	1	11.11111111111111
Strep_C10691	1	11.11111111111111
Strep_C10693	1	11.11111111111111
Strep_C10695	1	11.11111111111111
Strep_C11122	1	11.11111111111111
Strep_C1113	1	11.11111111111111
Strep_C11139	1	11.11111111111111
Strep_C11130	1	11.11111111111111
Strep_C11128	1	11.11111111111111
Strep_C11126	1	11.11111111111111
Strep_C11125	1	11.11111111111111
Strep_C11124	1	11.11111111111111
Strep_C11123	1	11.11111111111111
Strep_C11119	1	11.11111111111111
Strep_C11142	1	11.11111111111111
Strep_C11116	1	11.11111111111111
Strep_C11114	1	11.11111111111111
Strep_C11112	1	11.11111111111111
Strep_C11110	1	11.11111111111111
Strep_C1110	1	11.11111111111111
Strep_C11109	1	11.11111111111111
Strep_C110	1	11.11111111111111
Strep_C1109	1	11.11111111111111
Strep_C11140	1	11.11111111111111
Strep_C11145	1	11.11111111111111
Strep_C10697	1	11.11111111111111
Strep_C11166	1	11.11111111111111
Strep_C11175	1	11.11111111111111
Strep_C11173	1	11.11111111111111
Strep_C11172	1	11.11111111111111
Strep_C11171	1	11.11111111111111
Strep_C11170	1	11.11111111111111
Strep_C11169	1	11.11111111111111
Strep_C11168	1	11.11111111111111
Strep_C11167	1	11.11111111111111
Strep_C11165	1	11.11111111111111
Strep_C11146	1	11.11111111111111
Strep_C11164	1	11.11111111111111
Strep_C11163	1	11.11111111111111
Strep_C11162	1	11.11111111111111
Strep_C11161	1	11.11111111111111
Strep_C11160	1	11.11111111111111
Strep_C11151	1	11.11111111111111
Strep_C11150	1	11.11111111111111
Strep_C11149	1	11.11111111111111
Strep_C11099	1	11.11111111111111
Strep_C11098	1	11.11111111111111
Strep_C11097	1	11.11111111111111
Strep_C1103	1	11.11111111111111
Strep_C11058	1	11.11111111111111
Strep_C11057	1	11.11111111111111
Strep_C11054	1	11.11111111111111
Strep_C1104	1	11.11111111111111
Strep_C11048	1	11.11111111111111
Strep_C11047	1	11.11111111111111
Strep_C11041	1	11.11111111111111
Strep_C11040	1	11.11111111111111
Strep_C11039	1	11.11111111111111
Strep_C11095	1	11.11111111111111
Strep_C11035	1	11.11111111111111
Strep_C11034	1	11.11111111111111
Strep_C11032	1	11.11111111111111
Strep_C11031	1	11.11111111111111
Strep_C11029	1	11.11111111111111
Strep_C11025	1	11.11111111111111
Strep_C11023	1	11.11111111111111
Strep_C11017	1	11.11111111111111
Strep_C11060	1	11.11111111111111
Strep_C11065	1	11.11111111111111
Strep_C11066	1	11.11111111111111
Strep_C11067	1	11.11111111111111
Strep_C11094	1	11.11111111111111
Strep_C11093	1	11.11111111111111
Strep_C11092	1	11.11111111111111
Strep_C11091	1	11.11111111111111
Strep_C11090	1	11.11111111111111
Strep_C11089	1	11.11111111111111
Strep_C11088	1	11.11111111111111
Strep_C11083	1	11.11111111111111
Strep_C11080	1	11.11111111111111
Strep_C1107	1	11.11111111111111
Strep_C11074	1	11.11111111111111
Strep_C11073	1	11.11111111111111
Strep_C11072	1	11.11111111111111
Strep_C11071	1	11.11111111111111
Strep_C11070	1	11.11111111111111
Strep_C11069	1	11.11111111111111
Strep_C11068	1	11.11111111111111
Strep_C1117	1	11.11111111111111
Strep_C11180	1	11.11111111111111
Strep_C11181	1	11.11111111111111
Strep_C11283	1	11.11111111111111
Strep_C11298	1	11.11111111111111
Strep_C11297	1	11.11111111111111
Strep_C11295	1	11.11111111111111
Strep_C11293	1	11.11111111111111
Strep_C11292	1	11.11111111111111
Strep_C11290	1	11.11111111111111
Strep_C11289	1	11.11111111111111
Strep_C11288	1	11.11111111111111
Strep_C11282	1	11.11111111111111
Strep_C11273	1	11.11111111111111
Strep_C11281	1	11.11111111111111
Strep_C11280	1	11.11111111111111
Strep_C1127	1	11.11111111111111
Strep_C11279	1	11.11111111111111
Strep_C11278	1	11.11111111111111
Strep_C11277	1	11.11111111111111
Strep_C11276	1	11.11111111111111
Strep_C11275	1	11.11111111111111
Strep_C11299	1	11.11111111111111
Strep_C1129	1	11.11111111111111
Strep_C11300	1	11.11111111111111
Strep_C1130	1	11.11111111111111
Strep_C11333	1	11.11111111111111
Strep_C11332	1	11.11111111111111
Strep_C11331	1	11.11111111111111
Strep_C11330	1	11.11111111111111
Strep_C1132	1	11.11111111111111
Strep_C11329	1	11.11111111111111
Strep_C11327	1	11.11111111111111
Strep_C11326	1	11.11111111111111
Strep_C11322	1	11.11111111111111
Strep_C11321	1	11.11111111111111
Strep_C1131	1	11.11111111111111
Strep_C11319	1	11.11111111111111
Strep_C11318	1	11.11111111111111
Strep_C11316	1	11.11111111111111
Strep_C11314	1	11.11111111111111
Strep_C11311	1	11.11111111111111
Strep_C11310	1	11.11111111111111
Strep_C11274	1	11.11111111111111
Strep_C11272	1	11.11111111111111
Strep_C11182	1	11.11111111111111
Strep_C11208	1	11.11111111111111
Strep_C11220	1	11.11111111111111
Strep_C11219	1	11.11111111111111
Strep_C11218	1	11.11111111111111
Strep_C11217	1	11.11111111111111
Strep_C11214	1	11.11111111111111
Strep_C11212	1	11.11111111111111
Strep_C11210	1	11.11111111111111
Strep_C11209	1	11.11111111111111
Strep_C11207	1	11.11111111111111
Strep_C11271	1	11.11111111111111
Strep_C11206	1	11.11111111111111
Strep_C11205	1	11.11111111111111
Strep_C111	1	11.11111111111111
Strep_C11199	1	11.11111111111111
Strep_C11191	1	11.11111111111111
Strep_C11188	1	11.11111111111111
Strep_C11187	1	11.11111111111111
Strep_C11186	1	11.11111111111111
Strep_C11221	1	11.11111111111111
Strep_C11222	1	11.11111111111111
Strep_C11225	1	11.11111111111111
Strep_C11229	1	11.11111111111111
Strep_C11269	1	11.11111111111111
Strep_C11268	1	11.11111111111111
Strep_C11267	1	11.11111111111111
Strep_C11266	1	11.11111111111111
Strep_C11265	1	11.11111111111111
Strep_C11261	1	11.11111111111111
Strep_C11260	1	11.11111111111111
Strep_C1125	1	11.11111111111111
Strep_C11257	1	11.11111111111111
Strep_C11250	1	11.11111111111111
Strep_C1124	1	11.11111111111111
Strep_C11243	1	11.11111111111111
Strep_C11242	1	11.11111111111111
Strep_C11240	1	11.11111111111111
Strep_C11237	1	11.11111111111111
Strep_C11234	1	11.11111111111111
Strep_C11231	1	11.11111111111111
Strep_C11010	1	11.11111111111111
Strep_C1100	1	11.11111111111111
Strep_C11009	1	11.11111111111111
Strep_C10803	1	11.11111111111111
Strep_C10816	1	11.11111111111111
Strep_C10813	1	11.11111111111111
Strep_C10812	1	11.11111111111111
Strep_C10811	1	11.11111111111111
Strep_C10810	1	11.11111111111111
Strep_C10809	1	11.11111111111111
Strep_C10808	1	11.11111111111111
Strep_C10806	1	11.11111111111111
Strep_C10801	1	11.11111111111111
Strep_C10764	1	11.11111111111111
Strep_C107	1	11.11111111111111
Strep_C10799	1	11.11111111111111
Strep_C10793	1	11.11111111111111
Strep_C10788	1	11.11111111111111
Strep_C1077	1	11.11111111111111
Strep_C10777	1	11.11111111111111
Strep_C10775	1	11.11111111111111
Strep_C10773	1	11.11111111111111
Strep_C10818	1	11.11111111111111
Strep_C10819	1	11.11111111111111
Strep_C10821	1	11.11111111111111
Strep_C10822	1	11.11111111111111
Strep_C1084	1	11.11111111111111
Strep_C10849	1	11.11111111111111
Strep_C10848	1	11.11111111111111
Strep_C10847	1	11.11111111111111
Strep_C10846	1	11.11111111111111
Strep_C10844	1	11.11111111111111
Strep_C10843	1	11.11111111111111
Strep_C10842	1	11.11111111111111
Strep_C10841	1	11.11111111111111
Strep_C10839	1	11.11111111111111
Strep_C10836	1	11.11111111111111
Strep_C10835	1	11.11111111111111
Strep_C10834	1	11.11111111111111
Strep_C10831	1	11.11111111111111
Strep_C1082	1	11.11111111111111
Strep_C10829	1	11.11111111111111
Strep_C10826	1	11.11111111111111
Strep_C10772	1	11.11111111111111
Strep_C10763	1	11.11111111111111
Strep_C1085	1	11.11111111111111
Strep_C10714	1	11.11111111111111
Strep_C10725	1	11.11111111111111
Strep_C10724	1	11.11111111111111
Strep_C10722	1	11.11111111111111
Strep_C10721	1	11.11111111111111
Strep_C10719	1	11.11111111111111
Strep_C10718	1	11.11111111111111
Strep_C10717	1	11.11111111111111
Strep_C10715	1	11.11111111111111
Strep_C10713	1	11.11111111111111
Strep_C10762	1	11.11111111111111
Strep_C10709	1	11.11111111111111
Strep_C10707	1	11.11111111111111
Strep_C10706	1	11.11111111111111
Strep_C10705	1	11.11111111111111
Strep_C10704	1	11.11111111111111
Strep_C10703	1	11.11111111111111
Strep_C10701	1	11.11111111111111
Strep_C106	1	11.11111111111111
Strep_C1072	1	11.11111111111111
Strep_C10736	1	11.11111111111111
Strep_C10737	1	11.11111111111111
Strep_C10738	1	11.11111111111111
Strep_C10761	1	11.11111111111111
Strep_C10760	1	11.11111111111111
Strep_C10759	1	11.11111111111111
Strep_C10758	1	11.11111111111111
Strep_C10757	1	11.11111111111111
Strep_C10755	1	11.11111111111111
Strep_C10753	1	11.11111111111111
Strep_C10752	1	11.11111111111111
Strep_C10751	1	11.11111111111111
Strep_C1074	1	11.11111111111111
Strep_C10749	1	11.11111111111111
Strep_C10747	1	11.11111111111111
Strep_C10746	1	11.11111111111111
Strep_C10745	1	11.11111111111111
Strep_C10744	1	11.11111111111111
Strep_C10743	1	11.11111111111111
Strep_C10739	1	11.11111111111111
Strep_C10859	1	11.11111111111111
Strep_C10861	1	11.11111111111111
Strep_C11008	1	11.11111111111111
Strep_C10963	1	11.11111111111111
Strep_C10972	1	11.11111111111111
Strep_C10971	1	11.11111111111111
Strep_C1096	1	11.11111111111111
Strep_C10968	1	11.11111111111111
Strep_C10967	1	11.11111111111111
Strep_C10966	1	11.11111111111111
Strep_C10965	1	11.11111111111111
Strep_C10964	1	11.11111111111111
Strep_C10960	1	11.11111111111111
Strep_C10937	1	11.11111111111111
Strep_C10957	1	11.11111111111111
Strep_C10953	1	11.11111111111111
Strep_C10951	1	11.11111111111111
Strep_C10950	1	11.11111111111111
Strep_C10948	1	11.11111111111111
Strep_C10946	1	11.11111111111111
Strep_C10943	1	11.11111111111111
Strep_C10942	1	11.11111111111111
Strep_C10973	1	11.11111111111111
Strep_C10975	1	11.11111111111111
Strep_C10976	1	11.11111111111111
Strep_C10977	1	11.11111111111111
Strep_C11007	1	11.11111111111111
Strep_C11006	1	11.11111111111111
Strep_C11004	1	11.11111111111111
Strep_C11003	1	11.11111111111111
Strep_C11002	1	11.11111111111111
Strep_C11001	1	11.11111111111111
Strep_C10	1	11.11111111111111
Strep_C10995	1	11.11111111111111
Strep_C10990	1	11.11111111111111
Strep_C1098	1	11.11111111111111
Strep_C10989	1	11.11111111111111
Strep_C10982	1	11.11111111111111
Strep_C10981	1	11.11111111111111
Strep_C10980	1	11.11111111111111
Strep_C1097	1	11.11111111111111
Strep_C10979	1	11.11111111111111
Strep_C10978	1	11.11111111111111
Strep_C10941	1	11.11111111111111
Strep_C10935	1	11.11111111111111
Strep_C10863	1	11.11111111111111
Strep_C10875	1	11.11111111111111
Strep_C10895	1	11.11111111111111
Strep_C10888	1	11.11111111111111
Strep_C10887	1	11.11111111111111
Strep_C10883	1	11.11111111111111
Strep_C10882	1	11.11111111111111
Strep_C10880	1	11.11111111111111
Strep_C10879	1	11.11111111111111
Strep_C10878	1	11.11111111111111
Strep_C10873	1	11.11111111111111
Strep_C10934	1	11.11111111111111
Strep_C10872	1	11.11111111111111
Strep_C10871	1	11.11111111111111
Strep_C10870	1	11.11111111111111
Strep_C1086	1	11.11111111111111
Strep_C10867	1	11.11111111111111
Strep_C10866	1	11.11111111111111
Strep_C10865	1	11.11111111111111
Strep_C10864	1	11.11111111111111
Strep_C1089	1	11.11111111111111
Strep_C108	1	11.11111111111111
Strep_C10902	1	11.11111111111111
Strep_C10903	1	11.11111111111111
Strep_C10931	1	11.11111111111111
Strep_C1092	1	11.11111111111111
Strep_C10929	1	11.11111111111111
Strep_C10927	1	11.11111111111111
Strep_C10926	1	11.11111111111111
Strep_C10925	1	11.11111111111111
Strep_C10924	1	11.11111111111111
Strep_C10921	1	11.11111111111111
Strep_C1091	1	11.11111111111111
Strep_C10913	1	11.11111111111111
Strep_C10912	1	11.11111111111111
Strep_C10910	1	11.11111111111111
Strep_C10909	1	11.11111111111111
Strep_C10908	1	11.11111111111111
Strep_C10907	1	11.11111111111111
Strep_C10905	1	11.11111111111111
Strep_C10904	1	11.11111111111111
Strep_C12607	1	11.11111111111111
Strep_C12610	1	11.11111111111111
Strep_C14960	1	11.11111111111111
Strep_C14158	1	11.11111111111111
Strep_C14178	1	11.11111111111111
Strep_C14175	1	11.11111111111111
Strep_C14171	1	11.11111111111111
Strep_C1416	1	11.11111111111111
Strep_C14166	1	11.11111111111111
Strep_C14162	1	11.11111111111111
Strep_C14160	1	11.11111111111111
Strep_C14159	1	11.11111111111111
Strep_C14157	1	11.11111111111111
Strep_C1417	1	11.11111111111111
Strep_C14156	1	11.11111111111111
Strep_C14155	1	11.11111111111111
Strep_C14154	1	11.11111111111111
Strep_C14153	1	11.11111111111111
Strep_C14151	1	11.11111111111111
Strep_C14150	1	11.11111111111111
Strep_C14149	1	11.11111111111111
Strep_C14147	1	11.11111111111111
Strep_C14179	1	11.11111111111111
Strep_C14186	1	11.11111111111111
Strep_C14073	1	11.11111111111111
Strep_C14202	1	11.11111111111111
Strep_C14218	1	11.11111111111111
Strep_C14217	1	11.11111111111111
Strep_C14216	1	11.11111111111111
Strep_C14214	1	11.11111111111111
Strep_C14213	1	11.11111111111111
Strep_C14211	1	11.11111111111111
Strep_C14210	1	11.11111111111111
Strep_C14206	1	11.11111111111111
Strep_C14200	1	11.11111111111111
Strep_C14187	1	11.11111111111111
Strep_C141	1	11.11111111111111
Strep_C1419	1	11.11111111111111
Strep_C14197	1	11.11111111111111
Strep_C14195	1	11.11111111111111
Strep_C14192	1	11.11111111111111
Strep_C14191	1	11.11111111111111
Strep_C14189	1	11.11111111111111
Strep_C14188	1	11.11111111111111
Strep_C14146	1	11.11111111111111
Strep_C14144	1	11.11111111111111
Strep_C1413	1	11.11111111111111
Strep_C1408	1	11.11111111111111
Strep_C14102	1	11.11111111111111
Strep_C14101	1	11.11111111111111
Strep_C140	1	11.11111111111111
Strep_C14099	1	11.11111111111111
Strep_C14097	1	11.11111111111111
Strep_C14095	1	11.11111111111111
Strep_C14094	1	11.11111111111111
Strep_C14090	1	11.11111111111111
Strep_C14085	1	11.11111111111111
Strep_C14138	1	11.11111111111111
Strep_C14081	1	11.11111111111111
Strep_C14080	1	11.11111111111111
Strep_C1407	1	11.11111111111111
Strep_C14079	1	11.11111111111111
Strep_C14078	1	11.11111111111111
Strep_C14077	1	11.11111111111111
Strep_C14076	1	11.11111111111111
Strep_C14075	1	11.11111111111111
Strep_C14103	1	11.11111111111111
Strep_C14104	1	11.11111111111111
Strep_C14105	1	11.11111111111111
Strep_C14106	1	11.11111111111111
Strep_C1412	1	11.11111111111111
Strep_C14129	1	11.11111111111111
Strep_C14126	1	11.11111111111111
Strep_C14125	1	11.11111111111111
Strep_C14124	1	11.11111111111111
Strep_C14119	1	11.11111111111111
Strep_C14118	1	11.11111111111111
Strep_C14117	1	11.11111111111111
Strep_C14116	1	11.11111111111111
Strep_C14115	1	11.11111111111111
Strep_C14113	1	11.11111111111111
Strep_C14112	1	11.11111111111111
Strep_C14111	1	11.11111111111111
Strep_C1410	1	11.11111111111111
Strep_C14109	1	11.11111111111111
Strep_C14108	1	11.11111111111111
Strep_C14107	1	11.11111111111111
Strep_C14219	1	11.11111111111111
Strep_C14220	1	11.11111111111111
Strep_C14221	1	11.11111111111111
Strep_C14325	1	11.11111111111111
Strep_C14335	1	11.11111111111111
Strep_C14334	1	11.11111111111111
Strep_C14333	1	11.11111111111111
Strep_C14332	1	11.11111111111111
Strep_C14331	1	11.11111111111111
Strep_C14330	1	11.11111111111111
Strep_C14329	1	11.11111111111111
Strep_C14327	1	11.11111111111111
Strep_C14324	1	11.11111111111111
Strep_C14310	1	11.11111111111111
Strep_C14322	1	11.11111111111111
Strep_C14321	1	11.11111111111111
Strep_C14320	1	11.11111111111111
Strep_C1431	1	11.11111111111111
Strep_C14319	1	11.11111111111111
Strep_C14318	1	11.11111111111111
Strep_C14317	1	11.11111111111111
Strep_C14316	1	11.11111111111111
Strep_C14337	1	11.11111111111111
Strep_C14338	1	11.11111111111111
Strep_C14339	1	11.11111111111111
Strep_C14340	1	11.11111111111111
Strep_C14366	1	11.11111111111111
Strep_C14365	1	11.11111111111111
Strep_C14364	1	11.11111111111111
Strep_C14362	1	11.11111111111111
Strep_C14360	1	11.11111111111111
Strep_C1435	1	11.11111111111111
Strep_C14358	1	11.11111111111111
Strep_C14356	1	11.11111111111111
Strep_C14352	1	11.11111111111111
Strep_C14350	1	11.11111111111111
Strep_C1434	1	11.11111111111111
Strep_C14349	1	11.11111111111111
Strep_C14347	1	11.11111111111111
Strep_C14346	1	11.11111111111111
Strep_C14345	1	11.11111111111111
Strep_C14343	1	11.11111111111111
Strep_C14341	1	11.11111111111111
Strep_C14314	1	11.11111111111111
Strep_C1430	1	11.11111111111111
Strep_C14222	1	11.11111111111111
Strep_C14244	1	11.11111111111111
Strep_C14256	1	11.11111111111111
Strep_C14255	1	11.11111111111111
Strep_C14254	1	11.11111111111111
Strep_C14253	1	11.11111111111111
Strep_C14252	1	11.11111111111111
Strep_C14251	1	11.11111111111111
Strep_C14250	1	11.11111111111111
Strep_C14247	1	11.11111111111111
Strep_C14242	1	11.11111111111111
Strep_C14304	1	11.11111111111111
Strep_C14241	1	11.11111111111111
Strep_C14240	1	11.11111111111111
Strep_C14239	1	11.11111111111111
Strep_C14237	1	11.11111111111111
Strep_C14236	1	11.11111111111111
Strep_C1422	1	11.11111111111111
Strep_C14224	1	11.11111111111111
Strep_C14223	1	11.11111111111111
Strep_C14257	1	11.11111111111111
Strep_C14259	1	11.11111111111111
Strep_C1425	1	11.11111111111111
Strep_C14260	1	11.11111111111111
Strep_C142	1	11.11111111111111
Strep_C14292	1	11.11111111111111
Strep_C14291	1	11.11111111111111
Strep_C14290	1	11.11111111111111
Strep_C14289	1	11.11111111111111
Strep_C14288	1	11.11111111111111
Strep_C14287	1	11.11111111111111
Strep_C14286	1	11.11111111111111
Strep_C14284	1	11.11111111111111
Strep_C14282	1	11.11111111111111
Strep_C14280	1	11.11111111111111
Strep_C1427	1	11.11111111111111
Strep_C14279	1	11.11111111111111
Strep_C14276	1	11.11111111111111
Strep_C14270	1	11.11111111111111
Strep_C14268	1	11.11111111111111
Strep_C14261	1	11.11111111111111
Strep_C14074	1	11.11111111111111
Strep_C14072	1	11.11111111111111
Strep_C14368	1	11.11111111111111
Strep_C13880	1	11.11111111111111
Strep_C13889	1	11.11111111111111
Strep_C13888	1	11.11111111111111
Strep_C13887	1	11.11111111111111
Strep_C13886	1	11.11111111111111
Strep_C13885	1	11.11111111111111
Strep_C13884	1	11.11111111111111
Strep_C13883	1	11.11111111111111
Strep_C13882	1	11.11111111111111
Strep_C1387	1	11.11111111111111
Strep_C13892	1	11.11111111111111
Strep_C13879	1	11.11111111111111
Strep_C13878	1	11.11111111111111
Strep_C13877	1	11.11111111111111
Strep_C13876	1	11.11111111111111
Strep_C13875	1	11.11111111111111
Strep_C13872	1	11.11111111111111
Strep_C13869	1	11.11111111111111
Strep_C13866	1	11.11111111111111
Strep_C1388	1	11.11111111111111
Strep_C13893	1	11.11111111111111
Strep_C14071	1	11.11111111111111
Strep_C13917	1	11.11111111111111
Strep_C13924	1	11.11111111111111
Strep_C13923	1	11.11111111111111
Strep_C13922	1	11.11111111111111
Strep_C13921	1	11.11111111111111
Strep_C13920	1	11.11111111111111
Strep_C1391	1	11.11111111111111
Strep_C13919	1	11.11111111111111
Strep_C13918	1	11.11111111111111
Strep_C13916	1	11.11111111111111
Strep_C13896	1	11.11111111111111
Strep_C13912	1	11.11111111111111
Strep_C1390	1	11.11111111111111
Strep_C13909	1	11.11111111111111
Strep_C13907	1	11.11111111111111
Strep_C13903	1	11.11111111111111
Strep_C13902	1	11.11111111111111
Strep_C138	1	11.11111111111111
Strep_C13899	1	11.11111111111111
Strep_C13863	1	11.11111111111111
Strep_C13861	1	11.11111111111111
Strep_C13860	1	11.11111111111111
Strep_C13807	1	11.11111111111111
Strep_C13814	1	11.11111111111111
Strep_C13813	1	11.11111111111111
Strep_C13812	1	11.11111111111111
Strep_C13811	1	11.11111111111111
Strep_C13810	1	11.11111111111111
Strep_C1380	1	11.11111111111111
Strep_C13809	1	11.11111111111111
Strep_C13808	1	11.11111111111111
Strep_C13806	1	11.11111111111111
Strep_C13859	1	11.11111111111111
Strep_C13805	1	11.11111111111111
Strep_C13804	1	11.11111111111111
Strep_C13803	1	11.11111111111111
Strep_C13802	1	11.11111111111111
Strep_C13801	1	11.11111111111111
Strep_C13800	1	11.11111111111111
Strep_C137	1	11.11111111111111
Strep_C13799	1	11.11111111111111
Strep_C13819	1	11.11111111111111
Strep_C13820	1	11.11111111111111
Strep_C13822	1	11.11111111111111
Strep_C13827	1	11.11111111111111
Strep_C13857	1	11.11111111111111
Strep_C13856	1	11.11111111111111
Strep_C13855	1	11.11111111111111
Strep_C1384	1	11.11111111111111
Strep_C13847	1	11.11111111111111
Strep_C13841	1	11.11111111111111
Strep_C13840	1	11.11111111111111
Strep_C1383	1	11.11111111111111
Strep_C13839	1	11.11111111111111
Strep_C13838	1	11.11111111111111
Strep_C13837	1	11.11111111111111
Strep_C13836	1	11.11111111111111
Strep_C13835	1	11.11111111111111
Strep_C13834	1	11.11111111111111
Strep_C13833	1	11.11111111111111
Strep_C13832	1	11.11111111111111
Strep_C13831	1	11.11111111111111
Strep_C1392	1	11.11111111111111
Strep_C13937	1	11.11111111111111
Strep_C13938	1	11.11111111111111
Strep_C14021	1	11.11111111111111
Strep_C14031	1	11.11111111111111
Strep_C14030	1	11.11111111111111
Strep_C14029	1	11.11111111111111
Strep_C14028	1	11.11111111111111
Strep_C14026	1	11.11111111111111
Strep_C14025	1	11.11111111111111
Strep_C14024	1	11.11111111111111
Strep_C14023	1	11.11111111111111
Strep_C14020	1	11.11111111111111
Strep_C13997	1	11.11111111111111
Strep_C14019	1	11.11111111111111
Strep_C14018	1	11.11111111111111
Strep_C14017	1	11.11111111111111
Strep_C14016	1	11.11111111111111
Strep_C14013	1	11.11111111111111
Strep_C1400	1	11.11111111111111
Strep_C14009	1	11.11111111111111
Strep_C139	1	11.11111111111111
Strep_C14032	1	11.11111111111111
Strep_C14034	1	11.11111111111111
Strep_C14035	1	11.11111111111111
Strep_C14036	1	11.11111111111111
Strep_C14070	1	11.11111111111111
Strep_C14068	1	11.11111111111111
Strep_C14067	1	11.11111111111111
Strep_C14065	1	11.11111111111111
Strep_C14064	1	11.11111111111111
Strep_C14063	1	11.11111111111111
Strep_C14061	1	11.11111111111111
Strep_C14060	1	11.11111111111111
Strep_C1405	1	11.11111111111111
Strep_C14059	1	11.11111111111111
Strep_C14054	1	11.11111111111111
Strep_C1404	1	11.11111111111111
Strep_C14041	1	11.11111111111111
Strep_C14040	1	11.11111111111111
Strep_C14039	1	11.11111111111111
Strep_C14038	1	11.11111111111111
Strep_C14037	1	11.11111111111111
Strep_C1399	1	11.11111111111111
Strep_C13995	1	11.11111111111111
Strep_C1393	1	11.11111111111111
Strep_C13951	1	11.11111111111111
Strep_C13960	1	11.11111111111111
Strep_C1395	1	11.11111111111111
Strep_C13959	1	11.11111111111111
Strep_C13958	1	11.11111111111111
Strep_C13957	1	11.11111111111111
Strep_C13956	1	11.11111111111111
Strep_C13954	1	11.11111111111111
Strep_C13952	1	11.11111111111111
Strep_C13950	1	11.11111111111111
Strep_C13994	1	11.11111111111111
Strep_C1394	1	11.11111111111111
Strep_C13949	1	11.11111111111111
Strep_C13948	1	11.11111111111111
Strep_C13944	1	11.11111111111111
Strep_C13943	1	11.11111111111111
Strep_C13942	1	11.11111111111111
Strep_C13941	1	11.11111111111111
Strep_C13940	1	11.11111111111111
Strep_C13961	1	11.11111111111111
Strep_C13963	1	11.11111111111111
Strep_C13964	1	11.11111111111111
Strep_C13965	1	11.11111111111111
Strep_C13993	1	11.11111111111111
Strep_C13992	1	11.11111111111111
Strep_C13991	1	11.11111111111111
Strep_C13990	1	11.11111111111111
Strep_C13989	1	11.11111111111111
Strep_C13988	1	11.11111111111111
Strep_C13987	1	11.11111111111111
Strep_C13986	1	11.11111111111111
Strep_C13985	1	11.11111111111111
Strep_C13984	1	11.11111111111111
Strep_C13982	1	11.11111111111111
Strep_C13981	1	11.11111111111111
Strep_C1397	1	11.11111111111111
Strep_C13976	1	11.11111111111111
Strep_C1396	1	11.11111111111111
Strep_C13967	1	11.11111111111111
Strep_C13966	1	11.11111111111111
Strep_C14367	1	11.11111111111111
Strep_C1436	1	11.11111111111111
Strep_C12611	1	11.11111111111111
Strep_C1474	1	11.11111111111111
Strep_C14757	1	11.11111111111111
Strep_C14756	1	11.11111111111111
Strep_C14755	1	11.11111111111111
Strep_C14754	1	11.11111111111111
Strep_C14753	1	11.11111111111111
Strep_C14752	1	11.11111111111111
Strep_C14751	1	11.11111111111111
Strep_C14750	1	11.11111111111111
Strep_C14749	1	11.11111111111111
Strep_C1476	1	11.11111111111111
Strep_C14748	1	11.11111111111111
Strep_C14747	1	11.11111111111111
Strep_C14746	1	11.11111111111111
Strep_C14745	1	11.11111111111111
Strep_C14744	1	11.11111111111111
Strep_C14743	1	11.11111111111111
Strep_C14742	1	11.11111111111111
Strep_C14741	1	11.11111111111111
Strep_C1475	1	11.11111111111111
Strep_C14777	1	11.11111111111111
Strep_C14648	1	11.11111111111111
Strep_C147	1	11.11111111111111
Strep_C14811	1	11.11111111111111
Strep_C14810	1	11.11111111111111
Strep_C1480	1	11.11111111111111
Strep_C14809	1	11.11111111111111
Strep_C14807	1	11.11111111111111
Strep_C14806	1	11.11111111111111
Strep_C14805	1	11.11111111111111
Strep_C14802	1	11.11111111111111
Strep_C14798	1	11.11111111111111
Strep_C14778	1	11.11111111111111
Strep_C14796	1	11.11111111111111
Strep_C1478	1	11.11111111111111
Strep_C14788	1	11.11111111111111
Strep_C14787	1	11.11111111111111
Strep_C14784	1	11.11111111111111
Strep_C14780	1	11.11111111111111
Strep_C1477	1	11.11111111111111
Strep_C14779	1	11.11111111111111
Strep_C14739	1	11.11111111111111
Strep_C14737	1	11.11111111111111
Strep_C14735	1	11.11111111111111
Strep_C14669	1	11.11111111111111
Strep_C14686	1	11.11111111111111
Strep_C14684	1	11.11111111111111
Strep_C14683	1	11.11111111111111
Strep_C14682	1	11.11111111111111
Strep_C14681	1	11.11111111111111
Strep_C14680	1	11.11111111111111
Strep_C14674	1	11.11111111111111
Strep_C14673	1	11.11111111111111
Strep_C14668	1	11.11111111111111
Strep_C14723	1	11.11111111111111
Strep_C14667	1	11.11111111111111
Strep_C14663	1	11.11111111111111
Strep_C14662	1	11.11111111111111
Strep_C14654	1	11.11111111111111
Strep_C14653	1	11.11111111111111
Strep_C14652	1	11.11111111111111
Strep_C14651	1	11.11111111111111
Strep_C1464	1	11.11111111111111
Strep_C14687	1	11.11111111111111
Strep_C14688	1	11.11111111111111
Strep_C14689	1	11.11111111111111
Strep_C14690	1	11.11111111111111
Strep_C14720	1	11.11111111111111
Strep_C14719	1	11.11111111111111
Strep_C14718	1	11.11111111111111
Strep_C14714	1	11.11111111111111
Strep_C14713	1	11.11111111111111
Strep_C14710	1	11.11111111111111
Strep_C14709	1	11.11111111111111
Strep_C14708	1	11.11111111111111
Strep_C14702	1	11.11111111111111
Strep_C14701	1	11.11111111111111
Strep_C146	1	11.11111111111111
Strep_C1469	1	11.11111111111111
Strep_C14696	1	11.11111111111111
Strep_C14694	1	11.11111111111111
Strep_C14693	1	11.11111111111111
Strep_C14692	1	11.11111111111111
Strep_C14691	1	11.11111111111111
Strep_C14813	1	11.11111111111111
Strep_C14815	1	11.11111111111111
Strep_C14816	1	11.11111111111111
Strep_C1489	1	11.11111111111111
Strep_C14916	1	11.11111111111111
Strep_C14907	1	11.11111111111111
Strep_C14905	1	11.11111111111111
Strep_C14904	1	11.11111111111111
Strep_C14903	1	11.11111111111111
Strep_C14902	1	11.11111111111111
Strep_C14900	1	11.11111111111111
Strep_C148	1	11.11111111111111
Strep_C14899	1	11.11111111111111
Strep_C14887	1	11.11111111111111
Strep_C14898	1	11.11111111111111
Strep_C14897	1	11.11111111111111
Strep_C14896	1	11.11111111111111
Strep_C14895	1	11.11111111111111
Strep_C14892	1	11.11111111111111
Strep_C14891	1	11.11111111111111
Strep_C14890	1	11.11111111111111
Strep_C14889	1	11.11111111111111
Strep_C14918	1	11.11111111111111
Strep_C14921	1	11.11111111111111
Strep_C14925	1	11.11111111111111
Strep_C14929	1	11.11111111111111
Strep_C1495	1	11.11111111111111
Strep_C14958	1	11.11111111111111
Strep_C14957	1	11.11111111111111
Strep_C14956	1	11.11111111111111
Strep_C14954	1	11.11111111111111
Strep_C14953	1	11.11111111111111
Strep_C14952	1	11.11111111111111
Strep_C14950	1	11.11111111111111
Strep_C1494	1	11.11111111111111
Strep_C14943	1	11.11111111111111
Strep_C14937	1	11.11111111111111
Strep_C14934	1	11.11111111111111
Strep_C14933	1	11.11111111111111
Strep_C14932	1	11.11111111111111
Strep_C14931	1	11.11111111111111
Strep_C14930	1	11.11111111111111
Strep_C1492	1	11.11111111111111
Strep_C14888	1	11.11111111111111
Strep_C14884	1	11.11111111111111
Strep_C14817	1	11.11111111111111
Strep_C14835	1	11.11111111111111
Strep_C14843	1	11.11111111111111
Strep_C14841	1	11.11111111111111
Strep_C14840	1	11.11111111111111
Strep_C1483	1	11.11111111111111
Strep_C14839	1	11.11111111111111
Strep_C14838	1	11.11111111111111
Strep_C14837	1	11.11111111111111
Strep_C14836	1	11.11111111111111
Strep_C14832	1	11.11111111111111
Strep_C14883	1	11.11111111111111
Strep_C14831	1	11.11111111111111
Strep_C1482	1	11.11111111111111
Strep_C14829	1	11.11111111111111
Strep_C14828	1	11.11111111111111
Strep_C14821	1	11.11111111111111
Strep_C14820	1	11.11111111111111
Strep_C14819	1	11.11111111111111
Strep_C14818	1	11.11111111111111
Strep_C14845	1	11.11111111111111
Strep_C14846	1	11.11111111111111
Strep_C14847	1	11.11111111111111
Strep_C14848	1	11.11111111111111
Strep_C14882	1	11.11111111111111
Strep_C14881	1	11.11111111111111
Strep_C14880	1	11.11111111111111
Strep_C1487	1	11.11111111111111
Strep_C14878	1	11.11111111111111
Strep_C14877	1	11.11111111111111
Strep_C14875	1	11.11111111111111
Strep_C14873	1	11.11111111111111
Strep_C1485	1	11.11111111111111
Strep_C14855	1	11.11111111111111
Strep_C14854	1	11.11111111111111
Strep_C14853	1	11.11111111111111
Strep_C14852	1	11.11111111111111
Strep_C14851	1	11.11111111111111
Strep_C14850	1	11.11111111111111
Strep_C1484	1	11.11111111111111
Strep_C14849	1	11.11111111111111
Strep_C14649	1	11.11111111111111
Strep_C14647	1	11.11111111111111
Strep_C14370	1	11.11111111111111
Strep_C14464	1	11.11111111111111
Strep_C14472	1	11.11111111111111
Strep_C14471	1	11.11111111111111
Strep_C14470	1	11.11111111111111
Strep_C1446	1	11.11111111111111
Strep_C14469	1	11.11111111111111
Strep_C14468	1	11.11111111111111
Strep_C14467	1	11.11111111111111
Strep_C14465	1	11.11111111111111
Strep_C14463	1	11.11111111111111
Strep_C14476	1	11.11111111111111
Strep_C14462	1	11.11111111111111
Strep_C14460	1	11.11111111111111
Strep_C1445	1	11.11111111111111
Strep_C14459	1	11.11111111111111
Strep_C14458	1	11.11111111111111
Strep_C14455	1	11.11111111111111
Strep_C14454	1	11.11111111111111
Strep_C14450	1	11.11111111111111
Strep_C14475	1	11.11111111111111
Strep_C14477	1	11.11111111111111
Strep_C14646	1	11.11111111111111
Strep_C14493	1	11.11111111111111
Strep_C14501	1	11.11111111111111
Strep_C14500	1	11.11111111111111
Strep_C144	1	11.11111111111111
Strep_C1449	1	11.11111111111111
Strep_C14499	1	11.11111111111111
Strep_C14497	1	11.11111111111111
Strep_C14496	1	11.11111111111111
Strep_C14494	1	11.11111111111111
Strep_C14492	1	11.11111111111111
Strep_C14478	1	11.11111111111111
Strep_C14490	1	11.11111111111111
Strep_C1448	1	11.11111111111111
Strep_C14489	1	11.11111111111111
Strep_C14486	1	11.11111111111111
Strep_C14485	1	11.11111111111111
Strep_C14484	1	11.11111111111111
Strep_C1447	1	11.11111111111111
Strep_C14479	1	11.11111111111111
Strep_C14447	1	11.11111111111111
Strep_C14446	1	11.11111111111111
Strep_C14445	1	11.11111111111111
Strep_C14389	1	11.11111111111111
Strep_C14400	1	11.11111111111111
Strep_C143	1	11.11111111111111
Strep_C1439	1	11.11111111111111
Strep_C14399	1	11.11111111111111
Strep_C14398	1	11.11111111111111
Strep_C14394	1	11.11111111111111
Strep_C14393	1	11.11111111111111
Strep_C14390	1	11.11111111111111
Strep_C14388	1	11.11111111111111
Strep_C14443	1	11.11111111111111
Strep_C14387	1	11.11111111111111
Strep_C14384	1	11.11111111111111
Strep_C14383	1	11.11111111111111
Strep_C1437	1	11.11111111111111
Strep_C14379	1	11.11111111111111
Strep_C14374	1	11.11111111111111
Strep_C14373	1	11.11111111111111
Strep_C14371	1	11.11111111111111
Strep_C14401	1	11.11111111111111
Strep_C14402	1	11.11111111111111
Strep_C14403	1	11.11111111111111
Strep_C14405	1	11.11111111111111
Strep_C14441	1	11.11111111111111
Strep_C1443	1	11.11111111111111
Strep_C14439	1	11.11111111111111
Strep_C14438	1	11.11111111111111
Strep_C14436	1	11.11111111111111
Strep_C14431	1	11.11111111111111
Strep_C14429	1	11.11111111111111
Strep_C1441	1	11.11111111111111
Strep_C14419	1	11.11111111111111
Strep_C14415	1	11.11111111111111
Strep_C14414	1	11.11111111111111
Strep_C14413	1	11.11111111111111
Strep_C14412	1	11.11111111111111
Strep_C14411	1	11.11111111111111
Strep_C14409	1	11.11111111111111
Strep_C14407	1	11.11111111111111
Strep_C14406	1	11.11111111111111
Strep_C14502	1	11.11111111111111
Strep_C14504	1	11.11111111111111
Strep_C14505	1	11.11111111111111
Strep_C14607	1	11.11111111111111
Strep_C14614	1	11.11111111111111
Strep_C14613	1	11.11111111111111
Strep_C14612	1	11.11111111111111
Strep_C14611	1	11.11111111111111
Strep_C14610	1	11.11111111111111
Strep_C1460	1	11.11111111111111
Strep_C14609	1	11.11111111111111
Strep_C14608	1	11.11111111111111
Strep_C14606	1	11.11111111111111
Strep_C14597	1	11.11111111111111
Strep_C14605	1	11.11111111111111
Strep_C14603	1	11.11111111111111
Strep_C14602	1	11.11111111111111
Strep_C14601	1	11.11111111111111
Strep_C14600	1	11.11111111111111
Strep_C145	1	11.11111111111111
Strep_C1459	1	11.11111111111111
Strep_C14599	1	11.11111111111111
Strep_C14615	1	11.11111111111111
Strep_C14617	1	11.11111111111111
Strep_C14618	1	11.11111111111111
Strep_C14619	1	11.11111111111111
Strep_C14644	1	11.11111111111111
Strep_C14643	1	11.11111111111111
Strep_C14641	1	11.11111111111111
Strep_C14639	1	11.11111111111111
Strep_C14638	1	11.11111111111111
Strep_C14637	1	11.11111111111111
Strep_C14636	1	11.11111111111111
Strep_C14635	1	11.11111111111111
Strep_C14633	1	11.11111111111111
Strep_C14632	1	11.11111111111111
Strep_C14630	1	11.11111111111111
Strep_C1462	1	11.11111111111111
Strep_C14628	1	11.11111111111111
Strep_C14627	1	11.11111111111111
Strep_C14626	1	11.11111111111111
Strep_C14624	1	11.11111111111111
Strep_C14623	1	11.11111111111111
Strep_C14598	1	11.11111111111111
Strep_C14596	1	11.11111111111111
Strep_C14507	1	11.11111111111111
Strep_C14529	1	11.11111111111111
Strep_C14544	1	11.11111111111111
Strep_C14543	1	11.11111111111111
Strep_C14535	1	11.11111111111111
Strep_C14533	1	11.11111111111111
Strep_C14532	1	11.11111111111111
Strep_C14531	1	11.11111111111111
Strep_C14530	1	11.11111111111111
Strep_C1452	1	11.11111111111111
Strep_C14528	1	11.11111111111111
Strep_C14594	1	11.11111111111111
Strep_C14527	1	11.11111111111111
Strep_C14525	1	11.11111111111111
Strep_C14524	1	11.11111111111111
Strep_C14520	1	11.11111111111111
Strep_C1451	1	11.11111111111111
Strep_C14518	1	11.11111111111111
Strep_C14517	1	11.11111111111111
Strep_C14509	1	11.11111111111111
Strep_C14545	1	11.11111111111111
Strep_C14546	1	11.11111111111111
Strep_C14547	1	11.11111111111111
Strep_C14548	1	11.11111111111111
Strep_C14589	1	11.11111111111111
Strep_C14583	1	11.11111111111111
Strep_C1457	1	11.11111111111111
Strep_C14571	1	11.11111111111111
Strep_C1456	1	11.11111111111111
Strep_C14569	1	11.11111111111111
Strep_C14568	1	11.11111111111111
Strep_C14567	1	11.11111111111111
Strep_C14566	1	11.11111111111111
Strep_C14564	1	11.11111111111111
Strep_C14563	1	11.11111111111111
Strep_C14561	1	11.11111111111111
Strep_C14560	1	11.11111111111111
Strep_C14558	1	11.11111111111111
Strep_C14550	1	11.11111111111111
Strep_C1454	1	11.11111111111111
Strep_C14549	1	11.11111111111111
Strep_C13797	1	11.11111111111111
Strep_C13796	1	11.11111111111111
Strep_C13795	1	11.11111111111111
Strep_C13000	1	11.11111111111111
Strep_C13028	1	11.11111111111111
Strep_C13024	1	11.11111111111111
Strep_C13021	1	11.11111111111111
Strep_C13014	1	11.11111111111111
Strep_C13004	1	11.11111111111111
Strep_C13003	1	11.11111111111111
Strep_C13002	1	11.11111111111111
Strep_C13001	1	11.11111111111111
Strep_C129	1	11.11111111111111
Strep_C13030	1	11.11111111111111
Strep_C1299	1	11.11111111111111
Strep_C12999	1	11.11111111111111
Strep_C12998	1	11.11111111111111
Strep_C12996	1	11.11111111111111
Strep_C12995	1	11.11111111111111
Strep_C12994	1	11.11111111111111
Strep_C12993	1	11.11111111111111
Strep_C12991	1	11.11111111111111
Strep_C1302	1	11.11111111111111
Strep_C13031	1	11.11111111111111
Strep_C12911	1	11.11111111111111
Strep_C13046	1	11.11111111111111
Strep_C13055	1	11.11111111111111
Strep_C13054	1	11.11111111111111
Strep_C13053	1	11.11111111111111
Strep_C13051	1	11.11111111111111
Strep_C13050	1	11.11111111111111
Strep_C13049	1	11.11111111111111
Strep_C13048	1	11.11111111111111
Strep_C13047	1	11.11111111111111
Strep_C13044	1	11.11111111111111
Strep_C13032	1	11.11111111111111
Strep_C13043	1	11.11111111111111
Strep_C13042	1	11.11111111111111
Strep_C13041	1	11.11111111111111
Strep_C1303	1	11.11111111111111
Strep_C13038	1	11.11111111111111
Strep_C13037	1	11.11111111111111
Strep_C13035	1	11.11111111111111
Strep_C13034	1	11.11111111111111
Strep_C12990	1	11.11111111111111
Strep_C12989	1	11.11111111111111
Strep_C12987	1	11.11111111111111
Strep_C12928	1	11.11111111111111
Strep_C1293	1	11.11111111111111
Strep_C12938	1	11.11111111111111
Strep_C12937	1	11.11111111111111
Strep_C12936	1	11.11111111111111
Strep_C12933	1	11.11111111111111
Strep_C12932	1	11.11111111111111
Strep_C12931	1	11.11111111111111
Strep_C12930	1	11.11111111111111
Strep_C12926	1	11.11111111111111
Strep_C12985	1	11.11111111111111
Strep_C12925	1	11.11111111111111
Strep_C12924	1	11.11111111111111
Strep_C12923	1	11.11111111111111
Strep_C12922	1	11.11111111111111
Strep_C12920	1	11.11111111111111
Strep_C1291	1	11.11111111111111
Strep_C12916	1	11.11111111111111
Strep_C12915	1	11.11111111111111
Strep_C12944	1	11.11111111111111
Strep_C12946	1	11.11111111111111
Strep_C12952	1	11.11111111111111
Strep_C12953	1	11.11111111111111
Strep_C1297	1	11.11111111111111
Strep_C12978	1	11.11111111111111
Strep_C12977	1	11.11111111111111
Strep_C12975	1	11.11111111111111
Strep_C12974	1	11.11111111111111
Strep_C12973	1	11.11111111111111
Strep_C12972	1	11.11111111111111
Strep_C12971	1	11.11111111111111
Strep_C12969	1	11.11111111111111
Strep_C12968	1	11.11111111111111
Strep_C12967	1	11.11111111111111
Strep_C12965	1	11.11111111111111
Strep_C12961	1	11.11111111111111
Strep_C12960	1	11.11111111111111
Strep_C12959	1	11.11111111111111
Strep_C12958	1	11.11111111111111
Strep_C12954	1	11.11111111111111
Strep_C13056	1	11.11111111111111
Strep_C13057	1	11.11111111111111
Strep_C13058	1	11.11111111111111
Strep_C13150	1	11.11111111111111
Strep_C1315	1	11.11111111111111
Strep_C13159	1	11.11111111111111
Strep_C13158	1	11.11111111111111
Strep_C13157	1	11.11111111111111
Strep_C13156	1	11.11111111111111
Strep_C13154	1	11.11111111111111
Strep_C13153	1	11.11111111111111
Strep_C13152	1	11.11111111111111
Strep_C13149	1	11.11111111111111
Strep_C13134	1	11.11111111111111
Strep_C13148	1	11.11111111111111
Strep_C13147	1	11.11111111111111
Strep_C13146	1	11.11111111111111
Strep_C13145	1	11.11111111111111
Strep_C13144	1	11.11111111111111
Strep_C13142	1	11.11111111111111
Strep_C13141	1	11.11111111111111
Strep_C13140	1	11.11111111111111
Strep_C13161	1	11.11111111111111
Strep_C13162	1	11.11111111111111
Strep_C13163	1	11.11111111111111
Strep_C13165	1	11.11111111111111
Strep_C13205	1	11.11111111111111
Strep_C13204	1	11.11111111111111
Strep_C13203	1	11.11111111111111
Strep_C13202	1	11.11111111111111
Strep_C13201	1	11.11111111111111
Strep_C13200	1	11.11111111111111
Strep_C13196	1	11.11111111111111
Strep_C13195	1	11.11111111111111
Strep_C13194	1	11.11111111111111
Strep_C13191	1	11.11111111111111
Strep_C13190	1	11.11111111111111
Strep_C13186	1	11.11111111111111
Strep_C13182	1	11.11111111111111
Strep_C13181	1	11.11111111111111
Strep_C13175	1	11.11111111111111
Strep_C13168	1	11.11111111111111
Strep_C13166	1	11.11111111111111
Strep_C1313	1	11.11111111111111
Strep_C13133	1	11.11111111111111
Strep_C13063	1	11.11111111111111
Strep_C13081	1	11.11111111111111
Strep_C13100	1	11.11111111111111
Strep_C13099	1	11.11111111111111
Strep_C13096	1	11.11111111111111
Strep_C13093	1	11.11111111111111
Strep_C1308	1	11.11111111111111
Strep_C13084	1	11.11111111111111
Strep_C13083	1	11.11111111111111
Strep_C13082	1	11.11111111111111
Strep_C13080	1	11.11111111111111
Strep_C13131	1	11.11111111111111
Strep_C13079	1	11.11111111111111
Strep_C13077	1	11.11111111111111
Strep_C13076	1	11.11111111111111
Strep_C13075	1	11.11111111111111
Strep_C13072	1	11.11111111111111
Strep_C13071	1	11.11111111111111
Strep_C13069	1	11.11111111111111
Strep_C13068	1	11.11111111111111
Strep_C13101	1	11.11111111111111
Strep_C13102	1	11.11111111111111
Strep_C13104	1	11.11111111111111
Strep_C13105	1	11.11111111111111
Strep_C13130	1	11.11111111111111
Strep_C13129	1	11.11111111111111
Strep_C13128	1	11.11111111111111
Strep_C13126	1	11.11111111111111
Strep_C13121	1	11.11111111111111
Strep_C13120	1	11.11111111111111
Strep_C1311	1	11.11111111111111
Strep_C13119	1	11.11111111111111
Strep_C13118	1	11.11111111111111
Strep_C13115	1	11.11111111111111
Strep_C13114	1	11.11111111111111
Strep_C13113	1	11.11111111111111
Strep_C13112	1	11.11111111111111
Strep_C13111	1	11.11111111111111
Strep_C13110	1	11.11111111111111
Strep_C13107	1	11.11111111111111
Strep_C13106	1	11.11111111111111
Strep_C12914	1	11.11111111111111
Strep_C1290	1	11.11111111111111
Strep_C13793	1	11.11111111111111
Strep_C12694	1	11.11111111111111
Strep_C12702	1	11.11111111111111
Strep_C12701	1	11.11111111111111
Strep_C126	1	11.11111111111111
Strep_C1269	1	11.11111111111111
Strep_C12699	1	11.11111111111111
Strep_C12697	1	11.11111111111111
Strep_C12696	1	11.11111111111111
Strep_C12695	1	11.11111111111111
Strep_C12692	1	11.11111111111111
Strep_C12705	1	11.11111111111111
Strep_C12691	1	11.11111111111111
Strep_C12690	1	11.11111111111111
Strep_C1268	1	11.11111111111111
Strep_C12689	1	11.11111111111111
Strep_C12688	1	11.11111111111111
Strep_C12687	1	11.11111111111111
Strep_C12686	1	11.11111111111111
Strep_C12685	1	11.11111111111111
Strep_C12703	1	11.11111111111111
Strep_C12708	1	11.11111111111111
Strep_C12908	1	11.11111111111111
Strep_C12725	1	11.11111111111111
Strep_C12750	1	11.11111111111111
Strep_C12749	1	11.11111111111111
Strep_C12747	1	11.11111111111111
Strep_C12746	1	11.11111111111111
Strep_C12745	1	11.11111111111111
Strep_C12744	1	11.11111111111111
Strep_C1273	1	11.11111111111111
Strep_C12738	1	11.11111111111111
Strep_C12724	1	11.11111111111111
Strep_C12710	1	11.11111111111111
Strep_C12723	1	11.11111111111111
Strep_C12721	1	11.11111111111111
Strep_C12720	1	11.11111111111111
Strep_C12718	1	11.11111111111111
Strep_C12717	1	11.11111111111111
Strep_C12715	1	11.11111111111111
Strep_C12712	1	11.11111111111111
Strep_C12711	1	11.11111111111111
Strep_C12684	1	11.11111111111111
Strep_C12683	1	11.11111111111111
Strep_C12681	1	11.11111111111111
Strep_C12623	1	11.11111111111111
Strep_C12632	1	11.11111111111111
Strep_C12631	1	11.11111111111111
Strep_C12630	1	11.11111111111111
Strep_C12628	1	11.11111111111111
Strep_C12627	1	11.11111111111111
Strep_C12626	1	11.11111111111111
Strep_C12625	1	11.11111111111111
Strep_C12624	1	11.11111111111111
Strep_C12622	1	11.11111111111111
Strep_C1267	1	11.11111111111111
Strep_C12621	1	11.11111111111111
Strep_C12620	1	11.11111111111111
Strep_C1261	1	11.11111111111111
Strep_C12619	1	11.11111111111111
Strep_C12618	1	11.11111111111111
Strep_C12617	1	11.11111111111111
Strep_C12616	1	11.11111111111111
Strep_C12615	1	11.11111111111111
Strep_C12635	1	11.11111111111111
Strep_C12637	1	11.11111111111111
Strep_C12639	1	11.11111111111111
Strep_C12643	1	11.11111111111111
Strep_C12679	1	11.11111111111111
Strep_C12678	1	11.11111111111111
Strep_C12675	1	11.11111111111111
Strep_C12674	1	11.11111111111111
Strep_C12673	1	11.11111111111111
Strep_C1266	1	11.11111111111111
Strep_C12655	1	11.11111111111111
Strep_C12654	1	11.11111111111111
Strep_C12653	1	11.11111111111111
Strep_C12651	1	11.11111111111111
Strep_C12650	1	11.11111111111111
Strep_C12649	1	11.11111111111111
Strep_C12648	1	11.11111111111111
Strep_C12647	1	11.11111111111111
Strep_C12646	1	11.11111111111111
Strep_C12645	1	11.11111111111111
Strep_C12644	1	11.11111111111111
Strep_C12752	1	11.11111111111111
Strep_C12753	1	11.11111111111111
Strep_C12755	1	11.11111111111111
Strep_C12847	1	11.11111111111111
Strep_C12858	1	11.11111111111111
Strep_C12857	1	11.11111111111111
Strep_C12855	1	11.11111111111111
Strep_C12854	1	11.11111111111111
Strep_C12852	1	11.11111111111111
Strep_C12850	1	11.11111111111111
Strep_C1284	1	11.11111111111111
Strep_C12849	1	11.11111111111111
Strep_C12845	1	11.11111111111111
Strep_C12829	1	11.11111111111111
Strep_C12842	1	11.11111111111111
Strep_C12841	1	11.11111111111111
Strep_C12840	1	11.11111111111111
Strep_C1283	1	11.11111111111111
Strep_C12836	1	11.11111111111111
Strep_C12832	1	11.11111111111111
Strep_C12831	1	11.11111111111111
Strep_C12830	1	11.11111111111111
Strep_C12859	1	11.11111111111111
Strep_C12860	1	11.11111111111111
Strep_C12861	1	11.11111111111111
Strep_C1286	1	11.11111111111111
Strep_C12906	1	11.11111111111111
Strep_C12905	1	11.11111111111111
Strep_C12904	1	11.11111111111111
Strep_C12902	1	11.11111111111111
Strep_C12901	1	11.11111111111111
Strep_C128	1	11.11111111111111
Strep_C12899	1	11.11111111111111
Strep_C12898	1	11.11111111111111
Strep_C12897	1	11.11111111111111
Strep_C12896	1	11.11111111111111
Strep_C12894	1	11.11111111111111
Strep_C12892	1	11.11111111111111
Strep_C12888	1	11.11111111111111
Strep_C12887	1	11.11111111111111
Strep_C12886	1	11.11111111111111
Strep_C12876	1	11.11111111111111
Strep_C12875	1	11.11111111111111
Strep_C1282	1	11.11111111111111
Strep_C12828	1	11.11111111111111
Strep_C12756	1	11.11111111111111
Strep_C12766	1	11.11111111111111
Strep_C12779	1	11.11111111111111
Strep_C12778	1	11.11111111111111
Strep_C12777	1	11.11111111111111
Strep_C12775	1	11.11111111111111
Strep_C12774	1	11.11111111111111
Strep_C12773	1	11.11111111111111
Strep_C12769	1	11.11111111111111
Strep_C12768	1	11.11111111111111
Strep_C12765	1	11.11111111111111
Strep_C12827	1	11.11111111111111
Strep_C12764	1	11.11111111111111
Strep_C12763	1	11.11111111111111
Strep_C12762	1	11.11111111111111
Strep_C12761	1	11.11111111111111
Strep_C12760	1	11.11111111111111
Strep_C1275	1	11.11111111111111
Strep_C12759	1	11.11111111111111
Strep_C12757	1	11.11111111111111
Strep_C12781	1	11.11111111111111
Strep_C12782	1	11.11111111111111
Strep_C12783	1	11.11111111111111
Strep_C12786	1	11.11111111111111
Strep_C12826	1	11.11111111111111
Strep_C12825	1	11.11111111111111
Strep_C12824	1	11.11111111111111
Strep_C12823	1	11.11111111111111
Strep_C12820	1	11.11111111111111
Strep_C1281	1	11.11111111111111
Strep_C12816	1	11.11111111111111
Strep_C12814	1	11.11111111111111
Strep_C12811	1	11.11111111111111
Strep_C12804	1	11.11111111111111
Strep_C12803	1	11.11111111111111
Strep_C127	1	11.11111111111111
Strep_C12797	1	11.11111111111111
Strep_C12792	1	11.11111111111111
Strep_C12791	1	11.11111111111111
Strep_C1278	1	11.11111111111111
Strep_C12788	1	11.11111111111111
Strep_C13207	1	11.11111111111111
Strep_C13208	1	11.11111111111111
Strep_C13209	1	11.11111111111111
Strep_C13578	1	11.11111111111111
Strep_C135	1	11.11111111111111
Strep_C13599	1	11.11111111111111
Strep_C13596	1	11.11111111111111
Strep_C13594	1	11.11111111111111
Strep_C13593	1	11.11111111111111
Strep_C13591	1	11.11111111111111
Strep_C13590	1	11.11111111111111
Strep_C13585	1	11.11111111111111
Strep_C13577	1	11.11111111111111
Strep_C13601	1	11.11111111111111
Strep_C13576	1	11.11111111111111
Strep_C13575	1	11.11111111111111
Strep_C13574	1	11.11111111111111
Strep_C13572	1	11.11111111111111
Strep_C13571	1	11.11111111111111
Strep_C13570	1	11.11111111111111
Strep_C13569	1	11.11111111111111
Strep_C13568	1	11.11111111111111
Strep_C13600	1	11.11111111111111
Strep_C13603	1	11.11111111111111
Strep_C1320	1	11.11111111111111
Strep_C13619	1	11.11111111111111
Strep_C13638	1	11.11111111111111
Strep_C13634	1	11.11111111111111
Strep_C13632	1	11.11111111111111
Strep_C13629	1	11.11111111111111
Strep_C13627	1	11.11111111111111
Strep_C13626	1	11.11111111111111
Strep_C13623	1	11.11111111111111
Strep_C1361	1	11.11111111111111
Strep_C13618	1	11.11111111111111
Strep_C13604	1	11.11111111111111
Strep_C13616	1	11.11111111111111
Strep_C13615	1	11.11111111111111
Strep_C1360	1	11.11111111111111
Strep_C13609	1	11.11111111111111
Strep_C13608	1	11.11111111111111
Strep_C13607	1	11.11111111111111
Strep_C13606	1	11.11111111111111
Strep_C13605	1	11.11111111111111
Strep_C13567	1	11.11111111111111
Strep_C13566	1	11.11111111111111
Strep_C13565	1	11.11111111111111
Strep_C13502	1	11.11111111111111
Strep_C13524	1	11.11111111111111
Strep_C13520	1	11.11111111111111
Strep_C13519	1	11.11111111111111
Strep_C13518	1	11.11111111111111
Strep_C13515	1	11.11111111111111
Strep_C13514	1	11.11111111111111
Strep_C13512	1	11.11111111111111
Strep_C13503	1	11.11111111111111
Strep_C13501	1	11.11111111111111
Strep_C13561	1	11.11111111111111
Strep_C13500	1	11.11111111111111
Strep_C134	1	11.11111111111111
Strep_C1349	1	11.11111111111111
Strep_C13499	1	11.11111111111111
Strep_C13498	1	11.11111111111111
Strep_C13497	1	11.11111111111111
Strep_C13496	1	11.11111111111111
Strep_C13494	1	11.11111111111111
Strep_C13526	1	11.11111111111111
Strep_C13528	1	11.11111111111111
Strep_C1352	1	11.11111111111111
Strep_C13530	1	11.11111111111111
Strep_C13560	1	11.11111111111111
Strep_C1355	1	11.11111111111111
Strep_C13558	1	11.11111111111111
Strep_C13557	1	11.11111111111111
Strep_C13554	1	11.11111111111111
Strep_C13553	1	11.11111111111111
Strep_C13552	1	11.11111111111111
Strep_C1354	1	11.11111111111111
Strep_C13547	1	11.11111111111111
Strep_C1353	1	11.11111111111111
Strep_C13538	1	11.11111111111111
Strep_C13537	1	11.11111111111111
Strep_C13536	1	11.11111111111111
Strep_C13534	1	11.11111111111111
Strep_C13533	1	11.11111111111111
Strep_C13532	1	11.11111111111111
Strep_C13531	1	11.11111111111111
Strep_C13639	1	11.11111111111111
Strep_C13640	1	11.11111111111111
Strep_C13642	1	11.11111111111111
Strep_C13732	1	11.11111111111111
Strep_C13748	1	11.11111111111111
Strep_C13747	1	11.11111111111111
Strep_C13746	1	11.11111111111111
Strep_C13745	1	11.11111111111111
Strep_C13744	1	11.11111111111111
Strep_C13739	1	11.11111111111111
Strep_C13734	1	11.11111111111111
Strep_C13733	1	11.11111111111111
Strep_C13726	1	11.11111111111111
Strep_C13711	1	11.11111111111111
Strep_C13723	1	11.11111111111111
Strep_C13722	1	11.11111111111111
Strep_C13721	1	11.11111111111111
Strep_C13719	1	11.11111111111111
Strep_C13717	1	11.11111111111111
Strep_C13716	1	11.11111111111111
Strep_C13715	1	11.11111111111111
Strep_C13714	1	11.11111111111111
Strep_C13750	1	11.11111111111111
Strep_C13751	1	11.11111111111111
Strep_C13752	1	11.11111111111111
Strep_C13753	1	11.11111111111111
Strep_C13792	1	11.11111111111111
Strep_C13791	1	11.11111111111111
Strep_C13785	1	11.11111111111111
Strep_C13784	1	11.11111111111111
Strep_C13781	1	11.11111111111111
Strep_C13779	1	11.11111111111111
Strep_C13778	1	11.11111111111111
Strep_C1376	1	11.11111111111111
Strep_C13768	1	11.11111111111111
Strep_C13767	1	11.11111111111111
Strep_C13766	1	11.11111111111111
Strep_C13763	1	11.11111111111111
Strep_C13761	1	11.11111111111111
Strep_C1375	1	11.11111111111111
Strep_C13758	1	11.11111111111111
Strep_C13756	1	11.11111111111111
Strep_C13755	1	11.11111111111111
Strep_C13712	1	11.11111111111111
Strep_C13710	1	11.11111111111111
Strep_C13643	1	11.11111111111111
Strep_C13656	1	11.11111111111111
Strep_C13669	1	11.11111111111111
Strep_C13668	1	11.11111111111111
Strep_C13666	1	11.11111111111111
Strep_C13663	1	11.11111111111111
Strep_C13662	1	11.11111111111111
Strep_C13660	1	11.11111111111111
Strep_C13659	1	11.11111111111111
Strep_C13657	1	11.11111111111111
Strep_C13655	1	11.11111111111111
Strep_C13708	1	11.11111111111111
Strep_C13654	1	11.11111111111111
Strep_C13653	1	11.11111111111111
Strep_C13652	1	11.11111111111111
Strep_C13650	1	11.11111111111111
Strep_C13648	1	11.11111111111111
Strep_C13647	1	11.11111111111111
Strep_C13645	1	11.11111111111111
Strep_C13644	1	11.11111111111111
Strep_C13672	1	11.11111111111111
Strep_C13673	1	11.11111111111111
Strep_C13678	1	11.11111111111111
Strep_C13680	1	11.11111111111111
Strep_C13707	1	11.11111111111111
Strep_C13706	1	11.11111111111111
Strep_C13700	1	11.11111111111111
Strep_C13698	1	11.11111111111111
Strep_C13697	1	11.11111111111111
Strep_C13694	1	11.11111111111111
Strep_C13693	1	11.11111111111111
Strep_C13690	1	11.11111111111111
Strep_C1368	1	11.11111111111111
Strep_C13689	1	11.11111111111111
Strep_C13688	1	11.11111111111111
Strep_C13687	1	11.11111111111111
Strep_C13686	1	11.11111111111111
Strep_C13684	1	11.11111111111111
Strep_C13683	1	11.11111111111111
Strep_C13682	1	11.11111111111111
Strep_C13681	1	11.11111111111111
Strep_C13493	1	11.11111111111111
Strep_C13492	1	11.11111111111111
Strep_C13491	1	11.11111111111111
Strep_C13310	1	11.11111111111111
Strep_C13324	1	11.11111111111111
Strep_C13323	1	11.11111111111111
Strep_C13321	1	11.11111111111111
Strep_C1331	1	11.11111111111111
Strep_C13314	1	11.11111111111111
Strep_C13313	1	11.11111111111111
Strep_C13312	1	11.11111111111111
Strep_C13311	1	11.11111111111111
Strep_C13309	1	11.11111111111111
Strep_C13299	1	11.11111111111111
Strep_C13308	1	11.11111111111111
Strep_C13307	1	11.11111111111111
Strep_C13306	1	11.11111111111111
Strep_C13304	1	11.11111111111111
Strep_C13303	1	11.11111111111111
Strep_C13302	1	11.11111111111111
Strep_C13301	1	11.11111111111111
Strep_C132	1	11.11111111111111
Strep_C1332	1	11.11111111111111
Strep_C13330	1	11.11111111111111
Strep_C13331	1	11.11111111111111
Strep_C13333	1	11.11111111111111
Strep_C13353	1	11.11111111111111
Strep_C13352	1	11.11111111111111
Strep_C13350	1	11.11111111111111
Strep_C13349	1	11.11111111111111
Strep_C13348	1	11.11111111111111
Strep_C13347	1	11.11111111111111
Strep_C13346	1	11.11111111111111
Strep_C13345	1	11.11111111111111
Strep_C13344	1	11.11111111111111
Strep_C13342	1	11.11111111111111
Strep_C13341	1	11.11111111111111
Strep_C13340	1	11.11111111111111
Strep_C13339	1	11.11111111111111
Strep_C13338	1	11.11111111111111
Strep_C13337	1	11.11111111111111
Strep_C13336	1	11.11111111111111
Strep_C13334	1	11.11111111111111
Strep_C1329	1	11.11111111111111
Strep_C13287	1	11.11111111111111
Strep_C13356	1	11.11111111111111
Strep_C13221	1	11.11111111111111
Strep_C13238	1	11.11111111111111
Strep_C13236	1	11.11111111111111
Strep_C13235	1	11.11111111111111
Strep_C13234	1	11.11111111111111
Strep_C13233	1	11.11111111111111
Strep_C13232	1	11.11111111111111
Strep_C13228	1	11.11111111111111
Strep_C13226	1	11.11111111111111
Strep_C1321	1	11.11111111111111
Strep_C13285	1	11.11111111111111
Strep_C13219	1	11.11111111111111
Strep_C13217	1	11.11111111111111
Strep_C13215	1	11.11111111111111
Strep_C13214	1	11.11111111111111
Strep_C13213	1	11.11111111111111
Strep_C13212	1	11.11111111111111
Strep_C13211	1	11.11111111111111
Strep_C13210	1	11.11111111111111
Strep_C13239	1	11.11111111111111
Strep_C1323	1	11.11111111111111
Strep_C13241	1	11.11111111111111
Strep_C13242	1	11.11111111111111
Strep_C13284	1	11.11111111111111
Strep_C13281	1	11.11111111111111
Strep_C13280	1	11.11111111111111
Strep_C1327	1	11.11111111111111
Strep_C13279	1	11.11111111111111
Strep_C13277	1	11.11111111111111
Strep_C13276	1	11.11111111111111
Strep_C13275	1	11.11111111111111
Strep_C13274	1	11.11111111111111
Strep_C13273	1	11.11111111111111
Strep_C13272	1	11.11111111111111
Strep_C13267	1	11.11111111111111
Strep_C13260	1	11.11111111111111
Strep_C1325	1	11.11111111111111
Strep_C13259	1	11.11111111111111
Strep_C13251	1	11.11111111111111
Strep_C13247	1	11.11111111111111
Strep_C13355	1	11.11111111111111
Strep_C13357	1	11.11111111111111
Strep_C13489	1	11.11111111111111
Strep_C13438	1	11.11111111111111
Strep_C13450	1	11.11111111111111
Strep_C1344	1	11.11111111111111
Strep_C13449	1	11.11111111111111
Strep_C13448	1	11.11111111111111
Strep_C13446	1	11.11111111111111
Strep_C13445	1	11.11111111111111
Strep_C13442	1	11.11111111111111
Strep_C13441	1	11.11111111111111
Strep_C13436	1	11.11111111111111
Strep_C13423	1	11.11111111111111
Strep_C13435	1	11.11111111111111
Strep_C13434	1	11.11111111111111
Strep_C13430	1	11.11111111111111
Strep_C1342	1	11.11111111111111
Strep_C13429	1	11.11111111111111
Strep_C13428	1	11.11111111111111
Strep_C13427	1	11.11111111111111
Strep_C13425	1	11.11111111111111
Strep_C13451	1	11.11111111111111
Strep_C13452	1	11.11111111111111
Strep_C13453	1	11.11111111111111
Strep_C13454	1	11.11111111111111
Strep_C13488	1	11.11111111111111
Strep_C13487	1	11.11111111111111
Strep_C13485	1	11.11111111111111
Strep_C13483	1	11.11111111111111
Strep_C13482	1	11.11111111111111
Strep_C13480	1	11.11111111111111
Strep_C1347	1	11.11111111111111
Strep_C13477	1	11.11111111111111
Strep_C13472	1	11.11111111111111
Strep_C13471	1	11.11111111111111
Strep_C1346	1	11.11111111111111
Strep_C13460	1	11.11111111111111
Strep_C1345	1	11.11111111111111
Strep_C13459	1	11.11111111111111
Strep_C13458	1	11.11111111111111
Strep_C13457	1	11.11111111111111
Strep_C13455	1	11.11111111111111
Strep_C13424	1	11.11111111111111
Strep_C13422	1	11.11111111111111
Strep_C13358	1	11.11111111111111
Strep_C13375	1	11.11111111111111
Strep_C13385	1	11.11111111111111
Strep_C13384	1	11.11111111111111
Strep_C13383	1	11.11111111111111
Strep_C13382	1	11.11111111111111
Strep_C13381	1	11.11111111111111
Strep_C13380	1	11.11111111111111
Strep_C13378	1	11.11111111111111
Strep_C13376	1	11.11111111111111
Strep_C13373	1	11.11111111111111
Strep_C13421	1	11.11111111111111
Strep_C1336	1	11.11111111111111
Strep_C13367	1	11.11111111111111
Strep_C13366	1	11.11111111111111
Strep_C13364	1	11.11111111111111
Strep_C13363	1	11.11111111111111
Strep_C13361	1	11.11111111111111
Strep_C13360	1	11.11111111111111
Strep_C13359	1	11.11111111111111
Strep_C13388	1	11.11111111111111
Strep_C13389	1	11.11111111111111
Strep_C13390	1	11.11111111111111
Strep_C13391	1	11.11111111111111
Strep_C13420	1	11.11111111111111
Strep_C13419	1	11.11111111111111
Strep_C13418	1	11.11111111111111
Strep_C13417	1	11.11111111111111
Strep_C13414	1	11.11111111111111
Strep_C13413	1	11.11111111111111
Strep_C13412	1	11.11111111111111
Strep_C13411	1	11.11111111111111
Strep_C13410	1	11.11111111111111
Strep_C1340	1	11.11111111111111
Strep_C13409	1	11.11111111111111
Strep_C13406	1	11.11111111111111
Strep_C13405	1	11.11111111111111
Strep_C13404	1	11.11111111111111
Strep_C13402	1	11.11111111111111
Strep_C13401	1	11.11111111111111
Strep_C133	1	11.11111111111111
Strep_C19521	1	11.11111111111111
Strep_C19526	1	11.11111111111111
Strep_C27405	1	11.11111111111111
Strep_C24940	1	11.11111111111111
Strep_C24948	1	11.11111111111111
Strep_C24947	1	11.11111111111111
Strep_C24946	1	11.11111111111111
Strep_C24945	1	11.11111111111111
Strep_C24944	1	11.11111111111111
Strep_C24943	1	11.11111111111111
Strep_C24942	1	11.11111111111111
Strep_C24941	1	11.11111111111111
Strep_C2493	1	11.11111111111111
Strep_C24950	1	11.11111111111111
Strep_C24939	1	11.11111111111111
Strep_C24935	1	11.11111111111111
Strep_C24932	1	11.11111111111111
Strep_C24925	1	11.11111111111111
Strep_C24924	1	11.11111111111111
Strep_C24923	1	11.11111111111111
Strep_C24922	1	11.11111111111111
Strep_C24920	1	11.11111111111111
Strep_C24949	1	11.11111111111111
Strep_C24951	1	11.11111111111111
Strep_C2485	1	11.11111111111111
Strep_C24964	1	11.11111111111111
Strep_C24974	1	11.11111111111111
Strep_C24973	1	11.11111111111111
Strep_C24972	1	11.11111111111111
Strep_C24971	1	11.11111111111111
Strep_C24970	1	11.11111111111111
Strep_C24969	1	11.11111111111111
Strep_C24968	1	11.11111111111111
Strep_C24966	1	11.11111111111111
Strep_C24961	1	11.11111111111111
Strep_C24952	1	11.11111111111111
Strep_C24960	1	11.11111111111111
Strep_C24959	1	11.11111111111111
Strep_C24958	1	11.11111111111111
Strep_C24957	1	11.11111111111111
Strep_C24956	1	11.11111111111111
Strep_C24955	1	11.11111111111111
Strep_C24954	1	11.11111111111111
Strep_C24953	1	11.11111111111111
Strep_C2491	1	11.11111111111111
Strep_C24918	1	11.11111111111111
Strep_C24917	1	11.11111111111111
Strep_C24877	1	11.11111111111111
Strep_C24885	1	11.11111111111111
Strep_C24884	1	11.11111111111111
Strep_C24883	1	11.11111111111111
Strep_C24882	1	11.11111111111111
Strep_C24880	1	11.11111111111111
Strep_C2487	1	11.11111111111111
Strep_C24879	1	11.11111111111111
Strep_C24878	1	11.11111111111111
Strep_C24876	1	11.11111111111111
Strep_C24916	1	11.11111111111111
Strep_C24875	1	11.11111111111111
Strep_C24874	1	11.11111111111111
Strep_C24872	1	11.11111111111111
Strep_C24871	1	11.11111111111111
Strep_C24870	1	11.11111111111111
Strep_C24868	1	11.11111111111111
Strep_C24867	1	11.11111111111111
Strep_C24866	1	11.11111111111111
Strep_C24886	1	11.11111111111111
Strep_C24887	1	11.11111111111111
Strep_C24888	1	11.11111111111111
Strep_C24889	1	11.11111111111111
Strep_C24915	1	11.11111111111111
Strep_C24913	1	11.11111111111111
Strep_C24912	1	11.11111111111111
Strep_C24911	1	11.11111111111111
Strep_C24910	1	11.11111111111111
Strep_C24907	1	11.11111111111111
Strep_C24906	1	11.11111111111111
Strep_C24904	1	11.11111111111111
Strep_C24901	1	11.11111111111111
Strep_C2489	1	11.11111111111111
Strep_C24899	1	11.11111111111111
Strep_C24898	1	11.11111111111111
Strep_C24895	1	11.11111111111111
Strep_C24894	1	11.11111111111111
Strep_C24892	1	11.11111111111111
Strep_C24891	1	11.11111111111111
Strep_C24890	1	11.11111111111111
Strep_C24975	1	11.11111111111111
Strep_C24976	1	11.11111111111111
Strep_C24977	1	11.11111111111111
Strep_C25056	1	11.11111111111111
Strep_C25065	1	11.11111111111111
Strep_C25064	1	11.11111111111111
Strep_C25063	1	11.11111111111111
Strep_C25062	1	11.11111111111111
Strep_C25061	1	11.11111111111111
Strep_C25060	1	11.11111111111111
Strep_C25058	1	11.11111111111111
Strep_C25057	1	11.11111111111111
Strep_C25054	1	11.11111111111111
Strep_C25035	1	11.11111111111111
Strep_C25052	1	11.11111111111111
Strep_C25050	1	11.11111111111111
Strep_C2504	1	11.11111111111111
Strep_C25049	1	11.11111111111111
Strep_C25043	1	11.11111111111111
Strep_C25041	1	11.11111111111111
Strep_C25040	1	11.11111111111111
Strep_C25039	1	11.11111111111111
Strep_C25066	1	11.11111111111111
Strep_C25067	1	11.11111111111111
Strep_C25068	1	11.11111111111111
Strep_C25069	1	11.11111111111111
Strep_C25093	1	11.11111111111111
Strep_C25092	1	11.11111111111111
Strep_C25091	1	11.11111111111111
Strep_C25090	1	11.11111111111111
Strep_C2508	1	11.11111111111111
Strep_C25089	1	11.11111111111111
Strep_C25088	1	11.11111111111111
Strep_C25087	1	11.11111111111111
Strep_C25085	1	11.11111111111111
Strep_C25083	1	11.11111111111111
Strep_C25080	1	11.11111111111111
Strep_C25076	1	11.11111111111111
Strep_C25075	1	11.11111111111111
Strep_C25074	1	11.11111111111111
Strep_C25072	1	11.11111111111111
Strep_C25071	1	11.11111111111111
Strep_C25070	1	11.11111111111111
Strep_C25037	1	11.11111111111111
Strep_C25034	1	11.11111111111111
Strep_C24978	1	11.11111111111111
Strep_C2499	1	11.11111111111111
Strep_C25006	1	11.11111111111111
Strep_C25005	1	11.11111111111111
Strep_C25003	1	11.11111111111111
Strep_C25002	1	11.11111111111111
Strep_C25001	1	11.11111111111111
Strep_C25000	1	11.11111111111111
Strep_C24	1	11.11111111111111
Strep_C249	1	11.11111111111111
Strep_C24997	1	11.11111111111111
Strep_C25033	1	11.11111111111111
Strep_C24988	1	11.11111111111111
Strep_C24985	1	11.11111111111111
Strep_C24984	1	11.11111111111111
Strep_C24983	1	11.11111111111111
Strep_C24982	1	11.11111111111111
Strep_C24980	1	11.11111111111111
Strep_C2497	1	11.11111111111111
Strep_C24979	1	11.11111111111111
Strep_C25007	1	11.11111111111111
Strep_C25008	1	11.11111111111111
Strep_C25009	1	11.11111111111111
Strep_C25013	1	11.11111111111111
Strep_C25032	1	11.11111111111111
Strep_C25031	1	11.11111111111111
Strep_C25030	1	11.11111111111111
Strep_C2502	1	11.11111111111111
Strep_C25029	1	11.11111111111111
Strep_C25028	1	11.11111111111111
Strep_C25027	1	11.11111111111111
Strep_C25026	1	11.11111111111111
Strep_C25025	1	11.11111111111111
Strep_C25021	1	11.11111111111111
Strep_C25020	1	11.11111111111111
Strep_C2501	1	11.11111111111111
Strep_C25018	1	11.11111111111111
Strep_C25017	1	11.11111111111111
Strep_C25016	1	11.11111111111111
Strep_C25015	1	11.11111111111111
Strep_C25014	1	11.11111111111111
Strep_C24864	1	11.11111111111111
Strep_C24859	1	11.11111111111111
Strep_C25095	1	11.11111111111111
Strep_C24684	1	11.11111111111111
Strep_C24701	1	11.11111111111111
Strep_C2469	1	11.11111111111111
Strep_C24699	1	11.11111111111111
Strep_C24698	1	11.11111111111111
Strep_C24697	1	11.11111111111111
Strep_C24695	1	11.11111111111111
Strep_C24693	1	11.11111111111111
Strep_C2468	1	11.11111111111111
Strep_C24683	1	11.11111111111111
Strep_C24703	1	11.11111111111111
Strep_C24682	1	11.11111111111111
Strep_C24681	1	11.11111111111111
Strep_C24680	1	11.11111111111111
Strep_C24679	1	11.11111111111111
Strep_C24678	1	11.11111111111111
Strep_C24677	1	11.11111111111111
Strep_C24675	1	11.11111111111111
Strep_C24674	1	11.11111111111111
Strep_C24702	1	11.11111111111111
Strep_C24704	1	11.11111111111111
Strep_C24858	1	11.11111111111111
Strep_C24717	1	11.11111111111111
Strep_C24730	1	11.11111111111111
Strep_C24727	1	11.11111111111111
Strep_C24726	1	11.11111111111111
Strep_C24722	1	11.11111111111111
Strep_C24721	1	11.11111111111111
Strep_C24720	1	11.11111111111111
Strep_C24719	1	11.11111111111111
Strep_C24718	1	11.11111111111111
Strep_C24716	1	11.11111111111111
Strep_C24705	1	11.11111111111111
Strep_C24715	1	11.11111111111111
Strep_C24713	1	11.11111111111111
Strep_C24712	1	11.11111111111111
Strep_C24710	1	11.11111111111111
Strep_C2470	1	11.11111111111111
Strep_C24709	1	11.11111111111111
Strep_C24708	1	11.11111111111111
Strep_C24707	1	11.11111111111111
Strep_C24673	1	11.11111111111111
Strep_C24672	1	11.11111111111111
Strep_C24671	1	11.11111111111111
Strep_C24614	1	11.11111111111111
Strep_C24636	1	11.11111111111111
Strep_C24635	1	11.11111111111111
Strep_C24633	1	11.11111111111111
Strep_C24630	1	11.11111111111111
Strep_C24628	1	11.11111111111111
Strep_C24627	1	11.11111111111111
Strep_C24626	1	11.11111111111111
Strep_C24622	1	11.11111111111111
Strep_C2460	1	11.11111111111111
Strep_C24670	1	11.11111111111111
Strep_C24608	1	11.11111111111111
Strep_C24606	1	11.11111111111111
Strep_C24605	1	11.11111111111111
Strep_C24604	1	11.11111111111111
Strep_C24603	1	11.11111111111111
Strep_C24602	1	11.11111111111111
Strep_C24601	1	11.11111111111111
Strep_C24600	1	11.11111111111111
Strep_C24637	1	11.11111111111111
Strep_C24638	1	11.11111111111111
Strep_C24639	1	11.11111111111111
Strep_C24640	1	11.11111111111111
Strep_C24669	1	11.11111111111111
Strep_C24668	1	11.11111111111111
Strep_C24667	1	11.11111111111111
Strep_C24666	1	11.11111111111111
Strep_C24662	1	11.11111111111111
Strep_C2465	1	11.11111111111111
Strep_C24658	1	11.11111111111111
Strep_C24656	1	11.11111111111111
Strep_C24655	1	11.11111111111111
Strep_C24654	1	11.11111111111111
Strep_C24652	1	11.11111111111111
Strep_C24651	1	11.11111111111111
Strep_C2464	1	11.11111111111111
Strep_C24645	1	11.11111111111111
Strep_C24644	1	11.11111111111111
Strep_C24642	1	11.11111111111111
Strep_C24641	1	11.11111111111111
Strep_C24733	1	11.11111111111111
Strep_C24736	1	11.11111111111111
Strep_C24737	1	11.11111111111111
Strep_C24808	1	11.11111111111111
Strep_C24822	1	11.11111111111111
Strep_C24818	1	11.11111111111111
Strep_C24816	1	11.11111111111111
Strep_C24815	1	11.11111111111111
Strep_C24814	1	11.11111111111111
Strep_C24811	1	11.11111111111111
Strep_C2480	1	11.11111111111111
Strep_C24809	1	11.11111111111111
Strep_C24806	1	11.11111111111111
Strep_C24798	1	11.11111111111111
Strep_C24805	1	11.11111111111111
Strep_C24804	1	11.11111111111111
Strep_C24803	1	11.11111111111111
Strep_C24802	1	11.11111111111111
Strep_C24801	1	11.11111111111111
Strep_C24800	1	11.11111111111111
Strep_C247	1	11.11111111111111
Strep_C2479	1	11.11111111111111
Strep_C24825	1	11.11111111111111
Strep_C24826	1	11.11111111111111
Strep_C24827	1	11.11111111111111
Strep_C24831	1	11.11111111111111
Strep_C24856	1	11.11111111111111
Strep_C24854	1	11.11111111111111
Strep_C24846	1	11.11111111111111
Strep_C24845	1	11.11111111111111
Strep_C24844	1	11.11111111111111
Strep_C24843	1	11.11111111111111
Strep_C24842	1	11.11111111111111
Strep_C24841	1	11.11111111111111
Strep_C24840	1	11.11111111111111
Strep_C24839	1	11.11111111111111
Strep_C24838	1	11.11111111111111
Strep_C24837	1	11.11111111111111
Strep_C24836	1	11.11111111111111
Strep_C24835	1	11.11111111111111
Strep_C24834	1	11.11111111111111
Strep_C24833	1	11.11111111111111
Strep_C24832	1	11.11111111111111
Strep_C24799	1	11.11111111111111
Strep_C24797	1	11.11111111111111
Strep_C2473	1	11.11111111111111
Strep_C24751	1	11.11111111111111
Strep_C24760	1	11.11111111111111
Strep_C24759	1	11.11111111111111
Strep_C24757	1	11.11111111111111
Strep_C24756	1	11.11111111111111
Strep_C24755	1	11.11111111111111
Strep_C24754	1	11.11111111111111
Strep_C24753	1	11.11111111111111
Strep_C24752	1	11.11111111111111
Strep_C24750	1	11.11111111111111
Strep_C24796	1	11.11111111111111
Strep_C2474	1	11.11111111111111
Strep_C24749	1	11.11111111111111
Strep_C24748	1	11.11111111111111
Strep_C24747	1	11.11111111111111
Strep_C24745	1	11.11111111111111
Strep_C24744	1	11.11111111111111
Strep_C24741	1	11.11111111111111
Strep_C24740	1	11.11111111111111
Strep_C24761	1	11.11111111111111
Strep_C24762	1	11.11111111111111
Strep_C24763	1	11.11111111111111
Strep_C24764	1	11.11111111111111
Strep_C24795	1	11.11111111111111
Strep_C24794	1	11.11111111111111
Strep_C24793	1	11.11111111111111
Strep_C24788	1	11.11111111111111
Strep_C24787	1	11.11111111111111
Strep_C24786	1	11.11111111111111
Strep_C24784	1	11.11111111111111
Strep_C24783	1	11.11111111111111
Strep_C24782	1	11.11111111111111
Strep_C24781	1	11.11111111111111
Strep_C24780	1	11.11111111111111
Strep_C2477	1	11.11111111111111
Strep_C24777	1	11.11111111111111
Strep_C24776	1	11.11111111111111
Strep_C2476	1	11.11111111111111
Strep_C24766	1	11.11111111111111
Strep_C24765	1	11.11111111111111
Strep_C25094	1	11.11111111111111
Strep_C25097	1	11.11111111111111
Strep_C2459	1	11.11111111111111
Strep_C25420	1	11.11111111111111
Strep_C25432	1	11.11111111111111
Strep_C25431	1	11.11111111111111
Strep_C25430	1	11.11111111111111
Strep_C25425	1	11.11111111111111
Strep_C25424	1	11.11111111111111
Strep_C25423	1	11.11111111111111
Strep_C25422	1	11.11111111111111
Strep_C25421	1	11.11111111111111
Strep_C2541	1	11.11111111111111
Strep_C25440	1	11.11111111111111
Strep_C25419	1	11.11111111111111
Strep_C25418	1	11.11111111111111
Strep_C25417	1	11.11111111111111
Strep_C25416	1	11.11111111111111
Strep_C25415	1	11.11111111111111
Strep_C25413	1	11.11111111111111
Strep_C25412	1	11.11111111111111
Strep_C25411	1	11.11111111111111
Strep_C25439	1	11.11111111111111
Strep_C25442	1	11.11111111111111
Strep_C25347	1	11.11111111111111
Strep_C25459	1	11.11111111111111
Strep_C25470	1	11.11111111111111
Strep_C25469	1	11.11111111111111
Strep_C25468	1	11.11111111111111
Strep_C25467	1	11.11111111111111
Strep_C25465	1	11.11111111111111
Strep_C25463	1	11.11111111111111
Strep_C25460	1	11.11111111111111
Strep_C2545	1	11.11111111111111
Strep_C25456	1	11.11111111111111
Strep_C25443	1	11.11111111111111
Strep_C25455	1	11.11111111111111
Strep_C25454	1	11.11111111111111
Strep_C25453	1	11.11111111111111
Strep_C25451	1	11.11111111111111
Strep_C25450	1	11.11111111111111
Strep_C2544	1	11.11111111111111
Strep_C25447	1	11.11111111111111
Strep_C25445	1	11.11111111111111
Strep_C25410	1	11.11111111111111
Strep_C25409	1	11.11111111111111
Strep_C25408	1	11.11111111111111
Strep_C25363	1	11.11111111111111
Strep_C25374	1	11.11111111111111
Strep_C25373	1	11.11111111111111
Strep_C25372	1	11.11111111111111
Strep_C25371	1	11.11111111111111
Strep_C25370	1	11.11111111111111
Strep_C25368	1	11.11111111111111
Strep_C25365	1	11.11111111111111
Strep_C25364	1	11.11111111111111
Strep_C25362	1	11.11111111111111
Strep_C25406	1	11.11111111111111
Strep_C25360	1	11.11111111111111
Strep_C25359	1	11.11111111111111
Strep_C25354	1	11.11111111111111
Strep_C25353	1	11.11111111111111
Strep_C25352	1	11.11111111111111
Strep_C25351	1	11.11111111111111
Strep_C25350	1	11.11111111111111
Strep_C25349	1	11.11111111111111
Strep_C25375	1	11.11111111111111
Strep_C25376	1	11.11111111111111
Strep_C25377	1	11.11111111111111
Strep_C25378	1	11.11111111111111
Strep_C25403	1	11.11111111111111
Strep_C25401	1	11.11111111111111
Strep_C25400	1	11.11111111111111
Strep_C25391	1	11.11111111111111
Strep_C25390	1	11.11111111111111
Strep_C2538	1	11.11111111111111
Strep_C25389	1	11.11111111111111
Strep_C25388	1	11.11111111111111
Strep_C25387	1	11.11111111111111
Strep_C25386	1	11.11111111111111
Strep_C25384	1	11.11111111111111
Strep_C25383	1	11.11111111111111
Strep_C25382	1	11.11111111111111
Strep_C25381	1	11.11111111111111
Strep_C25380	1	11.11111111111111
Strep_C2537	1	11.11111111111111
Strep_C25379	1	11.11111111111111
Strep_C25471	1	11.11111111111111
Strep_C25472	1	11.11111111111111
Strep_C25473	1	11.11111111111111
Strep_C25556	1	11.11111111111111
Strep_C25566	1	11.11111111111111
Strep_C25564	1	11.11111111111111
Strep_C25563	1	11.11111111111111
Strep_C25562	1	11.11111111111111
Strep_C25560	1	11.11111111111111
Strep_C25559	1	11.11111111111111
Strep_C25558	1	11.11111111111111
Strep_C25557	1	11.11111111111111
Strep_C25555	1	11.11111111111111
Strep_C25537	1	11.11111111111111
Strep_C25554	1	11.11111111111111
Strep_C2554	1	11.11111111111111
Strep_C25543	1	11.11111111111111
Strep_C25542	1	11.11111111111111
Strep_C25541	1	11.11111111111111
Strep_C25540	1	11.11111111111111
Strep_C2553	1	11.11111111111111
Strep_C25539	1	11.11111111111111
Strep_C25567	1	11.11111111111111
Strep_C25568	1	11.11111111111111
Strep_C25569	1	11.11111111111111
Strep_C2556	1	11.11111111111111
Strep_C25592	1	11.11111111111111
Strep_C25590	1	11.11111111111111
Strep_C2558	1	11.11111111111111
Strep_C25586	1	11.11111111111111
Strep_C25583	1	11.11111111111111
Strep_C25582	1	11.11111111111111
Strep_C25581	1	11.11111111111111
Strep_C25580	1	11.11111111111111
Strep_C25578	1	11.11111111111111
Strep_C25577	1	11.11111111111111
Strep_C25576	1	11.11111111111111
Strep_C25575	1	11.11111111111111
Strep_C25574	1	11.11111111111111
Strep_C25573	1	11.11111111111111
Strep_C25572	1	11.11111111111111
Strep_C25571	1	11.11111111111111
Strep_C25570	1	11.11111111111111
Strep_C25538	1	11.11111111111111
Strep_C25536	1	11.11111111111111
Strep_C25476	1	11.11111111111111
Strep_C25489	1	11.11111111111111
Strep_C25498	1	11.11111111111111
Strep_C25497	1	11.11111111111111
Strep_C25496	1	11.11111111111111
Strep_C25495	1	11.11111111111111
Strep_C25494	1	11.11111111111111
Strep_C25493	1	11.11111111111111
Strep_C25491	1	11.11111111111111
Strep_C25490	1	11.11111111111111
Strep_C25488	1	11.11111111111111
Strep_C25535	1	11.11111111111111
Strep_C25487	1	11.11111111111111
Strep_C25486	1	11.11111111111111
Strep_C25485	1	11.11111111111111
Strep_C25484	1	11.11111111111111
Strep_C25481	1	11.11111111111111
Strep_C25480	1	11.11111111111111
Strep_C25478	1	11.11111111111111
Strep_C25477	1	11.11111111111111
Strep_C254	1	11.11111111111111
Strep_C25500	1	11.11111111111111
Strep_C25501	1	11.11111111111111
Strep_C25502	1	11.11111111111111
Strep_C25534	1	11.11111111111111
Strep_C25533	1	11.11111111111111
Strep_C25531	1	11.11111111111111
Strep_C25530	1	11.11111111111111
Strep_C25529	1	11.11111111111111
Strep_C25528	1	11.11111111111111
Strep_C25527	1	11.11111111111111
Strep_C25524	1	11.11111111111111
Strep_C25520	1	11.11111111111111
Strep_C25519	1	11.11111111111111
Strep_C25516	1	11.11111111111111
Strep_C25513	1	11.11111111111111
Strep_C25511	1	11.11111111111111
Strep_C25510	1	11.11111111111111
Strep_C25509	1	11.11111111111111
Strep_C25508	1	11.11111111111111
Strep_C25503	1	11.11111111111111
Strep_C25348	1	11.11111111111111
Strep_C25346	1	11.11111111111111
Strep_C250	1	11.11111111111111
Strep_C25180	1	11.11111111111111
Strep_C25189	1	11.11111111111111
Strep_C25187	1	11.11111111111111
Strep_C25186	1	11.11111111111111
Strep_C25185	1	11.11111111111111
Strep_C25184	1	11.11111111111111
Strep_C25183	1	11.11111111111111
Strep_C25182	1	11.11111111111111
Strep_C25181	1	11.11111111111111
Strep_C2517	1	11.11111111111111
Strep_C25191	1	11.11111111111111
Strep_C25179	1	11.11111111111111
Strep_C25178	1	11.11111111111111
Strep_C25177	1	11.11111111111111
Strep_C25176	1	11.11111111111111
Strep_C25174	1	11.11111111111111
Strep_C25173	1	11.11111111111111
Strep_C25172	1	11.11111111111111
Strep_C25170	1	11.11111111111111
Strep_C25190	1	11.11111111111111
Strep_C25193	1	11.11111111111111
Strep_C25345	1	11.11111111111111
Strep_C25216	1	11.11111111111111
Strep_C25224	1	11.11111111111111
Strep_C25223	1	11.11111111111111
Strep_C25222	1	11.11111111111111
Strep_C25221	1	11.11111111111111
Strep_C25220	1	11.11111111111111
Strep_C25219	1	11.11111111111111
Strep_C25218	1	11.11111111111111
Strep_C25217	1	11.11111111111111
Strep_C25214	1	11.11111111111111
Strep_C25194	1	11.11111111111111
Strep_C25213	1	11.11111111111111
Strep_C25211	1	11.11111111111111
Strep_C25210	1	11.11111111111111
Strep_C25207	1	11.11111111111111
Strep_C25206	1	11.11111111111111
Strep_C25204	1	11.11111111111111
Strep_C25200	1	11.11111111111111
Strep_C251	1	11.11111111111111
Strep_C2516	1	11.11111111111111
Strep_C25169	1	11.11111111111111
Strep_C25168	1	11.11111111111111
Strep_C2510	1	11.11111111111111
Strep_C25129	1	11.11111111111111
Strep_C25125	1	11.11111111111111
Strep_C25122	1	11.11111111111111
Strep_C25121	1	11.11111111111111
Strep_C25120	1	11.11111111111111
Strep_C25119	1	11.11111111111111
Strep_C25116	1	11.11111111111111
Strep_C25111	1	11.11111111111111
Strep_C25109	1	11.11111111111111
Strep_C25167	1	11.11111111111111
Strep_C25108	1	11.11111111111111
Strep_C25107	1	11.11111111111111
Strep_C25105	1	11.11111111111111
Strep_C25104	1	11.11111111111111
Strep_C25103	1	11.11111111111111
Strep_C25102	1	11.11111111111111
Strep_C25101	1	11.11111111111111
Strep_C25100	1	11.11111111111111
Strep_C25130	1	11.11111111111111
Strep_C25131	1	11.11111111111111
Strep_C25132	1	11.11111111111111
Strep_C25133	1	11.11111111111111
Strep_C25166	1	11.11111111111111
Strep_C25164	1	11.11111111111111
Strep_C25162	1	11.11111111111111
Strep_C25161	1	11.11111111111111
Strep_C25160	1	11.11111111111111
Strep_C25158	1	11.11111111111111
Strep_C25157	1	11.11111111111111
Strep_C25155	1	11.11111111111111
Strep_C25148	1	11.11111111111111
Strep_C25143	1	11.11111111111111
Strep_C25141	1	11.11111111111111
Strep_C25140	1	11.11111111111111
Strep_C2513	1	11.11111111111111
Strep_C25138	1	11.11111111111111
Strep_C25137	1	11.11111111111111
Strep_C25135	1	11.11111111111111
Strep_C25134	1	11.11111111111111
Strep_C25225	1	11.11111111111111
Strep_C25226	1	11.11111111111111
Strep_C25227	1	11.11111111111111
Strep_C25303	1	11.11111111111111
Strep_C25312	1	11.11111111111111
Strep_C25311	1	11.11111111111111
Strep_C25310	1	11.11111111111111
Strep_C25309	1	11.11111111111111
Strep_C25308	1	11.11111111111111
Strep_C25306	1	11.11111111111111
Strep_C25305	1	11.11111111111111
Strep_C25304	1	11.11111111111111
Strep_C25300	1	11.11111111111111
Strep_C2527	1	11.11111111111111
Strep_C252	1	11.11111111111111
Strep_C2529	1	11.11111111111111
Strep_C25295	1	11.11111111111111
Strep_C25294	1	11.11111111111111
Strep_C25293	1	11.11111111111111
Strep_C25283	1	11.11111111111111
Strep_C25282	1	11.11111111111111
Strep_C25281	1	11.11111111111111
Strep_C25313	1	11.11111111111111
Strep_C25314	1	11.11111111111111
Strep_C25315	1	11.11111111111111
Strep_C25316	1	11.11111111111111
Strep_C25344	1	11.11111111111111
Strep_C25343	1	11.11111111111111
Strep_C25341	1	11.11111111111111
Strep_C25340	1	11.11111111111111
Strep_C2533	1	11.11111111111111
Strep_C25339	1	11.11111111111111
Strep_C25337	1	11.11111111111111
Strep_C25336	1	11.11111111111111
Strep_C25335	1	11.11111111111111
Strep_C25334	1	11.11111111111111
Strep_C25332	1	11.11111111111111
Strep_C25331	1	11.11111111111111
Strep_C25329	1	11.11111111111111
Strep_C25326	1	11.11111111111111
Strep_C2531	1	11.11111111111111
Strep_C25318	1	11.11111111111111
Strep_C25317	1	11.11111111111111
Strep_C25280	1	11.11111111111111
Strep_C25279	1	11.11111111111111
Strep_C25228	1	11.11111111111111
Strep_C25237	1	11.11111111111111
Strep_C25256	1	11.11111111111111
Strep_C2524	1	11.11111111111111
Strep_C25249	1	11.11111111111111
Strep_C25245	1	11.11111111111111
Strep_C25244	1	11.11111111111111
Strep_C25243	1	11.11111111111111
Strep_C25242	1	11.11111111111111
Strep_C25238	1	11.11111111111111
Strep_C25236	1	11.11111111111111
Strep_C25278	1	11.11111111111111
Strep_C25235	1	11.11111111111111
Strep_C25234	1	11.11111111111111
Strep_C25233	1	11.11111111111111
Strep_C25232	1	11.11111111111111
Strep_C25231	1	11.11111111111111
Strep_C25230	1	11.11111111111111
Strep_C2522	1	11.11111111111111
Strep_C25229	1	11.11111111111111
Strep_C25257	1	11.11111111111111
Strep_C25258	1	11.11111111111111
Strep_C25259	1	11.11111111111111
Strep_C25260	1	11.11111111111111
Strep_C25277	1	11.11111111111111
Strep_C25275	1	11.11111111111111
Strep_C25274	1	11.11111111111111
Strep_C25273	1	11.11111111111111
Strep_C25272	1	11.11111111111111
Strep_C25271	1	11.11111111111111
Strep_C25270	1	11.11111111111111
Strep_C2526	1	11.11111111111111
Strep_C25269	1	11.11111111111111
Strep_C25268	1	11.11111111111111
Strep_C25267	1	11.11111111111111
Strep_C25266	1	11.11111111111111
Strep_C25265	1	11.11111111111111
Strep_C25264	1	11.11111111111111
Strep_C25263	1	11.11111111111111
Strep_C25262	1	11.11111111111111
Strep_C25261	1	11.11111111111111
Strep_C245	1	11.11111111111111
Strep_C24599	1	11.11111111111111
Strep_C19527	1	11.11111111111111
Strep_C23945	1	11.11111111111111
Strep_C23952	1	11.11111111111111
Strep_C23951	1	11.11111111111111
Strep_C23950	1	11.11111111111111
Strep_C2394	1	11.11111111111111
Strep_C23949	1	11.11111111111111
Strep_C23948	1	11.11111111111111
Strep_C23947	1	11.11111111111111
Strep_C23946	1	11.11111111111111
Strep_C23941	1	11.11111111111111
Strep_C2395	1	11.11111111111111
Strep_C23940	1	11.11111111111111
Strep_C2393	1	11.11111111111111
Strep_C23938	1	11.11111111111111
Strep_C23937	1	11.11111111111111
Strep_C23936	1	11.11111111111111
Strep_C23933	1	11.11111111111111
Strep_C23929	1	11.11111111111111
Strep_C23928	1	11.11111111111111
Strep_C23959	1	11.11111111111111
Strep_C23961	1	11.11111111111111
Strep_C2384	1	11.11111111111111
Strep_C23974	1	11.11111111111111
Strep_C23983	1	11.11111111111111
Strep_C23982	1	11.11111111111111
Strep_C23981	1	11.11111111111111
Strep_C23980	1	11.11111111111111
Strep_C2397	1	11.11111111111111
Strep_C23979	1	11.11111111111111
Strep_C23977	1	11.11111111111111
Strep_C23976	1	11.11111111111111
Strep_C23973	1	11.11111111111111
Strep_C23964	1	11.11111111111111
Strep_C23972	1	11.11111111111111
Strep_C23971	1	11.11111111111111
Strep_C23970	1	11.11111111111111
Strep_C2396	1	11.11111111111111
Strep_C23969	1	11.11111111111111
Strep_C23968	1	11.11111111111111
Strep_C23966	1	11.11111111111111
Strep_C23965	1	11.11111111111111
Strep_C23925	1	11.11111111111111
Strep_C23922	1	11.11111111111111
Strep_C23921	1	11.11111111111111
Strep_C23875	1	11.11111111111111
Strep_C23890	1	11.11111111111111
Strep_C23889	1	11.11111111111111
Strep_C23887	1	11.11111111111111
Strep_C23882	1	11.11111111111111
Strep_C23880	1	11.11111111111111
Strep_C2387	1	11.11111111111111
Strep_C23879	1	11.11111111111111
Strep_C23876	1	11.11111111111111
Strep_C23874	1	11.11111111111111
Strep_C23920	1	11.11111111111111
Strep_C23873	1	11.11111111111111
Strep_C23871	1	11.11111111111111
Strep_C23870	1	11.11111111111111
Strep_C23866	1	11.11111111111111
Strep_C23865	1	11.11111111111111
Strep_C2385	1	11.11111111111111
Strep_C23857	1	11.11111111111111
Strep_C23853	1	11.11111111111111
Strep_C23891	1	11.11111111111111
Strep_C23892	1	11.11111111111111
Strep_C23893	1	11.11111111111111
Strep_C23894	1	11.11111111111111
Strep_C23916	1	11.11111111111111
Strep_C23915	1	11.11111111111111
Strep_C23912	1	11.11111111111111
Strep_C23911	1	11.11111111111111
Strep_C2390	1	11.11111111111111
Strep_C23905	1	11.11111111111111
Strep_C23904	1	11.11111111111111
Strep_C23903	1	11.11111111111111
Strep_C23902	1	11.11111111111111
Strep_C23901	1	11.11111111111111
Strep_C23900	1	11.11111111111111
Strep_C2389	1	11.11111111111111
Strep_C23899	1	11.11111111111111
Strep_C23898	1	11.11111111111111
Strep_C23897	1	11.11111111111111
Strep_C23896	1	11.11111111111111
Strep_C23895	1	11.11111111111111
Strep_C23984	1	11.11111111111111
Strep_C23986	1	11.11111111111111
Strep_C23987	1	11.11111111111111
Strep_C24061	1	11.11111111111111
Strep_C24072	1	11.11111111111111
Strep_C24070	1	11.11111111111111
Strep_C24068	1	11.11111111111111
Strep_C24067	1	11.11111111111111
Strep_C24066	1	11.11111111111111
Strep_C24065	1	11.11111111111111
Strep_C24064	1	11.11111111111111
Strep_C24063	1	11.11111111111111
Strep_C2405	1	11.11111111111111
Strep_C24046	1	11.11111111111111
Strep_C24057	1	11.11111111111111
Strep_C24056	1	11.11111111111111
Strep_C24055	1	11.11111111111111
Strep_C24054	1	11.11111111111111
Strep_C24053	1	11.11111111111111
Strep_C24052	1	11.11111111111111
Strep_C24051	1	11.11111111111111
Strep_C24050	1	11.11111111111111
Strep_C24074	1	11.11111111111111
Strep_C24075	1	11.11111111111111
Strep_C24078	1	11.11111111111111
Strep_C24080	1	11.11111111111111
Strep_C24108	1	11.11111111111111
Strep_C24105	1	11.11111111111111
Strep_C240	1	11.11111111111111
Strep_C2409	1	11.11111111111111
Strep_C24097	1	11.11111111111111
Strep_C24095	1	11.11111111111111
Strep_C24094	1	11.11111111111111
Strep_C24093	1	11.11111111111111
Strep_C24092	1	11.11111111111111
Strep_C24091	1	11.11111111111111
Strep_C24090	1	11.11111111111111
Strep_C2408	1	11.11111111111111
Strep_C24087	1	11.11111111111111
Strep_C24086	1	11.11111111111111
Strep_C24085	1	11.11111111111111
Strep_C24084	1	11.11111111111111
Strep_C24082	1	11.11111111111111
Strep_C24047	1	11.11111111111111
Strep_C24045	1	11.11111111111111
Strep_C23988	1	11.11111111111111
Strep_C24004	1	11.11111111111111
Strep_C24015	1	11.11111111111111
Strep_C24014	1	11.11111111111111
Strep_C24013	1	11.11111111111111
Strep_C24011	1	11.11111111111111
Strep_C24010	1	11.11111111111111
Strep_C2400	1	11.11111111111111
Strep_C24008	1	11.11111111111111
Strep_C24005	1	11.11111111111111
Strep_C24003	1	11.11111111111111
Strep_C24044	1	11.11111111111111
Strep_C24002	1	11.11111111111111
Strep_C24001	1	11.11111111111111
Strep_C23	1	11.11111111111111
Strep_C2399	1	11.11111111111111
Strep_C23999	1	11.11111111111111
Strep_C23998	1	11.11111111111111
Strep_C23995	1	11.11111111111111
Strep_C23992	1	11.11111111111111
Strep_C24016	1	11.11111111111111
Strep_C2401	1	11.11111111111111
Strep_C24022	1	11.11111111111111
Strep_C24024	1	11.11111111111111
Strep_C24043	1	11.11111111111111
Strep_C24042	1	11.11111111111111
Strep_C24041	1	11.11111111111111
Strep_C2403	1	11.11111111111111
Strep_C24039	1	11.11111111111111
Strep_C24038	1	11.11111111111111
Strep_C24037	1	11.11111111111111
Strep_C24036	1	11.11111111111111
Strep_C24035	1	11.11111111111111
Strep_C24034	1	11.11111111111111
Strep_C24033	1	11.11111111111111
Strep_C24032	1	11.11111111111111
Strep_C24031	1	11.11111111111111
Strep_C24030	1	11.11111111111111
Strep_C24029	1	11.11111111111111
Strep_C24028	1	11.11111111111111
Strep_C24025	1	11.11111111111111
Strep_C23851	1	11.11111111111111
Strep_C23849	1	11.11111111111111
Strep_C24113	1	11.11111111111111
Strep_C23675	1	11.11111111111111
Strep_C2368	1	11.11111111111111
Strep_C23689	1	11.11111111111111
Strep_C23687	1	11.11111111111111
Strep_C23685	1	11.11111111111111
Strep_C10000	1	11.11111111111111
Strep_C23683	1	11.11111111111111
Strep_C23680	1	11.11111111111111
Strep_C23679	1	11.11111111111111
Strep_C23674	1	11.11111111111111
Strep_C23691	1	11.11111111111111
Strep_C23673	1	11.11111111111111
Strep_C23671	1	11.11111111111111
Strep_C23670	1	11.11111111111111
Strep_C23669	1	11.11111111111111
Strep_C23668	1	11.11111111111111
Strep_C23666	1	11.11111111111111
Strep_C23665	1	11.11111111111111
Strep_C23664	1	11.11111111111111
Strep_C23690	1	11.11111111111111
Strep_C23693	1	11.11111111111111
Strep_C23848	1	11.11111111111111
Strep_C23704	1	11.11111111111111
Strep_C23722	1	11.11111111111111
Strep_C23721	1	11.11111111111111
Strep_C23711	1	11.11111111111111
Strep_C23710	1	11.11111111111111
Strep_C2370	1	11.11111111111111
Strep_C23709	1	11.11111111111111
Strep_C23707	1	11.11111111111111
Strep_C23705	1	11.11111111111111
Strep_C23703	1	11.11111111111111
Strep_C23695	1	11.11111111111111
Strep_C23702	1	11.11111111111111
Strep_C23701	1	11.11111111111111
Strep_C23700	1	11.11111111111111
Strep_C2369	1	11.11111111111111
Strep_C23699	1	11.11111111111111
Strep_C23698	1	11.11111111111111
Strep_C23697	1	11.11111111111111
Strep_C23696	1	11.11111111111111
Strep_C23663	1	11.11111111111111
Strep_C23661	1	11.11111111111111
Strep_C23660	1	11.11111111111111
Strep_C23613	1	11.11111111111111
Strep_C23624	1	11.11111111111111
Strep_C23621	1	11.11111111111111
Strep_C2361	1	11.11111111111111
Strep_C23618	1	11.11111111111111
Strep_C23617	1	11.11111111111111
Strep_C23616	1	11.11111111111111
Strep_C23615	1	11.11111111111111
Strep_C23614	1	11.11111111111111
Strep_C23612	1	11.11111111111111
Strep_C23659	1	11.11111111111111
Strep_C23611	1	11.11111111111111
Strep_C23610	1	11.11111111111111
Strep_C23609	1	11.11111111111111
Strep_C23608	1	11.11111111111111
Strep_C23607	1	11.11111111111111
Strep_C23603	1	11.11111111111111
Strep_C23601	1	11.11111111111111
Strep_C23600	1	11.11111111111111
Strep_C2362	1	11.11111111111111
Strep_C23635	1	11.11111111111111
Strep_C23636	1	11.11111111111111
Strep_C23637	1	11.11111111111111
Strep_C23658	1	11.11111111111111
Strep_C23657	1	11.11111111111111
Strep_C23655	1	11.11111111111111
Strep_C23654	1	11.11111111111111
Strep_C23653	1	11.11111111111111
Strep_C23652	1	11.11111111111111
Strep_C23651	1	11.11111111111111
Strep_C23650	1	11.11111111111111
Strep_C2364	1	11.11111111111111
Strep_C23647	1	11.11111111111111
Strep_C23646	1	11.11111111111111
Strep_C23645	1	11.11111111111111
Strep_C23644	1	11.11111111111111
Strep_C23643	1	11.11111111111111
Strep_C23641	1	11.11111111111111
Strep_C23640	1	11.11111111111111
Strep_C23638	1	11.11111111111111
Strep_C23726	1	11.11111111111111
Strep_C23727	1	11.11111111111111
Strep_C2372	1	11.11111111111111
Strep_C23809	1	11.11111111111111
Strep_C2381	1	11.11111111111111
Strep_C23817	1	11.11111111111111
Strep_C23816	1	11.11111111111111
Strep_C23815	1	11.11111111111111
Strep_C23814	1	11.11111111111111
Strep_C23813	1	11.11111111111111
Strep_C23812	1	11.11111111111111
Strep_C23810	1	11.11111111111111
Strep_C23808	1	11.11111111111111
Strep_C23799	1	11.11111111111111
Strep_C23807	1	11.11111111111111
Strep_C23806	1	11.11111111111111
Strep_C23805	1	11.11111111111111
Strep_C23804	1	11.11111111111111
Strep_C23803	1	11.11111111111111
Strep_C23802	1	11.11111111111111
Strep_C23801	1	11.11111111111111
Strep_C23800	1	11.11111111111111
Strep_C23820	1	11.11111111111111
Strep_C23823	1	11.11111111111111
Strep_C23824	1	11.11111111111111
Strep_C23825	1	11.11111111111111
Strep_C23846	1	11.11111111111111
Strep_C23845	1	11.11111111111111
Strep_C23843	1	11.11111111111111
Strep_C23842	1	11.11111111111111
Strep_C23841	1	11.11111111111111
Strep_C23840	1	11.11111111111111
Strep_C2383	1	11.11111111111111
Strep_C23839	1	11.11111111111111
Strep_C23838	1	11.11111111111111
Strep_C23837	1	11.11111111111111
Strep_C23835	1	11.11111111111111
Strep_C23834	1	11.11111111111111
Strep_C23833	1	11.11111111111111
Strep_C23830	1	11.11111111111111
Strep_C2382	1	11.11111111111111
Strep_C23829	1	11.11111111111111
Strep_C23828	1	11.11111111111111
Strep_C2379	1	11.11111111111111
Strep_C23798	1	11.11111111111111
Strep_C23730	1	11.11111111111111
Strep_C23743	1	11.11111111111111
Strep_C23764	1	11.11111111111111
Strep_C23759	1	11.11111111111111
Strep_C23758	1	11.11111111111111
Strep_C23756	1	11.11111111111111
Strep_C23749	1	11.11111111111111
Strep_C23748	1	11.11111111111111
Strep_C23745	1	11.11111111111111
Strep_C23744	1	11.11111111111111
Strep_C23742	1	11.11111111111111
Strep_C23797	1	11.11111111111111
Strep_C23741	1	11.11111111111111
Strep_C23740	1	11.11111111111111
Strep_C23739	1	11.11111111111111
Strep_C23738	1	11.11111111111111
Strep_C23737	1	11.11111111111111
Strep_C23736	1	11.11111111111111
Strep_C23735	1	11.11111111111111
Strep_C23733	1	11.11111111111111
Strep_C23765	1	11.11111111111111
Strep_C23766	1	11.11111111111111
Strep_C23767	1	11.11111111111111
Strep_C23770	1	11.11111111111111
Strep_C23796	1	11.11111111111111
Strep_C23795	1	11.11111111111111
Strep_C23794	1	11.11111111111111
Strep_C23793	1	11.11111111111111
Strep_C23792	1	11.11111111111111
Strep_C23791	1	11.11111111111111
Strep_C23790	1	11.11111111111111
Strep_C23789	1	11.11111111111111
Strep_C23788	1	11.11111111111111
Strep_C23783	1	11.11111111111111
Strep_C2377	1	11.11111111111111
Strep_C23778	1	11.11111111111111
Strep_C23777	1	11.11111111111111
Strep_C23775	1	11.11111111111111
Strep_C23774	1	11.11111111111111
Strep_C23773	1	11.11111111111111
Strep_C23772	1	11.11111111111111
Strep_C24109	1	11.11111111111111
Strep_C24115	1	11.11111111111111
Strep_C24597	1	11.11111111111111
Strep_C24441	1	11.11111111111111
Strep_C24463	1	11.11111111111111
Strep_C24462	1	11.11111111111111
Strep_C2445	1	11.11111111111111
Strep_C24458	1	11.11111111111111
Strep_C2444	1	11.11111111111111
Strep_C24446	1	11.11111111111111
Strep_C24444	1	11.11111111111111
Strep_C24443	1	11.11111111111111
Strep_C24440	1	11.11111111111111
Strep_C24466	1	11.11111111111111
Strep_C24439	1	11.11111111111111
Strep_C24438	1	11.11111111111111
Strep_C24437	1	11.11111111111111
Strep_C24435	1	11.11111111111111
Strep_C24434	1	11.11111111111111
Strep_C24432	1	11.11111111111111
Strep_C24431	1	11.11111111111111
Strep_C24425	1	11.11111111111111
Strep_C24465	1	11.11111111111111
Strep_C24467	1	11.11111111111111
Strep_C24359	1	11.11111111111111
Strep_C24481	1	11.11111111111111
Strep_C2448	1	11.11111111111111
Strep_C24489	1	11.11111111111111
Strep_C24487	1	11.11111111111111
Strep_C24486	1	11.11111111111111
Strep_C24485	1	11.11111111111111
Strep_C24484	1	11.11111111111111
Strep_C24483	1	11.11111111111111
Strep_C24482	1	11.11111111111111
Strep_C24480	1	11.11111111111111
Strep_C24468	1	11.11111111111111
Strep_C2447	1	11.11111111111111
Strep_C24479	1	11.11111111111111
Strep_C24477	1	11.11111111111111
Strep_C24476	1	11.11111111111111
Strep_C24475	1	11.11111111111111
Strep_C24474	1	11.11111111111111
Strep_C24472	1	11.11111111111111
Strep_C24470	1	11.11111111111111
Strep_C24423	1	11.11111111111111
Strep_C24422	1	11.11111111111111
Strep_C24421	1	11.11111111111111
Strep_C24376	1	11.11111111111111
Strep_C24395	1	11.11111111111111
Strep_C24393	1	11.11111111111111
Strep_C2438	1	11.11111111111111
Strep_C24389	1	11.11111111111111
Strep_C24386	1	11.11111111111111
Strep_C24385	1	11.11111111111111
Strep_C24384	1	11.11111111111111
Strep_C24383	1	11.11111111111111
Strep_C24375	1	11.11111111111111
Strep_C24420	1	11.11111111111111
Strep_C24370	1	11.11111111111111
Strep_C2436	1	11.11111111111111
Strep_C24367	1	11.11111111111111
Strep_C24366	1	11.11111111111111
Strep_C24364	1	11.11111111111111
Strep_C24362	1	11.11111111111111
Strep_C24361	1	11.11111111111111
Strep_C24360	1	11.11111111111111
Strep_C24396	1	11.11111111111111
Strep_C24397	1	11.11111111111111
Strep_C24398	1	11.11111111111111
Strep_C24399	1	11.11111111111111
Strep_C2441	1	11.11111111111111
Strep_C24416	1	11.11111111111111
Strep_C24413	1	11.11111111111111
Strep_C24412	1	11.11111111111111
Strep_C24411	1	11.11111111111111
Strep_C24410	1	11.11111111111111
Strep_C2440	1	11.11111111111111
Strep_C24409	1	11.11111111111111
Strep_C24408	1	11.11111111111111
Strep_C24407	1	11.11111111111111
Strep_C24406	1	11.11111111111111
Strep_C24405	1	11.11111111111111
Strep_C24403	1	11.11111111111111
Strep_C24402	1	11.11111111111111
Strep_C24401	1	11.11111111111111
Strep_C24400	1	11.11111111111111
Strep_C243	1	11.11111111111111
Strep_C24490	1	11.11111111111111
Strep_C24491	1	11.11111111111111
Strep_C24492	1	11.11111111111111
Strep_C24562	1	11.11111111111111
Strep_C24570	1	11.11111111111111
Strep_C2456	1	11.11111111111111
Strep_C24569	1	11.11111111111111
Strep_C24568	1	11.11111111111111
Strep_C24567	1	11.11111111111111
Strep_C24565	1	11.11111111111111
Strep_C24564	1	11.11111111111111
Strep_C24563	1	11.11111111111111
Strep_C24561	1	11.11111111111111
Strep_C24552	1	11.11111111111111
Strep_C24560	1	11.11111111111111
Strep_C2455	1	11.11111111111111
Strep_C24559	1	11.11111111111111
Strep_C24558	1	11.11111111111111
Strep_C24557	1	11.11111111111111
Strep_C24556	1	11.11111111111111
Strep_C24555	1	11.11111111111111
Strep_C24554	1	11.11111111111111
Strep_C24571	1	11.11111111111111
Strep_C24572	1	11.11111111111111
Strep_C24573	1	11.11111111111111
Strep_C24577	1	11.11111111111111
Strep_C24596	1	11.11111111111111
Strep_C24595	1	11.11111111111111
Strep_C24594	1	11.11111111111111
Strep_C24593	1	11.11111111111111
Strep_C24592	1	11.11111111111111
Strep_C24591	1	11.11111111111111
Strep_C24590	1	11.11111111111111
Strep_C24588	1	11.11111111111111
Strep_C24587	1	11.11111111111111
Strep_C24586	1	11.11111111111111
Strep_C24585	1	11.11111111111111
Strep_C24583	1	11.11111111111111
Strep_C24582	1	11.11111111111111
Strep_C24581	1	11.11111111111111
Strep_C24580	1	11.11111111111111
Strep_C24579	1	11.11111111111111
Strep_C24578	1	11.11111111111111
Strep_C24553	1	11.11111111111111
Strep_C24551	1	11.11111111111111
Strep_C24493	1	11.11111111111111
Strep_C24504	1	11.11111111111111
Strep_C24516	1	11.11111111111111
Strep_C24515	1	11.11111111111111
Strep_C24513	1	11.11111111111111
Strep_C24511	1	11.11111111111111
Strep_C2450	1	11.11111111111111
Strep_C24508	1	11.11111111111111
Strep_C24507	1	11.11111111111111
Strep_C24505	1	11.11111111111111
Strep_C24503	1	11.11111111111111
Strep_C24550	1	11.11111111111111
Strep_C24502	1	11.11111111111111
Strep_C24501	1	11.11111111111111
Strep_C244	1	11.11111111111111
Strep_C24499	1	11.11111111111111
Strep_C24498	1	11.11111111111111
Strep_C24496	1	11.11111111111111
Strep_C24495	1	11.11111111111111
Strep_C24494	1	11.11111111111111
Strep_C24518	1	11.11111111111111
Strep_C24519	1	11.11111111111111
Strep_C2451	1	11.11111111111111
Strep_C24520	1	11.11111111111111
Strep_C2454	1	11.11111111111111
Strep_C24549	1	11.11111111111111
Strep_C24547	1	11.11111111111111
Strep_C24546	1	11.11111111111111
Strep_C24545	1	11.11111111111111
Strep_C24544	1	11.11111111111111
Strep_C24543	1	11.11111111111111
Strep_C24540	1	11.11111111111111
Strep_C24538	1	11.11111111111111
Strep_C24536	1	11.11111111111111
Strep_C24534	1	11.11111111111111
Strep_C24530	1	11.11111111111111
Strep_C24525	1	11.11111111111111
Strep_C24524	1	11.11111111111111
Strep_C24523	1	11.11111111111111
Strep_C24522	1	11.11111111111111
Strep_C24521	1	11.11111111111111
Strep_C2435	1	11.11111111111111
Strep_C24357	1	11.11111111111111
Strep_C24118	1	11.11111111111111
Strep_C24185	1	11.11111111111111
Strep_C24193	1	11.11111111111111
Strep_C24192	1	11.11111111111111
Strep_C24190	1	11.11111111111111
Strep_C2418	1	11.11111111111111
Strep_C24189	1	11.11111111111111
Strep_C24188	1	11.11111111111111
Strep_C24187	1	11.11111111111111
Strep_C24186	1	11.11111111111111
Strep_C24184	1	11.11111111111111
Strep_C24195	1	11.11111111111111
Strep_C24183	1	11.11111111111111
Strep_C24182	1	11.11111111111111
Strep_C24181	1	11.11111111111111
Strep_C2417	1	11.11111111111111
Strep_C24179	1	11.11111111111111
Strep_C24173	1	11.11111111111111
Strep_C24171	1	11.11111111111111
Strep_C24166	1	11.11111111111111
Strep_C24194	1	11.11111111111111
Strep_C24196	1	11.11111111111111
Strep_C24353	1	11.11111111111111
Strep_C24211	1	11.11111111111111
Strep_C24226	1	11.11111111111111
Strep_C24225	1	11.11111111111111
Strep_C24224	1	11.11111111111111
Strep_C24223	1	11.11111111111111
Strep_C24221	1	11.11111111111111
Strep_C24219	1	11.11111111111111
Strep_C24216	1	11.11111111111111
Strep_C24214	1	11.11111111111111
Strep_C2420	1	11.11111111111111
Strep_C24197	1	11.11111111111111
Strep_C24207	1	11.11111111111111
Strep_C24206	1	11.11111111111111
Strep_C24202	1	11.11111111111111
Strep_C24200	1	11.11111111111111
Strep_C241	1	11.11111111111111
Strep_C2419	1	11.11111111111111
Strep_C24199	1	11.11111111111111
Strep_C24198	1	11.11111111111111
Strep_C24165	1	11.11111111111111
Strep_C24164	1	11.11111111111111
Strep_C24163	1	11.11111111111111
Strep_C24129	1	11.11111111111111
Strep_C24138	1	11.11111111111111
Strep_C24137	1	11.11111111111111
Strep_C24136	1	11.11111111111111
Strep_C24135	1	11.11111111111111
Strep_C24134	1	11.11111111111111
Strep_C24132	1	11.11111111111111
Strep_C24131	1	11.11111111111111
Strep_C24130	1	11.11111111111111
Strep_C24128	1	11.11111111111111
Strep_C24161	1	11.11111111111111
Strep_C24127	1	11.11111111111111
Strep_C24126	1	11.11111111111111
Strep_C24125	1	11.11111111111111
Strep_C24124	1	11.11111111111111
Strep_C24122	1	11.11111111111111
Strep_C24121	1	11.11111111111111
Strep_C24120	1	11.11111111111111
Strep_C24119	1	11.11111111111111
Strep_C24139	1	11.11111111111111
Strep_C24140	1	11.11111111111111
Strep_C24141	1	11.11111111111111
Strep_C24142	1	11.11111111111111
Strep_C24159	1	11.11111111111111
Strep_C24158	1	11.11111111111111
Strep_C24157	1	11.11111111111111
Strep_C24156	1	11.11111111111111
Strep_C24155	1	11.11111111111111
Strep_C24154	1	11.11111111111111
Strep_C24153	1	11.11111111111111
Strep_C24152	1	11.11111111111111
Strep_C24150	1	11.11111111111111
Strep_C2414	1	11.11111111111111
Strep_C24149	1	11.11111111111111
Strep_C24148	1	11.11111111111111
Strep_C24147	1	11.11111111111111
Strep_C24146	1	11.11111111111111
Strep_C24145	1	11.11111111111111
Strep_C24144	1	11.11111111111111
Strep_C24143	1	11.11111111111111
Strep_C24227	1	11.11111111111111
Strep_C24228	1	11.11111111111111
Strep_C24231	1	11.11111111111111
Strep_C24315	1	11.11111111111111
Strep_C24325	1	11.11111111111111
Strep_C24324	1	11.11111111111111
Strep_C24323	1	11.11111111111111
Strep_C24322	1	11.11111111111111
Strep_C24320	1	11.11111111111111
Strep_C24319	1	11.11111111111111
Strep_C24317	1	11.11111111111111
Strep_C24316	1	11.11111111111111
Strep_C24314	1	11.11111111111111
Strep_C24303	1	11.11111111111111
Strep_C24313	1	11.11111111111111
Strep_C24312	1	11.11111111111111
Strep_C24311	1	11.11111111111111
Strep_C24309	1	11.11111111111111
Strep_C24308	1	11.11111111111111
Strep_C24307	1	11.11111111111111
Strep_C24306	1	11.11111111111111
Strep_C24305	1	11.11111111111111
Strep_C24326	1	11.11111111111111
Strep_C24327	1	11.11111111111111
Strep_C24328	1	11.11111111111111
Strep_C24329	1	11.11111111111111
Strep_C24352	1	11.11111111111111
Strep_C24350	1	11.11111111111111
Strep_C24349	1	11.11111111111111
Strep_C24347	1	11.11111111111111
Strep_C24346	1	11.11111111111111
Strep_C24344	1	11.11111111111111
Strep_C24343	1	11.11111111111111
Strep_C24342	1	11.11111111111111
Strep_C24341	1	11.11111111111111
Strep_C24340	1	11.11111111111111
Strep_C24338	1	11.11111111111111
Strep_C24335	1	11.11111111111111
Strep_C24334	1	11.11111111111111
Strep_C24333	1	11.11111111111111
Strep_C24332	1	11.11111111111111
Strep_C24330	1	11.11111111111111
Strep_C2432	1	11.11111111111111
Strep_C24304	1	11.11111111111111
Strep_C24302	1	11.11111111111111
Strep_C24232	1	11.11111111111111
Strep_C24253	1	11.11111111111111
Strep_C24269	1	11.11111111111111
Strep_C24268	1	11.11111111111111
Strep_C24265	1	11.11111111111111
Strep_C24262	1	11.11111111111111
Strep_C24261	1	11.11111111111111
Strep_C24259	1	11.11111111111111
Strep_C24256	1	11.11111111111111
Strep_C24254	1	11.11111111111111
Strep_C24252	1	11.11111111111111
Strep_C2429	1	11.11111111111111
Strep_C24249	1	11.11111111111111
Strep_C24246	1	11.11111111111111
Strep_C2423	1	11.11111111111111
Strep_C24237	1	11.11111111111111
Strep_C24236	1	11.11111111111111
Strep_C24235	1	11.11111111111111
Strep_C24234	1	11.11111111111111
Strep_C24233	1	11.11111111111111
Strep_C2426	1	11.11111111111111
Strep_C24270	1	11.11111111111111
Strep_C24271	1	11.11111111111111
Strep_C24272	1	11.11111111111111
Strep_C24291	1	11.11111111111111
Strep_C2428	1	11.11111111111111
Strep_C24289	1	11.11111111111111
Strep_C24288	1	11.11111111111111
Strep_C24287	1	11.11111111111111
Strep_C24286	1	11.11111111111111
Strep_C24284	1	11.11111111111111
Strep_C24283	1	11.11111111111111
Strep_C24281	1	11.11111111111111
Strep_C24280	1	11.11111111111111
Strep_C24279	1	11.11111111111111
Strep_C24278	1	11.11111111111111
Strep_C24277	1	11.11111111111111
Strep_C24276	1	11.11111111111111
Strep_C24275	1	11.11111111111111
Strep_C24274	1	11.11111111111111
Strep_C24273	1	11.11111111111111
Strep_C25596	1	11.11111111111111
Strep_C25598	1	11.11111111111111
Strep_C25599	1	11.11111111111111
Strep_C26809	1	11.11111111111111
Strep_C26819	1	11.11111111111111
Strep_C26817	1	11.11111111111111
Strep_C26816	1	11.11111111111111
Strep_C26815	1	11.11111111111111
Strep_C26813	1	11.11111111111111
Strep_C26812	1	11.11111111111111
Strep_C26811	1	11.11111111111111
Strep_C26810	1	11.11111111111111
Strep_C26808	1	11.11111111111111
Strep_C26825	1	11.11111111111111
Strep_C26807	1	11.11111111111111
Strep_C26806	1	11.11111111111111
Strep_C26805	1	11.11111111111111
Strep_C26804	1	11.11111111111111
Strep_C26803	1	11.11111111111111
Strep_C26802	1	11.11111111111111
Strep_C26801	1	11.11111111111111
Strep_C267	1	11.11111111111111
Strep_C26824	1	11.11111111111111
Strep_C26826	1	11.11111111111111
Strep_C26739	1	11.11111111111111
Strep_C2683	1	11.11111111111111
Strep_C26849	1	11.11111111111111
Strep_C26848	1	11.11111111111111
Strep_C26847	1	11.11111111111111
Strep_C26846	1	11.11111111111111
Strep_C26845	1	11.11111111111111
Strep_C26844	1	11.11111111111111
Strep_C26842	1	11.11111111111111
Strep_C26840	1	11.11111111111111
Strep_C26839	1	11.11111111111111
Strep_C26827	1	11.11111111111111
Strep_C26838	1	11.11111111111111
Strep_C26837	1	11.11111111111111
Strep_C26836	1	11.11111111111111
Strep_C26835	1	11.11111111111111
Strep_C26833	1	11.11111111111111
Strep_C26832	1	11.11111111111111
Strep_C26831	1	11.11111111111111
Strep_C26829	1	11.11111111111111
Strep_C2679	1	11.11111111111111
Strep_C26798	1	11.11111111111111
Strep_C26797	1	11.11111111111111
Strep_C26757	1	11.11111111111111
Strep_C26768	1	11.11111111111111
Strep_C26766	1	11.11111111111111
Strep_C26765	1	11.11111111111111
Strep_C26764	1	11.11111111111111
Strep_C26762	1	11.11111111111111
Strep_C26761	1	11.11111111111111
Strep_C26760	1	11.11111111111111
Strep_C26758	1	11.11111111111111
Strep_C26754	1	11.11111111111111
Strep_C26796	1	11.11111111111111
Strep_C26752	1	11.11111111111111
Strep_C2674	1	11.11111111111111
Strep_C26748	1	11.11111111111111
Strep_C26747	1	11.11111111111111
Strep_C26744	1	11.11111111111111
Strep_C26743	1	11.11111111111111
Strep_C26742	1	11.11111111111111
Strep_C26740	1	11.11111111111111
Strep_C26769	1	11.11111111111111
Strep_C26770	1	11.11111111111111
Strep_C26771	1	11.11111111111111
Strep_C26773	1	11.11111111111111
Strep_C26795	1	11.11111111111111
Strep_C26793	1	11.11111111111111
Strep_C26792	1	11.11111111111111
Strep_C26791	1	11.11111111111111
Strep_C26790	1	11.11111111111111
Strep_C26789	1	11.11111111111111
Strep_C26785	1	11.11111111111111
Strep_C26784	1	11.11111111111111
Strep_C26783	1	11.11111111111111
Strep_C26782	1	11.11111111111111
Strep_C26781	1	11.11111111111111
Strep_C26780	1	11.11111111111111
Strep_C26778	1	11.11111111111111
Strep_C26777	1	11.11111111111111
Strep_C26776	1	11.11111111111111
Strep_C26775	1	11.11111111111111
Strep_C26774	1	11.11111111111111
Strep_C26850	1	11.11111111111111
Strep_C26851	1	11.11111111111111
Strep_C26852	1	11.11111111111111
Strep_C26914	1	11.11111111111111
Strep_C26924	1	11.11111111111111
Strep_C26923	1	11.11111111111111
Strep_C26922	1	11.11111111111111
Strep_C26921	1	11.11111111111111
Strep_C2691	1	11.11111111111111
Strep_C26919	1	11.11111111111111
Strep_C26918	1	11.11111111111111
Strep_C26915	1	11.11111111111111
Strep_C26913	1	11.11111111111111
Strep_C26903	1	11.11111111111111
Strep_C26912	1	11.11111111111111
Strep_C26911	1	11.11111111111111
Strep_C26910	1	11.11111111111111
Strep_C2690	1	11.11111111111111
Strep_C26909	1	11.11111111111111
Strep_C26908	1	11.11111111111111
Strep_C26907	1	11.11111111111111
Strep_C26906	1	11.11111111111111
Strep_C26925	1	11.11111111111111
Strep_C26926	1	11.11111111111111
Strep_C26927	1	11.11111111111111
Strep_C26928	1	11.11111111111111
Strep_C26945	1	11.11111111111111
Strep_C26943	1	11.11111111111111
Strep_C26942	1	11.11111111111111
Strep_C26941	1	11.11111111111111
Strep_C26940	1	11.11111111111111
Strep_C2693	1	11.11111111111111
Strep_C26939	1	11.11111111111111
Strep_C26938	1	11.11111111111111
Strep_C26937	1	11.11111111111111
Strep_C26936	1	11.11111111111111
Strep_C26935	1	11.11111111111111
Strep_C26934	1	11.11111111111111
Strep_C26933	1	11.11111111111111
Strep_C26932	1	11.11111111111111
Strep_C26931	1	11.11111111111111
Strep_C26930	1	11.11111111111111
Strep_C26929	1	11.11111111111111
Strep_C26905	1	11.11111111111111
Strep_C26902	1	11.11111111111111
Strep_C26853	1	11.11111111111111
Strep_C26866	1	11.11111111111111
Strep_C26875	1	11.11111111111111
Strep_C26874	1	11.11111111111111
Strep_C26873	1	11.11111111111111
Strep_C26872	1	11.11111111111111
Strep_C26871	1	11.11111111111111
Strep_C26869	1	11.11111111111111
Strep_C26868	1	11.11111111111111
Strep_C26867	1	11.11111111111111
Strep_C26865	1	11.11111111111111
Strep_C26901	1	11.11111111111111
Strep_C26864	1	11.11111111111111
Strep_C26863	1	11.11111111111111
Strep_C26861	1	11.11111111111111
Strep_C26860	1	11.11111111111111
Strep_C26859	1	11.11111111111111
Strep_C26856	1	11.11111111111111
Strep_C26855	1	11.11111111111111
Strep_C26854	1	11.11111111111111
Strep_C26876	1	11.11111111111111
Strep_C26879	1	11.11111111111111
Strep_C2687	1	11.11111111111111
Strep_C26882	1	11.11111111111111
Strep_C26900	1	11.11111111111111
Strep_C268	1	11.11111111111111
Strep_C2689	1	11.11111111111111
Strep_C26899	1	11.11111111111111
Strep_C26898	1	11.11111111111111
Strep_C26896	1	11.11111111111111
Strep_C26895	1	11.11111111111111
Strep_C26894	1	11.11111111111111
Strep_C26893	1	11.11111111111111
Strep_C26892	1	11.11111111111111
Strep_C26891	1	11.11111111111111
Strep_C26890	1	11.11111111111111
Strep_C26889	1	11.11111111111111
Strep_C26888	1	11.11111111111111
Strep_C26887	1	11.11111111111111
Strep_C26885	1	11.11111111111111
Strep_C26883	1	11.11111111111111
Strep_C2673	1	11.11111111111111
Strep_C26738	1	11.11111111111111
Strep_C26949	1	11.11111111111111
Strep_C26592	1	11.11111111111111
Strep_C26600	1	11.11111111111111
Strep_C265	1	11.11111111111111
Strep_C2659	1	11.11111111111111
Strep_C26599	1	11.11111111111111
Strep_C26598	1	11.11111111111111
Strep_C26596	1	11.11111111111111
Strep_C26595	1	11.11111111111111
Strep_C26594	1	11.11111111111111
Strep_C26587	1	11.11111111111111
Strep_C26606	1	11.11111111111111
Strep_C26586	1	11.11111111111111
Strep_C26585	1	11.11111111111111
Strep_C26584	1	11.11111111111111
Strep_C26583	1	11.11111111111111
Strep_C26582	1	11.11111111111111
Strep_C26581	1	11.11111111111111
Strep_C26580	1	11.11111111111111
Strep_C26579	1	11.11111111111111
Strep_C26601	1	11.11111111111111
Strep_C26607	1	11.11111111111111
Strep_C26737	1	11.11111111111111
Strep_C26620	1	11.11111111111111
Strep_C26630	1	11.11111111111111
Strep_C26629	1	11.11111111111111
Strep_C26628	1	11.11111111111111
Strep_C26627	1	11.11111111111111
Strep_C26626	1	11.11111111111111
Strep_C26625	1	11.11111111111111
Strep_C26624	1	11.11111111111111
Strep_C26623	1	11.11111111111111
Strep_C2661	1	11.11111111111111
Strep_C26608	1	11.11111111111111
Strep_C26617	1	11.11111111111111
Strep_C26616	1	11.11111111111111
Strep_C26615	1	11.11111111111111
Strep_C26614	1	11.11111111111111
Strep_C26613	1	11.11111111111111
Strep_C26612	1	11.11111111111111
Strep_C26611	1	11.11111111111111
Strep_C26610	1	11.11111111111111
Strep_C26578	1	11.11111111111111
Strep_C26576	1	11.11111111111111
Strep_C26575	1	11.11111111111111
Strep_C26534	1	11.11111111111111
Strep_C26547	1	11.11111111111111
Strep_C26545	1	11.11111111111111
Strep_C26544	1	11.11111111111111
Strep_C26542	1	11.11111111111111
Strep_C26541	1	11.11111111111111
Strep_C26540	1	11.11111111111111
Strep_C26539	1	11.11111111111111
Strep_C26538	1	11.11111111111111
Strep_C26533	1	11.11111111111111
Strep_C26574	1	11.11111111111111
Strep_C26532	1	11.11111111111111
Strep_C26531	1	11.11111111111111
Strep_C26530	1	11.11111111111111
Strep_C26529	1	11.11111111111111
Strep_C26528	1	11.11111111111111
Strep_C26527	1	11.11111111111111
Strep_C26525	1	11.11111111111111
Strep_C26524	1	11.11111111111111
Strep_C26548	1	11.11111111111111
Strep_C26549	1	11.11111111111111
Strep_C2654	1	11.11111111111111
Strep_C26550	1	11.11111111111111
Strep_C26573	1	11.11111111111111
Strep_C26572	1	11.11111111111111
Strep_C26571	1	11.11111111111111
Strep_C26570	1	11.11111111111111
Strep_C26569	1	11.11111111111111
Strep_C26568	1	11.11111111111111
Strep_C26567	1	11.11111111111111
Strep_C26566	1	11.11111111111111
Strep_C26565	1	11.11111111111111
Strep_C26564	1	11.11111111111111
Strep_C26563	1	11.11111111111111
Strep_C26562	1	11.11111111111111
Strep_C26561	1	11.11111111111111
Strep_C2655	1	11.11111111111111
Strep_C26559	1	11.11111111111111
Strep_C26558	1	11.11111111111111
Strep_C26557	1	11.11111111111111
Strep_C26631	1	11.11111111111111
Strep_C26632	1	11.11111111111111
Strep_C26633	1	11.11111111111111
Strep_C266	1	11.11111111111111
Strep_C26707	1	11.11111111111111
Strep_C26706	1	11.11111111111111
Strep_C26705	1	11.11111111111111
Strep_C26704	1	11.11111111111111
Strep_C26703	1	11.11111111111111
Strep_C26702	1	11.11111111111111
Strep_C26701	1	11.11111111111111
Strep_C26700	1	11.11111111111111
Strep_C26699	1	11.11111111111111
Strep_C26689	1	11.11111111111111
Strep_C26698	1	11.11111111111111
Strep_C26697	1	11.11111111111111
Strep_C26696	1	11.11111111111111
Strep_C26695	1	11.11111111111111
Strep_C26694	1	11.11111111111111
Strep_C26693	1	11.11111111111111
Strep_C26692	1	11.11111111111111
Strep_C26691	1	11.11111111111111
Strep_C26708	1	11.11111111111111
Strep_C26709	1	11.11111111111111
Strep_C2670	1	11.11111111111111
Strep_C26710	1	11.11111111111111
Strep_C26736	1	11.11111111111111
Strep_C26735	1	11.11111111111111
Strep_C26733	1	11.11111111111111
Strep_C26732	1	11.11111111111111
Strep_C26731	1	11.11111111111111
Strep_C26727	1	11.11111111111111
Strep_C26725	1	11.11111111111111
Strep_C26723	1	11.11111111111111
Strep_C26719	1	11.11111111111111
Strep_C26718	1	11.11111111111111
Strep_C26717	1	11.11111111111111
Strep_C26716	1	11.11111111111111
Strep_C26715	1	11.11111111111111
Strep_C26714	1	11.11111111111111
Strep_C26713	1	11.11111111111111
Strep_C26712	1	11.11111111111111
Strep_C26711	1	11.11111111111111
Strep_C26690	1	11.11111111111111
Strep_C26688	1	11.11111111111111
Strep_C26634	1	11.11111111111111
Strep_C26644	1	11.11111111111111
Strep_C26656	1	11.11111111111111
Strep_C26654	1	11.11111111111111
Strep_C26653	1	11.11111111111111
Strep_C26651	1	11.11111111111111
Strep_C26650	1	11.11111111111111
Strep_C2664	1	11.11111111111111
Strep_C26647	1	11.11111111111111
Strep_C26646	1	11.11111111111111
Strep_C26642	1	11.11111111111111
Strep_C26685	1	11.11111111111111
Strep_C26641	1	11.11111111111111
Strep_C26640	1	11.11111111111111
Strep_C2663	1	11.11111111111111
Strep_C26639	1	11.11111111111111
Strep_C26638	1	11.11111111111111
Strep_C26637	1	11.11111111111111
Strep_C26636	1	11.11111111111111
Strep_C26635	1	11.11111111111111
Strep_C26657	1	11.11111111111111
Strep_C26658	1	11.11111111111111
Strep_C26659	1	11.11111111111111
Strep_C2665	1	11.11111111111111
Strep_C26682	1	11.11111111111111
Strep_C2667	1	11.11111111111111
Strep_C26675	1	11.11111111111111
Strep_C26673	1	11.11111111111111
Strep_C26672	1	11.11111111111111
Strep_C26671	1	11.11111111111111
Strep_C26670	1	11.11111111111111
Strep_C2666	1	11.11111111111111
Strep_C26669	1	11.11111111111111
Strep_C26668	1	11.11111111111111
Strep_C26667	1	11.11111111111111
Strep_C26666	1	11.11111111111111
Strep_C26665	1	11.11111111111111
Strep_C26664	1	11.11111111111111
Strep_C26663	1	11.11111111111111
Strep_C26662	1	11.11111111111111
Strep_C26661	1	11.11111111111111
Strep_C26948	1	11.11111111111111
Strep_C26951	1	11.11111111111111
Strep_C25600	1	11.11111111111111
Strep_C27243	1	11.11111111111111
Strep_C27253	1	11.11111111111111
Strep_C27252	1	11.11111111111111
Strep_C27251	1	11.11111111111111
Strep_C27248	1	11.11111111111111
Strep_C27247	1	11.11111111111111
Strep_C27246	1	11.11111111111111
Strep_C27245	1	11.11111111111111
Strep_C27244	1	11.11111111111111
Strep_C27242	1	11.11111111111111
Strep_C27257	1	11.11111111111111
Strep_C27241	1	11.11111111111111
Strep_C27239	1	11.11111111111111
Strep_C27238	1	11.11111111111111
Strep_C27237	1	11.11111111111111
Strep_C27236	1	11.11111111111111
Strep_C27235	1	11.11111111111111
Strep_C27234	1	11.11111111111111
Strep_C27233	1	11.11111111111111
Strep_C27255	1	11.11111111111111
Strep_C2725	1	11.11111111111111
Strep_C27176	1	11.11111111111111
Strep_C27279	1	11.11111111111111
Strep_C27286	1	11.11111111111111
Strep_C27285	1	11.11111111111111
Strep_C27284	1	11.11111111111111
Strep_C27283	1	11.11111111111111
Strep_C27282	1	11.11111111111111
Strep_C27281	1	11.11111111111111
Strep_C27280	1	11.11111111111111
Strep_C2727	1	11.11111111111111
Strep_C27278	1	11.11111111111111
Strep_C27265	1	11.11111111111111
Strep_C27276	1	11.11111111111111
Strep_C27275	1	11.11111111111111
Strep_C27274	1	11.11111111111111
Strep_C27273	1	11.11111111111111
Strep_C27272	1	11.11111111111111
Strep_C27271	1	11.11111111111111
Strep_C27267	1	11.11111111111111
Strep_C27266	1	11.11111111111111
Strep_C27232	1	11.11111111111111
Strep_C27231	1	11.11111111111111
Strep_C27230	1	11.11111111111111
Strep_C27189	1	11.11111111111111
Strep_C27199	1	11.11111111111111
Strep_C27196	1	11.11111111111111
Strep_C27195	1	11.11111111111111
Strep_C27194	1	11.11111111111111
Strep_C27193	1	11.11111111111111
Strep_C27191	1	11.11111111111111
Strep_C27190	1	11.11111111111111
Strep_C2718	1	11.11111111111111
Strep_C27188	1	11.11111111111111
Strep_C2722	1	11.11111111111111
Strep_C27187	1	11.11111111111111
Strep_C27186	1	11.11111111111111
Strep_C27185	1	11.11111111111111
Strep_C27184	1	11.11111111111111
Strep_C27180	1	11.11111111111111
Strep_C2717	1	11.11111111111111
Strep_C27179	1	11.11111111111111
Strep_C27178	1	11.11111111111111
Strep_C2719	1	11.11111111111111
Strep_C271	1	11.11111111111111
Strep_C27200	1	11.11111111111111
Strep_C27202	1	11.11111111111111
Strep_C27229	1	11.11111111111111
Strep_C27228	1	11.11111111111111
Strep_C27227	1	11.11111111111111
Strep_C27226	1	11.11111111111111
Strep_C27225	1	11.11111111111111
Strep_C27224	1	11.11111111111111
Strep_C27223	1	11.11111111111111
Strep_C27222	1	11.11111111111111
Strep_C27221	1	11.11111111111111
Strep_C27220	1	11.11111111111111
Strep_C27219	1	11.11111111111111
Strep_C27212	1	11.11111111111111
Strep_C27211	1	11.11111111111111
Strep_C27210	1	11.11111111111111
Strep_C2720	1	11.11111111111111
Strep_C27204	1	11.11111111111111
Strep_C27203	1	11.11111111111111
Strep_C27294	1	11.11111111111111
Strep_C27295	1	11.11111111111111
Strep_C27296	1	11.11111111111111
Strep_C27363	1	11.11111111111111
Strep_C27380	1	11.11111111111111
Strep_C27379	1	11.11111111111111
Strep_C27374	1	11.11111111111111
Strep_C27373	1	11.11111111111111
Strep_C27368	1	11.11111111111111
Strep_C27367	1	11.11111111111111
Strep_C27366	1	11.11111111111111
Strep_C27365	1	11.11111111111111
Strep_C27362	1	11.11111111111111
Strep_C27347	1	11.11111111111111
Strep_C27361	1	11.11111111111111
Strep_C27360	1	11.11111111111111
Strep_C27358	1	11.11111111111111
Strep_C27357	1	11.11111111111111
Strep_C27356	1	11.11111111111111
Strep_C27355	1	11.11111111111111
Strep_C27354	1	11.11111111111111
Strep_C27352	1	11.11111111111111
Strep_C27381	1	11.11111111111111
Strep_C27382	1	11.11111111111111
Strep_C27383	1	11.11111111111111
Strep_C27384	1	11.11111111111111
Strep_C27404	1	11.11111111111111
Strep_C27403	1	11.11111111111111
Strep_C27401	1	11.11111111111111
Strep_C2739	1	11.11111111111111
Strep_C27398	1	11.11111111111111
Strep_C27397	1	11.11111111111111
Strep_C27396	1	11.11111111111111
Strep_C27395	1	11.11111111111111
Strep_C27394	1	11.11111111111111
Strep_C27393	1	11.11111111111111
Strep_C27392	1	11.11111111111111
Strep_C27391	1	11.11111111111111
Strep_C2738	1	11.11111111111111
Strep_C27389	1	11.11111111111111
Strep_C27388	1	11.11111111111111
Strep_C27387	1	11.11111111111111
Strep_C27385	1	11.11111111111111
Strep_C27350	1	11.11111111111111
Strep_C27344	1	11.11111111111111
Strep_C27298	1	11.11111111111111
Strep_C27308	1	11.11111111111111
Strep_C27317	1	11.11111111111111
Strep_C27316	1	11.11111111111111
Strep_C27314	1	11.11111111111111
Strep_C27313	1	11.11111111111111
Strep_C27312	1	11.11111111111111
Strep_C27311	1	11.11111111111111
Strep_C27310	1	11.11111111111111
Strep_C27309	1	11.11111111111111
Strep_C27305	1	11.11111111111111
Strep_C27343	1	11.11111111111111
Strep_C27304	1	11.11111111111111
Strep_C27303	1	11.11111111111111
Strep_C27302	1	11.11111111111111
Strep_C27301	1	11.11111111111111
Strep_C27300	1	11.11111111111111
Strep_C272	1	11.11111111111111
Strep_C2729	1	11.11111111111111
Strep_C27299	1	11.11111111111111
Strep_C27319	1	11.11111111111111
Strep_C27320	1	11.11111111111111
Strep_C27321	1	11.11111111111111
Strep_C27323	1	11.11111111111111
Strep_C27342	1	11.11111111111111
Strep_C27341	1	11.11111111111111
Strep_C27340	1	11.11111111111111
Strep_C2733	1	11.11111111111111
Strep_C27339	1	11.11111111111111
Strep_C27338	1	11.11111111111111
Strep_C27337	1	11.11111111111111
Strep_C27335	1	11.11111111111111
Strep_C27332	1	11.11111111111111
Strep_C27331	1	11.11111111111111
Strep_C27330	1	11.11111111111111
Strep_C2732	1	11.11111111111111
Strep_C27329	1	11.11111111111111
Strep_C27327	1	11.11111111111111
Strep_C27326	1	11.11111111111111
Strep_C27325	1	11.11111111111111
Strep_C27324	1	11.11111111111111
Strep_C27177	1	11.11111111111111
Strep_C27173	1	11.11111111111111
Strep_C26952	1	11.11111111111111
Strep_C27021	1	11.11111111111111
Strep_C27037	1	11.11111111111111
Strep_C27035	1	11.11111111111111
Strep_C27034	1	11.11111111111111
Strep_C27033	1	11.11111111111111
Strep_C27032	1	11.11111111111111
Strep_C27030	1	11.11111111111111
Strep_C2702	1	11.11111111111111
Strep_C27023	1	11.11111111111111
Strep_C27020	1	11.11111111111111
Strep_C27039	1	11.11111111111111
Strep_C27019	1	11.11111111111111
Strep_C27018	1	11.11111111111111
Strep_C27016	1	11.11111111111111
Strep_C27015	1	11.11111111111111
Strep_C27013	1	11.11111111111111
Strep_C27012	1	11.11111111111111
Strep_C27011	1	11.11111111111111
Strep_C27010	1	11.11111111111111
Strep_C27038	1	11.11111111111111
Strep_C27040	1	11.11111111111111
Strep_C27172	1	11.11111111111111
Strep_C27053	1	11.11111111111111
Strep_C27063	1	11.11111111111111
Strep_C27062	1	11.11111111111111
Strep_C27061	1	11.11111111111111
Strep_C2705	1	11.11111111111111
Strep_C27059	1	11.11111111111111
Strep_C27058	1	11.11111111111111
Strep_C27055	1	11.11111111111111
Strep_C27054	1	11.11111111111111
Strep_C27052	1	11.11111111111111
Strep_C27041	1	11.11111111111111
Strep_C27051	1	11.11111111111111
Strep_C27048	1	11.11111111111111
Strep_C27047	1	11.11111111111111
Strep_C27046	1	11.11111111111111
Strep_C27045	1	11.11111111111111
Strep_C27044	1	11.11111111111111
Strep_C27043	1	11.11111111111111
Strep_C27042	1	11.11111111111111
Strep_C2700	1	11.11111111111111
Strep_C27009	1	11.11111111111111
Strep_C27008	1	11.11111111111111
Strep_C26965	1	11.11111111111111
Strep_C26975	1	11.11111111111111
Strep_C26974	1	11.11111111111111
Strep_C26972	1	11.11111111111111
Strep_C26971	1	11.11111111111111
Strep_C26969	1	11.11111111111111
Strep_C26968	1	11.11111111111111
Strep_C26967	1	11.11111111111111
Strep_C26966	1	11.11111111111111
Strep_C26964	1	11.11111111111111
Strep_C27007	1	11.11111111111111
Strep_C26962	1	11.11111111111111
Strep_C26961	1	11.11111111111111
Strep_C26959	1	11.11111111111111
Strep_C26958	1	11.11111111111111
Strep_C26956	1	11.11111111111111
Strep_C26955	1	11.11111111111111
Strep_C26954	1	11.11111111111111
Strep_C26953	1	11.11111111111111
Strep_C26976	1	11.11111111111111
Strep_C26977	1	11.11111111111111
Strep_C26978	1	11.11111111111111
Strep_C26979	1	11.11111111111111
Strep_C27005	1	11.11111111111111
Strep_C27004	1	11.11111111111111
Strep_C27002	1	11.11111111111111
Strep_C27001	1	11.11111111111111
Strep_C26	1	11.11111111111111
Strep_C26999	1	11.11111111111111
Strep_C26998	1	11.11111111111111
Strep_C26997	1	11.11111111111111
Strep_C26996	1	11.11111111111111
Strep_C26994	1	11.11111111111111
Strep_C26992	1	11.11111111111111
Strep_C26991	1	11.11111111111111
Strep_C26990	1	11.11111111111111
Strep_C2698	1	11.11111111111111
Strep_C26981	1	11.11111111111111
Strep_C26980	1	11.11111111111111
Strep_C2697	1	11.11111111111111
Strep_C27064	1	11.11111111111111
Strep_C27065	1	11.11111111111111
Strep_C27066	1	11.11111111111111
Strep_C27133	1	11.11111111111111
Strep_C27149	1	11.11111111111111
Strep_C27148	1	11.11111111111111
Strep_C27146	1	11.11111111111111
Strep_C27145	1	11.11111111111111
Strep_C27142	1	11.11111111111111
Strep_C27136	1	11.11111111111111
Strep_C27135	1	11.11111111111111
Strep_C27134	1	11.11111111111111
Strep_C27132	1	11.11111111111111
Strep_C27115	1	11.11111111111111
Strep_C27131	1	11.11111111111111
Strep_C27130	1	11.11111111111111
Strep_C2712	1	11.11111111111111
Strep_C27129	1	11.11111111111111
Strep_C27128	1	11.11111111111111
Strep_C27124	1	11.11111111111111
Strep_C27122	1	11.11111111111111
Strep_C27120	1	11.11111111111111
Strep_C27150	1	11.11111111111111
Strep_C27151	1	11.11111111111111
Strep_C27152	1	11.11111111111111
Strep_C27153	1	11.11111111111111
Strep_C27171	1	11.11111111111111
Strep_C27170	1	11.11111111111111
Strep_C27169	1	11.11111111111111
Strep_C27168	1	11.11111111111111
Strep_C27167	1	11.11111111111111
Strep_C27166	1	11.11111111111111
Strep_C27165	1	11.11111111111111
Strep_C27164	1	11.11111111111111
Strep_C27162	1	11.11111111111111
Strep_C27161	1	11.11111111111111
Strep_C2715	1	11.11111111111111
Strep_C27159	1	11.11111111111111
Strep_C27158	1	11.11111111111111
Strep_C27157	1	11.11111111111111
Strep_C27156	1	11.11111111111111
Strep_C27155	1	11.11111111111111
Strep_C27154	1	11.11111111111111
Strep_C2711	1	11.11111111111111
Strep_C27114	1	11.11111111111111
Strep_C27067	1	11.11111111111111
Strep_C27083	1	11.11111111111111
Strep_C27091	1	11.11111111111111
Strep_C27090	1	11.11111111111111
Strep_C27089	1	11.11111111111111
Strep_C27088	1	11.11111111111111
Strep_C27087	1	11.11111111111111
Strep_C27086	1	11.11111111111111
Strep_C27085	1	11.11111111111111
Strep_C27084	1	11.11111111111111
Strep_C27082	1	11.11111111111111
Strep_C27113	1	11.11111111111111
Strep_C27081	1	11.11111111111111
Strep_C27080	1	11.11111111111111
Strep_C2707	1	11.11111111111111
Strep_C27078	1	11.11111111111111
Strep_C27072	1	11.11111111111111
Strep_C27071	1	11.11111111111111
Strep_C2706	1	11.11111111111111
Strep_C27068	1	11.11111111111111
Strep_C27092	1	11.11111111111111
Strep_C27093	1	11.11111111111111
Strep_C27094	1	11.11111111111111
Strep_C27095	1	11.11111111111111
Strep_C27111	1	11.11111111111111
Strep_C27110	1	11.11111111111111
Strep_C2710	1	11.11111111111111
Strep_C27109	1	11.11111111111111
Strep_C27108	1	11.11111111111111
Strep_C27107	1	11.11111111111111
Strep_C27106	1	11.11111111111111
Strep_C27105	1	11.11111111111111
Strep_C27104	1	11.11111111111111
Strep_C27102	1	11.11111111111111
Strep_C27101	1	11.11111111111111
Strep_C27100	1	11.11111111111111
Strep_C270	1	11.11111111111111
Strep_C2709	1	11.11111111111111
Strep_C27099	1	11.11111111111111
Strep_C27097	1	11.11111111111111
Strep_C27096	1	11.11111111111111
Strep_C2651	1	11.11111111111111
Strep_C26519	1	11.11111111111111
Strep_C26518	1	11.11111111111111
Strep_C25936	1	11.11111111111111
Strep_C25952	1	11.11111111111111
Strep_C25950	1	11.11111111111111
Strep_C25947	1	11.11111111111111
Strep_C25943	1	11.11111111111111
Strep_C25942	1	11.11111111111111
Strep_C25941	1	11.11111111111111
Strep_C25939	1	11.11111111111111
Strep_C25938	1	11.11111111111111
Strep_C25934	1	11.11111111111111
Strep_C25957	1	11.11111111111111
Strep_C25933	1	11.11111111111111
Strep_C25932	1	11.11111111111111
Strep_C25929	1	11.11111111111111
Strep_C25925	1	11.11111111111111
Strep_C25923	1	11.11111111111111
Strep_C25922	1	11.11111111111111
Strep_C25919	1	11.11111111111111
Strep_C25918	1	11.11111111111111
Strep_C25955	1	11.11111111111111
Strep_C25959	1	11.11111111111111
Strep_C25861	1	11.11111111111111
Strep_C25971	1	11.11111111111111
Strep_C2597	1	11.11111111111111
Strep_C25979	1	11.11111111111111
Strep_C25978	1	11.11111111111111
Strep_C25977	1	11.11111111111111
Strep_C25976	1	11.11111111111111
Strep_C25975	1	11.11111111111111
Strep_C25974	1	11.11111111111111
Strep_C25973	1	11.11111111111111
Strep_C25970	1	11.11111111111111
Strep_C25961	1	11.11111111111111
Strep_C25969	1	11.11111111111111
Strep_C25968	1	11.11111111111111
Strep_C25967	1	11.11111111111111
Strep_C25966	1	11.11111111111111
Strep_C25965	1	11.11111111111111
Strep_C25964	1	11.11111111111111
Strep_C25963	1	11.11111111111111
Strep_C25962	1	11.11111111111111
Strep_C25916	1	11.11111111111111
Strep_C25912	1	11.11111111111111
Strep_C25911	1	11.11111111111111
Strep_C25878	1	11.11111111111111
Strep_C2588	1	11.11111111111111
Strep_C25889	1	11.11111111111111
Strep_C25888	1	11.11111111111111
Strep_C25887	1	11.11111111111111
Strep_C25886	1	11.11111111111111
Strep_C25884	1	11.11111111111111
Strep_C25883	1	11.11111111111111
Strep_C25879	1	11.11111111111111
Strep_C25872	1	11.11111111111111
Strep_C25910	1	11.11111111111111
Strep_C25871	1	11.11111111111111
Strep_C25870	1	11.11111111111111
Strep_C25868	1	11.11111111111111
Strep_C25867	1	11.11111111111111
Strep_C25866	1	11.11111111111111
Strep_C25865	1	11.11111111111111
Strep_C25864	1	11.11111111111111
Strep_C25863	1	11.11111111111111
Strep_C25890	1	11.11111111111111
Strep_C25891	1	11.11111111111111
Strep_C25892	1	11.11111111111111
Strep_C25894	1	11.11111111111111
Strep_C2590	1	11.11111111111111
Strep_C25909	1	11.11111111111111
Strep_C25908	1	11.11111111111111
Strep_C25907	1	11.11111111111111
Strep_C25906	1	11.11111111111111
Strep_C25905	1	11.11111111111111
Strep_C25904	1	11.11111111111111
Strep_C25903	1	11.11111111111111
Strep_C25902	1	11.11111111111111
Strep_C25901	1	11.11111111111111
Strep_C25900	1	11.11111111111111
Strep_C2589	1	11.11111111111111
Strep_C25899	1	11.11111111111111
Strep_C25898	1	11.11111111111111
Strep_C25897	1	11.11111111111111
Strep_C25896	1	11.11111111111111
Strep_C25895	1	11.11111111111111
Strep_C25980	1	11.11111111111111
Strep_C25981	1	11.11111111111111
Strep_C25983	1	11.11111111111111
Strep_C26049	1	11.11111111111111
Strep_C26059	1	11.11111111111111
Strep_C26058	1	11.11111111111111
Strep_C26057	1	11.11111111111111
Strep_C26056	1	11.11111111111111
Strep_C26055	1	11.11111111111111
Strep_C26051	1	11.11111111111111
Strep_C26050	1	11.11111111111111
Strep_C2604	1	11.11111111111111
Strep_C26048	1	11.11111111111111
Strep_C26033	1	11.11111111111111
Strep_C26045	1	11.11111111111111
Strep_C26044	1	11.11111111111111
Strep_C26041	1	11.11111111111111
Strep_C26040	1	11.11111111111111
Strep_C26039	1	11.11111111111111
Strep_C26037	1	11.11111111111111
Strep_C26036	1	11.11111111111111
Strep_C26035	1	11.11111111111111
Strep_C2605	1	11.11111111111111
Strep_C26061	1	11.11111111111111
Strep_C26062	1	11.11111111111111
Strep_C26063	1	11.11111111111111
Strep_C26092	1	11.11111111111111
Strep_C26091	1	11.11111111111111
Strep_C26089	1	11.11111111111111
Strep_C26087	1	11.11111111111111
Strep_C26084	1	11.11111111111111
Strep_C26083	1	11.11111111111111
Strep_C26082	1	11.11111111111111
Strep_C26080	1	11.11111111111111
Strep_C2607	1	11.11111111111111
Strep_C26078	1	11.11111111111111
Strep_C26072	1	11.11111111111111
Strep_C26071	1	11.11111111111111
Strep_C26070	1	11.11111111111111
Strep_C26068	1	11.11111111111111
Strep_C26067	1	11.11111111111111
Strep_C26065	1	11.11111111111111
Strep_C26064	1	11.11111111111111
Strep_C26034	1	11.11111111111111
Strep_C26032	1	11.11111111111111
Strep_C25984	1	11.11111111111111
Strep_C25995	1	11.11111111111111
Strep_C26010	1	11.11111111111111
Strep_C26009	1	11.11111111111111
Strep_C26007	1	11.11111111111111
Strep_C26006	1	11.11111111111111
Strep_C26004	1	11.11111111111111
Strep_C26003	1	11.11111111111111
Strep_C25	1	11.11111111111111
Strep_C25997	1	11.11111111111111
Strep_C25994	1	11.11111111111111
Strep_C26031	1	11.11111111111111
Strep_C25993	1	11.11111111111111
Strep_C25992	1	11.11111111111111
Strep_C25991	1	11.11111111111111
Strep_C25990	1	11.11111111111111
Strep_C25989	1	11.11111111111111
Strep_C25987	1	11.11111111111111
Strep_C25986	1	11.11111111111111
Strep_C25985	1	11.11111111111111
Strep_C26011	1	11.11111111111111
Strep_C26012	1	11.11111111111111
Strep_C26013	1	11.11111111111111
Strep_C26014	1	11.11111111111111
Strep_C26030	1	11.11111111111111
Strep_C2602	1	11.11111111111111
Strep_C26029	1	11.11111111111111
Strep_C26028	1	11.11111111111111
Strep_C26027	1	11.11111111111111
Strep_C26026	1	11.11111111111111
Strep_C26025	1	11.11111111111111
Strep_C26024	1	11.11111111111111
Strep_C26023	1	11.11111111111111
Strep_C26022	1	11.11111111111111
Strep_C26020	1	11.11111111111111
Strep_C2601	1	11.11111111111111
Strep_C26019	1	11.11111111111111
Strep_C26018	1	11.11111111111111
Strep_C26017	1	11.11111111111111
Strep_C26016	1	11.11111111111111
Strep_C26015	1	11.11111111111111
Strep_C25862	1	11.11111111111111
Strep_C25860	1	11.11111111111111
Strep_C26517	1	11.11111111111111
Strep_C25688	1	11.11111111111111
Strep_C25698	1	11.11111111111111
Strep_C25697	1	11.11111111111111
Strep_C25696	1	11.11111111111111
Strep_C25695	1	11.11111111111111
Strep_C25694	1	11.11111111111111
Strep_C25691	1	11.11111111111111
Strep_C25690	1	11.11111111111111
Strep_C25689	1	11.11111111111111
Strep_C25687	1	11.11111111111111
Strep_C256	1	11.11111111111111
Strep_C25685	1	11.11111111111111
Strep_C25683	1	11.11111111111111
Strep_C25680	1	11.11111111111111
Strep_C2567	1	11.11111111111111
Strep_C25677	1	11.11111111111111
Strep_C2566	1	11.11111111111111
Strep_C25669	1	11.11111111111111
Strep_C25665	1	11.11111111111111
Strep_C25699	1	11.11111111111111
Strep_C25701	1	11.11111111111111
Strep_C25859	1	11.11111111111111
Strep_C25717	1	11.11111111111111
Strep_C2572	1	11.11111111111111
Strep_C25729	1	11.11111111111111
Strep_C25727	1	11.11111111111111
Strep_C25726	1	11.11111111111111
Strep_C25725	1	11.11111111111111
Strep_C25723	1	11.11111111111111
Strep_C2571	1	11.11111111111111
Strep_C25718	1	11.11111111111111
Strep_C25716	1	11.11111111111111
Strep_C25702	1	11.11111111111111
Strep_C25715	1	11.11111111111111
Strep_C25713	1	11.11111111111111
Strep_C25712	1	11.11111111111111
Strep_C25709	1	11.11111111111111
Strep_C25706	1	11.11111111111111
Strep_C25705	1	11.11111111111111
Strep_C25704	1	11.11111111111111
Strep_C25703	1	11.11111111111111
Strep_C25664	1	11.11111111111111
Strep_C25663	1	11.11111111111111
Strep_C25662	1	11.11111111111111
Strep_C25620	1	11.11111111111111
Strep_C2562	1	11.11111111111111
Strep_C25629	1	11.11111111111111
Strep_C25628	1	11.11111111111111
Strep_C25627	1	11.11111111111111
Strep_C25626	1	11.11111111111111
Strep_C25624	1	11.11111111111111
Strep_C25623	1	11.11111111111111
Strep_C25622	1	11.11111111111111
Strep_C25619	1	11.11111111111111
Strep_C25660	1	11.11111111111111
Strep_C25614	1	11.11111111111111
Strep_C25611	1	11.11111111111111
Strep_C25608	1	11.11111111111111
Strep_C25606	1	11.11111111111111
Strep_C25605	1	11.11111111111111
Strep_C25604	1	11.11111111111111
Strep_C25603	1	11.11111111111111
Strep_C25602	1	11.11111111111111
Strep_C25630	1	11.11111111111111
Strep_C25631	1	11.11111111111111
Strep_C25632	1	11.11111111111111
Strep_C25633	1	11.11111111111111
Strep_C2565	1	11.11111111111111
Strep_C25659	1	11.11111111111111
Strep_C25658	1	11.11111111111111
Strep_C25657	1	11.11111111111111
Strep_C25655	1	11.11111111111111
Strep_C25654	1	11.11111111111111
Strep_C25653	1	11.11111111111111
Strep_C2564	1	11.11111111111111
Strep_C25648	1	11.11111111111111
Strep_C25645	1	11.11111111111111
Strep_C25640	1	11.11111111111111
Strep_C2563	1	11.11111111111111
Strep_C25639	1	11.11111111111111
Strep_C25638	1	11.11111111111111
Strep_C25636	1	11.11111111111111
Strep_C25635	1	11.11111111111111
Strep_C25634	1	11.11111111111111
Strep_C25730	1	11.11111111111111
Strep_C25731	1	11.11111111111111
Strep_C25732	1	11.11111111111111
Strep_C25822	1	11.11111111111111
Strep_C2582	1	11.11111111111111
Strep_C25829	1	11.11111111111111
Strep_C25828	1	11.11111111111111
Strep_C25827	1	11.11111111111111
Strep_C25826	1	11.11111111111111
Strep_C25825	1	11.11111111111111
Strep_C25824	1	11.11111111111111
Strep_C25823	1	11.11111111111111
Strep_C25821	1	11.11111111111111
Strep_C25809	1	11.11111111111111
Strep_C25820	1	11.11111111111111
Strep_C25819	1	11.11111111111111
Strep_C25818	1	11.11111111111111
Strep_C25815	1	11.11111111111111
Strep_C25814	1	11.11111111111111
Strep_C25813	1	11.11111111111111
Strep_C25812	1	11.11111111111111
Strep_C25811	1	11.11111111111111
Strep_C25830	1	11.11111111111111
Strep_C25831	1	11.11111111111111
Strep_C25832	1	11.11111111111111
Strep_C25833	1	11.11111111111111
Strep_C25858	1	11.11111111111111
Strep_C25857	1	11.11111111111111
Strep_C25856	1	11.11111111111111
Strep_C25854	1	11.11111111111111
Strep_C25853	1	11.11111111111111
Strep_C25852	1	11.11111111111111
Strep_C25851	1	11.11111111111111
Strep_C25850	1	11.11111111111111
Strep_C25847	1	11.11111111111111
Strep_C25845	1	11.11111111111111
Strep_C25844	1	11.11111111111111
Strep_C25842	1	11.11111111111111
Strep_C25840	1	11.11111111111111
Strep_C2583	1	11.11111111111111
Strep_C25836	1	11.11111111111111
Strep_C25835	1	11.11111111111111
Strep_C25834	1	11.11111111111111
Strep_C25810	1	11.11111111111111
Strep_C25808	1	11.11111111111111
Strep_C25733	1	11.11111111111111
Strep_C25748	1	11.11111111111111
Strep_C25755	1	11.11111111111111
Strep_C25754	1	11.11111111111111
Strep_C25753	1	11.11111111111111
Strep_C25752	1	11.11111111111111
Strep_C25751	1	11.11111111111111
Strep_C25750	1	11.11111111111111
Strep_C2574	1	11.11111111111111
Strep_C25749	1	11.11111111111111
Strep_C25747	1	11.11111111111111
Strep_C25804	1	11.11111111111111
Strep_C25746	1	11.11111111111111
Strep_C25745	1	11.11111111111111
Strep_C25743	1	11.11111111111111
Strep_C25742	1	11.11111111111111
Strep_C25738	1	11.11111111111111
Strep_C25737	1	11.11111111111111
Strep_C25735	1	11.11111111111111
Strep_C25734	1	11.11111111111111
Strep_C25756	1	11.11111111111111
Strep_C25757	1	11.11111111111111
Strep_C25758	1	11.11111111111111
Strep_C25764	1	11.11111111111111
Strep_C2579	1	11.11111111111111
Strep_C25790	1	11.11111111111111
Strep_C2578	1	11.11111111111111
Strep_C25789	1	11.11111111111111
Strep_C25785	1	11.11111111111111
Strep_C25784	1	11.11111111111111
Strep_C25783	1	11.11111111111111
Strep_C25782	1	11.11111111111111
Strep_C25781	1	11.11111111111111
Strep_C25779	1	11.11111111111111
Strep_C25775	1	11.11111111111111
Strep_C25773	1	11.11111111111111
Strep_C25772	1	11.11111111111111
Strep_C25770	1	11.11111111111111
Strep_C25767	1	11.11111111111111
Strep_C25766	1	11.11111111111111
Strep_C25765	1	11.11111111111111
Strep_C26093	1	11.11111111111111
Strep_C26094	1	11.11111111111111
Strep_C26095	1	11.11111111111111
Strep_C26367	1	11.11111111111111
Strep_C26375	1	11.11111111111111
Strep_C26374	1	11.11111111111111
Strep_C26372	1	11.11111111111111
Strep_C26371	1	11.11111111111111
Strep_C26370	1	11.11111111111111
Strep_C2636	1	11.11111111111111
Strep_C26369	1	11.11111111111111
Strep_C26368	1	11.11111111111111
Strep_C26366	1	11.11111111111111
Strep_C26380	1	11.11111111111111
Strep_C26365	1	11.11111111111111
Strep_C26363	1	11.11111111111111
Strep_C2635	1	11.11111111111111
Strep_C26359	1	11.11111111111111
Strep_C26358	1	11.11111111111111
Strep_C26357	1	11.11111111111111
Strep_C26355	1	11.11111111111111
Strep_C26354	1	11.11111111111111
Strep_C26376	1	11.11111111111111
Strep_C26383	1	11.11111111111111
Strep_C26096	1	11.11111111111111
Strep_C26397	1	11.11111111111111
Strep_C26405	1	11.11111111111111
Strep_C26404	1	11.11111111111111
Strep_C26403	1	11.11111111111111
Strep_C26402	1	11.11111111111111
Strep_C26401	1	11.11111111111111
Strep_C26400	1	11.11111111111111
Strep_C263	1	11.11111111111111
Strep_C26398	1	11.11111111111111
Strep_C26396	1	11.11111111111111
Strep_C26384	1	11.11111111111111
Strep_C26395	1	11.11111111111111
Strep_C26393	1	11.11111111111111
Strep_C26392	1	11.11111111111111
Strep_C26391	1	11.11111111111111
Strep_C26390	1	11.11111111111111
Strep_C26389	1	11.11111111111111
Strep_C26386	1	11.11111111111111
Strep_C26385	1	11.11111111111111
Strep_C26352	1	11.11111111111111
Strep_C26351	1	11.11111111111111
Strep_C26350	1	11.11111111111111
Strep_C26311	1	11.11111111111111
Strep_C26327	1	11.11111111111111
Strep_C26326	1	11.11111111111111
Strep_C26325	1	11.11111111111111
Strep_C26322	1	11.11111111111111
Strep_C26317	1	11.11111111111111
Strep_C26315	1	11.11111111111111
Strep_C26313	1	11.11111111111111
Strep_C26312	1	11.11111111111111
Strep_C26310	1	11.11111111111111
Strep_C26349	1	11.11111111111111
Strep_C26309	1	11.11111111111111
Strep_C26307	1	11.11111111111111
Strep_C26305	1	11.11111111111111
Strep_C26304	1	11.11111111111111
Strep_C26302	1	11.11111111111111
Strep_C26300	1	11.11111111111111
Strep_C262	1	11.11111111111111
Strep_C2629	1	11.11111111111111
Strep_C26328	1	11.11111111111111
Strep_C26329	1	11.11111111111111
Strep_C2632	1	11.11111111111111
Strep_C26331	1	11.11111111111111
Strep_C26348	1	11.11111111111111
Strep_C26347	1	11.11111111111111
Strep_C26346	1	11.11111111111111
Strep_C26345	1	11.11111111111111
Strep_C26344	1	11.11111111111111
Strep_C26343	1	11.11111111111111
Strep_C26342	1	11.11111111111111
Strep_C26341	1	11.11111111111111
Strep_C26340	1	11.11111111111111
Strep_C2633	1	11.11111111111111
Strep_C26339	1	11.11111111111111
Strep_C26338	1	11.11111111111111
Strep_C26337	1	11.11111111111111
Strep_C26336	1	11.11111111111111
Strep_C26334	1	11.11111111111111
Strep_C26333	1	11.11111111111111
Strep_C26332	1	11.11111111111111
Strep_C26406	1	11.11111111111111
Strep_C26407	1	11.11111111111111
Strep_C26408	1	11.11111111111111
Strep_C26476	1	11.11111111111111
Strep_C26490	1	11.11111111111111
Strep_C26489	1	11.11111111111111
Strep_C26488	1	11.11111111111111
Strep_C26487	1	11.11111111111111
Strep_C26485	1	11.11111111111111
Strep_C26482	1	11.11111111111111
Strep_C26480	1	11.11111111111111
Strep_C2647	1	11.11111111111111
Strep_C26475	1	11.11111111111111
Strep_C26466	1	11.11111111111111
Strep_C26474	1	11.11111111111111
Strep_C26473	1	11.11111111111111
Strep_C26472	1	11.11111111111111
Strep_C26471	1	11.11111111111111
Strep_C26470	1	11.11111111111111
Strep_C2646	1	11.11111111111111
Strep_C26469	1	11.11111111111111
Strep_C26468	1	11.11111111111111
Strep_C26491	1	11.11111111111111
Strep_C26492	1	11.11111111111111
Strep_C26493	1	11.11111111111111
Strep_C26494	1	11.11111111111111
Strep_C26516	1	11.11111111111111
Strep_C26515	1	11.11111111111111
Strep_C26514	1	11.11111111111111
Strep_C26513	1	11.11111111111111
Strep_C26512	1	11.11111111111111
Strep_C26511	1	11.11111111111111
Strep_C26509	1	11.11111111111111
Strep_C26508	1	11.11111111111111
Strep_C26507	1	11.11111111111111
Strep_C26506	1	11.11111111111111
Strep_C26505	1	11.11111111111111
Strep_C26504	1	11.11111111111111
Strep_C26503	1	11.11111111111111
Strep_C26502	1	11.11111111111111
Strep_C26501	1	11.11111111111111
Strep_C2649	1	11.11111111111111
Strep_C26495	1	11.11111111111111
Strep_C26467	1	11.11111111111111
Strep_C26465	1	11.11111111111111
Strep_C26409	1	11.11111111111111
Strep_C26427	1	11.11111111111111
Strep_C26436	1	11.11111111111111
Strep_C26435	1	11.11111111111111
Strep_C26434	1	11.11111111111111
Strep_C26433	1	11.11111111111111
Strep_C26432	1	11.11111111111111
Strep_C26431	1	11.11111111111111
Strep_C26430	1	11.11111111111111
Strep_C26429	1	11.11111111111111
Strep_C26425	1	11.11111111111111
Strep_C26464	1	11.11111111111111
Strep_C26424	1	11.11111111111111
Strep_C26423	1	11.11111111111111
Strep_C26420	1	11.11111111111111
Strep_C26418	1	11.11111111111111
Strep_C26413	1	11.11111111111111
Strep_C26412	1	11.11111111111111
Strep_C26411	1	11.11111111111111
Strep_C26410	1	11.11111111111111
Strep_C26438	1	11.11111111111111
Strep_C26439	1	11.11111111111111
Strep_C26440	1	11.11111111111111
Strep_C26442	1	11.11111111111111
Strep_C26463	1	11.11111111111111
Strep_C26462	1	11.11111111111111
Strep_C26461	1	11.11111111111111
Strep_C26460	1	11.11111111111111
Strep_C2645	1	11.11111111111111
Strep_C26459	1	11.11111111111111
Strep_C26458	1	11.11111111111111
Strep_C26457	1	11.11111111111111
Strep_C26455	1	11.11111111111111
Strep_C26453	1	11.11111111111111
Strep_C26452	1	11.11111111111111
Strep_C2644	1	11.11111111111111
Strep_C26447	1	11.11111111111111
Strep_C26446	1	11.11111111111111
Strep_C26445	1	11.11111111111111
Strep_C26444	1	11.11111111111111
Strep_C26443	1	11.11111111111111
Strep_C26299	1	11.11111111111111
Strep_C26298	1	11.11111111111111
Strep_C26296	1	11.11111111111111
Strep_C26158	1	11.11111111111111
Strep_C26168	1	11.11111111111111
Strep_C26167	1	11.11111111111111
Strep_C26166	1	11.11111111111111
Strep_C26165	1	11.11111111111111
Strep_C26164	1	11.11111111111111
Strep_C26162	1	11.11111111111111
Strep_C26161	1	11.11111111111111
Strep_C26159	1	11.11111111111111
Strep_C26157	1	11.11111111111111
Strep_C2613	1	11.11111111111111
Strep_C26156	1	11.11111111111111
Strep_C26155	1	11.11111111111111
Strep_C26154	1	11.11111111111111
Strep_C26152	1	11.11111111111111
Strep_C26148	1	11.11111111111111
Strep_C26145	1	11.11111111111111
Strep_C26144	1	11.11111111111111
Strep_C26143	1	11.11111111111111
Strep_C26169	1	11.11111111111111
Strep_C2616	1	11.11111111111111
Strep_C26170	1	11.11111111111111
Strep_C26171	1	11.11111111111111
Strep_C26190	1	11.11111111111111
Strep_C2618	1	11.11111111111111
Strep_C26189	1	11.11111111111111
Strep_C26188	1	11.11111111111111
Strep_C26187	1	11.11111111111111
Strep_C26186	1	11.11111111111111
Strep_C26184	1	11.11111111111111
Strep_C26183	1	11.11111111111111
Strep_C26182	1	11.11111111111111
Strep_C26181	1	11.11111111111111
Strep_C26180	1	11.11111111111111
Strep_C26178	1	11.11111111111111
Strep_C26177	1	11.11111111111111
Strep_C26176	1	11.11111111111111
Strep_C26175	1	11.11111111111111
Strep_C26174	1	11.11111111111111
Strep_C26172	1	11.11111111111111
Strep_C26140	1	11.11111111111111
Strep_C26139	1	11.11111111111111
Strep_C26192	1	11.11111111111111
Strep_C26104	1	11.11111111111111
Strep_C26112	1	11.11111111111111
Strep_C26111	1	11.11111111111111
Strep_C26110	1	11.11111111111111
Strep_C26109	1	11.11111111111111
Strep_C26108	1	11.11111111111111
Strep_C26107	1	11.11111111111111
Strep_C26106	1	11.11111111111111
Strep_C26105	1	11.11111111111111
Strep_C26103	1	11.11111111111111
Strep_C26138	1	11.11111111111111
Strep_C26102	1	11.11111111111111
Strep_C26101	1	11.11111111111111
Strep_C26100	1	11.11111111111111
Strep_C260	1	11.11111111111111
Strep_C2609	1	11.11111111111111
Strep_C26099	1	11.11111111111111
Strep_C26098	1	11.11111111111111
Strep_C26097	1	11.11111111111111
Strep_C26113	1	11.11111111111111
Strep_C26114	1	11.11111111111111
Strep_C26115	1	11.11111111111111
Strep_C26116	1	11.11111111111111
Strep_C26137	1	11.11111111111111
Strep_C26135	1	11.11111111111111
Strep_C26134	1	11.11111111111111
Strep_C26133	1	11.11111111111111
Strep_C26132	1	11.11111111111111
Strep_C26130	1	11.11111111111111
Strep_C26129	1	11.11111111111111
Strep_C26128	1	11.11111111111111
Strep_C26127	1	11.11111111111111
Strep_C26125	1	11.11111111111111
Strep_C26124	1	11.11111111111111
Strep_C26123	1	11.11111111111111
Strep_C26122	1	11.11111111111111
Strep_C26120	1	11.11111111111111
Strep_C26119	1	11.11111111111111
Strep_C26118	1	11.11111111111111
Strep_C26117	1	11.11111111111111
Strep_C26191	1	11.11111111111111
Strep_C26193	1	11.11111111111111
Strep_C26295	1	11.11111111111111
Strep_C26259	1	11.11111111111111
Strep_C26273	1	11.11111111111111
Strep_C26271	1	11.11111111111111
Strep_C26270	1	11.11111111111111
Strep_C26264	1	11.11111111111111
Strep_C26263	1	11.11111111111111
Strep_C26262	1	11.11111111111111
Strep_C26261	1	11.11111111111111
Strep_C26260	1	11.11111111111111
Strep_C26258	1	11.11111111111111
Strep_C26246	1	11.11111111111111
Strep_C26257	1	11.11111111111111
Strep_C26256	1	11.11111111111111
Strep_C26255	1	11.11111111111111
Strep_C26254	1	11.11111111111111
Strep_C26253	1	11.11111111111111
Strep_C26252	1	11.11111111111111
Strep_C26251	1	11.11111111111111
Strep_C26249	1	11.11111111111111
Strep_C26274	1	11.11111111111111
Strep_C26275	1	11.11111111111111
Strep_C26276	1	11.11111111111111
Strep_C26277	1	11.11111111111111
Strep_C26294	1	11.11111111111111
Strep_C26293	1	11.11111111111111
Strep_C26292	1	11.11111111111111
Strep_C26291	1	11.11111111111111
Strep_C26290	1	11.11111111111111
Strep_C2628	1	11.11111111111111
Strep_C26289	1	11.11111111111111
Strep_C26288	1	11.11111111111111
Strep_C26287	1	11.11111111111111
Strep_C26286	1	11.11111111111111
Strep_C26285	1	11.11111111111111
Strep_C26283	1	11.11111111111111
Strep_C26282	1	11.11111111111111
Strep_C26280	1	11.11111111111111
Strep_C2627	1	11.11111111111111
Strep_C26279	1	11.11111111111111
Strep_C26278	1	11.11111111111111
Strep_C26248	1	11.11111111111111
Strep_C26245	1	11.11111111111111
Strep_C26194	1	11.11111111111111
Strep_C26207	1	11.11111111111111
Strep_C2621	1	11.11111111111111
Strep_C26217	1	11.11111111111111
Strep_C26216	1	11.11111111111111
Strep_C26214	1	11.11111111111111
Strep_C26212	1	11.11111111111111
Strep_C26210	1	11.11111111111111
Strep_C26209	1	11.11111111111111
Strep_C26208	1	11.11111111111111
Strep_C26206	1	11.11111111111111
Strep_C26242	1	11.11111111111111
Strep_C26205	1	11.11111111111111
Strep_C26204	1	11.11111111111111
Strep_C26203	1	11.11111111111111
Strep_C26202	1	11.11111111111111
Strep_C26201	1	11.11111111111111
Strep_C26199	1	11.11111111111111
Strep_C26196	1	11.11111111111111
Strep_C26195	1	11.11111111111111
Strep_C26220	1	11.11111111111111
Strep_C26221	1	11.11111111111111
Strep_C26222	1	11.11111111111111
Strep_C26223	1	11.11111111111111
Strep_C26241	1	11.11111111111111
Strep_C26240	1	11.11111111111111
Strep_C2623	1	11.11111111111111
Strep_C26239	1	11.11111111111111
Strep_C26238	1	11.11111111111111
Strep_C26237	1	11.11111111111111
Strep_C26235	1	11.11111111111111
Strep_C26232	1	11.11111111111111
Strep_C26231	1	11.11111111111111
Strep_C26230	1	11.11111111111111
Strep_C2622	1	11.11111111111111
Strep_C26229	1	11.11111111111111
Strep_C26228	1	11.11111111111111
Strep_C26227	1	11.11111111111111
Strep_C26226	1	11.11111111111111
Strep_C26225	1	11.11111111111111
Strep_C26224	1	11.11111111111111
Strep_C235	1	11.11111111111111
Strep_C2359	1	11.11111111111111
Strep_C23599	1	11.11111111111111
Strep_C20932	1	11.11111111111111
Strep_C20942	1	11.11111111111111
Strep_C20941	1	11.11111111111111
Strep_C20940	1	11.11111111111111
Strep_C20939	1	11.11111111111111
Strep_C20938	1	11.11111111111111
Strep_C20935	1	11.11111111111111
Strep_C20934	1	11.11111111111111
Strep_C20933	1	11.11111111111111
Strep_C20930	1	11.11111111111111
Strep_C20949	1	11.11111111111111
Strep_C2092	1	11.11111111111111
Strep_C20929	1	11.11111111111111
Strep_C20928	1	11.11111111111111
Strep_C20927	1	11.11111111111111
Strep_C20925	1	11.11111111111111
Strep_C20924	1	11.11111111111111
Strep_C20920	1	11.11111111111111
Strep_C20917	1	11.11111111111111
Strep_C20944	1	11.11111111111111
Strep_C2094	1	11.11111111111111
Strep_C20846	1	11.11111111111111
Strep_C20965	1	11.11111111111111
Strep_C20975	1	11.11111111111111
Strep_C20974	1	11.11111111111111
Strep_C20973	1	11.11111111111111
Strep_C20972	1	11.11111111111111
Strep_C20971	1	11.11111111111111
Strep_C2096	1	11.11111111111111
Strep_C20969	1	11.11111111111111
Strep_C20968	1	11.11111111111111
Strep_C20964	1	11.11111111111111
Strep_C20952	1	11.11111111111111
Strep_C20962	1	11.11111111111111
Strep_C20960	1	11.11111111111111
Strep_C20959	1	11.11111111111111
Strep_C20958	1	11.11111111111111
Strep_C20957	1	11.11111111111111
Strep_C20956	1	11.11111111111111
Strep_C20954	1	11.11111111111111
Strep_C20953	1	11.11111111111111
Strep_C20914	1	11.11111111111111
Strep_C20910	1	11.11111111111111
Strep_C20909	1	11.11111111111111
Strep_C2085	1	11.11111111111111
Strep_C2087	1	11.11111111111111
Strep_C20874	1	11.11111111111111
Strep_C20869	1	11.11111111111111
Strep_C20864	1	11.11111111111111
Strep_C20863	1	11.11111111111111
Strep_C20862	1	11.11111111111111
Strep_C20861	1	11.11111111111111
Strep_C20860	1	11.11111111111111
Strep_C20859	1	11.11111111111111
Strep_C20908	1	11.11111111111111
Strep_C20857	1	11.11111111111111
Strep_C20856	1	11.11111111111111
Strep_C20855	1	11.11111111111111
Strep_C20852	1	11.11111111111111
Strep_C20851	1	11.11111111111111
Strep_C20850	1	11.11111111111111
Strep_C2084	1	11.11111111111111
Strep_C20849	1	11.11111111111111
Strep_C20880	1	11.11111111111111
Strep_C20882	1	11.11111111111111
Strep_C20884	1	11.11111111111111
Strep_C20885	1	11.11111111111111
Strep_C20907	1	11.11111111111111
Strep_C20906	1	11.11111111111111
Strep_C20905	1	11.11111111111111
Strep_C20904	1	11.11111111111111
Strep_C20903	1	11.11111111111111
Strep_C20902	1	11.11111111111111
Strep_C20901	1	11.11111111111111
Strep_C20900	1	11.11111111111111
Strep_C20897	1	11.11111111111111
Strep_C20896	1	11.11111111111111
Strep_C20895	1	11.11111111111111
Strep_C20894	1	11.11111111111111
Strep_C20893	1	11.11111111111111
Strep_C20892	1	11.11111111111111
Strep_C20890	1	11.11111111111111
Strep_C2088	1	11.11111111111111
Strep_C20886	1	11.11111111111111
Strep_C20977	1	11.11111111111111
Strep_C20978	1	11.11111111111111
Strep_C20979	1	11.11111111111111
Strep_C21062	1	11.11111111111111
Strep_C21072	1	11.11111111111111
Strep_C21070	1	11.11111111111111
Strep_C21069	1	11.11111111111111
Strep_C21068	1	11.11111111111111
Strep_C21067	1	11.11111111111111
Strep_C21065	1	11.11111111111111
Strep_C21064	1	11.11111111111111
Strep_C21063	1	11.11111111111111
Strep_C21061	1	11.11111111111111
Strep_C21050	1	11.11111111111111
Strep_C21060	1	11.11111111111111
Strep_C2105	1	11.11111111111111
Strep_C21059	1	11.11111111111111
Strep_C21058	1	11.11111111111111
Strep_C21056	1	11.11111111111111
Strep_C21054	1	11.11111111111111
Strep_C21053	1	11.11111111111111
Strep_C21052	1	11.11111111111111
Strep_C21075	1	11.11111111111111
Strep_C21079	1	11.11111111111111
Strep_C21080	1	11.11111111111111
Strep_C21082	1	11.11111111111111
Strep_C21110	1	11.11111111111111
Strep_C2110	1	11.11111111111111
Strep_C21109	1	11.11111111111111
Strep_C21108	1	11.11111111111111
Strep_C21107	1	11.11111111111111
Strep_C21106	1	11.11111111111111
Strep_C21105	1	11.11111111111111
Strep_C21104	1	11.11111111111111
Strep_C21103	1	11.11111111111111
Strep_C21102	1	11.11111111111111
Strep_C210	1	11.11111111111111
Strep_C21098	1	11.11111111111111
Strep_C21094	1	11.11111111111111
Strep_C21091	1	11.11111111111111
Strep_C21090	1	11.11111111111111
Strep_C21086	1	11.11111111111111
Strep_C21085	1	11.11111111111111
Strep_C21051	1	11.11111111111111
Strep_C21046	1	11.11111111111111
Strep_C20980	1	11.11111111111111
Strep_C20993	1	11.11111111111111
Strep_C21004	1	11.11111111111111
Strep_C21003	1	11.11111111111111
Strep_C21000	1	11.11111111111111
Strep_C20	1	11.11111111111111
Strep_C209	1	11.11111111111111
Strep_C20998	1	11.11111111111111
Strep_C20995	1	11.11111111111111
Strep_C20994	1	11.11111111111111
Strep_C20992	1	11.11111111111111
Strep_C21045	1	11.11111111111111
Strep_C20991	1	11.11111111111111
Strep_C20990	1	11.11111111111111
Strep_C20989	1	11.11111111111111
Strep_C20988	1	11.11111111111111
Strep_C20985	1	11.11111111111111
Strep_C20984	1	11.11111111111111
Strep_C20983	1	11.11111111111111
Strep_C20982	1	11.11111111111111
Strep_C21005	1	11.11111111111111
Strep_C21008	1	11.11111111111111
Strep_C2100	1	11.11111111111111
Strep_C21010	1	11.11111111111111
Strep_C21044	1	11.11111111111111
Strep_C21042	1	11.11111111111111
Strep_C21041	1	11.11111111111111
Strep_C2102	1	11.11111111111111
Strep_C21025	1	11.11111111111111
Strep_C21024	1	11.11111111111111
Strep_C21023	1	11.11111111111111
Strep_C21022	1	11.11111111111111
Strep_C21021	1	11.11111111111111
Strep_C21020	1	11.11111111111111
Strep_C21019	1	11.11111111111111
Strep_C21018	1	11.11111111111111
Strep_C21017	1	11.11111111111111
Strep_C21016	1	11.11111111111111
Strep_C21015	1	11.11111111111111
Strep_C21014	1	11.11111111111111
Strep_C21012	1	11.11111111111111
Strep_C20848	1	11.11111111111111
Strep_C20845	1	11.11111111111111
Strep_C21112	1	11.11111111111111
Strep_C20674	1	11.11111111111111
Strep_C20685	1	11.11111111111111
Strep_C20684	1	11.11111111111111
Strep_C20683	1	11.11111111111111
Strep_C20680	1	11.11111111111111
Strep_C20679	1	11.11111111111111
Strep_C20678	1	11.11111111111111
Strep_C20677	1	11.11111111111111
Strep_C20676	1	11.11111111111111
Strep_C20671	1	11.11111111111111
Strep_C20691	1	11.11111111111111
Strep_C20670	1	11.11111111111111
Strep_C20669	1	11.11111111111111
Strep_C20668	1	11.11111111111111
Strep_C20666	1	11.11111111111111
Strep_C20665	1	11.11111111111111
Strep_C20664	1	11.11111111111111
Strep_C20663	1	11.11111111111111
Strep_C20662	1	11.11111111111111
Strep_C20690	1	11.11111111111111
Strep_C20693	1	11.11111111111111
Strep_C20842	1	11.11111111111111
Strep_C20706	1	11.11111111111111
Strep_C20726	1	11.11111111111111
Strep_C20725	1	11.11111111111111
Strep_C2071	1	11.11111111111111
Strep_C20712	1	11.11111111111111
Strep_C20711	1	11.11111111111111
Strep_C20709	1	11.11111111111111
Strep_C20708	1	11.11111111111111
Strep_C20707	1	11.11111111111111
Strep_C20703	1	11.11111111111111
Strep_C20694	1	11.11111111111111
Strep_C20701	1	11.11111111111111
Strep_C20700	1	11.11111111111111
Strep_C206	1	11.11111111111111
Strep_C2069	1	11.11111111111111
Strep_C20699	1	11.11111111111111
Strep_C20698	1	11.11111111111111
Strep_C20696	1	11.11111111111111
Strep_C20695	1	11.11111111111111
Strep_C20661	1	11.11111111111111
Strep_C20660	1	11.11111111111111
Strep_C20659	1	11.11111111111111
Strep_C205	1	11.11111111111111
Strep_C20616	1	11.11111111111111
Strep_C20615	1	11.11111111111111
Strep_C20612	1	11.11111111111111
Strep_C20611	1	11.11111111111111
Strep_C20610	1	11.11111111111111
Strep_C20609	1	11.11111111111111
Strep_C20604	1	11.11111111111111
Strep_C20600	1	11.11111111111111
Strep_C20597	1	11.11111111111111
Strep_C20658	1	11.11111111111111
Strep_C20596	1	11.11111111111111
Strep_C20594	1	11.11111111111111
Strep_C20593	1	11.11111111111111
Strep_C20591	1	11.11111111111111
Strep_C20590	1	11.11111111111111
Strep_C20589	1	11.11111111111111
Strep_C20588	1	11.11111111111111
Strep_C20587	1	11.11111111111111
Strep_C20617	1	11.11111111111111
Strep_C20618	1	11.11111111111111
Strep_C2061	1	11.11111111111111
Strep_C20620	1	11.11111111111111
Strep_C20656	1	11.11111111111111
Strep_C20654	1	11.11111111111111
Strep_C20652	1	11.11111111111111
Strep_C20651	1	11.11111111111111
Strep_C20650	1	11.11111111111111
Strep_C2064	1	11.11111111111111
Strep_C20648	1	11.11111111111111
Strep_C20645	1	11.11111111111111
Strep_C20644	1	11.11111111111111
Strep_C20643	1	11.11111111111111
Strep_C20638	1	11.11111111111111
Strep_C20637	1	11.11111111111111
Strep_C20635	1	11.11111111111111
Strep_C20625	1	11.11111111111111
Strep_C20624	1	11.11111111111111
Strep_C20623	1	11.11111111111111
Strep_C20621	1	11.11111111111111
Strep_C20727	1	11.11111111111111
Strep_C20728	1	11.11111111111111
Strep_C20731	1	11.11111111111111
Strep_C20802	1	11.11111111111111
Strep_C20816	1	11.11111111111111
Strep_C20815	1	11.11111111111111
Strep_C20814	1	11.11111111111111
Strep_C20810	1	11.11111111111111
Strep_C2080	1	11.11111111111111
Strep_C20809	1	11.11111111111111
Strep_C20808	1	11.11111111111111
Strep_C20806	1	11.11111111111111
Strep_C207	1	11.11111111111111
Strep_C20788	1	11.11111111111111
Strep_C20799	1	11.11111111111111
Strep_C20798	1	11.11111111111111
Strep_C20796	1	11.11111111111111
Strep_C20795	1	11.11111111111111
Strep_C20794	1	11.11111111111111
Strep_C20793	1	11.11111111111111
Strep_C20792	1	11.11111111111111
Strep_C20790	1	11.11111111111111
Strep_C20818	1	11.11111111111111
Strep_C20819	1	11.11111111111111
Strep_C2081	1	11.11111111111111
Strep_C20821	1	11.11111111111111
Strep_C20841	1	11.11111111111111
Strep_C20840	1	11.11111111111111
Strep_C2083	1	11.11111111111111
Strep_C20839	1	11.11111111111111
Strep_C20838	1	11.11111111111111
Strep_C20833	1	11.11111111111111
Strep_C20832	1	11.11111111111111
Strep_C20831	1	11.11111111111111
Strep_C20830	1	11.11111111111111
Strep_C20829	1	11.11111111111111
Strep_C20828	1	11.11111111111111
Strep_C20827	1	11.11111111111111
Strep_C20826	1	11.11111111111111
Strep_C20825	1	11.11111111111111
Strep_C20824	1	11.11111111111111
Strep_C20823	1	11.11111111111111
Strep_C20822	1	11.11111111111111
Strep_C20789	1	11.11111111111111
Strep_C20787	1	11.11111111111111
Strep_C20733	1	11.11111111111111
Strep_C20747	1	11.11111111111111
Strep_C20757	1	11.11111111111111
Strep_C20756	1	11.11111111111111
Strep_C20754	1	11.11111111111111
Strep_C20753	1	11.11111111111111
Strep_C20752	1	11.11111111111111
Strep_C20751	1	11.11111111111111
Strep_C20750	1	11.11111111111111
Strep_C20748	1	11.11111111111111
Strep_C20746	1	11.11111111111111
Strep_C20786	1	11.11111111111111
Strep_C20744	1	11.11111111111111
Strep_C20743	1	11.11111111111111
Strep_C20742	1	11.11111111111111
Strep_C20741	1	11.11111111111111
Strep_C20740	1	11.11111111111111
Strep_C20738	1	11.11111111111111
Strep_C20736	1	11.11111111111111
Strep_C20735	1	11.11111111111111
Strep_C20758	1	11.11111111111111
Strep_C20759	1	11.11111111111111
Strep_C20761	1	11.11111111111111
Strep_C20762	1	11.11111111111111
Strep_C20785	1	11.11111111111111
Strep_C20784	1	11.11111111111111
Strep_C20783	1	11.11111111111111
Strep_C20781	1	11.11111111111111
Strep_C20780	1	11.11111111111111
Strep_C2077	1	11.11111111111111
Strep_C20778	1	11.11111111111111
Strep_C20777	1	11.11111111111111
Strep_C20776	1	11.11111111111111
Strep_C20775	1	11.11111111111111
Strep_C20774	1	11.11111111111111
Strep_C20771	1	11.11111111111111
Strep_C20770	1	11.11111111111111
Strep_C2076	1	11.11111111111111
Strep_C20769	1	11.11111111111111
Strep_C20766	1	11.11111111111111
Strep_C20765	1	11.11111111111111
Strep_C21111	1	11.11111111111111
Strep_C21113	1	11.11111111111111
Strep_C21625	1	11.11111111111111
Strep_C2143	1	11.11111111111111
Strep_C21456	1	11.11111111111111
Strep_C21452	1	11.11111111111111
Strep_C21445	1	11.11111111111111
Strep_C21444	1	11.11111111111111
Strep_C21443	1	11.11111111111111
Strep_C21442	1	11.11111111111111
Strep_C21441	1	11.11111111111111
Strep_C21440	1	11.11111111111111
Strep_C21439	1	11.11111111111111
Strep_C2145	1	11.11111111111111
Strep_C21438	1	11.11111111111111
Strep_C21437	1	11.11111111111111
Strep_C21436	1	11.11111111111111
Strep_C21435	1	11.11111111111111
Strep_C21434	1	11.11111111111111
Strep_C21433	1	11.11111111111111
Strep_C21432	1	11.11111111111111
Strep_C21431	1	11.11111111111111
Strep_C21457	1	11.11111111111111
Strep_C21460	1	11.11111111111111
Strep_C21358	1	11.11111111111111
Strep_C21476	1	11.11111111111111
Strep_C21485	1	11.11111111111111
Strep_C21484	1	11.11111111111111
Strep_C21483	1	11.11111111111111
Strep_C21481	1	11.11111111111111
Strep_C21480	1	11.11111111111111
Strep_C2147	1	11.11111111111111
Strep_C21479	1	11.11111111111111
Strep_C21477	1	11.11111111111111
Strep_C21475	1	11.11111111111111
Strep_C21463	1	11.11111111111111
Strep_C21474	1	11.11111111111111
Strep_C21473	1	11.11111111111111
Strep_C21472	1	11.11111111111111
Strep_C21471	1	11.11111111111111
Strep_C21470	1	11.11111111111111
Strep_C21468	1	11.11111111111111
Strep_C21466	1	11.11111111111111
Strep_C21464	1	11.11111111111111
Strep_C21425	1	11.11111111111111
Strep_C21423	1	11.11111111111111
Strep_C21420	1	11.11111111111111
Strep_C21373	1	11.11111111111111
Strep_C21381	1	11.11111111111111
Strep_C21380	1	11.11111111111111
Strep_C21379	1	11.11111111111111
Strep_C21378	1	11.11111111111111
Strep_C21377	1	11.11111111111111
Strep_C21376	1	11.11111111111111
Strep_C21375	1	11.11111111111111
Strep_C21374	1	11.11111111111111
Strep_C21372	1	11.11111111111111
Strep_C21418	1	11.11111111111111
Strep_C21371	1	11.11111111111111
Strep_C21370	1	11.11111111111111
Strep_C21369	1	11.11111111111111
Strep_C21368	1	11.11111111111111
Strep_C21367	1	11.11111111111111
Strep_C21365	1	11.11111111111111
Strep_C21361	1	11.11111111111111
Strep_C21360	1	11.11111111111111
Strep_C21382	1	11.11111111111111
Strep_C21385	1	11.11111111111111
Strep_C21389	1	11.11111111111111
Strep_C21390	1	11.11111111111111
Strep_C21416	1	11.11111111111111
Strep_C21415	1	11.11111111111111
Strep_C21414	1	11.11111111111111
Strep_C21413	1	11.11111111111111
Strep_C21412	1	11.11111111111111
Strep_C21411	1	11.11111111111111
Strep_C21409	1	11.11111111111111
Strep_C21408	1	11.11111111111111
Strep_C21405	1	11.11111111111111
Strep_C21404	1	11.11111111111111
Strep_C21403	1	11.11111111111111
Strep_C21400	1	11.11111111111111
Strep_C21399	1	11.11111111111111
Strep_C21397	1	11.11111111111111
Strep_C21396	1	11.11111111111111
Strep_C21395	1	11.11111111111111
Strep_C21391	1	11.11111111111111
Strep_C21486	1	11.11111111111111
Strep_C21488	1	11.11111111111111
Strep_C21489	1	11.11111111111111
Strep_C21583	1	11.11111111111111
Strep_C21600	1	11.11111111111111
Strep_C2159	1	11.11111111111111
Strep_C21598	1	11.11111111111111
Strep_C21595	1	11.11111111111111
Strep_C21588	1	11.11111111111111
Strep_C21587	1	11.11111111111111
Strep_C21585	1	11.11111111111111
Strep_C21584	1	11.11111111111111
Strep_C21582	1	11.11111111111111
Strep_C21565	1	11.11111111111111
Strep_C21581	1	11.11111111111111
Strep_C21580	1	11.11111111111111
Strep_C21579	1	11.11111111111111
Strep_C21577	1	11.11111111111111
Strep_C21576	1	11.11111111111111
Strep_C21573	1	11.11111111111111
Strep_C2156	1	11.11111111111111
Strep_C21569	1	11.11111111111111
Strep_C21601	1	11.11111111111111
Strep_C21602	1	11.11111111111111
Strep_C21603	1	11.11111111111111
Strep_C21604	1	11.11111111111111
Strep_C21622	1	11.11111111111111
Strep_C21621	1	11.11111111111111
Strep_C21620	1	11.11111111111111
Strep_C21619	1	11.11111111111111
Strep_C21618	1	11.11111111111111
Strep_C21616	1	11.11111111111111
Strep_C21615	1	11.11111111111111
Strep_C21614	1	11.11111111111111
Strep_C21613	1	11.11111111111111
Strep_C21612	1	11.11111111111111
Strep_C21611	1	11.11111111111111
Strep_C21610	1	11.11111111111111
Strep_C2160	1	11.11111111111111
Strep_C21608	1	11.11111111111111
Strep_C21607	1	11.11111111111111
Strep_C21606	1	11.11111111111111
Strep_C21605	1	11.11111111111111
Strep_C21567	1	11.11111111111111
Strep_C21564	1	11.11111111111111
Strep_C21490	1	11.11111111111111
Strep_C2150	1	11.11111111111111
Strep_C21523	1	11.11111111111111
Strep_C21520	1	11.11111111111111
Strep_C21519	1	11.11111111111111
Strep_C21515	1	11.11111111111111
Strep_C21514	1	11.11111111111111
Strep_C21513	1	11.11111111111111
Strep_C21512	1	11.11111111111111
Strep_C21511	1	11.11111111111111
Strep_C21509	1	11.11111111111111
Strep_C21562	1	11.11111111111111
Strep_C21507	1	11.11111111111111
Strep_C21506	1	11.11111111111111
Strep_C21505	1	11.11111111111111
Strep_C214	1	11.11111111111111
Strep_C2149	1	11.11111111111111
Strep_C21498	1	11.11111111111111
Strep_C21494	1	11.11111111111111
Strep_C21493	1	11.11111111111111
Strep_C2152	1	11.11111111111111
Strep_C21531	1	11.11111111111111
Strep_C21532	1	11.11111111111111
Strep_C21538	1	11.11111111111111
Strep_C21561	1	11.11111111111111
Strep_C21559	1	11.11111111111111
Strep_C21557	1	11.11111111111111
Strep_C21555	1	11.11111111111111
Strep_C21554	1	11.11111111111111
Strep_C21553	1	11.11111111111111
Strep_C21552	1	11.11111111111111
Strep_C21551	1	11.11111111111111
Strep_C21550	1	11.11111111111111
Strep_C21549	1	11.11111111111111
Strep_C21548	1	11.11111111111111
Strep_C21547	1	11.11111111111111
Strep_C21545	1	11.11111111111111
Strep_C21543	1	11.11111111111111
Strep_C21542	1	11.11111111111111
Strep_C21541	1	11.11111111111111
Strep_C21540	1	11.11111111111111
Strep_C2135	1	11.11111111111111
Strep_C21355	1	11.11111111111111
Strep_C21114	1	11.11111111111111
Strep_C21194	1	11.11111111111111
Strep_C21201	1	11.11111111111111
Strep_C21200	1	11.11111111111111
Strep_C211	1	11.11111111111111
Strep_C2119	1	11.11111111111111
Strep_C21199	1	11.11111111111111
Strep_C21198	1	11.11111111111111
Strep_C21197	1	11.11111111111111
Strep_C21195	1	11.11111111111111
Strep_C21193	1	11.11111111111111
Strep_C21203	1	11.11111111111111
Strep_C21192	1	11.11111111111111
Strep_C21190	1	11.11111111111111
Strep_C2118	1	11.11111111111111
Strep_C21189	1	11.11111111111111
Strep_C21188	1	11.11111111111111
Strep_C21187	1	11.11111111111111
Strep_C21186	1	11.11111111111111
Strep_C21184	1	11.11111111111111
Strep_C21202	1	11.11111111111111
Strep_C21204	1	11.11111111111111
Strep_C21350	1	11.11111111111111
Strep_C21219	1	11.11111111111111
Strep_C21227	1	11.11111111111111
Strep_C21226	1	11.11111111111111
Strep_C21225	1	11.11111111111111
Strep_C21224	1	11.11111111111111
Strep_C21223	1	11.11111111111111
Strep_C21222	1	11.11111111111111
Strep_C21221	1	11.11111111111111
Strep_C2121	1	11.11111111111111
Strep_C21218	1	11.11111111111111
Strep_C21205	1	11.11111111111111
Strep_C21217	1	11.11111111111111
Strep_C21216	1	11.11111111111111
Strep_C21214	1	11.11111111111111
Strep_C21213	1	11.11111111111111
Strep_C21212	1	11.11111111111111
Strep_C21211	1	11.11111111111111
Strep_C21209	1	11.11111111111111
Strep_C21208	1	11.11111111111111
Strep_C21183	1	11.11111111111111
Strep_C21181	1	11.11111111111111
Strep_C21180	1	11.11111111111111
Strep_C2112	1	11.11111111111111
Strep_C21140	1	11.11111111111111
Strep_C2113	1	11.11111111111111
Strep_C21138	1	11.11111111111111
Strep_C21137	1	11.11111111111111
Strep_C21136	1	11.11111111111111
Strep_C21135	1	11.11111111111111
Strep_C21132	1	11.11111111111111
Strep_C21130	1	11.11111111111111
Strep_C21129	1	11.11111111111111
Strep_C2117	1	11.11111111111111
Strep_C21125	1	11.11111111111111
Strep_C21124	1	11.11111111111111
Strep_C21120	1	11.11111111111111
Strep_C2111	1	11.11111111111111
Strep_C21118	1	11.11111111111111
Strep_C21117	1	11.11111111111111
Strep_C21116	1	11.11111111111111
Strep_C21115	1	11.11111111111111
Strep_C21141	1	11.11111111111111
Strep_C21142	1	11.11111111111111
Strep_C21143	1	11.11111111111111
Strep_C21145	1	11.11111111111111
Strep_C21179	1	11.11111111111111
Strep_C21178	1	11.11111111111111
Strep_C21177	1	11.11111111111111
Strep_C21175	1	11.11111111111111
Strep_C21174	1	11.11111111111111
Strep_C2116	1	11.11111111111111
Strep_C21165	1	11.11111111111111
Strep_C21162	1	11.11111111111111
Strep_C2115	1	11.11111111111111
Strep_C21153	1	11.11111111111111
Strep_C21152	1	11.11111111111111
Strep_C21151	1	11.11111111111111
Strep_C21150	1	11.11111111111111
Strep_C2114	1	11.11111111111111
Strep_C21149	1	11.11111111111111
Strep_C21148	1	11.11111111111111
Strep_C21147	1	11.11111111111111
Strep_C2122	1	11.11111111111111
Strep_C21231	1	11.11111111111111
Strep_C21232	1	11.11111111111111
Strep_C21306	1	11.11111111111111
Strep_C21315	1	11.11111111111111
Strep_C21313	1	11.11111111111111
Strep_C21312	1	11.11111111111111
Strep_C21311	1	11.11111111111111
Strep_C21310	1	11.11111111111111
Strep_C2130	1	11.11111111111111
Strep_C21308	1	11.11111111111111
Strep_C21307	1	11.11111111111111
Strep_C21304	1	11.11111111111111
Strep_C21292	1	11.11111111111111
Strep_C21302	1	11.11111111111111
Strep_C21301	1	11.11111111111111
Strep_C21300	1	11.11111111111111
Strep_C2129	1	11.11111111111111
Strep_C21298	1	11.11111111111111
Strep_C21297	1	11.11111111111111
Strep_C21295	1	11.11111111111111
Strep_C21294	1	11.11111111111111
Strep_C21316	1	11.11111111111111
Strep_C21317	1	11.11111111111111
Strep_C21322	1	11.11111111111111
Strep_C21323	1	11.11111111111111
Strep_C2134	1	11.11111111111111
Strep_C21349	1	11.11111111111111
Strep_C21348	1	11.11111111111111
Strep_C21347	1	11.11111111111111
Strep_C21346	1	11.11111111111111
Strep_C21345	1	11.11111111111111
Strep_C21344	1	11.11111111111111
Strep_C21342	1	11.11111111111111
Strep_C21338	1	11.11111111111111
Strep_C21337	1	11.11111111111111
Strep_C21334	1	11.11111111111111
Strep_C21333	1	11.11111111111111
Strep_C21330	1	11.11111111111111
Strep_C21329	1	11.11111111111111
Strep_C21328	1	11.11111111111111
Strep_C21327	1	11.11111111111111
Strep_C21324	1	11.11111111111111
Strep_C21293	1	11.11111111111111
Strep_C21291	1	11.11111111111111
Strep_C21233	1	11.11111111111111
Strep_C21253	1	11.11111111111111
Strep_C21263	1	11.11111111111111
Strep_C21262	1	11.11111111111111
Strep_C21261	1	11.11111111111111
Strep_C21260	1	11.11111111111111
Strep_C2125	1	11.11111111111111
Strep_C21259	1	11.11111111111111
Strep_C21258	1	11.11111111111111
Strep_C21255	1	11.11111111111111
Strep_C21251	1	11.11111111111111
Strep_C21290	1	11.11111111111111
Strep_C21250	1	11.11111111111111
Strep_C2124	1	11.11111111111111
Strep_C21247	1	11.11111111111111
Strep_C21243	1	11.11111111111111
Strep_C21240	1	11.11111111111111
Strep_C21236	1	11.11111111111111
Strep_C21235	1	11.11111111111111
Strep_C21234	1	11.11111111111111
Strep_C21264	1	11.11111111111111
Strep_C21265	1	11.11111111111111
Strep_C21266	1	11.11111111111111
Strep_C21267	1	11.11111111111111
Strep_C21288	1	11.11111111111111
Strep_C21285	1	11.11111111111111
Strep_C21284	1	11.11111111111111
Strep_C21283	1	11.11111111111111
Strep_C21280	1	11.11111111111111
Strep_C21279	1	11.11111111111111
Strep_C21278	1	11.11111111111111
Strep_C21277	1	11.11111111111111
Strep_C21276	1	11.11111111111111
Strep_C21275	1	11.11111111111111
Strep_C21274	1	11.11111111111111
Strep_C21272	1	11.11111111111111
Strep_C21271	1	11.11111111111111
Strep_C21270	1	11.11111111111111
Strep_C2126	1	11.11111111111111
Strep_C21269	1	11.11111111111111
Strep_C21268	1	11.11111111111111
Strep_C20586	1	11.11111111111111
Strep_C20584	1	11.11111111111111
Strep_C20582	1	11.11111111111111
Strep_C19886	1	11.11111111111111
Strep_C19895	1	11.11111111111111
Strep_C19894	1	11.11111111111111
Strep_C19892	1	11.11111111111111
Strep_C19891	1	11.11111111111111
Strep_C19890	1	11.11111111111111
Strep_C1988	1	11.11111111111111
Strep_C19889	1	11.11111111111111
Strep_C19888	1	11.11111111111111
Strep_C19885	1	11.11111111111111
Strep_C198	1	11.11111111111111
Strep_C19882	1	11.11111111111111
Strep_C19879	1	11.11111111111111
Strep_C19878	1	11.11111111111111
Strep_C19876	1	11.11111111111111
Strep_C19875	1	11.11111111111111
Strep_C19874	1	11.11111111111111
Strep_C19871	1	11.11111111111111
Strep_C19868	1	11.11111111111111
Strep_C1989	1	11.11111111111111
Strep_C19903	1	11.11111111111111
Strep_C19800	1	11.11111111111111
Strep_C19918	1	11.11111111111111
Strep_C19930	1	11.11111111111111
Strep_C1992	1	11.11111111111111
Strep_C19928	1	11.11111111111111
Strep_C19927	1	11.11111111111111
Strep_C19926	1	11.11111111111111
Strep_C19925	1	11.11111111111111
Strep_C19920	1	11.11111111111111
Strep_C19919	1	11.11111111111111
Strep_C19917	1	11.11111111111111
Strep_C19904	1	11.11111111111111
Strep_C19916	1	11.11111111111111
Strep_C19915	1	11.11111111111111
Strep_C19913	1	11.11111111111111
Strep_C19910	1	11.11111111111111
Strep_C1990	1	11.11111111111111
Strep_C19909	1	11.11111111111111
Strep_C19908	1	11.11111111111111
Strep_C19906	1	11.11111111111111
Strep_C19866	1	11.11111111111111
Strep_C19865	1	11.11111111111111
Strep_C19861	1	11.11111111111111
Strep_C19813	1	11.11111111111111
Strep_C19828	1	11.11111111111111
Strep_C19820	1	11.11111111111111
Strep_C1981	1	11.11111111111111
Strep_C19819	1	11.11111111111111
Strep_C19818	1	11.11111111111111
Strep_C19817	1	11.11111111111111
Strep_C19816	1	11.11111111111111
Strep_C19815	1	11.11111111111111
Strep_C19812	1	11.11111111111111
Strep_C19860	1	11.11111111111111
Strep_C19811	1	11.11111111111111
Strep_C1980	1	11.11111111111111
Strep_C19809	1	11.11111111111111
Strep_C19807	1	11.11111111111111
Strep_C19805	1	11.11111111111111
Strep_C19804	1	11.11111111111111
Strep_C19803	1	11.11111111111111
Strep_C19802	1	11.11111111111111
Strep_C1982	1	11.11111111111111
Strep_C19836	1	11.11111111111111
Strep_C19838	1	11.11111111111111
Strep_C19839	1	11.11111111111111
Strep_C19859	1	11.11111111111111
Strep_C19858	1	11.11111111111111
Strep_C19857	1	11.11111111111111
Strep_C19855	1	11.11111111111111
Strep_C19854	1	11.11111111111111
Strep_C19853	1	11.11111111111111
Strep_C19852	1	11.11111111111111
Strep_C19851	1	11.11111111111111
Strep_C19850	1	11.11111111111111
Strep_C19848	1	11.11111111111111
Strep_C19847	1	11.11111111111111
Strep_C19846	1	11.11111111111111
Strep_C19845	1	11.11111111111111
Strep_C19843	1	11.11111111111111
Strep_C19842	1	11.11111111111111
Strep_C19841	1	11.11111111111111
Strep_C19840	1	11.11111111111111
Strep_C19931	1	11.11111111111111
Strep_C19932	1	11.11111111111111
Strep_C19933	1	11.11111111111111
Strep_C20009	1	11.11111111111111
Strep_C20024	1	11.11111111111111
Strep_C20022	1	11.11111111111111
Strep_C20021	1	11.11111111111111
Strep_C20020	1	11.11111111111111
Strep_C20015	1	11.11111111111111
Strep_C20014	1	11.11111111111111
Strep_C20013	1	11.11111111111111
Strep_C20010	1	11.11111111111111
Strep_C20008	1	11.11111111111111
Strep_C1999	1	11.11111111111111
Strep_C20007	1	11.11111111111111
Strep_C20006	1	11.11111111111111
Strep_C20004	1	11.11111111111111
Strep_C20003	1	11.11111111111111
Strep_C20002	1	11.11111111111111
Strep_C20001	1	11.11111111111111
Strep_C1	1	11.11111111111111
Strep_C19	1	11.11111111111111
Strep_C20025	1	11.11111111111111
Strep_C20026	1	11.11111111111111
Strep_C20027	1	11.11111111111111
Strep_C20028	1	11.11111111111111
Strep_C20063	1	11.11111111111111
Strep_C20049	1	11.11111111111111
Strep_C20048	1	11.11111111111111
Strep_C20047	1	11.11111111111111
Strep_C20046	1	11.11111111111111
Strep_C20045	1	11.11111111111111
Strep_C20044	1	11.11111111111111
Strep_C20043	1	11.11111111111111
Strep_C20042	1	11.11111111111111
Strep_C2003	1	11.11111111111111
Strep_C20039	1	11.11111111111111
Strep_C20035	1	11.11111111111111
Strep_C20033	1	11.11111111111111
Strep_C20032	1	11.11111111111111
Strep_C20030	1	11.11111111111111
Strep_C2002	1	11.11111111111111
Strep_C20029	1	11.11111111111111
Strep_C199	1	11.11111111111111
Strep_C19997	1	11.11111111111111
Strep_C19934	1	11.11111111111111
Strep_C19944	1	11.11111111111111
Strep_C19963	1	11.11111111111111
Strep_C19958	1	11.11111111111111
Strep_C19954	1	11.11111111111111
Strep_C19953	1	11.11111111111111
Strep_C19951	1	11.11111111111111
Strep_C19949	1	11.11111111111111
Strep_C19946	1	11.11111111111111
Strep_C19945	1	11.11111111111111
Strep_C19943	1	11.11111111111111
Strep_C19994	1	11.11111111111111
Strep_C19942	1	11.11111111111111
Strep_C19941	1	11.11111111111111
Strep_C19940	1	11.11111111111111
Strep_C1993	1	11.11111111111111
Strep_C19939	1	11.11111111111111
Strep_C19938	1	11.11111111111111
Strep_C19937	1	11.11111111111111
Strep_C19936	1	11.11111111111111
Strep_C19964	1	11.11111111111111
Strep_C19965	1	11.11111111111111
Strep_C19966	1	11.11111111111111
Strep_C19967	1	11.11111111111111
Strep_C19990	1	11.11111111111111
Strep_C1998	1	11.11111111111111
Strep_C19984	1	11.11111111111111
Strep_C19983	1	11.11111111111111
Strep_C19982	1	11.11111111111111
Strep_C19980	1	11.11111111111111
Strep_C1997	1	11.11111111111111
Strep_C19979	1	11.11111111111111
Strep_C19978	1	11.11111111111111
Strep_C19977	1	11.11111111111111
Strep_C19975	1	11.11111111111111
Strep_C19974	1	11.11111111111111
Strep_C19973	1	11.11111111111111
Strep_C19972	1	11.11111111111111
Strep_C19971	1	11.11111111111111
Strep_C19970	1	11.11111111111111
Strep_C1996	1	11.11111111111111
Strep_C19801	1	11.11111111111111
Strep_C197	1	11.11111111111111
Strep_C20581	1	11.11111111111111
Strep_C19606	1	11.11111111111111
Strep_C19618	1	11.11111111111111
Strep_C19617	1	11.11111111111111
Strep_C19616	1	11.11111111111111
Strep_C19615	1	11.11111111111111
Strep_C19614	1	11.11111111111111
Strep_C19613	1	11.11111111111111
Strep_C19611	1	11.11111111111111
Strep_C19609	1	11.11111111111111
Strep_C19604	1	11.11111111111111
Strep_C19620	1	11.11111111111111
Strep_C19602	1	11.11111111111111
Strep_C19601	1	11.11111111111111
Strep_C19600	1	11.11111111111111
Strep_C195	1	11.11111111111111
Strep_C19599	1	11.11111111111111
Strep_C19598	1	11.11111111111111
Strep_C19597	1	11.11111111111111
Strep_C19592	1	11.11111111111111
Strep_C19619	1	11.11111111111111
Strep_C19621	1	11.11111111111111
Strep_C19799	1	11.11111111111111
Strep_C19642	1	11.11111111111111
Strep_C19650	1	11.11111111111111
Strep_C19649	1	11.11111111111111
Strep_C19648	1	11.11111111111111
Strep_C19647	1	11.11111111111111
Strep_C19646	1	11.11111111111111
Strep_C19645	1	11.11111111111111
Strep_C19644	1	11.11111111111111
Strep_C19643	1	11.11111111111111
Strep_C19641	1	11.11111111111111
Strep_C19625	1	11.11111111111111
Strep_C19640	1	11.11111111111111
Strep_C1963	1	11.11111111111111
Strep_C19639	1	11.11111111111111
Strep_C19635	1	11.11111111111111
Strep_C19633	1	11.11111111111111
Strep_C19632	1	11.11111111111111
Strep_C19630	1	11.11111111111111
Strep_C19626	1	11.11111111111111
Strep_C19591	1	11.11111111111111
Strep_C19590	1	11.11111111111111
Strep_C1958	1	11.11111111111111
Strep_C19540	1	11.11111111111111
Strep_C19550	1	11.11111111111111
Strep_C19548	1	11.11111111111111
Strep_C19547	1	11.11111111111111
Strep_C19546	1	11.11111111111111
Strep_C19545	1	11.11111111111111
Strep_C19544	1	11.11111111111111
Strep_C19543	1	11.11111111111111
Strep_C19542	1	11.11111111111111
Strep_C1953	1	11.11111111111111
Strep_C19581	1	11.11111111111111
Strep_C19539	1	11.11111111111111
Strep_C19538	1	11.11111111111111
Strep_C19537	1	11.11111111111111
Strep_C19536	1	11.11111111111111
Strep_C19534	1	11.11111111111111
Strep_C19533	1	11.11111111111111
Strep_C19531	1	11.11111111111111
Strep_C19529	1	11.11111111111111
Strep_C19552	1	11.11111111111111
Strep_C19553	1	11.11111111111111
Strep_C19555	1	11.11111111111111
Strep_C19556	1	11.11111111111111
Strep_C1957	1	11.11111111111111
Strep_C19576	1	11.11111111111111
Strep_C19575	1	11.11111111111111
Strep_C19574	1	11.11111111111111
Strep_C19572	1	11.11111111111111
Strep_C19571	1	11.11111111111111
Strep_C19570	1	11.11111111111111
Strep_C19569	1	11.11111111111111
Strep_C19568	1	11.11111111111111
Strep_C19567	1	11.11111111111111
Strep_C19566	1	11.11111111111111
Strep_C19565	1	11.11111111111111
Strep_C19563	1	11.11111111111111
Strep_C19562	1	11.11111111111111
Strep_C19561	1	11.11111111111111
Strep_C19559	1	11.11111111111111
Strep_C19558	1	11.11111111111111
Strep_C19651	1	11.11111111111111
Strep_C19652	1	11.11111111111111
Strep_C19655	1	11.11111111111111
Strep_C19755	1	11.11111111111111
Strep_C19768	1	11.11111111111111
Strep_C19767	1	11.11111111111111
Strep_C19766	1	11.11111111111111
Strep_C19765	1	11.11111111111111
Strep_C19762	1	11.11111111111111
Strep_C19760	1	11.11111111111111
Strep_C19758	1	11.11111111111111
Strep_C19757	1	11.11111111111111
Strep_C19754	1	11.11111111111111
Strep_C19724	1	11.11111111111111
Strep_C1974	1	11.11111111111111
Strep_C19746	1	11.11111111111111
Strep_C19745	1	11.11111111111111
Strep_C19743	1	11.11111111111111
Strep_C1973	1	11.11111111111111
Strep_C19730	1	11.11111111111111
Strep_C19728	1	11.11111111111111
Strep_C19727	1	11.11111111111111
Strep_C19769	1	11.11111111111111
Strep_C1976	1	11.11111111111111
Strep_C19772	1	11.11111111111111
Strep_C19773	1	11.11111111111111
Strep_C19798	1	11.11111111111111
Strep_C19795	1	11.11111111111111
Strep_C19793	1	11.11111111111111
Strep_C19791	1	11.11111111111111
Strep_C19790	1	11.11111111111111
Strep_C1978	1	11.11111111111111
Strep_C19786	1	11.11111111111111
Strep_C19785	1	11.11111111111111
Strep_C19784	1	11.11111111111111
Strep_C19781	1	11.11111111111111
Strep_C1977	1	11.11111111111111
Strep_C19779	1	11.11111111111111
Strep_C19778	1	11.11111111111111
Strep_C19777	1	11.11111111111111
Strep_C19776	1	11.11111111111111
Strep_C19775	1	11.11111111111111
Strep_C19774	1	11.11111111111111
Strep_C19726	1	11.11111111111111
Strep_C19723	1	11.11111111111111
Strep_C19656	1	11.11111111111111
Strep_C19676	1	11.11111111111111
Strep_C19686	1	11.11111111111111
Strep_C19684	1	11.11111111111111
Strep_C19683	1	11.11111111111111
Strep_C19682	1	11.11111111111111
Strep_C19681	1	11.11111111111111
Strep_C19680	1	11.11111111111111
Strep_C19679	1	11.11111111111111
Strep_C19678	1	11.11111111111111
Strep_C19675	1	11.11111111111111
Strep_C19722	1	11.11111111111111
Strep_C19674	1	11.11111111111111
Strep_C19671	1	11.11111111111111
Strep_C19670	1	11.11111111111111
Strep_C1966	1	11.11111111111111
Strep_C19669	1	11.11111111111111
Strep_C19667	1	11.11111111111111
Strep_C19664	1	11.11111111111111
Strep_C1965	1	11.11111111111111
Strep_C19687	1	11.11111111111111
Strep_C1968	1	11.11111111111111
Strep_C19693	1	11.11111111111111
Strep_C19694	1	11.11111111111111
Strep_C19719	1	11.11111111111111
Strep_C19718	1	11.11111111111111
Strep_C19717	1	11.11111111111111
Strep_C19716	1	11.11111111111111
Strep_C19715	1	11.11111111111111
Strep_C19714	1	11.11111111111111
Strep_C19713	1	11.11111111111111
Strep_C19712	1	11.11111111111111
Strep_C19711	1	11.11111111111111
Strep_C19710	1	11.11111111111111
Strep_C19709	1	11.11111111111111
Strep_C19708	1	11.11111111111111
Strep_C19706	1	11.11111111111111
Strep_C19700	1	11.11111111111111
Strep_C1969	1	11.11111111111111
Strep_C19699	1	11.11111111111111
Strep_C19698	1	11.11111111111111
Strep_C20064	1	11.11111111111111
Strep_C20069	1	11.11111111111111
Strep_C2006	1	11.11111111111111
Strep_C20408	1	11.11111111111111
Strep_C20418	1	11.11111111111111
Strep_C20417	1	11.11111111111111
Strep_C20416	1	11.11111111111111
Strep_C20414	1	11.11111111111111
Strep_C20413	1	11.11111111111111
Strep_C20411	1	11.11111111111111
Strep_C20410	1	11.11111111111111
Strep_C2040	1	11.11111111111111
Strep_C20406	1	11.11111111111111
Strep_C20420	1	11.11111111111111
Strep_C20403	1	11.11111111111111
Strep_C20402	1	11.11111111111111
Strep_C20401	1	11.11111111111111
Strep_C20400	1	11.11111111111111
Strep_C203	1	11.11111111111111
Strep_C20399	1	11.11111111111111
Strep_C20398	1	11.11111111111111
Strep_C20397	1	11.11111111111111
Strep_C20419	1	11.11111111111111
Strep_C20422	1	11.11111111111111
Strep_C20072	1	11.11111111111111
Strep_C20445	1	11.11111111111111
Strep_C20454	1	11.11111111111111
Strep_C20452	1	11.11111111111111
Strep_C20451	1	11.11111111111111
Strep_C20450	1	11.11111111111111
Strep_C2044	1	11.11111111111111
Strep_C20449	1	11.11111111111111
Strep_C20448	1	11.11111111111111
Strep_C20446	1	11.11111111111111
Strep_C20444	1	11.11111111111111
Strep_C20423	1	11.11111111111111
Strep_C20443	1	11.11111111111111
Strep_C20442	1	11.11111111111111
Strep_C2043	1	11.11111111111111
Strep_C20439	1	11.11111111111111
Strep_C20438	1	11.11111111111111
Strep_C20436	1	11.11111111111111
Strep_C2042	1	11.11111111111111
Strep_C20424	1	11.11111111111111
Strep_C20396	1	11.11111111111111
Strep_C20395	1	11.11111111111111
Strep_C20394	1	11.11111111111111
Strep_C20345	1	11.11111111111111
Strep_C20357	1	11.11111111111111
Strep_C20356	1	11.11111111111111
Strep_C20355	1	11.11111111111111
Strep_C20353	1	11.11111111111111
Strep_C20350	1	11.11111111111111
Strep_C2034	1	11.11111111111111
Strep_C20349	1	11.11111111111111
Strep_C20346	1	11.11111111111111
Strep_C20344	1	11.11111111111111
Strep_C20391	1	11.11111111111111
Strep_C20343	1	11.11111111111111
Strep_C20342	1	11.11111111111111
Strep_C20341	1	11.11111111111111
Strep_C20339	1	11.11111111111111
Strep_C20338	1	11.11111111111111
Strep_C20337	1	11.11111111111111
Strep_C20335	1	11.11111111111111
Strep_C20333	1	11.11111111111111
Strep_C20358	1	11.11111111111111
Strep_C2035	1	11.11111111111111
Strep_C20360	1	11.11111111111111
Strep_C20361	1	11.11111111111111
Strep_C2038	1	11.11111111111111
Strep_C20388	1	11.11111111111111
Strep_C20387	1	11.11111111111111
Strep_C20386	1	11.11111111111111
Strep_C20385	1	11.11111111111111
Strep_C20384	1	11.11111111111111
Strep_C20383	1	11.11111111111111
Strep_C20382	1	11.11111111111111
Strep_C20380	1	11.11111111111111
Strep_C20371	1	11.11111111111111
Strep_C20370	1	11.11111111111111
Strep_C20369	1	11.11111111111111
Strep_C20367	1	11.11111111111111
Strep_C20366	1	11.11111111111111
Strep_C20365	1	11.11111111111111
Strep_C20364	1	11.11111111111111
Strep_C20363	1	11.11111111111111
Strep_C20455	1	11.11111111111111
Strep_C20456	1	11.11111111111111
Strep_C20457	1	11.11111111111111
Strep_C20540	1	11.11111111111111
Strep_C20550	1	11.11111111111111
Strep_C20549	1	11.11111111111111
Strep_C20547	1	11.11111111111111
Strep_C20546	1	11.11111111111111
Strep_C20545	1	11.11111111111111
Strep_C20544	1	11.11111111111111
Strep_C20543	1	11.11111111111111
Strep_C20541	1	11.11111111111111
Strep_C20539	1	11.11111111111111
Strep_C20521	1	11.11111111111111
Strep_C20536	1	11.11111111111111
Strep_C20535	1	11.11111111111111
Strep_C2052	1	11.11111111111111
Strep_C20529	1	11.11111111111111
Strep_C20528	1	11.11111111111111
Strep_C20527	1	11.11111111111111
Strep_C20526	1	11.11111111111111
Strep_C20525	1	11.11111111111111
Strep_C20551	1	11.11111111111111
Strep_C20552	1	11.11111111111111
Strep_C20553	1	11.11111111111111
Strep_C20554	1	11.11111111111111
Strep_C20580	1	11.11111111111111
Strep_C2057	1	11.11111111111111
Strep_C20579	1	11.11111111111111
Strep_C20578	1	11.11111111111111
Strep_C20577	1	11.11111111111111
Strep_C20576	1	11.11111111111111
Strep_C20575	1	11.11111111111111
Strep_C20570	1	11.11111111111111
Strep_C20564	1	11.11111111111111
Strep_C20563	1	11.11111111111111
Strep_C20562	1	11.11111111111111
Strep_C20561	1	11.11111111111111
Strep_C20560	1	11.11111111111111
Strep_C20559	1	11.11111111111111
Strep_C20558	1	11.11111111111111
Strep_C20557	1	11.11111111111111
Strep_C20555	1	11.11111111111111
Strep_C20523	1	11.11111111111111
Strep_C20520	1	11.11111111111111
Strep_C20459	1	11.11111111111111
Strep_C20478	1	11.11111111111111
Strep_C20486	1	11.11111111111111
Strep_C20485	1	11.11111111111111
Strep_C20484	1	11.11111111111111
Strep_C20483	1	11.11111111111111
Strep_C20482	1	11.11111111111111
Strep_C20481	1	11.11111111111111
Strep_C20480	1	11.11111111111111
Strep_C2047	1	11.11111111111111
Strep_C2046	1	11.11111111111111
Strep_C2051	1	11.11111111111111
Strep_C20469	1	11.11111111111111
Strep_C20468	1	11.11111111111111
Strep_C20465	1	11.11111111111111
Strep_C20464	1	11.11111111111111
Strep_C20463	1	11.11111111111111
Strep_C20462	1	11.11111111111111
Strep_C20461	1	11.11111111111111
Strep_C20460	1	11.11111111111111
Strep_C20488	1	11.11111111111111
Strep_C20490	1	11.11111111111111
Strep_C20494	1	11.11111111111111
Strep_C20495	1	11.11111111111111
Strep_C20519	1	11.11111111111111
Strep_C20518	1	11.11111111111111
Strep_C20517	1	11.11111111111111
Strep_C20516	1	11.11111111111111
Strep_C20515	1	11.11111111111111
Strep_C20514	1	11.11111111111111
Strep_C20512	1	11.11111111111111
Strep_C2050	1	11.11111111111111
Strep_C20507	1	11.11111111111111
Strep_C20505	1	11.11111111111111
Strep_C20503	1	11.11111111111111
Strep_C20501	1	11.11111111111111
Strep_C20500	1	11.11111111111111
Strep_C204	1	11.11111111111111
Strep_C2049	1	11.11111111111111
Strep_C20499	1	11.11111111111111
Strep_C20498	1	11.11111111111111
Strep_C20332	1	11.11111111111111
Strep_C2032	1	11.11111111111111
Strep_C20329	1	11.11111111111111
Strep_C2014	1	11.11111111111111
Strep_C20159	1	11.11111111111111
Strep_C20158	1	11.11111111111111
Strep_C20157	1	11.11111111111111
Strep_C20156	1	11.11111111111111
Strep_C20155	1	11.11111111111111
Strep_C20153	1	11.11111111111111
Strep_C20152	1	11.11111111111111
Strep_C20150	1	11.11111111111111
Strep_C20149	1	11.11111111111111
Strep_C20126	1	11.11111111111111
Strep_C20147	1	11.11111111111111
Strep_C20146	1	11.11111111111111
Strep_C20145	1	11.11111111111111
Strep_C20144	1	11.11111111111111
Strep_C20143	1	11.11111111111111
Strep_C20138	1	11.11111111111111
Strep_C20137	1	11.11111111111111
Strep_C20135	1	11.11111111111111
Strep_C20160	1	11.11111111111111
Strep_C20161	1	11.11111111111111
Strep_C20162	1	11.11111111111111
Strep_C20163	1	11.11111111111111
Strep_C20198	1	11.11111111111111
Strep_C2018	1	11.11111111111111
Strep_C20186	1	11.11111111111111
Strep_C20185	1	11.11111111111111
Strep_C20183	1	11.11111111111111
Strep_C20182	1	11.11111111111111
Strep_C20181	1	11.11111111111111
Strep_C20180	1	11.11111111111111
Strep_C20177	1	11.11111111111111
Strep_C20176	1	11.11111111111111
Strep_C20175	1	11.11111111111111
Strep_C20174	1	11.11111111111111
Strep_C20172	1	11.11111111111111
Strep_C20170	1	11.11111111111111
Strep_C2016	1	11.11111111111111
Strep_C20165	1	11.11111111111111
Strep_C20164	1	11.11111111111111
Strep_C20127	1	11.11111111111111
Strep_C20125	1	11.11111111111111
Strep_C2019	1	11.11111111111111
Strep_C20082	1	11.11111111111111
Strep_C20091	1	11.11111111111111
Strep_C20090	1	11.11111111111111
Strep_C20089	1	11.11111111111111
Strep_C20088	1	11.11111111111111
Strep_C20087	1	11.11111111111111
Strep_C20086	1	11.11111111111111
Strep_C20085	1	11.11111111111111
Strep_C20084	1	11.11111111111111
Strep_C20081	1	11.11111111111111
Strep_C20124	1	11.11111111111111
Strep_C20080	1	11.11111111111111
Strep_C2007	1	11.11111111111111
Strep_C20078	1	11.11111111111111
Strep_C20077	1	11.11111111111111
Strep_C20076	1	11.11111111111111
Strep_C20075	1	11.11111111111111
Strep_C20074	1	11.11111111111111
Strep_C20073	1	11.11111111111111
Strep_C20092	1	11.11111111111111
Strep_C20096	1	11.11111111111111
Strep_C200	1	11.11111111111111
Strep_C20100	1	11.11111111111111
Strep_C20123	1	11.11111111111111
Strep_C20121	1	11.11111111111111
Strep_C20120	1	11.11111111111111
Strep_C2011	1	11.11111111111111
Strep_C20119	1	11.11111111111111
Strep_C20118	1	11.11111111111111
Strep_C20117	1	11.11111111111111
Strep_C20115	1	11.11111111111111
Strep_C20114	1	11.11111111111111
Strep_C20113	1	11.11111111111111
Strep_C20112	1	11.11111111111111
Strep_C20111	1	11.11111111111111
Strep_C20110	1	11.11111111111111
Strep_C20109	1	11.11111111111111
Strep_C20108	1	11.11111111111111
Strep_C20106	1	11.11111111111111
Strep_C20104	1	11.11111111111111
Strep_C20199	1	11.11111111111111
Strep_C201	1	11.11111111111111
Strep_C20327	1	11.11111111111111
Strep_C20281	1	11.11111111111111
Strep_C20290	1	11.11111111111111
Strep_C2028	1	11.11111111111111
Strep_C20289	1	11.11111111111111
Strep_C20288	1	11.11111111111111
Strep_C20286	1	11.11111111111111
Strep_C20285	1	11.11111111111111
Strep_C20284	1	11.11111111111111
Strep_C20282	1	11.11111111111111
Strep_C20280	1	11.11111111111111
Strep_C20267	1	11.11111111111111
Strep_C20279	1	11.11111111111111
Strep_C20278	1	11.11111111111111
Strep_C20277	1	11.11111111111111
Strep_C20276	1	11.11111111111111
Strep_C20275	1	11.11111111111111
Strep_C20274	1	11.11111111111111
Strep_C20271	1	11.11111111111111
Strep_C20269	1	11.11111111111111
Strep_C20291	1	11.11111111111111
Strep_C20292	1	11.11111111111111
Strep_C20295	1	11.11111111111111
Strep_C20296	1	11.11111111111111
Strep_C20325	1	11.11111111111111
Strep_C20322	1	11.11111111111111
Strep_C20319	1	11.11111111111111
Strep_C20318	1	11.11111111111111
Strep_C20317	1	11.11111111111111
Strep_C20311	1	11.11111111111111
Strep_C20310	1	11.11111111111111
Strep_C20309	1	11.11111111111111
Strep_C20308	1	11.11111111111111
Strep_C20307	1	11.11111111111111
Strep_C20304	1	11.11111111111111
Strep_C20303	1	11.11111111111111
Strep_C20302	1	11.11111111111111
Strep_C20300	1	11.11111111111111
Strep_C20299	1	11.11111111111111
Strep_C20298	1	11.11111111111111
Strep_C20297	1	11.11111111111111
Strep_C20268	1	11.11111111111111
Strep_C20265	1	11.11111111111111
Strep_C20203	1	11.11111111111111
Strep_C20213	1	11.11111111111111
Strep_C20228	1	11.11111111111111
Strep_C20227	1	11.11111111111111
Strep_C20222	1	11.11111111111111
Strep_C20221	1	11.11111111111111
Strep_C20217	1	11.11111111111111
Strep_C20216	1	11.11111111111111
Strep_C20215	1	11.11111111111111
Strep_C20214	1	11.11111111111111
Strep_C20212	1	11.11111111111111
Strep_C20264	1	11.11111111111111
Strep_C20211	1	11.11111111111111
Strep_C20210	1	11.11111111111111
Strep_C2020	1	11.11111111111111
Strep_C20209	1	11.11111111111111
Strep_C20208	1	11.11111111111111
Strep_C20207	1	11.11111111111111
Strep_C20205	1	11.11111111111111
Strep_C20204	1	11.11111111111111
Strep_C20232	1	11.11111111111111
Strep_C20235	1	11.11111111111111
Strep_C20237	1	11.11111111111111
Strep_C20238	1	11.11111111111111
Strep_C20263	1	11.11111111111111
Strep_C20260	1	11.11111111111111
Strep_C2025	1	11.11111111111111
Strep_C20253	1	11.11111111111111
Strep_C20252	1	11.11111111111111
Strep_C20251	1	11.11111111111111
Strep_C20250	1	11.11111111111111
Strep_C20249	1	11.11111111111111
Strep_C20248	1	11.11111111111111
Strep_C20247	1	11.11111111111111
Strep_C20246	1	11.11111111111111
Strep_C20245	1	11.11111111111111
Strep_C20244	1	11.11111111111111
Strep_C20243	1	11.11111111111111
Strep_C20242	1	11.11111111111111
Strep_C20240	1	11.11111111111111
Strep_C20239	1	11.11111111111111
Strep_C21623	1	11.11111111111111
Strep_C21626	1	11.11111111111111
Strep_C23598	1	11.11111111111111
Strep_C22927	1	11.11111111111111
Strep_C22939	1	11.11111111111111
Strep_C22938	1	11.11111111111111
Strep_C22936	1	11.11111111111111
Strep_C22935	1	11.11111111111111
Strep_C22933	1	11.11111111111111
Strep_C22930	1	11.11111111111111
Strep_C2292	1	11.11111111111111
Strep_C22929	1	11.11111111111111
Strep_C22926	1	11.11111111111111
Strep_C22941	1	11.11111111111111
Strep_C22925	1	11.11111111111111
Strep_C22924	1	11.11111111111111
Strep_C22923	1	11.11111111111111
Strep_C22922	1	11.11111111111111
Strep_C22921	1	11.11111111111111
Strep_C22918	1	11.11111111111111
Strep_C22916	1	11.11111111111111
Strep_C22915	1	11.11111111111111
Strep_C2293	1	11.11111111111111
Strep_C22942	1	11.11111111111111
Strep_C2284	1	11.11111111111111
Strep_C22965	1	11.11111111111111
Strep_C22975	1	11.11111111111111
Strep_C22974	1	11.11111111111111
Strep_C22973	1	11.11111111111111
Strep_C22971	1	11.11111111111111
Strep_C22970	1	11.11111111111111
Strep_C22969	1	11.11111111111111
Strep_C22968	1	11.11111111111111
Strep_C22967	1	11.11111111111111
Strep_C22958	1	11.11111111111111
Strep_C22943	1	11.11111111111111
Strep_C22954	1	11.11111111111111
Strep_C22953	1	11.11111111111111
Strep_C22952	1	11.11111111111111
Strep_C22951	1	11.11111111111111
Strep_C22950	1	11.11111111111111
Strep_C22947	1	11.11111111111111
Strep_C22946	1	11.11111111111111
Strep_C22944	1	11.11111111111111
Strep_C22914	1	11.11111111111111
Strep_C22913	1	11.11111111111111
Strep_C22912	1	11.11111111111111
Strep_C22865	1	11.11111111111111
Strep_C22875	1	11.11111111111111
Strep_C22874	1	11.11111111111111
Strep_C22872	1	11.11111111111111
Strep_C22870	1	11.11111111111111
Strep_C2286	1	11.11111111111111
Strep_C22869	1	11.11111111111111
Strep_C22868	1	11.11111111111111
Strep_C22866	1	11.11111111111111
Strep_C22863	1	11.11111111111111
Strep_C22911	1	11.11111111111111
Strep_C22862	1	11.11111111111111
Strep_C2285	1	11.11111111111111
Strep_C22859	1	11.11111111111111
Strep_C22858	1	11.11111111111111
Strep_C22857	1	11.11111111111111
Strep_C22856	1	11.11111111111111
Strep_C22855	1	11.11111111111111
Strep_C22854	1	11.11111111111111
Strep_C2287	1	11.11111111111111
Strep_C22886	1	11.11111111111111
Strep_C22887	1	11.11111111111111
Strep_C22889	1	11.11111111111111
Strep_C22910	1	11.11111111111111
Strep_C2290	1	11.11111111111111
Strep_C22908	1	11.11111111111111
Strep_C22907	1	11.11111111111111
Strep_C22906	1	11.11111111111111
Strep_C22905	1	11.11111111111111
Strep_C22904	1	11.11111111111111
Strep_C22902	1	11.11111111111111
Strep_C22901	1	11.11111111111111
Strep_C22900	1	11.11111111111111
Strep_C2289	1	11.11111111111111
Strep_C22897	1	11.11111111111111
Strep_C22895	1	11.11111111111111
Strep_C22894	1	11.11111111111111
Strep_C22893	1	11.11111111111111
Strep_C22892	1	11.11111111111111
Strep_C22890	1	11.11111111111111
Strep_C22976	1	11.11111111111111
Strep_C22977	1	11.11111111111111
Strep_C22978	1	11.11111111111111
Strep_C23056	1	11.11111111111111
Strep_C23065	1	11.11111111111111
Strep_C23064	1	11.11111111111111
Strep_C23063	1	11.11111111111111
Strep_C23062	1	11.11111111111111
Strep_C23061	1	11.11111111111111
Strep_C23059	1	11.11111111111111
Strep_C23058	1	11.11111111111111
Strep_C23057	1	11.11111111111111
Strep_C23053	1	11.11111111111111
Strep_C23032	1	11.11111111111111
Strep_C23052	1	11.11111111111111
Strep_C23046	1	11.11111111111111
Strep_C2303	1	11.11111111111111
Strep_C23039	1	11.11111111111111
Strep_C23038	1	11.11111111111111
Strep_C23037	1	11.11111111111111
Strep_C23035	1	11.11111111111111
Strep_C23034	1	11.11111111111111
Strep_C23066	1	11.11111111111111
Strep_C23067	1	11.11111111111111
Strep_C23068	1	11.11111111111111
Strep_C23069	1	11.11111111111111
Strep_C23088	1	11.11111111111111
Strep_C23087	1	11.11111111111111
Strep_C23086	1	11.11111111111111
Strep_C23085	1	11.11111111111111
Strep_C23084	1	11.11111111111111
Strep_C23083	1	11.11111111111111
Strep_C23082	1	11.11111111111111
Strep_C23080	1	11.11111111111111
Strep_C23079	1	11.11111111111111
Strep_C23078	1	11.11111111111111
Strep_C23077	1	11.11111111111111
Strep_C23076	1	11.11111111111111
Strep_C23075	1	11.11111111111111
Strep_C23074	1	11.11111111111111
Strep_C23073	1	11.11111111111111
Strep_C23072	1	11.11111111111111
Strep_C23071	1	11.11111111111111
Strep_C23033	1	11.11111111111111
Strep_C23031	1	11.11111111111111
Strep_C22979	1	11.11111111111111
Strep_C22992	1	11.11111111111111
Strep_C23008	1	11.11111111111111
Strep_C23007	1	11.11111111111111
Strep_C23006	1	11.11111111111111
Strep_C23004	1	11.11111111111111
Strep_C22	1	11.11111111111111
Strep_C229	1	11.11111111111111
Strep_C22998	1	11.11111111111111
Strep_C22994	1	11.11111111111111
Strep_C2298	1	11.11111111111111
Strep_C2302	1	11.11111111111111
Strep_C22988	1	11.11111111111111
Strep_C22987	1	11.11111111111111
Strep_C22985	1	11.11111111111111
Strep_C22984	1	11.11111111111111
Strep_C22983	1	11.11111111111111
Strep_C22982	1	11.11111111111111
Strep_C22981	1	11.11111111111111
Strep_C22980	1	11.11111111111111
Strep_C23009	1	11.11111111111111
Strep_C2300	1	11.11111111111111
Strep_C23010	1	11.11111111111111
Strep_C23011	1	11.11111111111111
Strep_C23029	1	11.11111111111111
Strep_C23028	1	11.11111111111111
Strep_C23027	1	11.11111111111111
Strep_C23026	1	11.11111111111111
Strep_C23024	1	11.11111111111111
Strep_C23023	1	11.11111111111111
Strep_C23022	1	11.11111111111111
Strep_C23021	1	11.11111111111111
Strep_C23020	1	11.11111111111111
Strep_C2301	1	11.11111111111111
Strep_C23019	1	11.11111111111111
Strep_C23018	1	11.11111111111111
Strep_C23017	1	11.11111111111111
Strep_C23015	1	11.11111111111111
Strep_C23014	1	11.11111111111111
Strep_C23013	1	11.11111111111111
Strep_C23012	1	11.11111111111111
Strep_C22853	1	11.11111111111111
Strep_C22849	1	11.11111111111111
Strep_C23092	1	11.11111111111111
Strep_C22685	1	11.11111111111111
Strep_C22695	1	11.11111111111111
Strep_C22693	1	11.11111111111111
Strep_C22692	1	11.11111111111111
Strep_C22691	1	11.11111111111111
Strep_C22690	1	11.11111111111111
Strep_C2268	1	11.11111111111111
Strep_C22687	1	11.11111111111111
Strep_C22686	1	11.11111111111111
Strep_C22683	1	11.11111111111111
Strep_C22697	1	11.11111111111111
Strep_C22682	1	11.11111111111111
Strep_C2267	1	11.11111111111111
Strep_C22677	1	11.11111111111111
Strep_C22675	1	11.11111111111111
Strep_C22674	1	11.11111111111111
Strep_C22670	1	11.11111111111111
Strep_C2266	1	11.11111111111111
Strep_C22669	1	11.11111111111111
Strep_C22696	1	11.11111111111111
Strep_C22700	1	11.11111111111111
Strep_C22848	1	11.11111111111111
Strep_C22718	1	11.11111111111111
Strep_C22727	1	11.11111111111111
Strep_C22726	1	11.11111111111111
Strep_C22725	1	11.11111111111111
Strep_C22724	1	11.11111111111111
Strep_C22723	1	11.11111111111111
Strep_C22722	1	11.11111111111111
Strep_C2271	1	11.11111111111111
Strep_C22719	1	11.11111111111111
Strep_C22716	1	11.11111111111111
Strep_C22701	1	11.11111111111111
Strep_C22715	1	11.11111111111111
Strep_C22710	1	11.11111111111111
Strep_C22709	1	11.11111111111111
Strep_C22708	1	11.11111111111111
Strep_C22707	1	11.11111111111111
Strep_C22706	1	11.11111111111111
Strep_C22703	1	11.11111111111111
Strep_C22702	1	11.11111111111111
Strep_C22668	1	11.11111111111111
Strep_C22667	1	11.11111111111111
Strep_C22665	1	11.11111111111111
Strep_C22621	1	11.11111111111111
Strep_C22629	1	11.11111111111111
Strep_C22628	1	11.11111111111111
Strep_C22627	1	11.11111111111111
Strep_C22626	1	11.11111111111111
Strep_C22625	1	11.11111111111111
Strep_C22624	1	11.11111111111111
Strep_C22623	1	11.11111111111111
Strep_C22622	1	11.11111111111111
Strep_C22620	1	11.11111111111111
Strep_C22664	1	11.11111111111111
Strep_C22619	1	11.11111111111111
Strep_C22618	1	11.11111111111111
Strep_C22617	1	11.11111111111111
Strep_C22616	1	11.11111111111111
Strep_C22615	1	11.11111111111111
Strep_C22614	1	11.11111111111111
Strep_C22612	1	11.11111111111111
Strep_C22608	1	11.11111111111111
Strep_C2262	1	11.11111111111111
Strep_C22630	1	11.11111111111111
Strep_C22637	1	11.11111111111111
Strep_C22638	1	11.11111111111111
Strep_C22663	1	11.11111111111111
Strep_C22662	1	11.11111111111111
Strep_C22661	1	11.11111111111111
Strep_C22660	1	11.11111111111111
Strep_C22658	1	11.11111111111111
Strep_C22657	1	11.11111111111111
Strep_C22655	1	11.11111111111111
Strep_C22653	1	11.11111111111111
Strep_C22652	1	11.11111111111111
Strep_C2264	1	11.11111111111111
Strep_C22649	1	11.11111111111111
Strep_C22648	1	11.11111111111111
Strep_C22646	1	11.11111111111111
Strep_C22645	1	11.11111111111111
Strep_C22642	1	11.11111111111111
Strep_C22640	1	11.11111111111111
Strep_C2263	1	11.11111111111111
Strep_C22728	1	11.11111111111111
Strep_C22729	1	11.11111111111111
Strep_C22730	1	11.11111111111111
Strep_C22807	1	11.11111111111111
Strep_C22819	1	11.11111111111111
Strep_C22817	1	11.11111111111111
Strep_C22815	1	11.11111111111111
Strep_C22814	1	11.11111111111111
Strep_C22811	1	11.11111111111111
Strep_C22810	1	11.11111111111111
Strep_C2280	1	11.11111111111111
Strep_C22808	1	11.11111111111111
Strep_C22804	1	11.11111111111111
Strep_C22785	1	11.11111111111111
Strep_C22803	1	11.11111111111111
Strep_C22802	1	11.11111111111111
Strep_C227	1	11.11111111111111
Strep_C2279	1	11.11111111111111
Strep_C22798	1	11.11111111111111
Strep_C22797	1	11.11111111111111
Strep_C22796	1	11.11111111111111
Strep_C22795	1	11.11111111111111
Strep_C2281	1	11.11111111111111
Strep_C22820	1	11.11111111111111
Strep_C22821	1	11.11111111111111
Strep_C22822	1	11.11111111111111
Strep_C22847	1	11.11111111111111
Strep_C22846	1	11.11111111111111
Strep_C22845	1	11.11111111111111
Strep_C22844	1	11.11111111111111
Strep_C22842	1	11.11111111111111
Strep_C2283	1	11.11111111111111
Strep_C22838	1	11.11111111111111
Strep_C22837	1	11.11111111111111
Strep_C22836	1	11.11111111111111
Strep_C22835	1	11.11111111111111
Strep_C22834	1	11.11111111111111
Strep_C22831	1	11.11111111111111
Strep_C22830	1	11.11111111111111
Strep_C22829	1	11.11111111111111
Strep_C22827	1	11.11111111111111
Strep_C22826	1	11.11111111111111
Strep_C22823	1	11.11111111111111
Strep_C22786	1	11.11111111111111
Strep_C22784	1	11.11111111111111
Strep_C22734	1	11.11111111111111
Strep_C22743	1	11.11111111111111
Strep_C22750	1	11.11111111111111
Strep_C2274	1	11.11111111111111
Strep_C22749	1	11.11111111111111
Strep_C22748	1	11.11111111111111
Strep_C22747	1	11.11111111111111
Strep_C22746	1	11.11111111111111
Strep_C22745	1	11.11111111111111
Strep_C22744	1	11.11111111111111
Strep_C22742	1	11.11111111111111
Strep_C22783	1	11.11111111111111
Strep_C22741	1	11.11111111111111
Strep_C22740	1	11.11111111111111
Strep_C2273	1	11.11111111111111
Strep_C22739	1	11.11111111111111
Strep_C22738	1	11.11111111111111
Strep_C22737	1	11.11111111111111
Strep_C22736	1	11.11111111111111
Strep_C22735	1	11.11111111111111
Strep_C22755	1	11.11111111111111
Strep_C22756	1	11.11111111111111
Strep_C22757	1	11.11111111111111
Strep_C2275	1	11.11111111111111
Strep_C22782	1	11.11111111111111
Strep_C22781	1	11.11111111111111
Strep_C22780	1	11.11111111111111
Strep_C2277	1	11.11111111111111
Strep_C22779	1	11.11111111111111
Strep_C22778	1	11.11111111111111
Strep_C22777	1	11.11111111111111
Strep_C22776	1	11.11111111111111
Strep_C22775	1	11.11111111111111
Strep_C22774	1	11.11111111111111
Strep_C22773	1	11.11111111111111
Strep_C22772	1	11.11111111111111
Strep_C22770	1	11.11111111111111
Strep_C2276	1	11.11111111111111
Strep_C22766	1	11.11111111111111
Strep_C22765	1	11.11111111111111
Strep_C22764	1	11.11111111111111
Strep_C2308	1	11.11111111111111
Strep_C23097	1	11.11111111111111
Strep_C21627	1	11.11111111111111
Strep_C23416	1	11.11111111111111
Strep_C23432	1	11.11111111111111
Strep_C23430	1	11.11111111111111
Strep_C2342	1	11.11111111111111
Strep_C23427	1	11.11111111111111
Strep_C23420	1	11.11111111111111
Strep_C23419	1	11.11111111111111
Strep_C23418	1	11.11111111111111
Strep_C23417	1	11.11111111111111
Strep_C23415	1	11.11111111111111
Strep_C23437	1	11.11111111111111
Strep_C23414	1	11.11111111111111
Strep_C23413	1	11.11111111111111
Strep_C23412	1	11.11111111111111
Strep_C23411	1	11.11111111111111
Strep_C23410	1	11.11111111111111
Strep_C2340	1	11.11111111111111
Strep_C23408	1	11.11111111111111
Strep_C23407	1	11.11111111111111
Strep_C23436	1	11.11111111111111
Strep_C23438	1	11.11111111111111
Strep_C23344	1	11.11111111111111
Strep_C23454	1	11.11111111111111
Strep_C23467	1	11.11111111111111
Strep_C23466	1	11.11111111111111
Strep_C23463	1	11.11111111111111
Strep_C23461	1	11.11111111111111
Strep_C2345	1	11.11111111111111
Strep_C23457	1	11.11111111111111
Strep_C23456	1	11.11111111111111
Strep_C23455	1	11.11111111111111
Strep_C23453	1	11.11111111111111
Strep_C23439	1	11.11111111111111
Strep_C23452	1	11.11111111111111
Strep_C23451	1	11.11111111111111
Strep_C23450	1	11.11111111111111
Strep_C23449	1	11.11111111111111
Strep_C23448	1	11.11111111111111
Strep_C23446	1	11.11111111111111
Strep_C23445	1	11.11111111111111
Strep_C23444	1	11.11111111111111
Strep_C23406	1	11.11111111111111
Strep_C23405	1	11.11111111111111
Strep_C23404	1	11.11111111111111
Strep_C23358	1	11.11111111111111
Strep_C23368	1	11.11111111111111
Strep_C23367	1	11.11111111111111
Strep_C23366	1	11.11111111111111
Strep_C23364	1	11.11111111111111
Strep_C23363	1	11.11111111111111
Strep_C23362	1	11.11111111111111
Strep_C2335	1	11.11111111111111
Strep_C23359	1	11.11111111111111
Strep_C23355	1	11.11111111111111
Strep_C23403	1	11.11111111111111
Strep_C23352	1	11.11111111111111
Strep_C23351	1	11.11111111111111
Strep_C23350	1	11.11111111111111
Strep_C2334	1	11.11111111111111
Strep_C23349	1	11.11111111111111
Strep_C23348	1	11.11111111111111
Strep_C23347	1	11.11111111111111
Strep_C23346	1	11.11111111111111
Strep_C23370	1	11.11111111111111
Strep_C23371	1	11.11111111111111
Strep_C23374	1	11.11111111111111
Strep_C23375	1	11.11111111111111
Strep_C23402	1	11.11111111111111
Strep_C23401	1	11.11111111111111
Strep_C23400	1	11.11111111111111
Strep_C233	1	11.11111111111111
Strep_C23399	1	11.11111111111111
Strep_C23395	1	11.11111111111111
Strep_C23394	1	11.11111111111111
Strep_C23393	1	11.11111111111111
Strep_C23392	1	11.11111111111111
Strep_C23385	1	11.11111111111111
Strep_C23384	1	11.11111111111111
Strep_C23383	1	11.11111111111111
Strep_C23382	1	11.11111111111111
Strep_C23381	1	11.11111111111111
Strep_C23379	1	11.11111111111111
Strep_C23377	1	11.11111111111111
Strep_C23376	1	11.11111111111111
Strep_C23468	1	11.11111111111111
Strep_C23470	1	11.11111111111111
Strep_C23471	1	11.11111111111111
Strep_C23541	1	11.11111111111111
Strep_C23561	1	11.11111111111111
Strep_C23560	1	11.11111111111111
Strep_C2355	1	11.11111111111111
Strep_C23554	1	11.11111111111111
Strep_C23545	1	11.11111111111111
Strep_C23544	1	11.11111111111111
Strep_C23543	1	11.11111111111111
Strep_C23542	1	11.11111111111111
Strep_C23540	1	11.11111111111111
Strep_C23528	1	11.11111111111111
Strep_C2353	1	11.11111111111111
Strep_C23539	1	11.11111111111111
Strep_C23538	1	11.11111111111111
Strep_C23537	1	11.11111111111111
Strep_C23535	1	11.11111111111111
Strep_C23534	1	11.11111111111111
Strep_C23533	1	11.11111111111111
Strep_C23530	1	11.11111111111111
Strep_C23563	1	11.11111111111111
Strep_C23564	1	11.11111111111111
Strep_C23565	1	11.11111111111111
Strep_C23566	1	11.11111111111111
Strep_C23597	1	11.11111111111111
Strep_C23596	1	11.11111111111111
Strep_C23593	1	11.11111111111111
Strep_C23592	1	11.11111111111111
Strep_C23591	1	11.11111111111111
Strep_C23580	1	11.11111111111111
Strep_C2357	1	11.11111111111111
Strep_C23578	1	11.11111111111111
Strep_C23577	1	11.11111111111111
Strep_C23575	1	11.11111111111111
Strep_C23574	1	11.11111111111111
Strep_C23573	1	11.11111111111111
Strep_C23572	1	11.11111111111111
Strep_C23571	1	11.11111111111111
Strep_C23569	1	11.11111111111111
Strep_C23568	1	11.11111111111111
Strep_C23567	1	11.11111111111111
Strep_C23529	1	11.11111111111111
Strep_C23526	1	11.11111111111111
Strep_C23472	1	11.11111111111111
Strep_C23485	1	11.11111111111111
Strep_C23493	1	11.11111111111111
Strep_C23492	1	11.11111111111111
Strep_C23490	1	11.11111111111111
Strep_C2348	1	11.11111111111111
Strep_C23489	1	11.11111111111111
Strep_C23488	1	11.11111111111111
Strep_C23487	1	11.11111111111111
Strep_C23486	1	11.11111111111111
Strep_C23484	1	11.11111111111111
Strep_C23525	1	11.11111111111111
Strep_C23483	1	11.11111111111111
Strep_C23481	1	11.11111111111111
Strep_C23480	1	11.11111111111111
Strep_C2347	1	11.11111111111111
Strep_C23479	1	11.11111111111111
Strep_C23477	1	11.11111111111111
Strep_C23474	1	11.11111111111111
Strep_C23473	1	11.11111111111111
Strep_C23494	1	11.11111111111111
Strep_C23495	1	11.11111111111111
Strep_C23496	1	11.11111111111111
Strep_C23497	1	11.11111111111111
Strep_C23523	1	11.11111111111111
Strep_C23522	1	11.11111111111111
Strep_C2351	1	11.11111111111111
Strep_C23518	1	11.11111111111111
Strep_C23516	1	11.11111111111111
Strep_C23514	1	11.11111111111111
Strep_C23513	1	11.11111111111111
Strep_C23510	1	11.11111111111111
Strep_C2350	1	11.11111111111111
Strep_C23504	1	11.11111111111111
Strep_C23503	1	11.11111111111111
Strep_C23502	1	11.11111111111111
Strep_C23501	1	11.11111111111111
Strep_C234	1	11.11111111111111
Strep_C2349	1	11.11111111111111
Strep_C23499	1	11.11111111111111
Strep_C23498	1	11.11111111111111
Strep_C23345	1	11.11111111111111
Strep_C23343	1	11.11111111111111
Strep_C23098	1	11.11111111111111
Strep_C23180	1	11.11111111111111
Strep_C23191	1	11.11111111111111
Strep_C2318	1	11.11111111111111
Strep_C23188	1	11.11111111111111
Strep_C23187	1	11.11111111111111
Strep_C23186	1	11.11111111111111
Strep_C23185	1	11.11111111111111
Strep_C23184	1	11.11111111111111
Strep_C23181	1	11.11111111111111
Strep_C23178	1	11.11111111111111
Strep_C23193	1	11.11111111111111
Strep_C23176	1	11.11111111111111
Strep_C23175	1	11.11111111111111
Strep_C23173	1	11.11111111111111
Strep_C23172	1	11.11111111111111
Strep_C23171	1	11.11111111111111
Strep_C23170	1	11.11111111111111
Strep_C23169	1	11.11111111111111
Strep_C23167	1	11.11111111111111
Strep_C23192	1	11.11111111111111
Strep_C23195	1	11.11111111111111
Strep_C23342	1	11.11111111111111
Strep_C23212	1	11.11111111111111
Strep_C23224	1	11.11111111111111
Strep_C23223	1	11.11111111111111
Strep_C23221	1	11.11111111111111
Strep_C23217	1	11.11111111111111
Strep_C23216	1	11.11111111111111
Strep_C23215	1	11.11111111111111
Strep_C23214	1	11.11111111111111
Strep_C23213	1	11.11111111111111
Strep_C23211	1	11.11111111111111
Strep_C23199	1	11.11111111111111
Strep_C23210	1	11.11111111111111
Strep_C23209	1	11.11111111111111
Strep_C23208	1	11.11111111111111
Strep_C23203	1	11.11111111111111
Strep_C23201	1	11.11111111111111
Strep_C23200	1	11.11111111111111
Strep_C231	1	11.11111111111111
Strep_C2319	1	11.11111111111111
Strep_C23166	1	11.11111111111111
Strep_C23164	1	11.11111111111111
Strep_C23162	1	11.11111111111111
Strep_C23115	1	11.11111111111111
Strep_C23125	1	11.11111111111111
Strep_C23123	1	11.11111111111111
Strep_C23122	1	11.11111111111111
Strep_C23120	1	11.11111111111111
Strep_C2311	1	11.11111111111111
Strep_C23119	1	11.11111111111111
Strep_C23117	1	11.11111111111111
Strep_C23116	1	11.11111111111111
Strep_C23113	1	11.11111111111111
Strep_C23160	1	11.11111111111111
Strep_C23112	1	11.11111111111111
Strep_C2310	1	11.11111111111111
Strep_C23109	1	11.11111111111111
Strep_C23107	1	11.11111111111111
Strep_C23105	1	11.11111111111111
Strep_C23100	1	11.11111111111111
Strep_C2309	1	11.11111111111111
Strep_C23099	1	11.11111111111111
Strep_C23126	1	11.11111111111111
Strep_C23127	1	11.11111111111111
Strep_C23128	1	11.11111111111111
Strep_C23129	1	11.11111111111111
Strep_C2315	1	11.11111111111111
Strep_C23158	1	11.11111111111111
Strep_C23157	1	11.11111111111111
Strep_C23156	1	11.11111111111111
Strep_C23155	1	11.11111111111111
Strep_C23154	1	11.11111111111111
Strep_C23153	1	11.11111111111111
Strep_C23152	1	11.11111111111111
Strep_C2314	1	11.11111111111111
Strep_C23148	1	11.11111111111111
Strep_C2313	1	11.11111111111111
Strep_C23135	1	11.11111111111111
Strep_C23134	1	11.11111111111111
Strep_C23133	1	11.11111111111111
Strep_C23132	1	11.11111111111111
Strep_C23131	1	11.11111111111111
Strep_C23130	1	11.11111111111111
Strep_C23225	1	11.11111111111111
Strep_C23226	1	11.11111111111111
Strep_C23227	1	11.11111111111111
Strep_C23301	1	11.11111111111111
Strep_C23316	1	11.11111111111111
Strep_C23314	1	11.11111111111111
Strep_C23313	1	11.11111111111111
Strep_C23310	1	11.11111111111111
Strep_C2330	1	11.11111111111111
Strep_C23304	1	11.11111111111111
Strep_C23303	1	11.11111111111111
Strep_C23302	1	11.11111111111111
Strep_C23300	1	11.11111111111111
Strep_C23291	1	11.11111111111111
Strep_C232	1	11.11111111111111
Strep_C2329	1	11.11111111111111
Strep_C23299	1	11.11111111111111
Strep_C23298	1	11.11111111111111
Strep_C23297	1	11.11111111111111
Strep_C23296	1	11.11111111111111
Strep_C23295	1	11.11111111111111
Strep_C23294	1	11.11111111111111
Strep_C23317	1	11.11111111111111
Strep_C23318	1	11.11111111111111
Strep_C2331	1	11.11111111111111
Strep_C23320	1	11.11111111111111
Strep_C23341	1	11.11111111111111
Strep_C23340	1	11.11111111111111
Strep_C2333	1	11.11111111111111
Strep_C23339	1	11.11111111111111
Strep_C23338	1	11.11111111111111
Strep_C23337	1	11.11111111111111
Strep_C23336	1	11.11111111111111
Strep_C23334	1	11.11111111111111
Strep_C23333	1	11.11111111111111
Strep_C23332	1	11.11111111111111
Strep_C23330	1	11.11111111111111
Strep_C23329	1	11.11111111111111
Strep_C23328	1	11.11111111111111
Strep_C23327	1	11.11111111111111
Strep_C23326	1	11.11111111111111
Strep_C23325	1	11.11111111111111
Strep_C23324	1	11.11111111111111
Strep_C23293	1	11.11111111111111
Strep_C23290	1	11.11111111111111
Strep_C2322	1	11.11111111111111
Strep_C23251	1	11.11111111111111
Strep_C23260	1	11.11111111111111
Strep_C23259	1	11.11111111111111
Strep_C23257	1	11.11111111111111
Strep_C23256	1	11.11111111111111
Strep_C23255	1	11.11111111111111
Strep_C23254	1	11.11111111111111
Strep_C23253	1	11.11111111111111
Strep_C23252	1	11.11111111111111
Strep_C23250	1	11.11111111111111
Strep_C23289	1	11.11111111111111
Strep_C2324	1	11.11111111111111
Strep_C23248	1	11.11111111111111
Strep_C23247	1	11.11111111111111
Strep_C23246	1	11.11111111111111
Strep_C23245	1	11.11111111111111
Strep_C23243	1	11.11111111111111
Strep_C23242	1	11.11111111111111
Strep_C2323	1	11.11111111111111
Strep_C23261	1	11.11111111111111
Strep_C23262	1	11.11111111111111
Strep_C23263	1	11.11111111111111
Strep_C23264	1	11.11111111111111
Strep_C23288	1	11.11111111111111
Strep_C23287	1	11.11111111111111
Strep_C23286	1	11.11111111111111
Strep_C23285	1	11.11111111111111
Strep_C23284	1	11.11111111111111
Strep_C23283	1	11.11111111111111
Strep_C23280	1	11.11111111111111
Strep_C23279	1	11.11111111111111
Strep_C23278	1	11.11111111111111
Strep_C23277	1	11.11111111111111
Strep_C23276	1	11.11111111111111
Strep_C23275	1	11.11111111111111
Strep_C23274	1	11.11111111111111
Strep_C23271	1	11.11111111111111
Strep_C23270	1	11.11111111111111
Strep_C23269	1	11.11111111111111
Strep_C23267	1	11.11111111111111
Strep_C22607	1	11.11111111111111
Strep_C22605	1	11.11111111111111
Strep_C22604	1	11.11111111111111
Strep_C21951	1	11.11111111111111
Strep_C21965	1	11.11111111111111
Strep_C21964	1	11.11111111111111
Strep_C21963	1	11.11111111111111
Strep_C21962	1	11.11111111111111
Strep_C21961	1	11.11111111111111
Strep_C21960	1	11.11111111111111
Strep_C2195	1	11.11111111111111
Strep_C21956	1	11.11111111111111
Strep_C21948	1	11.11111111111111
Strep_C21967	1	11.11111111111111
Strep_C21947	1	11.11111111111111
Strep_C21946	1	11.11111111111111
Strep_C21945	1	11.11111111111111
Strep_C21944	1	11.11111111111111
Strep_C21943	1	11.11111111111111
Strep_C21942	1	11.11111111111111
Strep_C21941	1	11.11111111111111
Strep_C21940	1	11.11111111111111
Strep_C21966	1	11.11111111111111
Strep_C21969	1	11.11111111111111
Strep_C21881	1	11.11111111111111
Strep_C21985	1	11.11111111111111
Strep_C21997	1	11.11111111111111
Strep_C21996	1	11.11111111111111
Strep_C21994	1	11.11111111111111
Strep_C21993	1	11.11111111111111
Strep_C21990	1	11.11111111111111
Strep_C21988	1	11.11111111111111
Strep_C21987	1	11.11111111111111
Strep_C21986	1	11.11111111111111
Strep_C2197	1	11.11111111111111
Strep_C2196	1	11.11111111111111
Strep_C21979	1	11.11111111111111
Strep_C21978	1	11.11111111111111
Strep_C21977	1	11.11111111111111
Strep_C21976	1	11.11111111111111
Strep_C21975	1	11.11111111111111
Strep_C21974	1	11.11111111111111
Strep_C21973	1	11.11111111111111
Strep_C21970	1	11.11111111111111
Strep_C21939	1	11.11111111111111
Strep_C21937	1	11.11111111111111
Strep_C21936	1	11.11111111111111
Strep_C21896	1	11.11111111111111
Strep_C21904	1	11.11111111111111
Strep_C21903	1	11.11111111111111
Strep_C21902	1	11.11111111111111
Strep_C21901	1	11.11111111111111
Strep_C21900	1	11.11111111111111
Strep_C218	1	11.11111111111111
Strep_C2189	1	11.11111111111111
Strep_C21898	1	11.11111111111111
Strep_C21895	1	11.11111111111111
Strep_C21935	1	11.11111111111111
Strep_C21894	1	11.11111111111111
Strep_C21893	1	11.11111111111111
Strep_C21892	1	11.11111111111111
Strep_C21890	1	11.11111111111111
Strep_C2188	1	11.11111111111111
Strep_C21887	1	11.11111111111111
Strep_C21886	1	11.11111111111111
Strep_C21885	1	11.11111111111111
Strep_C21905	1	11.11111111111111
Strep_C21906	1	11.11111111111111
Strep_C21907	1	11.11111111111111
Strep_C21908	1	11.11111111111111
Strep_C21932	1	11.11111111111111
Strep_C21930	1	11.11111111111111
Strep_C21929	1	11.11111111111111
Strep_C21927	1	11.11111111111111
Strep_C21925	1	11.11111111111111
Strep_C21924	1	11.11111111111111
Strep_C21923	1	11.11111111111111
Strep_C21922	1	11.11111111111111
Strep_C21921	1	11.11111111111111
Strep_C21920	1	11.11111111111111
Strep_C2191	1	11.11111111111111
Strep_C21918	1	11.11111111111111
Strep_C21917	1	11.11111111111111
Strep_C21916	1	11.11111111111111
Strep_C21910	1	11.11111111111111
Strep_C2190	1	11.11111111111111
Strep_C21909	1	11.11111111111111
Strep_C21998	1	11.11111111111111
Strep_C21999	1	11.11111111111111
Strep_C2199	1	11.11111111111111
Strep_C22062	1	11.11111111111111
Strep_C2207	1	11.11111111111111
Strep_C22076	1	11.11111111111111
Strep_C22074	1	11.11111111111111
Strep_C22072	1	11.11111111111111
Strep_C22070	1	11.11111111111111
Strep_C22066	1	11.11111111111111
Strep_C22065	1	11.11111111111111
Strep_C22063	1	11.11111111111111
Strep_C22061	1	11.11111111111111
Strep_C22050	1	11.11111111111111
Strep_C22060	1	11.11111111111111
Strep_C22059	1	11.11111111111111
Strep_C22058	1	11.11111111111111
Strep_C22057	1	11.11111111111111
Strep_C22055	1	11.11111111111111
Strep_C22054	1	11.11111111111111
Strep_C22053	1	11.11111111111111
Strep_C22052	1	11.11111111111111
Strep_C22080	1	11.11111111111111
Strep_C22081	1	11.11111111111111
Strep_C22082	1	11.11111111111111
Strep_C22083	1	11.11111111111111
Strep_C22112	1	11.11111111111111
Strep_C22111	1	11.11111111111111
Strep_C22110	1	11.11111111111111
Strep_C2210	1	11.11111111111111
Strep_C22109	1	11.11111111111111
Strep_C22108	1	11.11111111111111
Strep_C22106	1	11.11111111111111
Strep_C22104	1	11.11111111111111
Strep_C220	1	11.11111111111111
Strep_C22094	1	11.11111111111111
Strep_C22093	1	11.11111111111111
Strep_C22092	1	11.11111111111111
Strep_C22091	1	11.11111111111111
Strep_C22090	1	11.11111111111111
Strep_C22088	1	11.11111111111111
Strep_C22085	1	11.11111111111111
Strep_C22084	1	11.11111111111111
Strep_C22051	1	11.11111111111111
Strep_C2204	1	11.11111111111111
Strep_C219	1	11.11111111111111
Strep_C22009	1	11.11111111111111
Strep_C22025	1	11.11111111111111
Strep_C22024	1	11.11111111111111
Strep_C22020	1	11.11111111111111
Strep_C2201	1	11.11111111111111
Strep_C22013	1	11.11111111111111
Strep_C22012	1	11.11111111111111
Strep_C22011	1	11.11111111111111
Strep_C2200	1	11.11111111111111
Strep_C22008	1	11.11111111111111
Strep_C22049	1	11.11111111111111
Strep_C22007	1	11.11111111111111
Strep_C22006	1	11.11111111111111
Strep_C22005	1	11.11111111111111
Strep_C22003	1	11.11111111111111
Strep_C22002	1	11.11111111111111
Strep_C22001	1	11.11111111111111
Strep_C22000	1	11.11111111111111
Strep_C21	1	11.11111111111111
Strep_C22026	1	11.11111111111111
Strep_C22027	1	11.11111111111111
Strep_C22028	1	11.11111111111111
Strep_C22029	1	11.11111111111111
Strep_C22048	1	11.11111111111111
Strep_C22047	1	11.11111111111111
Strep_C22046	1	11.11111111111111
Strep_C22045	1	11.11111111111111
Strep_C22044	1	11.11111111111111
Strep_C22043	1	11.11111111111111
Strep_C22042	1	11.11111111111111
Strep_C22041	1	11.11111111111111
Strep_C22040	1	11.11111111111111
Strep_C22039	1	11.11111111111111
Strep_C22038	1	11.11111111111111
Strep_C22037	1	11.11111111111111
Strep_C22036	1	11.11111111111111
Strep_C22035	1	11.11111111111111
Strep_C22034	1	11.11111111111111
Strep_C22033	1	11.11111111111111
Strep_C22031	1	11.11111111111111
Strep_C21883	1	11.11111111111111
Strep_C21880	1	11.11111111111111
Strep_C22603	1	11.11111111111111
Strep_C21704	1	11.11111111111111
Strep_C21716	1	11.11111111111111
Strep_C21714	1	11.11111111111111
Strep_C21713	1	11.11111111111111
Strep_C21710	1	11.11111111111111
Strep_C21709	1	11.11111111111111
Strep_C21707	1	11.11111111111111
Strep_C21706	1	11.11111111111111
Strep_C21705	1	11.11111111111111
Strep_C21703	1	11.11111111111111
Strep_C21718	1	11.11111111111111
Strep_C21702	1	11.11111111111111
Strep_C21701	1	11.11111111111111
Strep_C21700	1	11.11111111111111
Strep_C216	1	11.11111111111111
Strep_C2169	1	11.11111111111111
Strep_C21699	1	11.11111111111111
Strep_C21698	1	11.11111111111111
Strep_C21697	1	11.11111111111111
Strep_C21717	1	11.11111111111111
Strep_C21719	1	11.11111111111111
Strep_C2187	1	11.11111111111111
Strep_C21732	1	11.11111111111111
Strep_C21754	1	11.11111111111111
Strep_C21753	1	11.11111111111111
Strep_C21747	1	11.11111111111111
Strep_C21746	1	11.11111111111111
Strep_C21736	1	11.11111111111111
Strep_C21735	1	11.11111111111111
Strep_C21734	1	11.11111111111111
Strep_C21733	1	11.11111111111111
Strep_C21731	1	11.11111111111111
Strep_C2171	1	11.11111111111111
Strep_C21730	1	11.11111111111111
Strep_C21729	1	11.11111111111111
Strep_C21728	1	11.11111111111111
Strep_C21726	1	11.11111111111111
Strep_C21725	1	11.11111111111111
Strep_C21724	1	11.11111111111111
Strep_C21721	1	11.11111111111111
Strep_C21720	1	11.11111111111111
Strep_C21696	1	11.11111111111111
Strep_C21694	1	11.11111111111111
Strep_C21693	1	11.11111111111111
Strep_C21649	1	11.11111111111111
Strep_C21657	1	11.11111111111111
Strep_C21656	1	11.11111111111111
Strep_C21655	1	11.11111111111111
Strep_C21654	1	11.11111111111111
Strep_C21653	1	11.11111111111111
Strep_C21652	1	11.11111111111111
Strep_C21651	1	11.11111111111111
Strep_C21650	1	11.11111111111111
Strep_C21648	1	11.11111111111111
Strep_C21691	1	11.11111111111111
Strep_C21646	1	11.11111111111111
Strep_C21641	1	11.11111111111111
Strep_C21638	1	11.11111111111111
Strep_C21635	1	11.11111111111111
Strep_C21634	1	11.11111111111111
Strep_C21633	1	11.11111111111111
Strep_C21630	1	11.11111111111111
Strep_C21629	1	11.11111111111111
Strep_C21659	1	11.11111111111111
Strep_C2165	1	11.11111111111111
Strep_C21660	1	11.11111111111111
Strep_C21661	1	11.11111111111111
Strep_C21690	1	11.11111111111111
Strep_C2168	1	11.11111111111111
Strep_C21689	1	11.11111111111111
Strep_C21688	1	11.11111111111111
Strep_C21687	1	11.11111111111111
Strep_C21686	1	11.11111111111111
Strep_C21684	1	11.11111111111111
Strep_C21680	1	11.11111111111111
Strep_C2167	1	11.11111111111111
Strep_C21679	1	11.11111111111111
Strep_C21678	1	11.11111111111111
Strep_C21677	1	11.11111111111111
Strep_C21676	1	11.11111111111111
Strep_C21675	1	11.11111111111111
Strep_C21674	1	11.11111111111111
Strep_C21671	1	11.11111111111111
Strep_C21663	1	11.11111111111111
Strep_C21756	1	11.11111111111111
Strep_C21757	1	11.11111111111111
Strep_C21758	1	11.11111111111111
Strep_C21837	1	11.11111111111111
Strep_C21846	1	11.11111111111111
Strep_C21844	1	11.11111111111111
Strep_C21842	1	11.11111111111111
Strep_C21841	1	11.11111111111111
Strep_C21840	1	11.11111111111111
Strep_C2183	1	11.11111111111111
Strep_C21839	1	11.11111111111111
Strep_C21838	1	11.11111111111111
Strep_C21836	1	11.11111111111111
Strep_C21822	1	11.11111111111111
Strep_C21835	1	11.11111111111111
Strep_C21834	1	11.11111111111111
Strep_C21833	1	11.11111111111111
Strep_C2182	1	11.11111111111111
Strep_C21828	1	11.11111111111111
Strep_C21827	1	11.11111111111111
Strep_C21826	1	11.11111111111111
Strep_C21824	1	11.11111111111111
Strep_C21848	1	11.11111111111111
Strep_C21849	1	11.11111111111111
Strep_C21850	1	11.11111111111111
Strep_C21851	1	11.11111111111111
Strep_C21876	1	11.11111111111111
Strep_C21875	1	11.11111111111111
Strep_C21870	1	11.11111111111111
Strep_C21869	1	11.11111111111111
Strep_C21868	1	11.11111111111111
Strep_C21867	1	11.11111111111111
Strep_C21866	1	11.11111111111111
Strep_C21865	1	11.11111111111111
Strep_C21863	1	11.11111111111111
Strep_C21862	1	11.11111111111111
Strep_C21861	1	11.11111111111111
Strep_C2185	1	11.11111111111111
Strep_C21859	1	11.11111111111111
Strep_C21858	1	11.11111111111111
Strep_C21855	1	11.11111111111111
Strep_C21854	1	11.11111111111111
Strep_C21853	1	11.11111111111111
Strep_C21823	1	11.11111111111111
Strep_C21821	1	11.11111111111111
Strep_C21759	1	11.11111111111111
Strep_C2176	1	11.11111111111111
Strep_C21781	1	11.11111111111111
Strep_C2177	1	11.11111111111111
Strep_C21777	1	11.11111111111111
Strep_C21776	1	11.11111111111111
Strep_C21773	1	11.11111111111111
Strep_C21772	1	11.11111111111111
Strep_C21771	1	11.11111111111111
Strep_C21770	1	11.11111111111111
Strep_C21769	1	11.11111111111111
Strep_C21820	1	11.11111111111111
Strep_C21768	1	11.11111111111111
Strep_C21767	1	11.11111111111111
Strep_C21765	1	11.11111111111111
Strep_C21764	1	11.11111111111111
Strep_C21763	1	11.11111111111111
Strep_C21762	1	11.11111111111111
Strep_C21761	1	11.11111111111111
Strep_C2175	1	11.11111111111111
Strep_C21782	1	11.11111111111111
Strep_C21785	1	11.11111111111111
Strep_C21786	1	11.11111111111111
Strep_C21787	1	11.11111111111111
Strep_C21819	1	11.11111111111111
Strep_C21818	1	11.11111111111111
Strep_C21817	1	11.11111111111111
Strep_C21815	1	11.11111111111111
Strep_C21814	1	11.11111111111111
Strep_C21813	1	11.11111111111111
Strep_C21811	1	11.11111111111111
Strep_C21810	1	11.11111111111111
Strep_C217	1	11.11111111111111
Strep_C21797	1	11.11111111111111
Strep_C21796	1	11.11111111111111
Strep_C21795	1	11.11111111111111
Strep_C21794	1	11.11111111111111
Strep_C21793	1	11.11111111111111
Strep_C21792	1	11.11111111111111
Strep_C21791	1	11.11111111111111
Strep_C21789	1	11.11111111111111
Strep_C22113	1	11.11111111111111
Strep_C22114	1	11.11111111111111
Strep_C22116	1	11.11111111111111
Strep_C2243	1	11.11111111111111
Strep_C2244	1	11.11111111111111
Strep_C22448	1	11.11111111111111
Strep_C22447	1	11.11111111111111
Strep_C22446	1	11.11111111111111
Strep_C22445	1	11.11111111111111
Strep_C22444	1	11.11111111111111
Strep_C22443	1	11.11111111111111
Strep_C22442	1	11.11111111111111
Strep_C22438	1	11.11111111111111
Strep_C22451	1	11.11111111111111
Strep_C22434	1	11.11111111111111
Strep_C22433	1	11.11111111111111
Strep_C22432	1	11.11111111111111
Strep_C22431	1	11.11111111111111
Strep_C22427	1	11.11111111111111
Strep_C22426	1	11.11111111111111
Strep_C22425	1	11.11111111111111
Strep_C22424	1	11.11111111111111
Strep_C22450	1	11.11111111111111
Strep_C22452	1	11.11111111111111
Strep_C2211	1	11.11111111111111
Strep_C22466	1	11.11111111111111
Strep_C22477	1	11.11111111111111
Strep_C22476	1	11.11111111111111
Strep_C22475	1	11.11111111111111
Strep_C22474	1	11.11111111111111
Strep_C22473	1	11.11111111111111
Strep_C22472	1	11.11111111111111
Strep_C22471	1	11.11111111111111
Strep_C22468	1	11.11111111111111
Strep_C22463	1	11.11111111111111
Strep_C22453	1	11.11111111111111
Strep_C22462	1	11.11111111111111
Strep_C22461	1	11.11111111111111
Strep_C2245	1	11.11111111111111
Strep_C22459	1	11.11111111111111
Strep_C22458	1	11.11111111111111
Strep_C22457	1	11.11111111111111
Strep_C22456	1	11.11111111111111
Strep_C22455	1	11.11111111111111
Strep_C22423	1	11.11111111111111
Strep_C22422	1	11.11111111111111
Strep_C22421	1	11.11111111111111
Strep_C22370	1	11.11111111111111
Strep_C22379	1	11.11111111111111
Strep_C22378	1	11.11111111111111
Strep_C22377	1	11.11111111111111
Strep_C22375	1	11.11111111111111
Strep_C22374	1	11.11111111111111
Strep_C22373	1	11.11111111111111
Strep_C22372	1	11.11111111111111
Strep_C22371	1	11.11111111111111
Strep_C22368	1	11.11111111111111
Strep_C22420	1	11.11111111111111
Strep_C22367	1	11.11111111111111
Strep_C22365	1	11.11111111111111
Strep_C22363	1	11.11111111111111
Strep_C22362	1	11.11111111111111
Strep_C22361	1	11.11111111111111
Strep_C2235	1	11.11111111111111
Strep_C22358	1	11.11111111111111
Strep_C22357	1	11.11111111111111
Strep_C22380	1	11.11111111111111
Strep_C22381	1	11.11111111111111
Strep_C22382	1	11.11111111111111
Strep_C22383	1	11.11111111111111
Strep_C2241	1	11.11111111111111
Strep_C22419	1	11.11111111111111
Strep_C22418	1	11.11111111111111
Strep_C22417	1	11.11111111111111
Strep_C22416	1	11.11111111111111
Strep_C22415	1	11.11111111111111
Strep_C22414	1	11.11111111111111
Strep_C22412	1	11.11111111111111
Strep_C2240	1	11.11111111111111
Strep_C22408	1	11.11111111111111
Strep_C22407	1	11.11111111111111
Strep_C22403	1	11.11111111111111
Strep_C22399	1	11.11111111111111
Strep_C22388	1	11.11111111111111
Strep_C22387	1	11.11111111111111
Strep_C22386	1	11.11111111111111
Strep_C22385	1	11.11111111111111
Strep_C22478	1	11.11111111111111
Strep_C22479	1	11.11111111111111
Strep_C22480	1	11.11111111111111
Strep_C22567	1	11.11111111111111
Strep_C22576	1	11.11111111111111
Strep_C22575	1	11.11111111111111
Strep_C22573	1	11.11111111111111
Strep_C22571	1	11.11111111111111
Strep_C22570	1	11.11111111111111
Strep_C2256	1	11.11111111111111
Strep_C22569	1	11.11111111111111
Strep_C22568	1	11.11111111111111
Strep_C22565	1	11.11111111111111
Strep_C22546	1	11.11111111111111
Strep_C22564	1	11.11111111111111
Strep_C22563	1	11.11111111111111
Strep_C22562	1	11.11111111111111
Strep_C22561	1	11.11111111111111
Strep_C22559	1	11.11111111111111
Strep_C22553	1	11.11111111111111
Strep_C22550	1	11.11111111111111
Strep_C2254	1	11.11111111111111
Strep_C22577	1	11.11111111111111
Strep_C22579	1	11.11111111111111
Strep_C22581	1	11.11111111111111
Strep_C22583	1	11.11111111111111
Strep_C22601	1	11.11111111111111
Strep_C22600	1	11.11111111111111
Strep_C225	1	11.11111111111111
Strep_C2259	1	11.11111111111111
Strep_C22598	1	11.11111111111111
Strep_C22597	1	11.11111111111111
Strep_C22596	1	11.11111111111111
Strep_C22593	1	11.11111111111111
Strep_C22592	1	11.11111111111111
Strep_C22591	1	11.11111111111111
Strep_C22590	1	11.11111111111111
Strep_C22589	1	11.11111111111111
Strep_C22588	1	11.11111111111111
Strep_C22587	1	11.11111111111111
Strep_C22586	1	11.11111111111111
Strep_C22585	1	11.11111111111111
Strep_C22584	1	11.11111111111111
Strep_C22549	1	11.11111111111111
Strep_C22545	1	11.11111111111111
Strep_C22481	1	11.11111111111111
Strep_C22498	1	11.11111111111111
Strep_C22504	1	11.11111111111111
Strep_C22503	1	11.11111111111111
Strep_C22502	1	11.11111111111111
Strep_C22501	1	11.11111111111111
Strep_C22500	1	11.11111111111111
Strep_C224	1	11.11111111111111
Strep_C2249	1	11.11111111111111
Strep_C22499	1	11.11111111111111
Strep_C22497	1	11.11111111111111
Strep_C22544	1	11.11111111111111
Strep_C22492	1	11.11111111111111
Strep_C2248	1	11.11111111111111
Strep_C22488	1	11.11111111111111
Strep_C22487	1	11.11111111111111
Strep_C22486	1	11.11111111111111
Strep_C22485	1	11.11111111111111
Strep_C22484	1	11.11111111111111
Strep_C22482	1	11.11111111111111
Strep_C22506	1	11.11111111111111
Strep_C22507	1	11.11111111111111
Strep_C22508	1	11.11111111111111
Strep_C22509	1	11.11111111111111
Strep_C22543	1	11.11111111111111
Strep_C22542	1	11.11111111111111
Strep_C22541	1	11.11111111111111
Strep_C22540	1	11.11111111111111
Strep_C2253	1	11.11111111111111
Strep_C22539	1	11.11111111111111
Strep_C22535	1	11.11111111111111
Strep_C22534	1	11.11111111111111
Strep_C22533	1	11.11111111111111
Strep_C22531	1	11.11111111111111
Strep_C2252	1	11.11111111111111
Strep_C22529	1	11.11111111111111
Strep_C22523	1	11.11111111111111
Strep_C22522	1	11.11111111111111
Strep_C2251	1	11.11111111111111
Strep_C22515	1	11.11111111111111
Strep_C2250	1	11.11111111111111
Strep_C22354	1	11.11111111111111
Strep_C22353	1	11.11111111111111
Strep_C22352	1	11.11111111111111
Strep_C2219	1	11.11111111111111
Strep_C22210	1	11.11111111111111
Strep_C22209	1	11.11111111111111
Strep_C22208	1	11.11111111111111
Strep_C22207	1	11.11111111111111
Strep_C22205	1	11.11111111111111
Strep_C22202	1	11.11111111111111
Strep_C22201	1	11.11111111111111
Strep_C22200	1	11.11111111111111
Strep_C22199	1	11.11111111111111
Strep_C22172	1	11.11111111111111
Strep_C22197	1	11.11111111111111
Strep_C22195	1	11.11111111111111
Strep_C22193	1	11.11111111111111
Strep_C22192	1	11.11111111111111
Strep_C22190	1	11.11111111111111
Strep_C22185	1	11.11111111111111
Strep_C22182	1	11.11111111111111
Strep_C22175	1	11.11111111111111
Strep_C22212	1	11.11111111111111
Strep_C22213	1	11.11111111111111
Strep_C22214	1	11.11111111111111
Strep_C22215	1	11.11111111111111
Strep_C22236	1	11.11111111111111
Strep_C22235	1	11.11111111111111
Strep_C22234	1	11.11111111111111
Strep_C22233	1	11.11111111111111
Strep_C22232	1	11.11111111111111
Strep_C22231	1	11.11111111111111
Strep_C22230	1	11.11111111111111
Strep_C2222	1	11.11111111111111
Strep_C22225	1	11.11111111111111
Strep_C22224	1	11.11111111111111
Strep_C22223	1	11.11111111111111
Strep_C22221	1	11.11111111111111
Strep_C22220	1	11.11111111111111
Strep_C22219	1	11.11111111111111
Strep_C22218	1	11.11111111111111
Strep_C22217	1	11.11111111111111
Strep_C22216	1	11.11111111111111
Strep_C22173	1	11.11111111111111
Strep_C22171	1	11.11111111111111
Strep_C22238	1	11.11111111111111
Strep_C22131	1	11.11111111111111
Strep_C2213	1	11.11111111111111
Strep_C22138	1	11.11111111111111
Strep_C22137	1	11.11111111111111
Strep_C22136	1	11.11111111111111
Strep_C22135	1	11.11111111111111
Strep_C22134	1	11.11111111111111
Strep_C22133	1	11.11111111111111
Strep_C22132	1	11.11111111111111
Strep_C22130	1	11.11111111111111
Strep_C22170	1	11.11111111111111
Strep_C2212	1	11.11111111111111
Strep_C22129	1	11.11111111111111
Strep_C22128	1	11.11111111111111
Strep_C22126	1	11.11111111111111
Strep_C22125	1	11.11111111111111
Strep_C22123	1	11.11111111111111
Strep_C22122	1	11.11111111111111
Strep_C22120	1	11.11111111111111
Strep_C22141	1	11.11111111111111
Strep_C22142	1	11.11111111111111
Strep_C22143	1	11.11111111111111
Strep_C22144	1	11.11111111111111
Strep_C22169	1	11.11111111111111
Strep_C22167	1	11.11111111111111
Strep_C22166	1	11.11111111111111
Strep_C22165	1	11.11111111111111
Strep_C22164	1	11.11111111111111
Strep_C22163	1	11.11111111111111
Strep_C22162	1	11.11111111111111
Strep_C22161	1	11.11111111111111
Strep_C22160	1	11.11111111111111
Strep_C22159	1	11.11111111111111
Strep_C22158	1	11.11111111111111
Strep_C22153	1	11.11111111111111
Strep_C22151	1	11.11111111111111
Strep_C22150	1	11.11111111111111
Strep_C22149	1	11.11111111111111
Strep_C22148	1	11.11111111111111
Strep_C22145	1	11.11111111111111
Strep_C22237	1	11.11111111111111
Strep_C22239	1	11.11111111111111
Strep_C22351	1	11.11111111111111
Strep_C22309	1	11.11111111111111
Strep_C22317	1	11.11111111111111
Strep_C22316	1	11.11111111111111
Strep_C22315	1	11.11111111111111
Strep_C22314	1	11.11111111111111
Strep_C22313	1	11.11111111111111
Strep_C22312	1	11.11111111111111
Strep_C22311	1	11.11111111111111
Strep_C22310	1	11.11111111111111
Strep_C22308	1	11.11111111111111
Strep_C22297	1	11.11111111111111
Strep_C22307	1	11.11111111111111
Strep_C22306	1	11.11111111111111
Strep_C22305	1	11.11111111111111
Strep_C22304	1	11.11111111111111
Strep_C22303	1	11.11111111111111
Strep_C22301	1	11.11111111111111
Strep_C222	1	11.11111111111111
Strep_C2229	1	11.11111111111111
Strep_C22318	1	11.11111111111111
Strep_C2231	1	11.11111111111111
Strep_C22324	1	11.11111111111111
Strep_C22329	1	11.11111111111111
Strep_C22350	1	11.11111111111111
Strep_C2234	1	11.11111111111111
Strep_C22349	1	11.11111111111111
Strep_C22347	1	11.11111111111111
Strep_C22346	1	11.11111111111111
Strep_C22345	1	11.11111111111111
Strep_C22344	1	11.11111111111111
Strep_C22343	1	11.11111111111111
Strep_C22341	1	11.11111111111111
Strep_C22338	1	11.11111111111111
Strep_C22337	1	11.11111111111111
Strep_C22336	1	11.11111111111111
Strep_C22333	1	11.11111111111111
Strep_C22332	1	11.11111111111111
Strep_C22331	1	11.11111111111111
Strep_C22330	1	11.11111111111111
Strep_C2232	1	11.11111111111111
Strep_C22299	1	11.11111111111111
Strep_C22293	1	11.11111111111111
Strep_C2223	1	11.11111111111111
Strep_C22255	1	11.11111111111111
Strep_C22262	1	11.11111111111111
Strep_C22261	1	11.11111111111111
Strep_C22260	1	11.11111111111111
Strep_C2225	1	11.11111111111111
Strep_C22259	1	11.11111111111111
Strep_C22258	1	11.11111111111111
Strep_C22257	1	11.11111111111111
Strep_C22256	1	11.11111111111111
Strep_C22253	1	11.11111111111111
Strep_C22291	1	11.11111111111111
Strep_C22252	1	11.11111111111111
Strep_C2224	1	11.11111111111111
Strep_C22249	1	11.11111111111111
Strep_C22247	1	11.11111111111111
Strep_C22243	1	11.11111111111111
Strep_C22242	1	11.11111111111111
Strep_C22241	1	11.11111111111111
Strep_C22240	1	11.11111111111111
Strep_C22263	1	11.11111111111111
Strep_C22264	1	11.11111111111111
Strep_C22265	1	11.11111111111111
Strep_C22266	1	11.11111111111111
Strep_C22289	1	11.11111111111111
Strep_C22288	1	11.11111111111111
Strep_C22287	1	11.11111111111111
Strep_C22286	1	11.11111111111111
Strep_C22281	1	11.11111111111111
Strep_C22280	1	11.11111111111111
Strep_C2227	1	11.11111111111111
Strep_C22279	1	11.11111111111111
Strep_C22277	1	11.11111111111111
Strep_C22276	1	11.11111111111111
Strep_C22274	1	11.11111111111111
Strep_C22273	1	11.11111111111111
Strep_C22272	1	11.11111111111111
Strep_C22271	1	11.11111111111111
Strep_C22270	1	11.11111111111111
Strep_C22269	1	11.11111111111111
Strep_C22268	1	11.11111111111111
Strep_C9	1	11.11111111111111
