gene	dominant_allele	dominant_count	dominant_frequency	dominant_proteins	cluster_representative	alternative_proteins	total_alleles	total_strains_with_gene
Strep_C10001	Strep_C10001A3	2	0.2222222222222222	WP_003974987.1	WP_003949452.1	WP_328842230.1,WP_150474589.1,WP_045558464.1	8	9
Strep_C10035	Strep_C10035A0	7	0.7777777777777778	WP_003966937.1	WP_003966937.1	WP_328834925.1,WP_086767151.1,WP_150472368.1	5	9
Strep_C10036	Strep_C10036A3	2	0.2222222222222222	WP_003974813.1	WP_037688324.1	WP_086770089.1,WP_003949050.1,WP_045555933.1	8	9
Strep_C10038	Strep_C10038A3	2	0.2222222222222222	WP_003976409.1	WP_060903017.1	WP_150470795.1,WP_003947876.1,WP_237310371.1	8	9
Strep_C10041	Strep_C10041A2	2	0.2222222222222222	WP_003978667.1	WP_328835280.1	WP_369277128.1,WP_237312575.1,WP_012998969.1	7	8
Strep_C10045	Strep_C10045A3	2	0.2222222222222222	WP_003976030.1	WP_328839042.1	WP_150471151.1,WP_003948152.1,WP_237310210.1	8	9
Strep_C10052	Strep_C10052A2	2	0.2222222222222222	WP_003978051.1	WP_150473904.1	WP_045560024.1,WP_328835828.1,WP_012998853.1	6	8
Strep_C10062	Strep_C10062A5	2	0.2222222222222222	WP_045559691.1	WP_003972166.1	WP_328835053.1,WP_328835073.1,WP_328836424.1	10	8
Strep_C10063	Strep_C10063A0	1	0.1111111111111111	WP_328836315.1	WP_003972563.1	WP_328734700.1,WP_010640940.1,WP_045556523.1	9	9
Strep_C10069	Strep_C10069A3	2	0.2222222222222222	WP_016325854.1	WP_093789398.1	WP_328840119.1,WP_150470164.1,WP_003947201.1	8	9
Strep_C10088	Strep_C10088A0	2	0.2222222222222222	WP_004931372.1	WP_004931372.1	WP_007449816.1,WP_005479350.1,WP_073496790.1	6	9
Strep_C1010	Strep_C1010A0	1	0.1111111111111111	WP_328839124.1	WP_003948134.1	WP_328736240.1,WP_016326272.1,WP_045557625.1	9	9
Strep_C10111	Strep_C10111A3	2	0.2222222222222222	WP_003975452.1	WP_003948896.1	WP_086801634.1,WP_328837628.1,WP_369278954.1	7	9
Strep_C10116	Strep_C10116A3	2	0.2222222222222222	WP_003974132.1	WP_003974132.1	WP_328837349.1,WP_086772016.1,WP_003948461.1	8	9
Strep_C10124	Strep_C10124A0	1	0.1111111111111111	WP_328840304.1	WP_078853996.1	WP_150469954.1,WP_003946909.1,WP_003977463.1	9	9
Strep_C10127	Strep_C10127A0	1	0.1111111111111111	WP_328838978.1	WP_237310188.1	WP_369278372.1,WP_003950593.1,WP_016326323.1	9	9
Strep_C10143	Strep_C10143A3	2	0.2222222222222222	WP_003977578.1	WP_010360407.1	WP_319690290.1,WP_150469887.1,WP_003946835.1	8	9
Strep_C10147	Strep_C10147A3	2	0.2222222222222222	WP_003976249.1	WP_028796968.1	WP_045557495.1,WP_086773121.1,WP_003947991.1	7	9
Strep_C10149	Strep_C10149A0	1	0.1111111111111111	WP_328836893.1	WP_328836893.1	WP_369280692.1,WP_008410671.1,WP_003973505.1	9	9
Strep_C10150	Strep_C10150A0	1	0.1111111111111111	WP_328837165.1	WP_328837165.1	WP_086767852.1,WP_003950651.1,WP_003973858.1	9	9
Strep_C10154	Strep_C10154A2	2	0.2222222222222222	WP_003974078.1	WP_150472474.1	WP_328837299.1,WP_045562888.1,WP_013001233.1	7	8
Strep_C10164	Strep_C10164A3	2	0.2222222222222222	WP_003973761.1	WP_003950753.1	WP_328837110.1,WP_086766047.1,WP_045559047.1	8	9
Strep_C10168	Strep_C10168A4	2	0.2222222222222222	WP_045556275.1	WP_003975697.1	WP_037705620.1,WP_086773284.1,WP_010643041.1	8	9
Strep_C10200	Strep_C10200A2	2	0.2222222222222222	WP_003973334.1	WP_328836783.1	WP_045561398.1,WP_086771987.1,WP_013000345.1	6	8
Strep_C10242	Strep_C10242A0	1	0.1111111111111111	WP_328838809.1	WP_029183668.1	WP_328736064.1,WP_003975773.1,WP_045556346.1	8	8
Strep_C10244	Strep_C10244A3	2	0.2222222222222222	WP_003976871.1	WP_005477940.1	WP_150470426.1,WP_003947461.1,WP_045560947.1	8	9
Strep_C10245	Strep_C10245A3	2	0.2222222222222222	WP_003974364.1	WP_046707246.1	WP_045559376.1,WP_086771586.1,WP_003948714.1	7	9
Strep_C10250	Strep_C10250A4	2	0.2222222222222222	WP_045561485.1	WP_328836853.1	WP_086767358.1,WP_003951089.1,WP_003973435.1	8	9
Strep_C10256	Strep_C10256A0	1	0.1111111111111111	WP_328834877.1	WP_413254553.1	WP_328836478.1,WP_013006059.1,WP_192363515.1	14	9
Strep_C10276	Strep_C10276A2	2	0.2222222222222222	WP_003973395.1	WP_003973395.1	WP_328836830.1,WP_150472940.1,WP_060883135.1	7	8
Strep_C10285	Strep_C10285A3	2	0.2222222222222222	WP_011027997.1	WP_237310806.1	WP_319759693.1,WP_150470328.1,WP_008403789.1	8	9
Strep_C10292	Strep_C10292A0	1	0.1111111111111111	WP_328840205.1	WP_086802809.1	WP_150470080.1,WP_003947067.1,WP_003977301.1	9	9
Strep_C10301	Strep_C10301A3	2	0.2222222222222222	WP_003975791.1	WP_037693049.1	WP_328736074.1,WP_003950447.1,WP_045556360.1	8	9
Strep_C10302	Strep_C10302A3	2	0.2222222222222222	WP_003973752.1	WP_046707265.1	WP_045559036.1,WP_150472685.1,WP_003950760.1	7	9
Strep_C10306	Strep_C10306A3	2	0.2222222222222222	WP_063646593.1	WP_328837287.1	WP_229894474.1,WP_003948357.1,WP_078853940.1	8	9
Strep_C10315	Strep_C10315A2	2	0.2222222222222222	WP_003977187.1	WP_328736949.1	WP_328840121.1,WP_045557107.1,WP_013004877.1	7	8
Strep_C10325	Strep_C10325A3	2	0.2222222222222222	WP_030870088.1	WP_015507063.1	WP_328836885.1,WP_369279327.1,WP_237313231.1	8	9
Strep_C10342	Strep_C10342A3	2	0.2222222222222222	WP_003975775.1	WP_013003113.1	WP_037693025.1,WP_369278502.1,WP_003950429.1	8	9
Strep_C10358	Strep_C10358A3	2	0.2222222222222222	WP_003974609.1	WP_029183509.1	WP_328838510.1,WP_229894658.1,WP_015507333.1	8	9
Strep_C10362	Strep_C10362A3	2	0.2222222222222222	WP_003972408.1	WP_319764577.1	WP_150473554.1,WP_003951963.1,WP_045556660.1	8	9
Strep_C10369	Strep_C10369A0	1	0.1111111111111111	WP_328838196.1	WP_328838196.1	WP_369278758.1,WP_003949444.1,WP_003974997.1	9	9
Strep_C10379	Strep_C10379A2	2	0.2222222222222222	WP_003976865.1	WP_369277958.1	WP_328839848.1,WP_045560958.1,WP_013004504.1	7	8
Strep_C10382	Strep_C10382A3	2	0.2222222222222222	WP_003975676.1	WP_003950277.1	WP_328838742.1,WP_369278531.1,WP_045556255.1	8	9
Strep_C10389	Strep_C10389A0	1	0.1111111111111111	WP_328840307.1	WP_015508204.1	WP_369277733.1,WP_003977467.1,WP_045563396.1	9	9
Strep_C10401	Strep_C10401A0	1	0.1111111111111111	WP_328840192.1	WP_177261791.1	WP_086768978.1,WP_030871104.1,WP_161269995.1	8	8
Strep_C10414	Strep_C10414A3	2	0.2222222222222222	WP_003973482.1	WP_010359033.1	WP_037695847.1,WP_086771125.1,WP_003951029.1	10	9
Strep_C10418	Strep_C10418A0	1	0.1111111111111111	WP_328836053.1	WP_328836053.1	WP_369279846.1,WP_003972632.1,WP_045556859.1	8	8
Strep_C10419	Strep_C10419A0	1	0.1111111111111111	WP_328836884.1	WP_328836884.1	WP_369279329.1,WP_015507062.1,WP_003973487.1	9	9
Strep_C10466	Strep_C10466A0	1	0.1111111111111111	WP_319694376.1	WP_029183473.1	WP_369278966.1,WP_003948833.1,WP_003975525.1	9	9
Strep_C10470	Strep_C10470A0	1	0.1111111111111111	WP_319766698.1	WP_319766698.1	WP_150471699.1,WP_003949128.1,WP_003974831.1	9	9
Strep_C10478	Strep_C10478A4	2	0.2222222222222222	WP_003975041.1	WP_328838293.1	WP_328838161.1,WP_192361492.1,WP_010353466.1	12	9
Strep_C10490	Strep_C10490A4	2	0.2222222222222222	WP_045557249.1	WP_003947030.1	WP_319765998.1,WP_086769498.1,WP_003977339.1	8	9
Strep_C10491	Strep_C10491A0	1	0.1111111111111111	WP_327346811.1	WP_003947226.1	WP_365275935.1,WP_016325864.1,WP_237310917.1	9	9
Strep_C10494	Strep_C10494A3	2	0.2222222222222222	WP_003975615.1	WP_003950213.1	WP_037705510.1,WP_150471470.1,WP_045556185.1	8	9
Strep_C10500	Strep_C10500A0	1	0.1111111111111111	WP_328839283.1	WP_016326179.1	WP_150470924.1,WP_003947980.1,WP_093789151.1	9	9
Strep_C10508	Strep_C10508A0	1	0.1111111111111111	WP_328840063.1	WP_011027938.1	WP_328736910.1,WP_003977107.1,WP_237310893.1	8	8
Strep_C10511	Strep_C10511A0	1	0.1111111111111111	WP_319067827.1	WP_013002685.1	WP_150471591.1,WP_003949965.1,WP_003974667.1	9	9
Strep_C10537	Strep_C10537A2	2	0.2222222222222222	WP_011027812.1	WP_328840221.1	WP_369277782.1,WP_237311035.1,WP_013005029.1	7	8
Strep_C1054	Strep_C1054A0	1	0.1111111111111111	WP_328839237.1	WP_328839237.1	WP_328736322.1,WP_015507894.1,WP_016326212.1	9	9
Strep_C10549	Strep_C10549A3	2	0.2222222222222222	WP_003974629.1	WP_003950037.1	WP_328838492.1,WP_150471568.1,WP_010351257.1	11	9
Strep_C10555	Strep_C10555A0	1	0.1111111111111111	WP_328842153.1	WP_003974059.1	WP_150474668.1,WP_037629573.1,WP_045562929.1	9	9
Strep_C10580	Strep_C10580A2	2	0.2222222222222222	WP_003972071.1	WP_037689048.1	WP_150469421.1,WP_045555740.1,WP_013005772.1	7	8
Strep_C10597	Strep_C10597A3	2	0.2222222222222222	WP_003977155.1	WP_003947229.1	WP_037702285.1,WP_086770415.1,WP_093789443.1	8	9
Strep_C1060	Strep_C1060A3	2	0.2222222222222222	WP_016326690.1	WP_003949366.1	WP_328838156.1,WP_150471862.1,WP_045558520.1	8	9
Strep_C10612	Strep_C10612A3	2	0.2222222222222222	WP_003976869.1	WP_003976869.1	WP_045560949.1,WP_037691556.1,WP_086767978.1	7	9
Strep_C10614	Strep_C10614A3	2	0.2222222222222222	WP_016326385.1	WP_016326385.1	WP_328842293.1,WP_319183830.1,WP_003950450.1	8	9
Strep_C10631	Strep_C10631A0	1	0.1111111111111111	WP_328839682.1	WP_013004283.1	WP_150474449.1,WP_003947653.1,WP_003976659.1	10	9
Strep_C10654	Strep_C10654A3	2	0.2222222222222222	WP_003974235.1	WP_037694172.1	WP_266468563.1,WP_003948609.1,WP_045559469.1	8	9
Strep_C10655	Strep_C10655A3	2	0.2222222222222222	WP_003974145.1	WP_037694352.1	WP_369279084.1,WP_003948493.1,WP_045559550.1	8	9
Strep_C10659	Strep_C10659A3	2	0.2222222222222222	WP_003974969.1	WP_328838223.1	WP_150471791.1,WP_003949469.1,WP_045558444.1	8	9
Strep_C1066	Strep_C1066A0	1	0.1111111111111111	WP_328842381.1	WP_003977016.1	WP_369277897.1,WP_015508082.1,WP_093788507.1	9	9
Strep_C10662	Strep_C10662A3	2	0.2222222222222222	WP_003976903.1	WP_328839883.1	WP_045560913.1,WP_369277941.1,WP_003947435.1	7	9
Strep_C10663	Strep_C10663A3	2	0.2222222222222222	WP_016325915.1	WP_328839981.1	WP_369277903.1,WP_010636974.1,WP_045561044.1	9	9
Strep_C10668	Strep_C10668A3	2	0.2222222222222222	WP_181924133.1	WP_150470935.1	WP_199845995.1,WP_008407311.1,WP_237310312.1	8	9
Strep_C10675	Strep_C10675A0	1	0.1111111111111111	WP_037702584.1	WP_003949632.1	WP_086770116.1,WP_003975359.1,WP_045563034.1	9	9
Strep_C10677	Strep_C10677A3	2	0.2222222222222222	WP_011030222.1	WP_003950908.1	WP_037695450.1,WP_369279273.1,WP_045558906.1	8	9
Strep_C1069	Strep_C1069A0	1	0.1111111111111111	WP_328839332.1	WP_016326163.1	WP_150470879.1,WP_045557431.1,WP_011028382.1	8	8
Strep_C10716	Strep_C10716A0	1	0.1111111111111111	WP_328840835.1	WP_365280209.1	WP_016325220.1,WP_045561756.1,WP_011027302.1	8	8
Strep_C10726	Strep_C10726A3	2	0.2222222222222222	WP_016326561.1	WP_003949648.1	WP_037702922.1,WP_150472098.1,WP_237313521.1	8	9
Strep_C10727	Strep_C10727A0	1	0.1111111111111111	WP_328839955.1	WP_015508073.1	WP_369277916.1,WP_016325924.1,WP_237310784.1	9	9
Strep_C10729	Strep_C10729A3	2	0.2222222222222222	WP_003975743.1	WP_030769855.1	WP_037692975.1,WP_086771819.1,WP_045556445.1	8	9
Strep_C1073	Strep_C1073A0	1	0.1111111111111111	WP_328838608.1	WP_045556141.1	WP_150471491.1,WP_003950124.1,WP_003974553.1	9	9
Strep_C1076	Strep_C1076A0	1	0.1111111111111111	WP_328836630.1	WP_237530379.1	WP_328734898.1,WP_003951523.1,WP_016327501.1	9	9
Strep_C10766	Strep_C10766A0	1	0.1111111111111111	WP_328835712.1	WP_328835712.1	WP_086767505.1,WP_003948102.1,WP_003971857.1	9	9
Strep_C10780	Strep_C10780A3	2	0.2222222222222222	WP_003975111.1	WP_003949318.1	WP_037689770.1,WP_369278801.1,WP_045558558.1	8	9
Strep_C10820	Strep_C10820A3	2	0.2222222222222222	WP_016327843.1	WP_319764796.1	WP_045556783.1,WP_086771171.1,WP_003952040.1	7	9
Strep_C10832	Strep_C10832A0	1	0.1111111111111111	WP_328838816.1	WP_328736072.1	WP_003950443.1,WP_003975787.1,WP_045556356.1	9	9
Strep_C10837	Strep_C10837A3	2	0.2222222222222222	WP_003973580.1	WP_369279283.1	WP_328836989.1,WP_003950931.1,WP_045558890.1	8	9
Strep_C10840	Strep_C10840A3	2	0.2222222222222222	WP_003976621.1	WP_003947689.1	WP_328839659.1,WP_369278056.1,WP_045555409.1	8	9
Strep_C10845	Strep_C10845A3	2	0.2222222222222222	WP_003973432.1	WP_008413996.1	WP_045561482.1,WP_319768363.1,WP_150472914.1	7	9
Strep_C10853	Strep_C10853A3	2	0.2222222222222222	WP_003975823.1	WP_003975823.1	WP_328836083.1,WP_369279910.1,WP_015507204.1	8	9
Strep_C10874	Strep_C10874A3	2	0.2222222222222222	WP_003975691.1	WP_010354884.1	WP_045556270.1,WP_037705614.1,WP_369278525.1	7	9
Strep_C10892	Strep_C10892A0	1	0.1111111111111111	WP_328839040.1	WP_328839040.1	WP_086765599.1,WP_003948168.1,WP_003976022.1	9	9
Strep_C10901	Strep_C10901A3	2	0.2222222222222222	WP_011027895.1	WP_150470160.1	WP_328840122.1,WP_008408825.1,WP_045557109.1	8	9
Strep_C10919	Strep_C10919A3	2	0.2222222222222222	WP_003977210.1	WP_003977210.1	WP_328840144.1,WP_266454290.1,WP_008410494.1	8	9
Strep_C10922	Strep_C10922A2	2	0.2222222222222222	WP_016326033.1	WP_045555376.1	WP_046707532.1,WP_150470600.1,WP_013004281.1	7	8
Strep_C10923	Strep_C10923A3	2	0.2222222222222222	WP_045559394.1	WP_045559394.1	WP_328837486.1,WP_369279019.1,WP_016327010.1	7	8
Strep_C1095	Strep_C1095A0	1	0.1111111111111111	WP_328840620.1	WP_003977671.1	WP_369277624.1,WP_045560307.1,WP_011027618.1	8	8
Strep_C10958	Strep_C10958A0	1	0.1111111111111111	WP_328838681.1	WP_328838681.1	WP_190046521.1,WP_003975617.1,WP_045556424.1	8	8
Strep_C10983	Strep_C10983A0	1	0.1111111111111111	WP_328836579.1	WP_003972697.1	WP_086772628.1,WP_328734854.1,WP_045559884.1	9	8
Strep_C10984	Strep_C10984A0	1	0.1111111111111111	WP_328837729.1	WP_003975370.1	WP_086770107.1,WP_003949642.1,WP_237313522.1	9	9
Strep_C1099	Strep_C1099A3	2	0.2222222222222222	WP_003977314.1	WP_223786215.1	WP_328840211.1,WP_150470072.1,WP_010636562.1	8	9
Strep_C10998	Strep_C10998A3	2	0.2222222222222222	WP_003973315.1	WP_086799469.1	WP_079024153.1,WP_328735000.1,WP_003951195.1	8	9
Strep_C11000	Strep_C11000A2	2	0.2222222222222222	WP_003972087.1	WP_010352828.1	WP_327347775.1,WP_150469438.1,WP_237311781.1	7	8
Strep_C1102	Strep_C1102A0	1	0.1111111111111111	WP_328838759.1	WP_365270831.1	WP_003975701.1,WP_193380306.1,WP_011028773.1	8	8
Strep_C11021	Strep_C11021A2	2	0.2222222222222222	WP_016325827.1	WP_328840175.1	WP_328736971.1,WP_237310989.1,WP_013004953.1	7	8
Strep_C11024	Strep_C11024A0	1	0.1111111111111111	WP_328842129.1	WP_328842129.1	WP_086771710.1,WP_003950779.1,WP_003973729.1	9	9
Strep_C11026	Strep_C11026A0	1	0.1111111111111111	WP_319694435.1	WP_086771716.1	WP_003976403.1,WP_045557892.1,WP_011028332.1	8	8
Strep_C11036	Strep_C11036A3	2	0.2222222222222222	WP_003974789.1	WP_008415477.1	WP_319766665.1,WP_150471665.1,WP_045555946.1	8	9
Strep_C11038	Strep_C11038A3	2	0.2222222222222222	WP_003972716.1	WP_015506865.1	WP_328836360.1,WP_365267138.1,WP_045556460.1	8	9
Strep_C11049	Strep_C11049A0	1	0.1111111111111111	WP_328835960.1	WP_016325533.1	WP_328734449.1,WP_003946719.1,WP_045561546.1	9	9
Strep_C1105	Strep_C1105A0	1	0.1111111111111111	WP_328839205.1	WP_013003544.1	WP_328736303.1,WP_003948069.1,WP_003976158.1	9	9
Strep_C11075	Strep_C11075A0	1	0.1111111111111111	WP_046707459.1	WP_046707459.1	WP_086766212.1,WP_003948686.1,WP_003974345.1	9	9
Strep_C11087	Strep_C11087A2	2	0.2222222222222222	WP_003973710.1	WP_086771221.1	WP_045558993.1,WP_328837078.1,WP_013000769.1	6	8
Strep_C11101	Strep_C11101A0	1	0.1111111111111111	WP_328836735.1	WP_003973259.1	WP_328734969.1,WP_045561145.1,WP_161270244.1	8	8
Strep_C1111	Strep_C1111A0	1	0.1111111111111111	WP_328840626.1	WP_003952170.1	WP_150469739.1,WP_016325657.1,WP_060885658.1	9	9
Strep_C11113	Strep_C11113A0	1	0.1111111111111111	WP_327342158.1	WP_237312863.1	WP_150473925.1,WP_003978078.1,WP_011027351.1	8	8
Strep_C11118	Strep_C11118A0	1	0.1111111111111111	WP_413254413.1	WP_041668912.1	WP_167535053.1,WP_016327892.1,WP_234442746.1	8	8
Strep_C11132	Strep_C11132A0	1	0.1111111111111111	WP_328835946.1	WP_328835946.1	WP_365266433.1,WP_016325520.1,WP_093788560.1	8	8
Strep_C11133	Strep_C11133A2	2	0.2222222222222222	WP_003972317.1	WP_328836128.1	WP_369279883.1,WP_193379920.1,WP_012999400.1	7	8
Strep_C11136	Strep_C11136A3	2	0.2222222222222222	WP_003973708.1	WP_328837077.1	WP_150472714.1,WP_003950806.1,WP_060883326.1	8	9
Strep_C11147	Strep_C11147A0	1	0.1111111111111111	WP_327346699.1	WP_003947346.1	WP_086767645.1,WP_003977041.1,WP_060885261.1	9	9
Strep_C11174	Strep_C11174A3	2	0.2222222222222222	WP_016326176.1	WP_199924033.1	WP_177261760.1,WP_167534868.1,WP_003947966.1	7	9
Strep_C11177	Strep_C11177A0	1	0.1111111111111111	WP_328836798.1	WP_328836798.1	WP_369279403.1,WP_046247812.1,WP_045561409.1	8	8
Strep_C11179	Strep_C11179A0	1	0.1111111111111111	WP_328840818.1	WP_328840818.1	WP_150469669.1,WP_003952264.1,WP_003977749.1	9	9
Strep_C11185	Strep_C11185A3	2	0.2222222222222222	WP_003976885.1	WP_003947450.1	WP_037691512.1,WP_167535026.1,WP_045560930.1	8	9
Strep_C11190	Strep_C11190A0	1	0.1111111111111111	WP_328837598.1	WP_015507680.1	WP_086772602.1,WP_037666589.1,WP_078853622.1	9	9
Strep_C11239	Strep_C11239A3	2	0.2222222222222222	WP_003976891.1	WP_003947444.1	WP_037691500.1,WP_328736844.1,WP_045560924.1	8	9
Strep_C11246	Strep_C11246A0	1	0.1111111111111111	WP_037691219.1	WP_003977026.1	WP_150470307.1,WP_003947358.1,WP_033529233.1	9	9
Strep_C11284	Strep_C11284A0	1	0.1111111111111111	WP_328837062.1	WP_328837062.1	WP_086770529.1,WP_003973672.1,WP_045558970.1	8	8
Strep_C11285	Strep_C11285A2	2	0.2222222222222222	WP_003975294.1	WP_328837784.1	WP_369278888.1,WP_045558160.1,WP_013001899.1	7	8
Strep_C11287	Strep_C11287A2	2	0.2222222222222222	WP_003976924.1	WP_328839912.1	WP_365278068.1,WP_045560885.1,WP_231885160.1	7	8
Strep_C11294	Strep_C11294A3	2	0.2222222222222222	WP_003975718.1	WP_003950352.1	WP_328838772.1,WP_369278516.1,WP_045556301.1	8	9
Strep_C11296	Strep_C11296A0	1	0.1111111111111111	WP_037704108.1	WP_015506755.1	WP_150473696.1,WP_003972236.1,WP_045556819.1	9	9
Strep_C11305	Strep_C11305A4	2	0.2222222222222222	WP_003975816.1	WP_003975816.1	WP_328836081.1,WP_328838841.1,WP_369278486.1	9	9
Strep_C11312	Strep_C11312A2	2	0.2222222222222222	WP_003976933.1	WP_045560877.1	WP_046704228.1,WP_086769474.1,WP_013004588.1	7	8
Strep_C11340	Strep_C11340A3	2	0.2222222222222222	WP_003976689.1	WP_037693449.1	WP_086768220.1,WP_003947621.1,WP_045555351.1	8	9
Strep_C11353	Strep_C11353A0	1	0.1111111111111111	WP_037696042.1	WP_086765841.1	WP_003951137.1,WP_003973386.1,WP_045561447.1	9	9
Strep_C11373	Strep_C11373A0	1	0.1111111111111111	WP_328837778.1	WP_093792757.1	WP_369278894.1,WP_003948790.1,WP_003975306.1	9	9
Strep_C11379	Strep_C11379A2	2	0.2222222222222222	WP_003974986.1	WP_013002303.1	WP_328838207.1,WP_150471804.1,WP_045558463.1	7	8
Strep_C11393	Strep_C11393A0	1	0.1111111111111111	WP_037703543.1	WP_037703543.1	WP_150471244.1,WP_003950564.1,WP_016326338.1	9	9
Strep_C11405	Strep_C11405A0	1	0.1111111111111111	WP_046707543.1	WP_365266269.1	WP_003978122.1,WP_237312816.1,WP_011027325.1	8	8
Strep_C11413	Strep_C11413A3	2	0.2222222222222222	WP_003977616.1	WP_003946795.1	WP_328840419.1,WP_365272648.1,WP_045562349.1	8	9
Strep_C11418	Strep_C11418A4	2	0.2222222222222222	WP_045556653.1	WP_003951957.1	WP_037704327.1,WP_365266928.1,WP_003972415.1	8	9
Strep_C11425	Strep_C11425A3	2	0.2222222222222222	WP_003973711.1	WP_003973711.1	WP_328837079.1,WP_150472711.1,WP_008415538.1	8	9
Strep_C11428	Strep_C11428A0	1	0.1111111111111111	WP_328839453.1	WP_003976419.1	WP_150470784.1,WP_003947866.1,WP_045557918.1	9	9
Strep_C11430	Strep_C11430A2	2	0.2222222222222222	WP_003978441.1	WP_003978441.1	WP_037704843.1,WP_365272789.1,WP_237311133.1	7	8
Strep_C11443	Strep_C11443A0	1	0.1111111111111111	WP_328838259.1	WP_013002393.1	WP_369277516.1,WP_003977951.1,WP_045562533.1	8	8
Strep_C11472	Strep_C11472A0	1	0.1111111111111111	WP_328838683.1	WP_328838683.1	WP_369278569.1,WP_003952325.1,WP_003975620.1	9	9
Strep_C11476	Strep_C11476A0	1	0.1111111111111111	WP_328841110.1	WP_328841110.1	WP_266452819.1,WP_003978365.1,WP_045555607.1	8	8
Strep_C11496	Strep_C11496A0	1	0.1111111111111111	WP_319769208.1	WP_015507271.1	WP_369278538.1,WP_003975668.1,WP_193380320.1	9	9
Strep_C11523	Strep_C11523A3	2	0.2222222222222222	WP_003976742.1	WP_010350393.1	WP_037693353.1,WP_086765551.1,WP_003947569.1	8	9
Strep_C11527	Strep_C11527A0	1	0.1111111111111111	WP_328836691.1	WP_010353007.1	WP_369279466.1,WP_003973191.1,WP_093790468.1	8	8
Strep_C11543	Strep_C11543A0	1	0.1111111111111111	WP_328838316.1	WP_328838316.1	WP_369278707.1,WP_003949557.1,WP_016326767.1	9	9
Strep_C11544	Strep_C11544A3	2	0.2222222222222222	WP_003974818.1	WP_328838355.1	WP_150471684.1,WP_003949064.1,WP_045555920.1	8	9
Strep_C11545	Strep_C11545A2	2	0.2222222222222222	WP_003974682.1	WP_328838439.1	WP_150471599.1,WP_045556003.1,WP_013002667.1	7	8
Strep_C11547	Strep_C11547A0	1	0.1111111111111111	WP_328842397.1	WP_328842397.1	WP_365269232.1,WP_003947176.1,WP_016325848.1	9	9
Strep_C11548	Strep_C11548A0	1	0.1111111111111111	WP_328840230.1	WP_150470047.1	WP_003947011.1,WP_016325787.1,WP_237311042.1	9	9
Strep_C11560	Strep_C11560A3	2	0.2222222222222222	WP_003974091.1	WP_003948410.1	WP_319696681.1,WP_150472461.1,WP_237313329.1	8	9
Strep_C11572	Strep_C11572A0	1	0.1111111111111111	WP_328836522.1	WP_003972843.1	WP_369279546.1,WP_093789627.1,WP_134111900.1	8	8
Strep_C11574	Strep_C11574A0	1	0.1111111111111111	WP_086752758.1	WP_003974739.1	WP_073492111.1,WP_003949803.1,WP_237309548.1	9	9
Strep_C11615	Strep_C11615A3	2	0.2222222222222222	WP_003972246.1	WP_086770914.1	WP_319690744.1,WP_003952076.1,WP_045556809.1	8	9
Strep_C1162	Strep_C1162A0	1	0.1111111111111111	WP_328837523.1	WP_016327002.1	WP_369279007.1,WP_003948731.1,WP_045559359.1	9	9
Strep_C11621	Strep_C11621A3	2	0.2222222222222222	WP_003976821.1	WP_003947496.1	WP_046704556.1,WP_150470468.1,WP_045555220.1	8	9
Strep_C11626	Strep_C11626A4	2	0.2222222222222222	WP_003972822.1	WP_003951629.1	WP_328836500.1,WP_328836621.1,WP_150473291.1	10	9
Strep_C11638	Strep_C11638A2	2	0.2222222222222222	WP_003971798.1	WP_003971798.1	WP_328835697.1,WP_150474151.1,WP_045560199.1	7	8
Strep_C1164	Strep_C1164A3	2	0.2222222222222222	WP_003975461.1	WP_355907516.1	WP_037702414.1,WP_003948888.1,WP_045562642.1	8	9
Strep_C11680	Strep_C11680A3	2	0.2222222222222222	WP_003973213.1	WP_010358917.1	WP_328836704.1,WP_328734948.1,WP_003951290.1	8	9
Strep_C11684	Strep_C11684A3	2	0.2222222222222222	WP_003973600.1	WP_037695441.1	WP_013000631.1,WP_086767722.1,WP_003950904.1	7	9
Strep_C11687	Strep_C11687A0	1	0.1111111111111111	WP_328836712.1	WP_328836712.1	WP_150473076.1,WP_003951268.1,WP_003973232.1	9	9
Strep_C1169	Strep_C1169A0	1	0.1111111111111111	WP_328840156.1	WP_003947150.1	WP_369277811.1,WP_003977230.1,WP_237310975.1	9	9
Strep_C11692	Strep_C11692A0	1	0.1111111111111111	WP_328837765.1	WP_150474639.1	WP_003974368.1,WP_045558130.1,WP_011029742.1	8	8
Strep_C1172	Strep_C1172A0	1	0.1111111111111111	WP_328837372.1	WP_003948517.1	WP_369279070.1,WP_003974174.1,WP_193380567.1	9	9
Strep_C11749	Strep_C11749A3	2	0.2222222222222222	WP_011030376.1	WP_319768421.1	WP_369279397.1,WP_003951161.1,WP_237313211.1	8	9
Strep_C11761	Strep_C11761A3	2	0.2222222222222222	WP_003974981.1	WP_328838208.1	WP_086766372.1,WP_008416682.1,WP_045558458.1	8	9
Strep_C11780	Strep_C11780A3	2	0.2222222222222222	WP_003975354.1	WP_003949627.1	WP_328837737.1,WP_365277297.1,WP_045563030.1	8	9
Strep_C11786	Strep_C11786A0	1	0.1111111111111111	WP_328838038.1	WP_003976322.1	WP_369278199.1,WP_237313747.1,WP_011028377.1	8	8
Strep_C11793	Strep_C11793A0	1	0.1111111111111111	WP_328836216.1	WP_234442725.1	WP_369279826.1,WP_225617652.1,WP_010358045.1	12	9
Strep_C11806	Strep_C11806A2	2	0.2222222222222222	WP_030872221.1	WP_010354473.1	WP_328842041.1,WP_150473981.1,WP_045560155.1	7	8
Strep_C11815	Strep_C11815A4	2	0.2222222222222222	WP_045562659.1	WP_046707873.1	WP_369278958.1,WP_015507673.1,WP_003975486.1	8	9
Strep_C11824	Strep_C11824A3	2	0.2222222222222222	WP_003974645.1	WP_328838482.1	WP_150471576.1,WP_015507347.1,WP_045556043.1	8	9
Strep_C11827	Strep_C11827A0	1	0.1111111111111111	WP_328839786.1	WP_328839786.1	WP_150470479.1,WP_003947506.1,WP_003976808.1	9	9
Strep_C11830	Strep_C11830A0	1	0.1111111111111111	WP_328839107.1	WP_150471116.1	WP_003951980.1,WP_003976052.1,WP_045557642.1	9	9
Strep_C11889	Strep_C11889A0	1	0.1111111111111111	WP_328840794.1	WP_150469707.1	WP_003952236.1,WP_003977715.1,WP_086786183.1	9	9
Strep_C11897	Strep_C11897A0	1	0.1111111111111111	WP_319113288.1	WP_008409175.1	WP_150472564.1,WP_016327157.1,WP_193380967.1	9	9
Strep_C11905	Strep_C11905A3	2	0.2222222222222222	WP_003976806.1	WP_003976806.1	WP_328839784.1,WP_086771303.1,WP_003947508.1	8	9
Strep_C11912	Strep_C11912A2	2	0.2222222222222222	WP_003974811.1	WP_093789878.1	WP_328838372.1,WP_150471672.1,WP_173402900.1	7	8
Strep_C11919	Strep_C11919A0	1	0.1111111111111111	WP_319695112.1	WP_013005578.1	WP_328840745.1,WP_086803814.1,WP_192365871.1	13	9
Strep_C11923	Strep_C11923A0	1	0.1111111111111111	WP_328839282.1	WP_086804374.1	WP_086770474.1,WP_003947985.1,WP_003976257.1	9	9
Strep_C11928	Strep_C11928A3	2	0.2222222222222222	WP_003975635.1	WP_010354026.1	WP_046703048.1,WP_086770568.1,WP_003950226.1	9	9
Strep_C11943	Strep_C11943A3	2	0.2222222222222222	WP_003973477.1	WP_328836871.1	WP_369279339.1,WP_003951037.1,WP_093790193.1	8	9
Strep_C11959	Strep_C11959A6	2	0.2222222222222222	WP_003974163.1	WP_003972392.1	WP_037694325.1,WP_328836193.1,WP_012999516.1	15	9
Strep_C1196	Strep_C1196A2	2	0.2222222222222222	WP_016325986.1	WP_328839776.1	WP_369277997.1,WP_237310632.1,WP_013004427.1	7	8
Strep_C11965	Strep_C11965A0	1	0.1111111111111111	WP_046707358.1	WP_045557697.1	WP_150471152.1,WP_003948163.1,WP_003976027.1	9	9
Strep_C11970	Strep_C11970A0	1	0.1111111111111111	WP_328837236.1	WP_093791691.1	WP_369279150.1,WP_003973992.1,WP_011029986.1	8	8
Strep_C1198	Strep_C1198A0	1	0.1111111111111111	WP_328836282.1	WP_003972494.1	WP_369279702.1,WP_045556575.1,WP_161270313.1	8	8
Strep_C11993	Strep_C11993A3	2	0.2222222222222222	WP_003973859.1	WP_037694882.1	WP_045559126.1,WP_086767850.1,WP_003950650.1	7	9
Strep_C11996	Strep_C11996A3	2	0.2222222222222222	WP_003973051.1	WP_327343177.1	WP_369279486.1,WP_003951520.1,WP_045562072.1	8	9
Strep_C12003	Strep_C12003A4	2	0.2222222222222222	WP_045555331.1	WP_328839711.1	WP_086764566.1,WP_003947600.1,WP_051248928.1	8	9
Strep_C12006	Strep_C12006A2	2	0.2222222222222222	WP_011029489.1	WP_150471662.1	WP_408995091.1,WP_177261864.1,WP_013002607.1	7	8
Strep_C12010	Strep_C12010A0	1	0.1111111111111111	WP_037694501.1	WP_365273331.1	WP_015507799.1,WP_003974061.1,WP_045562876.1	9	9
Strep_C12015	Strep_C12015A4	2	0.2222222222222222	WP_045557631.1	WP_003948140.1	WP_037703249.1,WP_086769953.1,WP_003972163.1	9	9
Strep_C12016	Strep_C12016A0	1	0.1111111111111111	WP_037703409.1	WP_003948204.1	WP_150471172.1,WP_003976003.1,WP_079158260.1	9	9
Strep_C12018	Strep_C12018A0	1	0.1111111111111111	WP_328837548.1	WP_003948800.1	WP_150472264.1,WP_003974458.1,WP_237313416.1	9	9
Strep_C12022	Strep_C12022A4	2	0.2222222222222222	WP_045561362.1	WP_008410177.1	WP_328836746.1,WP_150473041.1,WP_003973283.1	8	9
Strep_C1203	Strep_C1203A0	1	0.1111111111111111	WP_328840165.1	WP_369277805.1	WP_003977241.1,WP_193380459.1,WP_011027862.1	8	8
Strep_C12057	Strep_C12057A0	1	0.1111111111111111	WP_328839125.1	WP_328839125.1	WP_369280843.1,WP_003948133.1,WP_016326271.1	9	9
Strep_C12080	Strep_C12080A3	2	0.2222222222222222	WP_011029852.1	WP_011029852.1	WP_037696452.1,WP_086770885.1,WP_003948570.1	8	9
Strep_C12087	Strep_C12087A2	2	0.2222222222222222	WP_003976585.1	WP_060884949.1	WP_328839636.1,WP_150470660.1,WP_013004215.1	7	8
Strep_C1209	Strep_C1209A4	2	0.2222222222222222	WP_045563415.1	WP_328840289.1	WP_086773053.1,WP_003946930.1,WP_003977438.1	8	9
Strep_C12103	Strep_C12103A3	2	0.2222222222222222	WP_003977304.1	WP_037701515.1	WP_045557217.1,WP_229894770.1,WP_003947064.1	7	9
Strep_C12104	Strep_C12104A3	2	0.2222222222222222	WP_003973625.1	WP_319769923.1	WP_150472777.1,WP_003950882.1,WP_045558929.1	8	9
Strep_C12107	Strep_C12107A3	2	0.2222222222222222	WP_003975831.1	WP_328838857.1	WP_328736096.1,WP_003950478.1,WP_045560717.1	8	9
Strep_C12108	Strep_C12108A3	2	0.2222222222222222	WP_003975844.1	WP_328838862.1	WP_086769233.1,WP_003950491.1,WP_237310157.1	8	9
Strep_C12125	Strep_C12125A4	2	0.2222222222222222	WP_045559781.1	WP_003951624.1	WP_328836502.1,WP_150473288.1,WP_003972826.1	8	9
Strep_C12126	Strep_C12126A3	2	0.2222222222222222	WP_003972685.1	WP_003951735.1	WP_328836341.1,WP_369280707.1,WP_045556473.1	8	9
Strep_C12180	Strep_C12180A0	1	0.1111111111111111	WP_328836766.1	WP_328836766.1	WP_266463193.1,WP_003951192.1,WP_003973317.1	9	9
Strep_C12187	Strep_C12187A3	2	0.2222222222222222	WP_011029791.1	WP_150472350.1	WP_328837449.1,WP_003948663.1,WP_045559438.1	8	9
Strep_C12209	Strep_C12209A0	1	0.1111111111111111	WP_328839774.1	WP_237310630.1	WP_369277999.1,WP_003976796.1,WP_011028100.1	8	8
Strep_C1222	Strep_C1222A0	1	0.1111111111111111	WP_328836442.1	WP_003972752.1	WP_369279584.1,WP_003951689.1,WP_237313068.1	9	9
Strep_C12240	Strep_C12240A2	2	0.2222222222222222	WP_003976931.1	WP_319693720.1	WP_150470388.1,WP_045560879.1,WP_037728181.1	7	8
Strep_C12241	Strep_C12241A3	2	0.2222222222222222	WP_003974985.1	WP_327344781.1	WP_045558462.1,WP_073491258.1,WP_015507520.1	7	9
Strep_C12256	Strep_C12256A4	2	0.2222222222222222	WP_045563190.1	WP_086767784.1	WP_328840324.1,WP_003946887.1,WP_003977490.1	8	9
Strep_C12258	Strep_C12258A2	2	0.2222222222222222	WP_003976013.1	WP_365270974.1	WP_328839031.1,WP_093791010.1,WP_013003382.1	7	8
Strep_C12273	Strep_C12273A0	1	0.1111111111111111	WP_328836080.1	WP_015506756.1	WP_369279912.1,WP_003972237.1,WP_193379944.1	9	9
Strep_C12282	Strep_C12282A4	2	0.2222222222222222	WP_003977233.1	WP_003977233.1	WP_078935402.1,WP_328835613.1,WP_369277809.1	9	9
Strep_C12283	Strep_C12283A2	2	0.2222222222222222	WP_003977289.1	WP_003977289.1	WP_328840193.1,WP_086768980.1,WP_045557203.1	7	8
Strep_C12286	Strep_C12286A0	1	0.1111111111111111	WP_328840308.1	WP_016325742.1	WP_369277732.1,WP_003946904.1,WP_045563395.1	9	9
Strep_C12316	Strep_C12316A2	2	0.2222222222222222	WP_003977433.1	WP_328840287.1	WP_365268778.1,WP_045557327.1,WP_041670065.1	7	8
Strep_C12327	Strep_C12327A3	2	0.2222222222222222	WP_003977934.1	WP_008409625.1	WP_045561574.1,WP_037698859.1,WP_150473826.1	7	9
Strep_C12328	Strep_C12328A3	2	0.2222222222222222	WP_030869473.1	WP_010642479.1	WP_045559089.1,WP_179201500.1,WP_150472642.1	7	9
Strep_C12370	Strep_C12370A2	2	0.2222222222222222	WP_003971873.1	WP_319768679.1	WP_266452889.1,WP_045555628.1,WP_013005914.1	7	8
Strep_C12377	Strep_C12377A3	2	0.2222222222222222	WP_003977439.1	WP_328840290.1	WP_150469982.1,WP_003946929.1,WP_086786747.1	8	9
Strep_C12393	Strep_C12393A3	2	0.2222222222222222	WP_003973663.1	WP_003950849.1	WP_328837054.1,WP_150472740.1,WP_045558960.1	8	9
Strep_C12403	Strep_C12403A3	2	0.2222222222222222	WP_016326709.1	WP_016326709.1	WP_328838201.1,WP_150471808.1,WP_010644320.1	8	9
Strep_C12423	Strep_C12423A3	2	0.2222222222222222	WP_011027901.1	WP_010350322.1	WP_045557089.1,WP_037701818.1,WP_086772234.1	7	9
Strep_C12431	Strep_C12431A2	2	0.2222222222222222	WP_011030799.1	WP_010358098.1	WP_328836052.1,WP_369279847.1,WP_045556860.1	7	8
Strep_C12442	Strep_C12442A0	1	0.1111111111111111	WP_328838727.1	WP_328838727.1	WP_369278539.1,WP_003950266.1,WP_003975665.1	9	9
Strep_C12443	Strep_C12443A2	2	0.2222222222222222	WP_003976934.1	WP_328839918.1	WP_086769475.1,WP_237310707.1,WP_013004589.1	7	8
Strep_C12444	Strep_C12444A3	2	0.2222222222222222	WP_003977080.1	WP_328840034.1	WP_150470264.1,WP_003947302.1,WP_045556979.1	8	9
Strep_C12453	Strep_C12453A3	2	0.2222222222222222	WP_003976953.1	WP_369277924.1	WP_046709678.1,WP_003947423.1,WP_045560994.1	8	9
Strep_C12456	Strep_C12456A2	2	0.2222222222222222	WP_003972197.1	WP_369279924.1	WP_327342482.1,WP_045556842.1,WP_012999156.1	7	8
Strep_C12459	Strep_C12459A3	2	0.2222222222222222	WP_003974901.1	WP_003949526.1	WP_328838277.1,WP_150471749.1,WP_237314097.1	8	9
Strep_C1252	Strep_C1252A0	1	0.1111111111111111	WP_328836580.1	WP_003972695.1	WP_369280271.1,WP_237313116.1,WP_011030755.1	8	8
Strep_C12524	Strep_C12524A3	2	0.2222222222222222	WP_003974579.1	WP_003950097.1	WP_046705089.1,WP_150471541.1,WP_045556085.1	8	9
Strep_C12541	Strep_C12541A0	1	0.1111111111111111	WP_319767290.1	WP_042799550.1	WP_150471267.1,WP_003950515.1,WP_045560683.1	9	9
Strep_C12569	Strep_C12569A0	1	0.1111111111111111	WP_328838701.1	WP_328838701.1	WP_319182110.1,WP_003975646.1,WP_045556211.1	8	8
Strep_C12585	Strep_C12585A3	2	0.2222222222222222	WP_003974442.1	WP_003948779.1	WP_037693104.1,WP_150472282.1,WP_045559346.1	8	9
Strep_C12595	Strep_C12595A0	1	0.1111111111111111	WP_328839525.1	WP_003976509.1	WP_369278102.1,WP_045557994.1,WP_161270027.1	8	8
Strep_C1262	Strep_C1262A0	1	0.1111111111111111	WP_328836686.1	WP_328836686.1	WP_365269633.1,WP_003951315.1,WP_003973185.1	9	9
Strep_C12642	Strep_C12642A0	1	0.1111111111111111	WP_408992542.1	WP_086770908.1	WP_044474755.1,WP_016327860.1,WP_196789246.1	9	9
Strep_C12713	Strep_C12713A0	1	0.1111111111111111	WP_086747047.1	WP_150473347.1	WP_003951687.1,WP_003972754.1,WP_045559714.1	9	9
Strep_C12719	Strep_C12719A0	1	0.1111111111111111	WP_319121185.1	WP_003948211.1	WP_369278348.1,WP_003975997.1,WP_045560565.1	9	9
Strep_C12722	Strep_C12722A0	1	0.1111111111111111	WP_328836711.1	WP_003951270.1	WP_369279451.1,WP_003973229.1,WP_193381287.1	9	9
Strep_C12739	Strep_C12739A2	2	0.2222222222222222	WP_003974781.1	WP_177261863.1	WP_328838384.1,WP_369278676.1,WP_041669548.1	7	8
Strep_C12767	Strep_C12767A0	1	0.1111111111111111	WP_319691014.1	WP_319691014.1	WP_086772201.1,WP_174905233.1,WP_003973203.1	9	9
Strep_C12771	Strep_C12771A0	1	0.1111111111111111	WP_328838250.1	WP_328838250.1	WP_150471766.1,WP_003949495.1,WP_003974927.1	9	9
Strep_C12787	Strep_C12787A3	2	0.2222222222222222	WP_003977503.1	WP_003946880.1	WP_328840334.1,WP_369277723.1,WP_237311131.1	8	9
Strep_C12793	Strep_C12793A3	2	0.2222222222222222	WP_003974242.1	WP_015507724.1	WP_328837416.1,WP_369279044.1,WP_045559463.1	8	9
Strep_C12798	Strep_C12798A2	2	0.2222222222222222	WP_003974993.1	WP_003974993.1	WP_328838200.1,WP_369278755.1,WP_045558809.1	7	8
Strep_C1280	Strep_C1280A3	2	0.2222222222222222	WP_037666873.1	WP_010352938.1	WP_328840863.1,WP_369277376.1,WP_003952283.1	8	9
Strep_C12800	Strep_C12800A3	2	0.2222222222222222	WP_003976427.1	WP_003976427.1	WP_328839458.1,WP_365267919.1,WP_026282341.1	8	9
Strep_C12807	Strep_C12807A0	1	0.1111111111111111	WP_328842151.1	WP_045563147.1	WP_328735256.1,WP_003974046.1,WP_011029953.1	8	8
Strep_C12808	Strep_C12808A0	1	0.1111111111111111	WP_328840291.1	WP_045563413.1	WP_150469981.1,WP_015508195.1,WP_016325754.1	9	9
Strep_C12846	Strep_C12846A2	2	0.2222222222222222	WP_003976536.1	WP_150470692.1	WP_328839603.1,WP_045562820.1,WP_013004180.1	7	8
Strep_C12851	Strep_C12851A0	1	0.1111111111111111	WP_328840430.1	WP_369277672.1	WP_003977635.1,WP_045562956.1,WP_011027645.1	8	8
Strep_C12874	Strep_C12874A0	1	0.1111111111111111	WP_046702519.1	WP_045557314.1	WP_086770149.1,WP_003946957.1,WP_016325766.1	9	9
Strep_C12918	Strep_C12918A3	2	0.2222222222222222	WP_016327143.1	WP_086765798.1	WP_037694607.1,WP_003948325.1,WP_045563168.1	8	9
Strep_C1294	Strep_C1294A0	1	0.1111111111111111	WP_328838164.1	WP_003975037.1	WP_150471849.1,WP_045558501.1,WP_011029297.1	8	8
Strep_C12942	Strep_C12942A0	1	0.1111111111111111	WP_328835652.1	WP_003974821.1	WP_266458905.1,WP_237312686.1,WP_011029465.1	9	8
Strep_C12950	Strep_C12950A0	1	0.1111111111111111	WP_037689675.1	WP_003972337.1	WP_328842082.1,WP_011029286.1,WP_012999442.1	17	9
Strep_C12951	Strep_C12951A4	2	0.2222222222222222	WP_179201732.1	WP_011030752.1	WP_107084586.1,WP_086772629.1,WP_150473214.1	8	8
Strep_C12966	Strep_C12966A4	2	0.2222222222222222	WP_033531861.1	WP_010350067.1	WP_060903966.1,WP_086770701.1,WP_008404305.1	8	9
Strep_C13012	Strep_C13012A0	1	0.1111111111111111	WP_328839824.1	WP_003976852.1	WP_369277969.1,WP_045560972.1,WP_011028070.1	8	8
Strep_C13019	Strep_C13019A0	1	0.1111111111111111	WP_046707572.1	WP_016325689.1	WP_369277702.1,WP_010639731.1,WP_237311172.1	9	9
Strep_C13064	Strep_C13064A0	1	0.1111111111111111	WP_328840625.1	WP_328840625.1	WP_086764432.1,WP_003952169.1,WP_003977678.1	9	9
Strep_C13088	Strep_C13088A3	2	0.2222222222222222	WP_003976556.1	WP_003976556.1	WP_045562832.1,WP_046704380.1,WP_150470679.1	7	9
Strep_C1309	Strep_C1309A0	1	0.1111111111111111	WP_328837068.1	WP_150472722.1	WP_015507107.1,WP_003973684.1,WP_237313274.1	9	9
Strep_C13098	Strep_C13098A3	2	0.2222222222222222	WP_003977387.1	WP_193380495.1	WP_037701314.1,WP_150470031.1,WP_003946982.1	8	9
Strep_C1310	Strep_C1310A0	1	0.1111111111111111	WP_328836091.1	WP_003952069.1	WP_150473682.1,WP_016327854.1,WP_237312933.1	9	9
Strep_C13124	Strep_C13124A0	1	0.1111111111111111	WP_319689570.1	WP_319689570.1	WP_369280122.1,WP_016328022.1,WP_237312782.1	8	8
Strep_C13136	Strep_C13136A0	1	0.1111111111111111	WP_328840269.1	WP_328840269.1	WP_369277763.1,WP_016325119.1,WP_045557307.1	8	8
Strep_C13138	Strep_C13138A3	2	0.2222222222222222	WP_003977589.1	WP_150469875.1	WP_045562375.1,WP_328840392.1,WP_003946823.1	7	9
Strep_C13151	Strep_C13151A3	2	0.2222222222222222	WP_011027946.1	WP_003947296.1	WP_328840040.1,WP_150470256.1,WP_193381909.1	8	9
Strep_C13160	Strep_C13160A0	1	0.1111111111111111	WP_328836202.1	WP_003951969.1	WP_328836306.1,WP_011031017.1,WP_012999526.1	17	9
Strep_C13218	Strep_C13218A0	1	0.1111111111111111	WP_037698833.1	WP_037698833.1	WP_369279983.1,WP_003946742.1,WP_003977915.1	9	9
Strep_C1322	Strep_C1322A0	1	0.1111111111111111	WP_328836516.1	WP_003972839.1	WP_369279550.1,WP_237313095.1,WP_011030639.1	8	8
Strep_C13225	Strep_C13225A0	1	0.1111111111111111	WP_328840102.1	WP_328840102.1	WP_369277842.1,WP_016325863.1,WP_177261794.1	8	8
Strep_C13227	Strep_C13227A2	2	0.2222222222222222	WP_003973604.1	WP_150472787.1	WP_328837008.1,WP_045558912.1,WP_013000635.1	7	8
Strep_C1326	Strep_C1326A2	2	0.2222222222222222	WP_016325246.1	WP_328835794.1	WP_150473944.1,WP_278003233.1,WP_012998801.1	7	8
Strep_C13288	Strep_C13288A0	1	0.1111111111111111	WP_328838179.1	WP_328838179.1	WP_369278770.1,WP_003975015.1,WP_045558811.1	8	8
Strep_C13290	Strep_C13290A2	2	0.2222222222222222	WP_003976100.1	WP_328839148.1	WP_328736258.1,WP_237310237.1,WP_013003509.1	7	8
Strep_C1330	Strep_C1330A0	1	0.1111111111111111	WP_328837053.1	WP_328837053.1	WP_369277266.1,WP_003949515.1,WP_003972461.1	9	9
Strep_C13316	Strep_C13316A0	1	0.1111111111111111	WP_328836512.1	WP_003972835.1	WP_369279551.1,WP_003951615.1,WP_045559792.1	9	9
Strep_C13326	Strep_C13326A2	2	0.2222222222222222	WP_003973273.1	WP_045561154.1	WP_046705970.1,WP_328734978.1,WP_013000307.1	7	8
Strep_C1333	Strep_C1333A0	1	0.1111111111111111	WP_328836891.1	WP_193381742.1	WP_369279320.1,WP_015507068.1,WP_016327316.1	9	9
Strep_C1334	Strep_C1334A0	1	0.1111111111111111	WP_328837719.1	WP_328837719.1	WP_150472110.1,WP_003975388.1,WP_045563055.1	8	8
Strep_C13365	Strep_C13365A5	2	0.2222222222222222	WP_003972442.1	WP_328836235.1	WP_003976840.1,WP_328839814.1,WP_037729748.1	15	9
Strep_C13370	Strep_C13370A3	2	0.2222222222222222	WP_003974338.1	WP_328837474.1	WP_150472332.1,WP_003948679.1,WP_045559411.1	8	9
Strep_C13386	Strep_C13386A0	1	0.1111111111111111	WP_037694339.1	WP_003948498.1	WP_037698132.1,WP_086802480.1,WP_086805017.1	14	9
Strep_C13387	Strep_C13387A3	2	0.2222222222222222	WP_003975412.1	WP_010645123.1	WP_328837651.1,WP_266468524.1,WP_079158194.1	8	9
Strep_C13403	Strep_C13403A0	1	0.1111111111111111	WP_328842309.1	WP_011028560.1	WP_150471119.1,WP_003976050.1,WP_196790586.1	8	8
Strep_C13431	Strep_C13431A3	2	0.2222222222222222	WP_003973422.1	WP_037695975.1	WP_086771259.1,WP_003951104.1,WP_045561472.1	8	9
Strep_C13439	Strep_C13439A3	2	0.2222222222222222	WP_016327205.1	WP_328837150.1	WP_369279191.1,WP_003950679.1,WP_045559107.1	8	9
Strep_C13465	Strep_C13465A2	2	0.2222222222222222	WP_003975663.1	WP_003975663.1	WP_119581050.1,WP_369278540.1,WP_045556234.1	7	8
Strep_C13466	Strep_C13466A0	1	0.1111111111111111	WP_413254440.1	WP_016327314.1	WP_150472867.1,WP_030771968.1,WP_045562477.1	9	9
Strep_C13476	Strep_C13476A0	1	0.1111111111111111	WP_319767446.1	WP_011028572.1	WP_328736205.1,WP_003976034.1,WP_045557688.1	8	8
Strep_C13484	Strep_C13484A3	2	0.2222222222222222	WP_003976755.1	WP_013004378.1	WP_327346442.1,WP_150470532.1,WP_018470586.1	8	9
Strep_C13504	Strep_C13504A3	2	0.2222222222222222	WP_003976546.1	WP_037704623.1	WP_045562825.1,WP_150470685.1,WP_003947758.1	7	9
Strep_C13510	Strep_C13510A3	2	0.2222222222222222	WP_003974261.1	WP_150472365.1	WP_037694120.1,WP_003948637.1,WP_045559455.1	8	9
Strep_C13523	Strep_C13523A3	2	0.2222222222222222	WP_003972302.1	WP_369279886.1	WP_328836125.1,WP_008416665.1,WP_237312944.1	8	9
Strep_C13529	Strep_C13529A3	2	0.2222222222222222	WP_003974967.1	WP_003949471.1	WP_045558442.1,WP_328838226.1,WP_150471790.1	7	9
Strep_C13541	Strep_C13541A0	1	0.1111111111111111	WP_328837521.1	WP_003974375.1	WP_086770855.1,WP_003948728.1,WP_045559362.1	9	9
Strep_C13543	Strep_C13543A3	2	0.2222222222222222	WP_003975487.1	WP_003975487.1	WP_045562660.1,WP_046707872.1,WP_150472198.1	7	9
Strep_C13550	Strep_C13550A2	2	0.2222222222222222	WP_003974882.1	WP_193381349.1	WP_327344856.1,WP_150471741.1,WP_013002432.1	7	8
Strep_C13559	Strep_C13559A2	2	0.2222222222222222	WP_003974898.1	WP_078580170.1	WP_413254482.1,WP_328735731.1,WP_443033221.1	7	8
Strep_C13563	Strep_C13563A0	1	0.1111111111111111	WP_328836234.1	WP_086799684.1	WP_369279721.1,WP_003972440.1,WP_193379873.1	8	8
Strep_C1357	Strep_C1357A0	1	0.1111111111111111	WP_328835277.1	WP_016325180.1	WP_369277268.1,WP_003951516.1,WP_237312573.1	9	9
Strep_C13573	Strep_C13573A0	1	0.1111111111111111	WP_328836180.1	WP_010357552.1	WP_369279859.1,WP_016327812.1,WP_045556693.1	8	8
Strep_C13579	Strep_C13579A3	2	0.2222222222222222	WP_030873433.1	WP_037696183.1	WP_150473007.1,WP_037630099.1,WP_045561390.1	8	9
Strep_C13584	Strep_C13584A2	2	0.2222222222222222	WP_003974354.1	WP_328837485.1	WP_369279021.1,WP_045559396.1,WP_013001473.1	7	8
Strep_C13595	Strep_C13595A0	1	0.1111111111111111	WP_328840219.1	WP_369277783.1	WP_003977328.1,WP_237311019.1,WP_011027816.1	8	8
Strep_C13598	Strep_C13598A3	2	0.2222222222222222	WP_016325793.1	WP_003947025.1	WP_328840227.1,WP_167534841.1,WP_093789353.1	8	9
Strep_C13602	Strep_C13602A3	2	0.2222222222222222	WP_003977577.1	WP_008406145.1	WP_319769114.1,WP_328737059.1,WP_045562391.1	8	9
Strep_C1362	Strep_C1362A0	1	0.1111111111111111	WP_328840285.1	WP_037666831.1	WP_369277750.1,WP_237311065.1,WP_011027761.1	8	8
Strep_C13637	Strep_C13637A0	1	0.1111111111111111	WP_328836730.1	WP_192335470.1	WP_365269286.1,WP_003951259.1,WP_003973247.1	9	9
Strep_C1365	Strep_C1365A0	1	0.1111111111111111	WP_328839241.1	WP_237276870.1	WP_150470977.1,WP_003948037.1,WP_003976191.1	9	9
Strep_C1366	Strep_C1366A0	1	0.1111111111111111	WP_328838288.1	WP_150471735.1	WP_003949547.1,WP_016326764.1,WP_237309425.1	9	9
Strep_C13667	Strep_C13667A0	1	0.1111111111111111	WP_328840300.1	WP_328840300.1	WP_369277739.1,WP_003946914.1,WP_003977455.1	9	9
Strep_C13674	Strep_C13674A2	2	0.2222222222222222	WP_003976936.1	WP_365278057.1	WP_328839921.1,WP_093788431.1,WP_013004592.1	7	8
Strep_C13679	Strep_C13679A0	1	0.1111111111111111	WP_328836680.1	WP_369279473.1	WP_008406655.1,WP_003973166.1,WP_086783635.1	9	9
Strep_C13685	Strep_C13685A3	2	0.2222222222222222	WP_003972721.1	WP_003951708.1	WP_328836365.1,WP_150473394.1,WP_237313035.1	8	9
Strep_C1369	Strep_C1369A0	1	0.1111111111111111	WP_328842245.1	WP_078480970.1	WP_150471693.1,WP_010644928.1,WP_016326792.1	9	9
Strep_C1372	Strep_C1372A0	1	0.1111111111111111	WP_328840915.1	WP_003973558.1	WP_369280139.1,WP_003971809.1,WP_237311763.1	9	8
Strep_C13720	Strep_C13720A3	2	0.2222222222222222	WP_003976293.1	WP_010354831.1	WP_045557458.1,WP_328839308.1,WP_150470897.1	7	9
Strep_C13725	Strep_C13725A0	1	0.1111111111111111	WP_179200918.1	WP_179200918.1	WP_150471869.1,WP_003949346.1,WP_003975081.1	9	9
Strep_C13749	Strep_C13749A0	1	0.1111111111111111	WP_327346861.1	WP_369277813.1	WP_010636635.1,WP_003977227.1,WP_237310957.1	9	9
Strep_C13754	Strep_C13754A3	2	0.2222222222222222	WP_003972533.1	WP_369279686.1	WP_328836310.1,WP_003951870.1,WP_045556544.1	8	9
Strep_C13759	Strep_C13759A3	2	0.2222222222222222	WP_003976234.1	WP_003948005.1	WP_319761104.1,WP_328736358.1,WP_060884737.1	8	9
Strep_C13762	Strep_C13762A3	2	0.2222222222222222	WP_003975377.1	WP_003949649.1	WP_328837725.1,WP_319253949.1,WP_045563047.1	8	9
Strep_C13777	Strep_C13777A0	1	0.1111111111111111	WP_328835824.1	WP_030869291.1	WP_150473909.1,WP_237312869.1,WP_011027366.1	8	8
Strep_C13787	Strep_C13787A0	1	0.1111111111111111	WP_328839671.1	WP_011028181.1	WP_150470613.1,WP_003976638.1,WP_045555391.1	8	8
Strep_C13816	Strep_C13816A3	2	0.2222222222222222	WP_003973636.1	WP_037695362.1	WP_045558937.1,WP_086770606.1,WP_008409324.1	7	9
Strep_C13818	Strep_C13818A3	2	0.2222222222222222	WP_003977182.1	WP_037701807.1	WP_045557093.1,WP_086771594.1,WP_003947203.1	8	9
Strep_C1382	Strep_C1382A0	1	0.1111111111111111	WP_328838873.1	WP_328838873.1	WP_369280850.1,WP_003950498.1,WP_042799891.1	9	9
Strep_C13842	Strep_C13842A3	2	0.2222222222222222	WP_003972504.1	WP_061405451.1	WP_037704032.1,WP_190046474.1,WP_193379860.1	8	9
Strep_C13848	Strep_C13848A3	2	0.2222222222222222	WP_003974806.1	WP_003974806.1	WP_037688342.1,WP_328735787.1,WP_003949044.1	8	9
Strep_C13854	Strep_C13854A3	2	0.2222222222222222	WP_003977316.1	WP_045557229.1	WP_319766015.1,WP_150470067.1,WP_003947051.1	8	9
Strep_C13890	Strep_C13890A5	2	0.2222222222222222	WP_003972565.1	WP_046702991.1	WP_003972568.1,WP_045556518.1,WP_045556521.1	13	9
Strep_C13908	Strep_C13908A3	2	0.2222222222222222	WP_003977267.1	WP_369277798.1	WP_328840182.1,WP_015508153.1,WP_045557185.1	8	9
Strep_C13930	Strep_C13930A3	2	0.2222222222222222	WP_003973389.1	WP_003973389.1	WP_045561450.1,WP_037696035.1,WP_150472946.1	7	9
Strep_C13932	Strep_C13932A3	2	0.2222222222222222	WP_003975364.1	WP_003975364.1	WP_328837733.1,WP_150472091.1,WP_015507463.1	8	9
Strep_C13935	Strep_C13935A0	1	0.1111111111111111	WP_328839230.1	WP_003976173.1	WP_369278262.1,WP_237310291.1,WP_011028462.1	8	8
Strep_C13946	Strep_C13946A3	2	0.2222222222222222	WP_003978338.1	WP_013002830.1	WP_037698295.1,WP_327345180.1,WP_029184081.1	11	8
Strep_C13968	Strep_C13968A0	1	0.1111111111111111	WP_051947726.1	WP_051947726.1	WP_328735254.1,WP_003948346.1,WP_003974043.1	9	9
Strep_C14010	Strep_C14010A0	1	0.1111111111111111	WP_328841284.1	WP_237311923.1	WP_369277742.1,WP_037666549.1,WP_011029176.1	8	8
Strep_C14033	Strep_C14033A2	2	0.2222222222222222	WP_003972097.1	WP_010352844.1	WP_328840933.1,WP_369277325.1,WP_237311772.1	7	8
Strep_C14042	Strep_C14042A3	2	0.2222222222222222	WP_003974264.1	WP_037694116.1	WP_033528344.1,WP_150472364.1,WP_003948640.1	7	9
Strep_C14043	Strep_C14043A3	2	0.2222222222222222	WP_003973385.1	WP_037696045.1	WP_086765839.1,WP_003951138.1,WP_045561446.1	8	9
Strep_C14049	Strep_C14049A0	1	0.1111111111111111	WP_328836222.1	WP_328836222.1	WP_086769751.1,WP_010358037.1,WP_003948267.1	11	9
Strep_C14050	Strep_C14050A0	1	0.1111111111111111	WP_328837185.1	WP_328837185.1	WP_328735201.1,WP_003973870.1,WP_045559139.1	8	8
Strep_C14051	Strep_C14051A0	1	0.1111111111111111	WP_328837418.1	WP_328837418.1	WP_369279043.1,WP_003948621.1,WP_003974246.1	9	9
Strep_C14052	Strep_C14052A2	2	0.2222222222222222	WP_003974366.1	WP_328837508.1	WP_328735352.1,WP_045559374.1,WP_037723920.1	7	8
Strep_C14053	Strep_C14053A0	1	0.1111111111111111	WP_328837527.1	WP_328837527.1	WP_150472291.1,WP_018468570.1,WP_016326999.1	9	9
Strep_C14057	Strep_C14057A3	2	0.2222222222222222	WP_016325235.1	WP_328840929.1	WP_328734341.1,WP_003947785.1,WP_045555769.1	8	9
Strep_C14110	Strep_C14110A3	2	0.2222222222222222	WP_003974056.1	WP_010354561.1	WP_045562871.1,WP_037694512.1,WP_086766191.1	7	9
Strep_C14120	Strep_C14120A0	1	0.1111111111111111	WP_037703970.1	WP_037703970.1	WP_150473491.1,WP_003951909.1,WP_003972492.1	9	9
Strep_C14131	Strep_C14131A3	2	0.2222222222222222	WP_003973399.1	WP_328836832.1	WP_150472937.1,WP_015507031.1,WP_045561458.1	8	9
Strep_C14134	Strep_C14134A0	1	0.1111111111111111	WP_328838511.1	WP_328838511.1	WP_365276568.1,WP_003950071.1,WP_003974605.1	9	9
Strep_C14136	Strep_C14136A3	2	0.2222222222222222	WP_003976892.1	WP_328839877.1	WP_369277946.1,WP_015508049.1,WP_045560923.1	8	9
Strep_C14152	Strep_C14152A3	2	0.2222222222222222	WP_003976247.1	WP_003947993.1	WP_328839272.1,WP_150470929.1,WP_237310320.1	8	9
Strep_C14204	Strep_C14204A3	2	0.2222222222222222	WP_003973423.1	WP_413254439.1	WP_086771258.1,WP_010641955.1,WP_045561473.1	8	9
Strep_C14215	Strep_C14215A3	2	0.2222222222222222	WP_003976622.1	WP_003947688.1	WP_328839660.1,WP_150470624.1,WP_078853250.1	8	9
Strep_C14232	Strep_C14232A0	1	0.1111111111111111	WP_328839448.1	WP_045557909.1	WP_365267936.1,WP_003976411.1,WP_011028326.1	8	8
Strep_C14271	Strep_C14271A0	1	0.1111111111111111	WP_328839455.1	WP_328839455.1	WP_369278145.1,WP_003976423.1,WP_045558054.1	8	8
Strep_C14305	Strep_C14305A2	2	0.2222222222222222	WP_003973167.1	WP_045561073.1	WP_328836681.1,WP_369279472.1,WP_037724015.1	7	8
Strep_C14344	Strep_C14344A0	1	0.1111111111111111	WP_319690153.1	WP_319690153.1	WP_150471905.1,WP_003949305.1,WP_003975128.1	9	9
Strep_C14361	Strep_C14361A0	1	0.1111111111111111	WP_319319326.1	WP_369278548.1	WP_003950241.1,WP_016326448.1,WP_093791159.1	9	9
Strep_C14363	Strep_C14363A2	2	0.2222222222222222	WP_003972703.1	WP_369279612.1	WP_328836346.1,WP_045556876.1,WP_041668972.1	7	8
Strep_C14369	Strep_C14369A3	2	0.2222222222222222	WP_003972825.1	WP_003951625.1	WP_086747775.1,WP_150473289.1,WP_045559780.1	8	9
Strep_C14420	Strep_C14420A0	1	0.1111111111111111	WP_328836254.1	WP_328836254.1	WP_369279714.1,WP_003951924.1,WP_003972468.1	9	9
Strep_C14424	Strep_C14424A3	2	0.2222222222222222	WP_003977279.1	WP_328840187.1	WP_369277794.1,WP_003947083.1,WP_045557196.1	8	9
Strep_C14442	Strep_C14442A3	2	0.2222222222222222	WP_003975914.1	WP_003950578.1	WP_328838954.1,WP_369278387.1,WP_045560646.1	8	9
Strep_C14480	Strep_C14480A3	2	0.2222222222222222	WP_003976780.1	WP_319691135.1	WP_328736769.1,WP_003947535.1,WP_045555270.1	8	9
Strep_C14481	Strep_C14481A0	1	0.1111111111111111	WP_319765123.1	WP_319765123.1	WP_319181775.1,WP_015506974.1,WP_003973160.1	9	9
Strep_C14488	Strep_C14488A3	2	0.2222222222222222	WP_011028306.1	WP_328839468.1	WP_369278142.1,WP_003947841.1,WP_045557938.1	8	9
Strep_C1450	Strep_C1450A0	1	0.1111111111111111	WP_328839115.1	WP_369278314.1	WP_328840584.1,WP_237310229.1,WP_237311684.1	18	9
Strep_C14503	Strep_C14503A0	1	0.1111111111111111	WP_328837211.1	WP_003950697.1	WP_365278286.1,WP_003973951.1,WP_045559166.1	9	9
Strep_C14506	Strep_C14506A0	1	0.1111111111111111	WP_037692849.1	WP_008412242.1	WP_365267215.1,WP_016327633.1,WP_045559926.1	9	9
Strep_C14555	Strep_C14555A3	2	0.2222222222222222	WP_016327277.1	WP_328837017.1	WP_369279269.1,WP_003950880.1,WP_045558930.1	8	9
Strep_C14556	Strep_C14556A0	1	0.1111111111111111	WP_328837109.1	WP_328837109.1	WP_365272211.1,WP_016327237.1,WP_078853596.1	8	8
Strep_C14559	Strep_C14559A0	1	0.1111111111111111	WP_328840002.1	WP_328840002.1	WP_086767647.1,WP_003947347.1,WP_003977040.1	9	9
Strep_C14572	Strep_C14572A3	2	0.2222222222222222	WP_016327864.1	WP_003952093.1	WP_328836072.1,WP_369279919.1,WP_045556828.1	8	9
Strep_C14580	Strep_C14580A2	2	0.2222222222222222	WP_011027939.1	WP_011027939.1	WP_328840062.1,WP_369277863.1,WP_237310891.1	7	8
Strep_C14620	Strep_C14620A3	2	0.2222222222222222	WP_045561576.1	WP_037698855.1	WP_150473824.1,WP_003977930.1,WP_011027452.1	7	8
Strep_C14621	Strep_C14621A3	2	0.2222222222222222	WP_003975496.1	WP_046704897.1	WP_266460643.1,WP_003948858.1,WP_045562668.1	8	9
Strep_C14634	Strep_C14634A3	2	0.2222222222222222	WP_003976665.1	WP_369278041.1	WP_328839684.1,WP_003947647.1,WP_060884990.1	8	9
Strep_C14640	Strep_C14640A3	2	0.2222222222222222	WP_003977216.1	WP_003947165.1	WP_328840149.1,WP_086771676.1,WP_045557141.1	8	9
Strep_C14642	Strep_C14642A0	1	0.1111111111111111	WP_328837392.1	WP_003948571.1	WP_369279058.1,WP_042799634.1,WP_045559494.1	9	9
Strep_C1465	Strep_C1465A0	1	0.1111111111111111	WP_327345470.1	WP_003975870.1	WP_365271167.1,WP_003950518.1,WP_045560681.1	9	9
Strep_C14664	Strep_C14664A5	2	0.2222222222222222	WP_003974578.1	WP_045559745.1	WP_327342965.1,WP_328838628.1,WP_010358498.1	11	8
Strep_C1467	Strep_C1467A0	1	0.1111111111111111	WP_328839791.1	WP_045561293.1	WP_369277992.1,WP_192362325.1,WP_338714456.1	12	9
Strep_C14698	Strep_C14698A0	1	0.1111111111111111	WP_037693300.1	WP_037693300.1	WP_150470516.1,WP_008413445.1,WP_003976777.1	9	9
Strep_C14705	Strep_C14705A2	2	0.2222222222222222	WP_003976923.1	WP_328839911.1	WP_150470394.1,WP_045560886.1,WP_013004579.1	7	8
Strep_C14706	Strep_C14706A0	1	0.1111111111111111	WP_328841127.1	WP_328841127.1	WP_150474053.1,WP_003971860.1,WP_045555594.1	8	8
Strep_C14711	Strep_C14711A3	2	0.2222222222222222	WP_003975613.1	WP_190046522.1	WP_045556182.1,WP_319069165.1,WP_015507296.1	7	9
Strep_C14717	Strep_C14717A3	2	0.2222222222222222	WP_003973919.1	WP_003948230.1	WP_328837202.1,WP_086764658.1,WP_045559152.1	8	9
Strep_C14721	Strep_C14721A3	2	0.2222222222222222	WP_003977101.1	WP_008414260.1	WP_328840055.1,WP_150470246.1,WP_045556998.1	8	9
Strep_C14725	Strep_C14725A3	2	0.2222222222222222	WP_003976890.1	WP_003976890.1	WP_328839876.1,WP_369277947.1,WP_003947445.1	8	9
Strep_C14726	Strep_C14726A3	2	0.2222222222222222	WP_011028756.1	WP_011028756.1	WP_327348694.1,WP_086773078.1,WP_003950366.1	8	9
Strep_C14736	Strep_C14736A4	2	0.2222222222222222	WP_045559104.1	WP_445950896.1	WP_046706112.1,WP_369279192.1,WP_003950683.1	8	9
Strep_C14758	Strep_C14758A2	2	0.2222222222222222	WP_003978107.1	WP_328835783.1	WP_369280051.1,WP_045560087.1,WP_012998783.1	7	8
Strep_C14762	Strep_C14762A0	1	0.1111111111111111	WP_328839923.1	WP_328839923.1	WP_369277932.1,WP_003976939.1,WP_045560870.1	8	8
Strep_C14768	Strep_C14768A0	1	0.1111111111111111	WP_327347654.1	WP_150469694.1	WP_003977722.1,WP_045561716.1,WP_011027579.1	8	8
Strep_C14769	Strep_C14769A0	1	0.1111111111111111	WP_037705631.1	WP_150469884.1	WP_086772985.1,WP_369278513.1,WP_003975700.1	10	8
Strep_C14770	Strep_C14770A0	1	0.1111111111111111	WP_328839974.1	WP_150470329.1	WP_003976993.1,WP_093788485.1,WP_030872966.1	8	8
Strep_C14772	Strep_C14772A5	2	0.2222222222222222	WP_003972171.1	WP_150473735.1	WP_045559695.1,WP_319765537.1,WP_327348524.1	15	9
Strep_C14773	Strep_C14773A0	1	0.1111111111111111	WP_328840922.1	WP_150474144.1	WP_030868693.1,WP_045555776.1,WP_161270395.1	8	8
Strep_C14781	Strep_C14781A3	2	0.2222222222222222	WP_003976516.1	WP_003947790.1	WP_328839531.1,WP_369278098.1,WP_237310468.1	8	9
Strep_C14782	Strep_C14782A3	2	0.2222222222222222	WP_003973764.1	WP_003950750.1	WP_037695072.1,WP_266462152.1,WP_045559051.1	8	9
Strep_C14786	Strep_C14786A4	3	0.3333333333333333	WP_013001616.1	WP_008403603.1	WP_003975513.1,WP_328837599.1,WP_086772601.1	6	9
Strep_C14814	Strep_C14814A0	1	0.1111111111111111	WP_328836503.1	WP_010350975.1	WP_150473287.1,WP_003951623.1,WP_003972827.1	9	9
Strep_C14822	Strep_C14822A6	3	0.3333333333333333	WP_060884980.1	WP_060891730.1	WP_016326035.1,WP_328840600.1,WP_086772658.1	8	9
Strep_C14823	Strep_C14823A2	2	0.2222222222222222	WP_003978711.1	WP_328835278.1	WP_369277093.1,WP_045561340.1,WP_037724926.1	7	8
Strep_C14826	Strep_C14826A0	1	0.1111111111111111	WP_328837056.1	WP_328837056.1	WP_369279237.1,WP_003973664.1,WP_045558961.1	8	8
Strep_C14833	Strep_C14833A0	1	0.1111111111111111	WP_328839963.1	WP_150470336.1	WP_003947401.1,WP_016325922.1,WP_045560828.1	9	9
Strep_C14834	Strep_C14834A0	1	0.1111111111111111	WP_328840172.1	WP_328736967.1	WP_003977249.1,WP_093789374.1,WP_011027858.1	8	8
Strep_C14842	Strep_C14842A3	2	0.2222222222222222	WP_003975129.1	WP_003949304.1	WP_328838111.1,WP_369278808.1,WP_045558572.1	8	9
Strep_C14844	Strep_C14844A3	2	0.2222222222222222	WP_003975804.1	WP_003950460.1	WP_037703685.1,WP_150474519.1,WP_045560742.1	8	9
Strep_C14858	Strep_C14858A2	2	0.2222222222222222	WP_003974185.1	WP_003974185.1	WP_046703671.1,WP_266461242.1,WP_045559518.1	7	8
Strep_C14859	Strep_C14859A0	1	0.1111111111111111	WP_319693013.1	WP_003974812.1	WP_150471673.1,WP_003949049.1,WP_045555934.1	9	9
Strep_C14861	Strep_C14861A3	2	0.2222222222222222	WP_003977515.1	WP_003977515.1	WP_319698550.1,WP_229894675.1,WP_003946864.1	8	9
Strep_C14862	Strep_C14862A2	2	0.2222222222222222	WP_016327815.1	WP_016327815.1	WP_328836176.1,WP_369279860.1,WP_078853367.1	7	8
Strep_C14865	Strep_C14865A2	2	0.2222222222222222	WP_037897854.1	WP_037897854.1	WP_328838715.1,WP_369278543.1,WP_045556224.1	7	8
Strep_C14901	Strep_C14901A0	1	0.1111111111111111	WP_328836246.1	WP_029184053.1	WP_365271875.1,WP_003971800.1,WP_016327756.1	10	8
Strep_C14906	Strep_C14906A3	2	0.2222222222222222	WP_003973355.1	WP_046708058.1	WP_319182477.1,WP_003951162.1,WP_045561421.1	8	9
Strep_C14910	Strep_C14910A0	1	0.1111111111111111	WP_328838932.1	WP_328838932.1	WP_150471260.1,WP_015507177.1,WP_003975876.1	9	9
Strep_C14912	Strep_C14912A3	2	0.2222222222222222	WP_003976496.1	WP_328839511.1	WP_150470729.1,WP_003947812.1,WP_045557985.1	8	9
Strep_C14915	Strep_C14915A2	2	0.2222222222222222	WP_003977166.1	WP_328840111.1	WP_150470176.1,WP_045557080.1,WP_013004857.1	7	8
Strep_C14965	Strep_C14965A2	2	0.2222222222222222	WP_003973591.1	WP_010353261.1	WP_328842123.1,WP_086772770.1,WP_093790647.1	7	8
Strep_C14976	Strep_C14976A3	2	0.2222222222222222	WP_003975453.1	WP_037702429.1	WP_045562636.1,WP_086772908.1,WP_003948895.1	7	9
Strep_C14982	Strep_C14982A0	1	0.1111111111111111	WP_328840404.1	WP_328840404.1	WP_369277683.1,WP_015508236.1,WP_003977600.1	9	9
Strep_C15000	Strep_C15000A3	2	0.2222222222222222	WP_003977068.1	WP_003977068.1	WP_086747761.1,WP_086768890.1,WP_003947321.1	8	9
Strep_C15015	Strep_C15015A3	2	0.2222222222222222	WP_016326024.1	WP_013004304.1	WP_045555355.1,WP_319066144.1,WP_150474447.1	7	9
Strep_C15034	Strep_C15034A3	2	0.2222222222222222	WP_003976029.1	WP_037703364.1	WP_086765633.1,WP_030308802.1,WP_045557696.1	8	9
Strep_C15035	Strep_C15035A3	2	0.2222222222222222	WP_003977680.1	WP_037705147.1	WP_150469738.1,WP_003952171.1,WP_237311356.1	8	9
Strep_C15036	Strep_C15036A3	2	0.2222222222222222	WP_003976707.1	WP_046705627.1	WP_086768251.1,WP_003947606.1,WP_045555337.1	8	9
Strep_C15037	Strep_C15037A3	2	0.2222222222222222	WP_003974477.1	WP_319698443.1	WP_086772997.1,WP_015507685.1,WP_177261808.1	8	9
Strep_C15058	Strep_C15058A0	1	0.1111111111111111	WP_037705140.1	WP_328737156.1	WP_003977670.1,WP_045560306.1,WP_161269980.1	8	8
Strep_C15074	Strep_C15074A3	2	0.2222222222222222	WP_003974589.1	WP_003950084.1	WP_328838524.1,WP_150471550.1,WP_045556396.1	8	9
Strep_C15119	Strep_C15119A4	2	0.2222222222222222	WP_003972912.1	WP_079024334.1	WP_234440984.1,WP_073493304.1,WP_003951570.1	9	9
Strep_C1512	Strep_C1512A0	1	0.1111111111111111	WP_409128264.1	WP_015506778.1	WP_369280730.1,WP_003978106.1,WP_371271456.1	9	9
Strep_C15138	Strep_C15138A0	1	0.1111111111111111	WP_328837151.1	WP_008408441.1	WP_086766873.1,WP_016327204.1,WP_045559108.1	9	9
Strep_C1514	Strep_C1514A3	2	0.2222222222222222	WP_011029156.1	WP_013001940.1	WP_328837843.1,WP_328735511.1,WP_003949256.1	8	9
Strep_C15156	Strep_C15156A0	1	0.1111111111111111	WP_328839994.1	WP_013004688.1	WP_086772530.1,WP_003947361.1,WP_003977023.1	9	9
Strep_C15175	Strep_C15175A3	2	0.2222222222222222	WP_016326434.1	WP_037705599.1	WP_045556257.1,WP_086773257.1,WP_015507267.1	7	9
Strep_C15179	Strep_C15179A0	1	0.1111111111111111	WP_328836684.1	WP_328836684.1	WP_150473112.1,WP_003951318.1,WP_003973182.1	9	9
Strep_C15182	Strep_C15182A0	1	0.1111111111111111	WP_328840241.1	WP_328840241.1	WP_150470038.1,WP_003977370.1,WP_045557275.1	8	8
Strep_C15186	Strep_C15186A0	1	0.1111111111111111	WP_037690742.1	WP_086765777.1	WP_003952263.1,WP_003977748.1,WP_045561738.1	10	9
Strep_C15193	Strep_C15193A3	2	0.2222222222222222	WP_003973740.1	WP_003950769.1	WP_328837098.1,WP_086766015.1,WP_045559025.1	8	9
Strep_C15198	Strep_C15198A3	2	0.2222222222222222	WP_016327117.1	WP_015507795.1	WP_078853941.1,WP_328837293.1,WP_086771983.1	7	9
Strep_C15200	Strep_C15200A0	1	0.1111111111111111	WP_319766792.1	WP_015508252.1	WP_086769109.1,WP_003972176.1,WP_045561649.1	9	9
Strep_C15201	Strep_C15201A3	2	0.2222222222222222	WP_003972223.1	WP_030766480.1	WP_046706024.1,WP_086766792.1,WP_045556832.1	8	9
Strep_C15229	Strep_C15229A3	2	0.2222222222222222	WP_003977133.1	WP_225618364.1	WP_328842393.1,WP_365275758.1,WP_003947255.1	8	9
Strep_C15241	Strep_C15241A0	1	0.1111111111111111	WP_037695137.1	WP_037695137.1	WP_369279218.1,WP_003950774.1,WP_016327243.1	9	9
Strep_C15242	Strep_C15242A0	1	0.1111111111111111	WP_037705285.1	WP_037705285.1	WP_150474154.1,WP_015507260.1,WP_003971797.1	9	9
Strep_C1525	Strep_C1525A0	1	0.1111111111111111	WP_328837122.1	WP_369279209.1	WP_015507128.1,WP_231908978.1,WP_237313287.1	9	9
Strep_C15262	Strep_C15262A3	2	0.2222222222222222	WP_003976879.1	WP_003947456.1	WP_328839869.1,WP_150470419.1,WP_237310650.1	8	9
Strep_C15265	Strep_C15265A3	2	0.2222222222222222	WP_003973219.1	WP_003951282.1	WP_045561107.1,WP_037700901.1,WP_073491631.1	7	9
Strep_C15273	Strep_C15273A3	2	0.2222222222222222	WP_003973449.1	WP_003973449.1	WP_327343393.1,WP_086767378.1,WP_003951078.1	8	9
Strep_C1530	Strep_C1530A3	2	0.2222222222222222	WP_003973559.1	WP_003950947.1	WP_328836977.1,WP_369279289.1,WP_237313256.1	8	9
Strep_C15315	Strep_C15315A3	2	0.2222222222222222	WP_003977029.1	WP_328839997.1	WP_150470304.1,WP_003947355.1,WP_045560778.1	8	9
Strep_C15322	Strep_C15322A6	2	0.2222222222222222	WP_003973246.1	WP_003951260.1	WP_328836322.1,WP_328836729.1,WP_013000286.1	15	9
Strep_C15328	Strep_C15328A3	2	0.2222222222222222	WP_003975536.1	WP_003975536.1	WP_045559297.1,WP_037688810.1,WP_328735393.1	9	9
Strep_C15338	Strep_C15338A3	2	0.2222222222222222	WP_003974599.1	WP_193380398.1	WP_328838519.1,WP_369280860.1,WP_003950078.1	8	9
Strep_C15366	Strep_C15366A3	2	0.2222222222222222	WP_003974116.1	WP_005481014.1	WP_045562915.1,WP_086765258.1,WP_003948439.1	7	9
Strep_C15367	Strep_C15367A3	2	0.2222222222222222	WP_003973152.1	WP_037700780.1	WP_045561062.1,WP_086772093.1,WP_003951342.1	7	9
Strep_C15368	Strep_C15368A3	2	0.2222222222222222	WP_003975956.1	WP_037703475.1	WP_319182556.1,WP_003950599.1,WP_045560601.1	8	9
Strep_C15370	Strep_C15370A4	2	0.2222222222222222	WP_045556507.1	WP_319764307.1	WP_086765112.1,WP_003951847.1,WP_003972583.1	8	9
Strep_C15380	Strep_C15380A2	3	0.3333333333333333	WP_006378852.1	WP_006378852.1	WP_003975722.1,WP_037692942.1,WP_328841625.1	17	9
Strep_C15382	Strep_C15382A0	1	0.1111111111111111	WP_037704113.1	WP_086770909.1	WP_008413838.1,WP_016327859.1,WP_045556814.1	9	9
Strep_C15383	Strep_C15383A3	2	0.2222222222222222	WP_003976893.1	WP_086772107.1	WP_045560922.1,WP_328839878.1,WP_003947443.1	7	9
Strep_C15395	Strep_C15395A3	2	0.2222222222222222	WP_003977009.1	WP_003947376.1	WP_037691250.1,WP_086769318.1,WP_045560796.1	8	9
Strep_C15403	Strep_C15403A2	2	0.2222222222222222	WP_003973872.1	WP_003973872.1	WP_037694842.1,WP_086772236.1,WP_045559141.1	7	8
Strep_C15437	Strep_C15437A3	2	0.2222222222222222	WP_003973602.1	WP_010359433.1	WP_328837006.1,WP_150472789.1,WP_003950902.1	8	9
Strep_C15447	Strep_C15447A3	2	0.2222222222222222	WP_003974830.1	WP_037688242.1	WP_086772968.1,WP_008409002.1,WP_045555908.1	8	9
Strep_C15448	Strep_C15448A2	2	0.2222222222222222	WP_003972278.1	WP_319764798.1	WP_045556784.1,WP_328734553.1,WP_012999232.1	6	8
Strep_C15452	Strep_C15452A3	2	0.2222222222222222	WP_016325992.1	WP_328839752.1	WP_150470512.1,WP_003947534.1,WP_045555269.1	8	9
Strep_C15468	Strep_C15468A3	2	0.2222222222222222	WP_003975516.1	WP_003975516.1	WP_319770595.1,WP_369278963.1,WP_003948837.1	8	9
Strep_C15502	Strep_C15502A3	3	0.3333333333333333	WP_013004606.1	WP_037691381.1	WP_003976948.1,WP_086771421.1,WP_010355548.1	5	8
Strep_C15503	Strep_C15503A0	1	0.1111111111111111	WP_037704156.1	WP_037704156.1	WP_365266774.1,WP_003972295.1,WP_045556767.1	8	8
Strep_C15505	Strep_C15505A2	2	0.2222222222222222	WP_003976366.1	WP_046707623.1	WP_045557874.1,WP_086772774.1,WP_013003941.1	6	8
Strep_C15506	Strep_C15506A3	2	0.2222222222222222	WP_003972454.1	WP_319764504.1	WP_328734660.1,WP_008410887.1,WP_045556614.1	8	9
Strep_C15515	Strep_C15515A3	2	0.2222222222222222	WP_011029121.1	WP_150472069.1	WP_328837766.1,WP_015507475.1,WP_045558134.1	8	9
Strep_C15517	Strep_C15517A2	2	0.2222222222222222	WP_003977938.1	WP_150473829.1	WP_328842063.1,WP_045561570.1,WP_012999043.1	7	8
Strep_C15518	Strep_C15518A5	2	0.2222222222222222	WP_003973712.1	WP_280118703.1	WP_327343596.1,WP_369277881.1,WP_003950802.1	10	9
Strep_C15532	Strep_C15532A2	2	0.2222222222222222	WP_003972477.1	WP_003972477.1	WP_328836258.1,WP_365267001.1,WP_237312993.1	7	8
Strep_C15536	Strep_C15536A0	1	0.1111111111111111	WP_328835865.1	WP_016327992.1	WP_369280157.1,WP_045559986.1,WP_161270386.1	8	8
Strep_C15537	Strep_C15537A0	1	0.1111111111111111	WP_328835840.1	WP_045560011.1	WP_369277848.1,WP_003977144.1,WP_011027914.1	8	8
Strep_C15569	Strep_C15569A2	2	0.2222222222222222	WP_003971784.1	WP_046705258.1	WP_365271919.1,WP_237310886.1,WP_013004766.1	7	8
Strep_C15604	Strep_C15604A0	1	0.1111111111111111	WP_328839724.1	WP_045555309.1	WP_086765533.1,WP_003947578.1,WP_003976734.1	9	9
Strep_C1562	Strep_C1562A0	1	0.1111111111111111	WP_328836506.1	WP_328836506.1	WP_369279552.1,WP_003972829.1,WP_045559786.1	8	8
Strep_C15629	Strep_C15629A0	1	0.1111111111111111	WP_328837525.1	WP_086796839.1	WP_150472293.1,WP_003948735.1,WP_016327001.1	9	9
Strep_C15643	Strep_C15643A4	2	0.2222222222222222	WP_045563225.1	WP_037704819.1	WP_150469943.1,WP_003946893.1,WP_003977482.1	8	9
Strep_C15644	Strep_C15644A3	2	0.2222222222222222	WP_003977611.1	WP_037704940.1	WP_150469856.1,WP_015508257.1,WP_045562353.1	8	9
Strep_C15676	Strep_C15676A0	1	0.1111111111111111	WP_328836086.1	WP_003952073.1	WP_369279909.1,WP_003972249.1,WP_045556807.1	9	9
Strep_C15677	Strep_C15677A3	2	0.2222222222222222	WP_016325632.1	WP_010640365.1	WP_045561731.1,WP_328840811.1,WP_150474369.1	7	9
Strep_C15729	Strep_C15729A3	2	0.2222222222222222	WP_003977167.1	WP_037701829.1	WP_086770162.1,WP_003947216.1,WP_045557081.1	8	9
Strep_C15731	Strep_C15731A3	2	0.2222222222222222	WP_003977928.1	WP_079024253.1	WP_150473823.1,WP_015508262.1,WP_078853811.1	8	9
Strep_C15738	Strep_C15738A2	2	0.2222222222222222	WP_003976828.1	WP_328839803.1	WP_369277984.1,WP_237314306.1,WP_013004460.1	7	8
Strep_C15739	Strep_C15739A3	2	0.2222222222222222	WP_003976897.1	WP_328839880.1	WP_369277944.1,WP_003947439.1,WP_045560918.1	8	9
Strep_C1574	Strep_C1574A0	1	0.1111111111111111	WP_413254519.1	WP_413254519.1	WP_369278124.1,WP_003947826.1,WP_016326112.1	9	9
Strep_C15746	Strep_C15746A2	2	0.2222222222222222	WP_003975420.1	WP_150472159.1	WP_045562611.1,WP_328837645.1,WP_013001688.1	6	8
Strep_C1576	Strep_C1576A0	1	0.1111111111111111	WP_328840067.1	WP_013004789.1	WP_369277862.1,WP_003977114.1,WP_045557014.1	8	8
Strep_C15761	Strep_C15761A3	2	0.2222222222222222	WP_003973384.1	WP_003951139.1	WP_037696047.1,WP_150472948.1,WP_045561445.1	8	9
Strep_C15766	Strep_C15766A3	2	0.2222222222222222	WP_003973205.1	WP_026048250.1	WP_005481548.1,WP_037700861.1,WP_365269343.1	7	9
Strep_C15775	Strep_C15775A3	2	0.2222222222222222	WP_016326394.1	WP_016326394.1	WP_328838808.1,WP_369278504.1,WP_015507222.1	8	9
Strep_C15778	Strep_C15778A0	1	0.1111111111111111	WP_046706041.1	WP_045556812.1	WP_369279911.1,WP_003952078.1,WP_003972243.1	9	9
Strep_C1578	Strep_C1578A0	1	0.1111111111111111	WP_319767499.1	WP_319767499.1	WP_365271324.1,WP_003976063.1,WP_045557638.1	8	8
Strep_C158	Strep_C158A0	1	0.1111111111111111	WP_328836744.1	WP_086796452.1	WP_150473045.1,WP_015507001.1,WP_016327413.1	9	9
Strep_C15806	Strep_C15806A3	2	0.2222222222222222	WP_003974762.1	WP_037688427.1	WP_045555973.1,WP_319257254.1,WP_003948988.1	7	9
Strep_C15807	Strep_C15807A0	1	0.1111111111111111	WP_037704818.1	WP_037704818.1	WP_369277730.1,WP_003946894.1,WP_003977481.1	9	9
Strep_C15809	Strep_C15809A0	1	0.1111111111111111	WP_319769063.1	WP_319769063.1	WP_369277701.1,WP_003946841.1,WP_003977568.1	9	9
Strep_C15810	Strep_C15810A2	2	0.2222222222222222	WP_003975656.1	WP_327345268.1	WP_150471419.1,WP_045556223.1,WP_013002951.1	7	8
Strep_C15827	Strep_C15827A2	2	0.2222222222222222	WP_003973822.1	WP_369279194.1	WP_328837145.1,WP_045559095.1,WP_041669215.1	7	8
Strep_C15830	Strep_C15830A2	2	0.2222222222222222	WP_003972438.1	WP_369279723.1	WP_328836232.1,WP_237312983.1,WP_012999562.1	7	8
Strep_C15831	Strep_C15831A3	2	0.2222222222222222	WP_011027884.1	WP_003947168.1	WP_319766100.1,WP_369277816.1,WP_045557138.1	8	9
Strep_C15834	Strep_C15834A0	1	0.1111111111111111	WP_328838614.1	WP_008404303.1	WP_073496618.1,WP_042799610.1,WP_093792773.1	9	9
Strep_C15837	Strep_C15837A3	2	0.2222222222222222	WP_003975085.1	WP_003975085.1	WP_328838140.1,WP_150471873.1,WP_037629755.1	8	9
Strep_C15872	Strep_C15872A0	1	0.1111111111111111	WP_327345554.1	WP_327345554.1	WP_150471195.1,WP_003975968.1,WP_060884562.1	8	8
Strep_C15874	Strep_C15874A0	1	0.1111111111111111	WP_328836568.1	WP_328836568.1	WP_244205180.1,WP_003951591.1,WP_003972875.1	9	9
Strep_C15875	Strep_C15875A3	2	0.2222222222222222	WP_003975622.1	WP_328838685.1	WP_045556191.1,WP_150471464.1,WP_003950214.1	7	9
Strep_C15876	Strep_C15876A0	1	0.1111111111111111	WP_328840271.1	WP_328840271.1	WP_086772748.1,WP_003978425.1,WP_045557309.1	8	8
Strep_C15889	Strep_C15889A0	1	0.1111111111111111	WP_328840181.1	WP_003947097.1	WP_150470107.1,WP_003977266.1,WP_045557184.1	9	9
Strep_C15908	Strep_C15908A0	1	0.1111111111111111	WP_328837251.1	WP_045559216.1	WP_086767228.1,WP_008416543.1,WP_003973999.1	9	9
Strep_C1591	Strep_C1591A3	2	0.2222222222222222	WP_003974893.1	WP_319692281.1	WP_150471745.1,WP_003949534.1,WP_045562553.1	8	9
Strep_C15919	Strep_C15919A2	2	0.2222222222222222	WP_003977478.1	WP_010358224.1	WP_328840317.1,WP_369277731.1,WP_237311073.1	7	8
Strep_C15923	Strep_C15923A0	1	0.1111111111111111	WP_037698665.1	WP_037698665.1	WP_369280028.1,WP_003978045.1,WP_045560018.1	8	8
Strep_C15924	Strep_C15924A3	2	0.2222222222222222	WP_003976991.1	WP_319759711.1	WP_369277907.1,WP_003947394.1,WP_237310802.1	8	9
Strep_C15925	Strep_C15925A3	2	0.2222222222222222	WP_003976768.1	WP_319760175.1	WP_365267619.1,WP_003947545.1,WP_045555277.1	8	9
Strep_C15929	Strep_C15929A3	2	0.2222222222222222	WP_016327093.1	WP_328837348.1	WP_365273420.1,WP_003948455.1,WP_045559559.1	8	9
Strep_C15933	Strep_C15933A0	1	0.1111111111111111	WP_328840292.1	WP_328840292.1	WP_369277747.1,WP_003946925.1,WP_003977443.1	9	9
Strep_C15944	Strep_C15944A0	1	0.1111111111111111	WP_328839743.1	WP_003947554.1	WP_150470529.1,WP_003976758.1,WP_045555286.1	9	9
Strep_C15947	Strep_C15947A0	1	0.1111111111111111	WP_037691660.1	WP_003951208.1	WP_369279431.1,WP_003973288.1,WP_045561366.1	9	9
Strep_C15954	Strep_C15954A3	2	0.2222222222222222	WP_003976592.1	WP_015507991.1	WP_328839643.1,WP_150470654.1,WP_078853254.1	8	9
Strep_C15963	Strep_C15963A0	1	0.1111111111111111	WP_328839274.1	WP_045557496.1	WP_150470928.1,WP_003947992.1,WP_016326183.1	9	9
Strep_C15997	Strep_C15997A3	2	0.2222222222222222	WP_003976534.1	WP_037704614.1	WP_086769845.1,WP_003947766.1,WP_045562818.1	8	9
Strep_C16000	Strep_C16000A3	2	0.2222222222222222	WP_003973878.1	WP_328837191.1	WP_150472601.1,WP_003950636.1,WP_045559146.1	8	9
Strep_C16002	Strep_C16002A3	2	0.2222222222222222	WP_003975902.1	WP_328838949.1	WP_266457519.1,WP_003950565.1,WP_045560655.1	8	9
Strep_C16004	Strep_C16004A3	2	0.2222222222222222	WP_003977306.1	WP_328840207.1	WP_013005004.1,WP_086769018.1,WP_003947062.1	7	9
Strep_C16008	Strep_C16008A0	1	0.1111111111111111	WP_328836105.1	WP_150473663.1	WP_003952050.1,WP_003972270.1,WP_177261705.1	9	9
Strep_C16010	Strep_C16010A0	1	0.1111111111111111	WP_328840388.1	WP_369277695.1	WP_015508233.1,WP_003977584.1,WP_045562379.1	9	9
Strep_C16024	Strep_C16024A3	2	0.2222222222222222	WP_003976439.1	WP_010637633.1	WP_319760741.1,WP_150470771.1,WP_045557934.1	8	9
Strep_C16052	Strep_C16052A3	2	0.2222222222222222	WP_003978056.1	WP_012998846.1	WP_319767017.1,WP_150473907.1,WP_003972027.1	9	8
Strep_C16067	Strep_C16067A2	2	0.2222222222222222	WP_011029273.1	WP_010350710.1	WP_328842227.1,WP_086767087.1,WP_045558524.1	7	8
Strep_C1607	Strep_C1607A0	1	0.1111111111111111	WP_328839588.1	WP_369280236.1	WP_369278859.1,WP_016327935.1,WP_237310578.1	9	8
Strep_C16076	Strep_C16076A0	1	0.1111111111111111	WP_037698864.1	WP_037698864.1	WP_150473828.1,WP_003946724.1,WP_003977937.1	9	9
Strep_C16077	Strep_C16077A4	2	0.2222222222222222	WP_045557459.1	WP_037699957.1	WP_369278209.1,WP_003947960.1,WP_037667401.1	8	9
Strep_C16080	Strep_C16080A3	2	0.2222222222222222	WP_003977110.1	WP_319766198.1	WP_086772392.1,WP_003947274.1,WP_045557011.1	8	9
Strep_C16083	Strep_C16083A3	2	0.2222222222222222	WP_003973799.1	WP_328837131.1	WP_150472652.1,WP_003950718.1,WP_045559080.1	8	9
Strep_C16086	Strep_C16086A4	2	0.2222222222222222	WP_030863629.1	WP_328837898.1	WP_045558411.1,WP_020115793.1,WP_167396258.1	10	8
Strep_C16088	Strep_C16088A2	2	0.2222222222222222	WP_003976090.1	WP_328839138.1	WP_328736251.1,WP_045557776.1,WP_013003496.1	7	8
Strep_C16105	Strep_C16105A3	2	0.2222222222222222	WP_003974737.1	WP_003949807.1	WP_328838418.1,WP_150471625.1,WP_045555983.1	8	9
Strep_C16113	Strep_C16113A0	1	0.1111111111111111	WP_328836296.1	WP_015506808.1	WP_328734687.1,WP_003972514.1,WP_045556557.1	9	9
Strep_C16118	Strep_C16118A3	2	0.2222222222222222	WP_003976252.1	WP_003976252.1	WP_045557492.1,WP_328839277.1,WP_369278226.1	7	9
Strep_C16163	Strep_C16163A2	2	0.2222222222222222	WP_003974808.1	WP_150471670.1	WP_328838374.1,WP_045555938.1,WP_013002598.1	7	8
Strep_C16181	Strep_C16181A0	1	0.1111111111111111	WP_046707396.1	WP_003974815.1	WP_150471676.1,WP_003949052.1,WP_045555928.1	9	9
Strep_C16192	Strep_C16192A3	2	0.2222222222222222	WP_011029090.1	WP_234442836.1	WP_319761735.1,WP_150472093.1,WP_003949639.1	8	9
Strep_C16198	Strep_C16198A2	2	0.2222222222222222	WP_003973335.1	WP_037728264.1	WP_045561406.1,WP_328836795.1,WP_086771989.1	6	8
Strep_C16219	Strep_C16219A3	2	0.2222222222222222	WP_003976513.1	WP_328842340.1	WP_208639607.1,WP_225930555.1,WP_086787321.1	8	9
Strep_C1628	Strep_C1628A0	1	0.1111111111111111	WP_328838853.1	WP_013003162.1	WP_369278485.1,WP_003975828.1,WP_237310143.1	8	8
Strep_C16292	Strep_C16292A3	2	0.2222222222222222	WP_003973686.1	WP_150472720.1	WP_045558984.1,WP_046709344.1,WP_003950821.1	7	9
Strep_C16305	Strep_C16305A3	2	0.2222222222222222	WP_003974001.1	WP_003948312.1	WP_328837254.1,WP_369279144.1,WP_045559218.1	8	9
Strep_C16307	Strep_C16307A0	1	0.1111111111111111	WP_086753540.1	WP_010642163.1	WP_150472816.1,WP_003973564.1,WP_045558879.1	9	9
Strep_C16334	Strep_C16334A3	2	0.2222222222222222	WP_003975906.1	WP_037703537.1	WP_086770357.1,WP_003950569.1,WP_045560652.1	8	9
Strep_C16372	Strep_C16372A2	2	0.2222222222222222	WP_011031564.1	WP_045555593.1	WP_328841128.1,WP_365271715.1,WP_078580269.1	7	8
Strep_C16405	Strep_C16405A4	2	0.2222222222222222	WP_003974037.1	WP_328839593.1	WP_328837278.1,WP_369279121.1,WP_003948339.1	9	9
Strep_C16423	Strep_C16423A0	1	0.1111111111111111	WP_328836514.1	WP_003972836.1	WP_328734813.1,WP_008410980.1,WP_045559794.1	9	9
Strep_C16424	Strep_C16424A0	1	0.1111111111111111	WP_328838771.1	WP_003975714.1	WP_369278517.1,WP_003950348.1,WP_237309801.1	9	9
Strep_C16458	Strep_C16458A3	2	0.2222222222222222	WP_003972879.1	WP_037700533.1	WP_150473224.1,WP_003951588.1,WP_045559876.1	8	9
Strep_C16462	Strep_C16462A0	1	0.1111111111111111	WP_408997013.1	WP_408997013.1	WP_150470907.1,WP_010637793.1,WP_003976276.1	9	9
Strep_C16468	Strep_C16468A3	2	0.2222222222222222	WP_003976789.1	WP_369278008.1	WP_327348757.1,WP_003947524.1,WP_045555790.1	8	9
Strep_C16473	Strep_C16473A3	2	0.2222222222222222	WP_003977618.1	WP_003946793.1	WP_045562347.1,WP_046708900.1,WP_086768474.1	7	9
Strep_C16477	Strep_C16477A3	2	0.2222222222222222	WP_003977745.1	WP_008408053.1	WP_037690750.1,WP_086765783.1,WP_237311671.1	8	9
Strep_C16502	Strep_C16502A3	2	0.2222222222222222	WP_003976951.1	WP_010355551.1	WP_328839938.1,WP_150470367.1,WP_003947427.1	8	9
Strep_C16516	Strep_C16516A0	1	0.1111111111111111	WP_328839611.1	WP_328839611.1	WP_150470683.1,WP_003947756.1,WP_003976550.1	9	9
Strep_C16517	Strep_C16517A2	2	0.2222222222222222	WP_003976966.1	WP_328839951.1	WP_369277919.1,WP_193381623.1,WP_013004625.1	7	8
Strep_C16530	Strep_C16530A3	2	0.2222222222222222	WP_003974314.1	WP_003948661.1	WP_033528317.1,WP_328837448.1,WP_086767469.1	7	9
Strep_C16547	Strep_C16547A2	2	0.2222222222222222	WP_003974837.1	WP_045555903.1	WP_328838340.1,WP_150471703.1,WP_013002567.1	7	8
Strep_C16548	Strep_C16548A0	1	0.1111111111111111	WP_328836281.1	WP_045556576.1	WP_328734677.1,WP_003972493.1,WP_011030956.1	8	8
Strep_C16549	Strep_C16549A2	2	0.2222222222222222	WP_003977293.1	WP_045557206.1	WP_328840198.1,WP_086768990.1,WP_037725662.1	7	8
Strep_C16563	Strep_C16563A3	2	0.2222222222222222	WP_003976766.1	WP_013004388.1	WP_037693313.1,WP_086771622.1,WP_003947547.1	8	9
Strep_C1657	Strep_C1657A0	1	0.1111111111111111	WP_328836116.1	WP_369279894.1	WP_015506768.1,WP_003972286.1,WP_177261707.1	9	9
Strep_C16580	Strep_C16580A0	1	0.1111111111111111	WP_060892544.1	WP_060892544.1	WP_319181560.1,WP_003978061.1,WP_045560033.1	8	8
Strep_C16582	Strep_C16582A0	1	0.1111111111111111	WP_328840092.1	WP_328840092.1	WP_086768943.1,WP_003947238.1,WP_003977147.1	9	9
Strep_C16587	Strep_C16587A3	2	0.2222222222222222	WP_003977603.1	WP_086771759.1	WP_328840407.1,WP_003946811.1,WP_045562358.1	8	9
Strep_C16588	Strep_C16588A0	1	0.1111111111111111	WP_327344742.1	WP_328735651.1	WP_003949386.1,WP_037666519.1,WP_045558503.1	9	9
Strep_C1659	Strep_C1659A0	1	0.1111111111111111	WP_328837207.1	WP_042799647.1	WP_365278803.1,WP_015507839.1,WP_237313308.1	9	9
Strep_C16621	Strep_C16621A0	1	0.1111111111111111	WP_319066464.1	WP_013001103.1	WP_150472593.1,WP_003973932.1,WP_045559157.1	8	8
Strep_C16631	Strep_C16631A3	2	0.2222222222222222	WP_003973759.1	WP_037695081.1	WP_150472680.1,WP_003950755.1,WP_045559045.1	8	9
Strep_C16639	Strep_C16639A0	1	0.1111111111111111	WP_328840803.1	WP_328840803.1	WP_150469684.1,WP_003977729.1,WP_237311664.1	8	8
Strep_C16657	Strep_C16657A4	2	0.2222222222222222	WP_003973942.1	WP_015507838.1	WP_328837208.1,WP_328841474.1,WP_150472584.1	9	9
Strep_C1669	Strep_C1669A0	1	0.1111111111111111	WP_328836017.1	WP_003947137.1	WP_150473768.1,WP_003972144.1,WP_045561632.1	9	9
Strep_C16695	Strep_C16695A0	1	0.1111111111111111	WP_037696279.1	WP_037696279.1	WP_364800668.1,WP_003947577.1,WP_003976735.1	9	9
Strep_C16696	Strep_C16696A3	2	0.2222222222222222	WP_003974984.1	WP_319762572.1	WP_086769049.1,WP_008416676.1,WP_045558461.1	8	9
Strep_C16699	Strep_C16699A3	2	0.2222222222222222	WP_003977008.1	WP_328839987.1	WP_045560797.1,WP_086769320.1,WP_003947377.1	7	9
Strep_C16719	Strep_C16719A3	2	0.2222222222222222	WP_003975477.1	WP_003948883.1	WP_328837621.1,WP_150472192.1,WP_045562648.1	8	9
Strep_C1673	Strep_C1673A3	2	0.2222222222222222	WP_003973290.1	WP_328836749.1	WP_086766416.1,WP_003951206.1,WP_045561368.1	8	9
Strep_C16735	Strep_C16735A3	2	0.2222222222222222	WP_011029291.1	WP_011029291.1	WP_037689661.1,WP_073491260.1,WP_003949379.1	8	9
Strep_C1674	Strep_C1674A0	1	0.1111111111111111	WP_328836892.1	WP_328836892.1	WP_369279319.1,WP_015507069.1,WP_003973504.1	9	9
Strep_C16750	Strep_C16750A0	1	0.1111111111111111	WP_327342564.1	WP_037729860.1	WP_150473630.1,WP_003972322.1,WP_045556741.1	8	8
Strep_C16751	Strep_C16751A2	2	0.2222222222222222	WP_003977108.1	WP_041669996.1	WP_037701995.1,WP_365275802.1,WP_045557009.1	7	8
Strep_C16767	Strep_C16767A0	2	0.2222222222222222	WP_003993203.1	WP_003993203.1	WP_020270051.1,WP_081219617.1,WP_003951083.1	7	9
Strep_C16768	Strep_C16768A0	1	0.1111111111111111	WP_037693245.1	WP_037693245.1	WP_328736788.1,WP_003947509.1,WP_003976805.1	9	9
Strep_C16791	Strep_C16791A0	1	0.1111111111111111	WP_328836715.1	WP_369279449.1	WP_003973235.1,WP_045561123.1,WP_011030454.1	8	8
Strep_C16800	Strep_C16800A3	2	0.2222222222222222	WP_003974588.1	WP_003974946.1	WP_328838525.1,WP_150471549.1,WP_003950085.1	10	9
Strep_C16842	Strep_C16842A6	2	0.2222222222222222	WP_003973149.1	WP_050372188.1	WP_210551143.1,WP_328836675.1,WP_192364536.1	13	9
Strep_C16862	Strep_C16862A0	1	0.1111111111111111	WP_319695875.1	WP_003951502.1	WP_328835130.1,WP_010360499.1,WP_369277091.1	11	9
Strep_C16890	Strep_C16890A3	2	0.2222222222222222	WP_003977169.1	WP_041670017.1	WP_045557083.1,WP_319766141.1,WP_150470174.1	7	9
Strep_C16907	Strep_C16907A2	2	0.2222222222222222	WP_016326845.1	WP_369278662.1	WP_328838429.1,WP_234442434.1,WP_231885113.1	7	8
Strep_C16912	Strep_C16912A3	2	0.2222222222222222	WP_003974894.1	WP_003949533.1	WP_046709551.1,WP_086771918.1,WP_045562552.1	8	9
Strep_C16924	Strep_C16924A3	2	0.2222222222222222	WP_011028458.1	WP_011028458.1	WP_046703647.1,WP_086767288.1,WP_008411884.1	8	9
Strep_C16929	Strep_C16929A0	1	0.1111111111111111	WP_328837206.1	WP_037666364.1	WP_369279174.1,WP_003948245.1,WP_045559160.1	9	9
Strep_C16930	Strep_C16930A0	1	0.1111111111111111	WP_328839736.1	WP_042799504.1	WP_369278019.1,WP_045555293.1,WP_003976749.1	8	8
Strep_C16997	Strep_C16997A0	1	0.1111111111111111	WP_037700816.1	WP_037700816.1	WP_086772805.1,WP_015506978.1,WP_003973181.1	9	9
Strep_C17006	Strep_C17006A0	1	0.1111111111111111	WP_319765938.1	WP_150470006.1	WP_003977416.1,WP_045557312.1,WP_011027773.1	8	8
Strep_C17014	Strep_C17014A0	1	0.1111111111111111	WP_328836331.1	WP_003951787.1	WP_150473430.1,WP_003972672.1,WP_177261888.1	9	9
Strep_C17020	Strep_C17020A3	2	0.2222222222222222	WP_003976619.1	WP_003976619.1	WP_328839658.1,WP_369278057.1,WP_003947691.1	8	9
Strep_C17055	Strep_C17055A0	1	0.1111111111111111	WP_037700873.1	WP_037700873.1	WP_369279457.1,WP_003951292.1,WP_003973210.1	9	9
Strep_C17056	Strep_C17056A3	2	0.2222222222222222	WP_272819702.1	WP_078935457.1	WP_086764528.1,WP_078884611.1,WP_161270547.1	7	8
Strep_C17061	Strep_C17061A0	1	0.1111111111111111	WP_328839800.1	WP_328839800.1	WP_150470465.1,WP_003949737.1,WP_003976825.1	9	9
Strep_C17065	Strep_C17065A3	2	0.2222222222222222	WP_003974747.1	WP_150471631.1	WP_045555976.1,WP_037688441.1,WP_003949791.1	7	9
Strep_C17077	Strep_C17077A4	2	0.2222222222222222	WP_045556960.1	WP_008403414.1	WP_328840019.1,WP_365275897.1,WP_003977064.1	8	9
Strep_C17079	Strep_C17079A0	1	0.1111111111111111	WP_319765654.1	WP_010640369.1	WP_150474370.1,WP_003977740.1,WP_093790608.1	9	9
Strep_C17085	Strep_C17085A2	2	0.2222222222222222	WP_003974480.1	WP_003974480.1	WP_086754541.1,WP_369278982.1,WP_237313426.1	7	8
Strep_C1710	Strep_C1710A0	1	0.1111111111111111	WP_328837163.1	WP_328837163.1	WP_369279188.1,WP_003950655.1,WP_003973855.1	9	9
Strep_C1711	Strep_C1711A0	1	0.1111111111111111	WP_328840203.1	WP_328840203.1	WP_328736982.1,WP_003977299.1,WP_045557212.1	8	8
Strep_C17121	Strep_C17121A3	2	0.2222222222222222	WP_003974389.1	WP_037696358.1	WP_150472288.1,WP_003948741.1,WP_045559591.1	8	9
Strep_C17130	Strep_C17130A0	1	0.1111111111111111	WP_328840385.1	WP_150469883.1	WP_003977583.1,WP_045562381.1,WP_011027667.1	8	8
Strep_C17131	Strep_C17131A3	2	0.2222222222222222	WP_030870060.1	WP_150472876.1	WP_078853897.1,WP_328836894.1,WP_008410668.1	7	9
Strep_C17142	Strep_C17142A3	2	0.2222222222222222	WP_003973245.1	WP_003951261.1	WP_045561135.1,WP_037700951.1,WP_086770313.1	7	9
Strep_C17175	Strep_C17175A3	2	0.2222222222222222	WP_016326377.1	WP_010356951.1	WP_409130493.1,WP_365271244.1,WP_008409138.1	8	9
Strep_C17183	Strep_C17183A3	2	0.2222222222222222	WP_003977010.1	WP_046704935.1	WP_086769314.1,WP_003947374.1,WP_045560794.1	8	9
Strep_C17188	Strep_C17188A2	2	0.2222222222222222	WP_003978125.1	WP_328835751.1	WP_150474815.1,WP_045560125.1,WP_012998752.1	7	8
Strep_C17198	Strep_C17198A3	2	0.2222222222222222	WP_003973756.1	WP_190047056.1	WP_013000816.1,WP_328842130.1,WP_026048295.1	7	9
Strep_C17234	Strep_C17234A3	2	0.2222222222222222	WP_003975126.1	WP_049875877.1	WP_037690328.1,WP_150471903.1,WP_003949307.1	8	9
Strep_C17267	Strep_C17267A3	2	0.2222222222222222	WP_003977159.1	WP_003947225.1	WP_046707724.1,WP_086770411.1,WP_093789411.1	8	9
Strep_C17313	Strep_C17313A0	2	0.2222222222222222	WP_005486827.1	WP_005486827.1	WP_003975843.1,WP_009320785.1,WP_086769235.1	6	9
Strep_C17315	Strep_C17315A3	2	0.2222222222222222	WP_003975269.1	WP_046709563.1	WP_150472021.1,WP_003949202.1,WP_045558227.1	8	9
Strep_C17316	Strep_C17316A0	4	0.4444444444444444	WP_189823911.1	WP_189823911.1	WP_003975799.1,WP_187282414.1,WP_003950455.1	5	9
Strep_C17339	Strep_C17339A3	2	0.2222222222222222	WP_003977599.1	WP_003946814.1	WP_037704931.1,WP_369277684.1,WP_045562362.1	8	9
Strep_C17340	Strep_C17340A3	2	0.2222222222222222	WP_003977484.1	WP_003946891.1	WP_060885535.1,WP_328840320.1,WP_150469941.1	7	9
Strep_C17343	Strep_C17343A3	2	0.2222222222222222	WP_003975444.1	WP_003948901.1	WP_045562630.1,WP_319697451.1,WP_150472175.1	7	9
Strep_C1736	Strep_C1736A0	1	0.1111111111111111	WP_328839853.1	WP_003976866.1	WP_369277957.1,WP_045560952.1,WP_011028063.1	8	8
Strep_C17377	Strep_C17377A3	2	0.2222222222222222	WP_003974105.1	WP_037694439.1	WP_045562906.1,WP_229894457.1,WP_015507781.1	7	9
Strep_C17385	Strep_C17385A3	2	0.2222222222222222	WP_003977361.1	WP_328840232.1	WP_045557263.1,WP_150470045.1,WP_003947007.1	7	9
Strep_C17395	Strep_C17395A0	1	0.1111111111111111	WP_328836909.1	WP_369279312.1	WP_003973525.1,WP_371271445.1,WP_011030270.1	8	8
Strep_C17396	Strep_C17396A0	1	0.1111111111111111	WP_328836743.1	WP_369279434.1	WP_003951225.1,WP_003973275.1,WP_045561156.1	9	9
Strep_C17402	Strep_C17402A3	2	0.2222222222222222	WP_003975300.1	WP_003949167.1	WP_327344333.1,WP_086772962.1,WP_045558159.1	8	9
Strep_C1744	Strep_C1744A0	1	0.1111111111111111	WP_328836700.1	WP_328836700.1	WP_328734947.1,WP_015506986.1,WP_003973207.1	9	9
Strep_C17442	Strep_C17442A0	1	0.1111111111111111	WP_328835813.1	WP_010357766.1	WP_150473924.1,WP_003978076.1,WP_045560044.1	8	8
Strep_C17453	Strep_C17453A2	2	0.2222222222222222	WP_016327825.1	WP_328836132.1	WP_150473632.1,WP_045556748.1,WP_012999406.1	7	8
Strep_C17455	Strep_C17455A3	2	0.2222222222222222	WP_003974584.1	WP_328838530.1	WP_045556080.1,WP_150471546.1,WP_003950092.1	7	9
Strep_C17463	Strep_C17463A3	2	0.2222222222222222	WP_003975031.1	WP_150471844.1	WP_328838169.1,WP_003949394.1,WP_045558496.1	8	9
Strep_C17486	Strep_C17486A2	2	0.2222222222222222	WP_030872400.1	WP_045556179.1	WP_328838676.1,WP_086773380.1,WP_013002899.1	7	8
Strep_C17500	Strep_C17500A2	2	0.2222222222222222	WP_011028033.1	WP_037728179.1	WP_328839916.1,WP_150470389.1,WP_045560880.1	7	8
Strep_C17513	Strep_C17513A3	2	0.2222222222222222	WP_003974745.1	WP_046707143.1	WP_033322296.1,WP_073941673.1,WP_008410337.1	7	9
Strep_C17518	Strep_C17518A0	1	0.1111111111111111	WP_328836693.1	WP_328836693.1	WP_086772210.1,WP_003973193.1,WP_237313181.1	8	8
Strep_C17523	Strep_C17523A3	2	0.2222222222222222	WP_003973214.1	WP_086773158.1	WP_328836705.1,WP_003951289.1,WP_078853772.1	8	9
Strep_C1753	Strep_C1753A3	2	0.2222222222222222	WP_011030459.1	WP_011030459.1	WP_328836710.1,WP_369279452.1,WP_010641724.1	8	9
Strep_C17540	Strep_C17540A3	2	0.2222222222222222	WP_003973634.1	WP_003973634.1	WP_060883293.1,WP_037695368.1,WP_086770594.1	7	9
Strep_C17575	Strep_C17575A0	4	0.4444444444444444	WP_013001223.1	WP_013001223.1	WP_003974066.1,WP_190046492.1,WP_003948375.1	5	9
Strep_C17576	Strep_C17576A3	2	0.2222222222222222	WP_003975748.1	WP_028797028.1	WP_045556447.1,WP_150471342.1,WP_003950390.1	7	9
Strep_C17579	Strep_C17579A3	2	0.2222222222222222	WP_003975684.1	WP_046706161.1	WP_086770897.1,WP_008415217.1,WP_045556264.1	8	9
Strep_C17586	Strep_C17586A0	1	0.1111111111111111	WP_328840796.1	WP_328840796.1	WP_369277552.1,WP_003952238.1,WP_003977718.1	9	9
Strep_C17590	Strep_C17590A2	2	0.2222222222222222	WP_003972414.1	WP_086769740.1	WP_328836212.1,WP_045556654.1,WP_063807178.1	7	8
Strep_C17597	Strep_C17597A3	2	0.2222222222222222	WP_003973594.1	WP_369279276.1	WP_045558904.1,WP_037695455.1,WP_003950911.1	7	9
Strep_C17598	Strep_C17598A0	1	0.1111111111111111	WP_037701019.1	WP_369279433.1	WP_016327412.1,WP_193381301.1,WP_161270562.1	8	8
Strep_C17601	Strep_C17601A3	2	0.2222222222222222	WP_003977171.1	WP_003947212.1	WP_045557086.1,WP_046709843.1,WP_086770157.1	7	9
Strep_C17615	Strep_C17615A0	1	0.1111111111111111	WP_328834816.1	WP_003975223.1	WP_328837862.1,WP_010351565.1,WP_369277303.1	11	9
Strep_C17620	Strep_C17620A3	2	0.2222222222222222	WP_030871078.1	WP_078853424.1	WP_328840215.1,WP_150470065.1,WP_015508165.1	9	9
Strep_C17632	Strep_C17632A2	2	0.2222222222222222	WP_003975710.1	WP_013003048.1	WP_327345334.1,WP_150471376.1,WP_045556292.1	7	8
Strep_C17641	Strep_C17641A3	2	0.2222222222222222	WP_011030451.1	WP_010358953.1	WP_328835524.1,WP_150473071.1,WP_150473173.1	9	8
Strep_C17642	Strep_C17642A0	1	0.1111111111111111	WP_328835999.1	WP_010359384.1	WP_150473821.1,WP_003977925.1,WP_045561581.1	8	8
Strep_C17647	Strep_C17647A0	2	0.2222222222222222	WP_005476003.1	WP_005476003.1	WP_003975365.1,WP_013001822.1,WP_020129286.1	6	9
Strep_C17648	Strep_C17648A3	2	0.2222222222222222	WP_007447704.1	WP_037701619.1	WP_045557177.1,WP_086772228.1,WP_010636594.1	7	9
Strep_C17653	Strep_C17653A0	1	0.1111111111111111	WP_328840403.1	WP_328840403.1	WP_369277685.1,WP_003946815.1,WP_003977598.1	9	9
Strep_C17692	Strep_C17692A2	2	0.2222222222222222	WP_003973517.1	WP_045562478.1	WP_328836904.1,WP_369279316.1,WP_013000521.1	7	8
Strep_C17712	Strep_C17712A0	1	0.1111111111111111	WP_328839481.1	WP_010351961.1	WP_369278125.1,WP_003947827.1,WP_003976458.1	9	9
Strep_C17715	Strep_C17715A4	2	0.2222222222222222	WP_045558889.1	WP_010353243.1	WP_046708624.1,WP_086770812.1,WP_003950933.1	8	9
Strep_C17716	Strep_C17716A3	2	0.2222222222222222	WP_003976190.1	WP_010355324.1	WP_086747081.1,WP_150470978.1,WP_003948038.1	8	9
Strep_C17722	Strep_C17722A3	2	0.2222222222222222	WP_007387684.1	WP_037695422.1	WP_365272368.1,WP_003950895.1,WP_045558915.1	8	9
Strep_C17723	Strep_C17723A3	2	0.2222222222222222	WP_003973145.1	WP_037700766.1	WP_086769933.1,WP_003951351.1,WP_045561056.1	8	9
Strep_C17725	Strep_C17725A2	2	0.2222222222222222	WP_016327210.1	WP_319055049.1	WP_190046500.1,WP_045559098.1,WP_013000881.1	7	8
Strep_C17733	Strep_C17733A2	2	0.2222222222222222	WP_003976466.1	WP_328839489.1	WP_150470746.1,WP_045557964.1,WP_013004087.1	7	8
Strep_C17739	Strep_C17739A0	1	0.1111111111111111	WP_328842091.1	WP_328842091.1	WP_086765072.1,WP_016327715.1,WP_045556884.1	8	8
Strep_C17751	Strep_C17751A3	2	0.2222222222222222	WP_003972232.1	WP_015506752.1	WP_328836077.1,WP_150473700.1,WP_093788706.1	8	9
Strep_C17755	Strep_C17755A0	1	0.1111111111111111	WP_328836838.1	WP_003973412.1	WP_365275702.1,WP_003951113.1,WP_237313218.1	9	9
Strep_C17757	Strep_C17757A4	2	0.2222222222222222	WP_045560737.1	WP_003975811.1	WP_328838835.1,WP_369278488.1,WP_003950469.1	8	9
Strep_C17760	Strep_C17760A3	2	0.2222222222222222	WP_003976712.1	WP_003976712.1	WP_328839710.1,WP_150470568.1,WP_003947601.1	8	9
Strep_C1777	Strep_C1777A0	1	0.1111111111111111	WP_328838824.1	WP_015507211.1	WP_369278492.1,WP_003975800.1,WP_045560745.1	9	9
Strep_C17799	Strep_C17799A3	2	0.2222222222222222	WP_003973808.1	WP_029183381.1	WP_328837138.1,WP_073493073.1,WP_003950710.1	8	9
Strep_C17815	Strep_C17815A3	2	0.2222222222222222	WP_011028236.1	WP_328839609.1	WP_086764552.1,WP_003947759.1,WP_045562824.1	8	9
Strep_C17820	Strep_C17820A0	1	0.1111111111111111	WP_328837391.1	WP_150472389.1	WP_186009691.1,WP_237313367.1,WP_187438393.1	8	8
Strep_C17824	Strep_C17824A3	2	0.2222222222222222	WP_003977513.1	WP_369277715.1	WP_037704851.1,WP_003946866.1,WP_045563210.1	8	9
Strep_C17832	Strep_C17832A3	2	0.2222222222222222	WP_003977021.1	WP_003947363.1	WP_319697048.1,WP_086772533.1,WP_093788510.1	8	9
Strep_C17845	Strep_C17845A0	1	0.1111111111111111	WP_328839624.1	WP_003976573.1	WP_369278077.1,WP_093792665.1,WP_011028218.1	8	8
Strep_C17846	Strep_C17846A3	2	0.2222222222222222	WP_003976765.1	WP_003976765.1	WP_037693315.1,WP_365267621.1,WP_003947548.1	8	9
Strep_C1785	Strep_C1785A0	1	0.1111111111111111	WP_413254419.1	WP_413254419.1	WP_369280711.1,WP_031177066.1,WP_003972452.1	9	9
Strep_C17895	Strep_C17895A2	2	0.2222222222222222	WP_003974971.1	WP_319762605.1	WP_045558445.1,WP_086771609.1,WP_013002323.1	6	8
Strep_C17900	Strep_C17900A3	2	0.2222222222222222	WP_011029839.1	WP_328837405.1	WP_086769651.1,WP_010638764.1,WP_045559475.1	8	9
Strep_C17931	Strep_C17931A3	2	0.2222222222222222	WP_045556700.1	WP_003972340.1	WP_328836175.1,WP_150473595.1,WP_011031080.1	7	8
Strep_C1795	Strep_C1795A3	2	0.2222222222222222	WP_003973119.1	WP_237313173.1	WP_328836674.1,WP_369279478.1,WP_003951352.1	8	9
Strep_C17980	Strep_C17980A0	1	0.1111111111111111	WP_328837419.1	WP_328837419.1	WP_086767147.1,WP_003948622.1,WP_003974247.1	9	9
Strep_C17988	Strep_C17988A3	2	0.2222222222222222	WP_003972894.1	WP_073493321.1	WP_033529424.1,WP_037701061.1,WP_003951582.1	7	9
Strep_C18004	Strep_C18004A0	1	0.1111111111111111	WP_328837648.1	WP_003948953.1	WP_150472156.1,WP_003975414.1,WP_045562607.1	9	9
Strep_C18019	Strep_C18019A4	3	0.3333333333333333	WP_013003228.1	WP_003975875.1	WP_033525002.1,WP_073495779.1,WP_003950533.1	6	9
Strep_C18061	Strep_C18061A0	1	0.1111111111111111	WP_328842332.1	WP_010354711.1	WP_328736460.1,WP_003976421.1,WP_086786671.1	8	8
Strep_C18074	Strep_C18074A3	2	0.2222222222222222	WP_003974266.1	WP_037694109.1	WP_086773106.1,WP_003948642.1,WP_045559453.1	8	9
Strep_C18084	Strep_C18084A0	1	0.1111111111111111	WP_328836338.1	WP_328836338.1	WP_328734720.1,WP_003972683.1,WP_237313021.1	8	8
Strep_C18090	Strep_C18090A3	2	0.2222222222222222	WP_003976804.1	WP_150470482.1	WP_037693246.1,WP_003947510.1,WP_045555235.1	8	9
Strep_C18153	Strep_C18153A2	2	0.2222222222222222	WP_003972320.1	WP_037704183.1	WP_086771774.1,WP_045556747.1,WP_012999407.1	7	8
Strep_C18158	Strep_C18158A0	1	0.1111111111111111	WP_328835950.1	WP_328835950.1	WP_266465782.1,WP_003977976.1,WP_045561533.1	8	8
Strep_C18159	Strep_C18159A0	1	0.1111111111111111	WP_328837454.1	WP_328837454.1	WP_266460992.1,WP_003948674.1,WP_003974330.1	9	9
Strep_C18164	Strep_C18164A3	2	0.2222222222222222	WP_003977621.1	WP_328840422.1	WP_150469851.1,WP_010639665.1,WP_045562344.1	8	9
Strep_C18165	Strep_C18165A3	2	0.2222222222222222	WP_003971862.1	WP_328841120.1	WP_150469287.1,WP_008408790.1,WP_045555600.1	8	9
Strep_C18170	Strep_C18170A3	2	0.2222222222222222	WP_016326218.1	WP_150471018.1	WP_046708271.1,WP_003948063.1,WP_045557562.1	8	9
Strep_C18175	Strep_C18175A3	2	0.2222222222222222	WP_003976859.1	WP_369277962.1	WP_328839842.1,WP_003947470.1,WP_045560961.1	8	9
Strep_C18178	Strep_C18178A2	2	0.2222222222222222	WP_003972510.1	WP_369279696.1	WP_078531507.1,WP_328836292.1,WP_078853363.1	6	8
Strep_C18182	Strep_C18182A0	1	0.1111111111111111	WP_328839608.1	WP_003947760.1	WP_369278083.1,WP_003976544.1,WP_045562823.1	9	9
Strep_C18189	Strep_C18189A3	2	0.2222222222222222	WP_003973751.1	WP_003950761.1	WP_045559035.1,WP_037695097.1,WP_086766031.1	7	9
Strep_C1819	Strep_C1819A0	1	0.1111111111111111	WP_328839825.1	WP_369277968.1	WP_003947475.1,WP_003976853.1,WP_045560971.1	9	9
Strep_C18190	Strep_C18190A3	2	0.2222222222222222	WP_003974158.1	WP_008410614.1	WP_060883574.1,WP_328837361.1,WP_150472419.1	7	9
Strep_C18196	Strep_C18196A3	2	0.2222222222222222	WP_045555418.1	WP_003976377.1	WP_319760412.1,WP_086771499.1,WP_011028347.1	7	8
Strep_C1820	Strep_C1820A0	1	0.1111111111111111	WP_328836515.1	WP_003951612.1	WP_150473278.1,WP_037667180.1,WP_045559796.1	9	9
Strep_C18217	Strep_C18217A0	1	0.1111111111111111	WP_328836956.1	WP_086800234.1	WP_369280691.1,WP_016327307.1,WP_093792342.1	8	8
Strep_C1823	Strep_C1823A0	1	0.1111111111111111	WP_328835994.1	WP_328835994.1	WP_365266543.1,WP_015508264.1,WP_016325540.1	9	9
Strep_C18235	Strep_C18235A3	2	0.2222222222222222	WP_003993508.1	WP_005481597.1	WP_045561067.1,WP_020125132.1,WP_003951335.1	7	9
Strep_C1825	Strep_C1825A0	1	0.1111111111111111	WP_328836197.1	WP_328734636.1	WP_037667140.1,WP_237312968.1,WP_011031021.1	8	8
Strep_C18251	Strep_C18251A2	2	0.2222222222222222	WP_003973424.1	WP_369279357.1	WP_328836844.1,WP_045561474.1,WP_037724713.1	7	8
Strep_C18252	Strep_C18252A0	1	0.1111111111111111	WP_328839750.1	WP_003947540.1	WP_266455470.1,WP_016325993.1,WP_045555274.1	9	9
Strep_C18256	Strep_C18256A3	2	0.2222222222222222	WP_003975504.1	WP_003948850.1	WP_328837604.1,WP_365281715.1,WP_237313433.1	8	9
Strep_C18303	Strep_C18303A3	2	0.2222222222222222	WP_016327290.1	WP_033529327.1	WP_150472797.1,WP_008407910.1,WP_045558900.1	8	9
Strep_C18305	Strep_C18305A0	1	0.1111111111111111	WP_046703137.1	WP_046703137.1	WP_150471871.1,WP_003949344.1,WP_003975083.1	9	9
Strep_C18306	Strep_C18306A3	2	0.2222222222222222	WP_003977199.1	WP_327346841.1	WP_045557124.1,WP_086769446.1,WP_003947184.1	7	9
Strep_C18310	Strep_C18310A2	2	0.2222222222222222	WP_003973437.1	WP_328836854.1	WP_369279353.1,WP_045561487.1,WP_013000446.1	7	8
Strep_C18311	Strep_C18311A3	2	0.2222222222222222	WP_003975315.1	WP_328837769.1	WP_086771790.1,WP_008413909.1,WP_045558141.1	8	9
Strep_C18317	Strep_C18317A2	2	0.2222222222222222	WP_003974772.1	WP_150471653.1	WP_328838398.1,WP_237309539.1,WP_013002618.1	7	8
Strep_C18324	Strep_C18324A3	2	0.2222222222222222	WP_003977383.1	WP_003946986.1	WP_319765965.1,WP_086764969.1,WP_237311050.1	8	9
Strep_C1833	Strep_C1833A0	1	0.1111111111111111	WP_328834817.1	WP_328835936.1	WP_192361951.1,WP_010351566.1,WP_369277304.1	12	9
Strep_C18333	Strep_C18333A2	2	0.2222222222222222	WP_003973175.1	WP_003973175.1	WP_045561074.1,WP_037700807.1,WP_150473115.1	6	8
Strep_C18334	Strep_C18334A2	2	0.2222222222222222	WP_003973817.1	WP_003973817.1	WP_037694964.1,WP_369279197.1,WP_033525501.1	7	8
Strep_C1836	Strep_C1836A0	1	0.1111111111111111	WP_328836582.1	WP_010353158.1	WP_150473211.1,WP_003951578.1,WP_003972897.1	9	9
Strep_C18376	Strep_C18376A3	2	0.2222222222222222	WP_003973635.1	WP_046705585.1	WP_033526519.1,WP_150472770.1,WP_003950872.1	7	9
Strep_C18377	Strep_C18377A3	2	0.2222222222222222	WP_003974562.1	WP_079024552.1	WP_045556112.1,WP_086771955.1,WP_003950109.1	7	9
Strep_C18390	Strep_C18390A2	2	0.2222222222222222	WP_003973515.1	WP_150472868.1	WP_037695775.1,WP_045562476.1,WP_013000519.1	7	8
Strep_C18412	Strep_C18412A3	2	0.2222222222222222	WP_003973620.1	WP_008409330.1	WP_328837015.1,WP_150472780.1,WP_045558926.1	8	9
Strep_C18421	Strep_C18421A2	2	0.2222222222222222	WP_003976533.1	WP_003976533.1	WP_328839601.1,WP_150470694.1,WP_045562817.1	7	8
Strep_C18432	Strep_C18432A3	2	0.2222222222222222	WP_003976168.1	WP_011027508.1	WP_319761191.1,WP_150471017.1,WP_003948061.1	9	9
Strep_C18463	Strep_C18463A0	5	0.5555555555555556	WP_005481233.1	WP_005481233.1	WP_150472363.1,WP_003948643.1,WP_016327047.1	5	9
Strep_C18470	Strep_C18470A2	2	0.2222222222222222	WP_003976456.1	WP_328839480.1	WP_150470754.1,WP_045557952.1,WP_013004019.1	7	8
Strep_C18475	Strep_C18475A2	2	0.2222222222222222	WP_003972301.1	WP_150473641.1	WP_319764748.1,WP_045556760.1,WP_012999257.1	7	8
Strep_C18480	Strep_C18480A0	1	0.1111111111111111	WP_328836087.1	WP_369279908.1	WP_003972250.1,WP_045556806.1,WP_011031152.1	8	8
Strep_C1852	Strep_C1852A4	2	0.2222222222222222	WP_003974302.1	WP_003951742.1	WP_328837436.1,WP_086767452.1,WP_003948650.1	9	9
Strep_C18530	Strep_C18530A0	2	0.2222222222222222	WP_005478380.1	WP_005478380.1	WP_003976633.1,WP_086769669.1,WP_003947677.1	7	9
Strep_C18531	Strep_C18531A3	2	0.2222222222222222	WP_003976736.1	WP_037693365.1	WP_266455541.1,WP_003947576.1,WP_045555307.1	8	9
Strep_C18536	Strep_C18536A2	2	0.2222222222222222	WP_003976844.1	WP_328839822.1	WP_369277972.1,WP_193380817.1,WP_078580228.1	7	8
Strep_C186	Strep_C186A0	1	0.1111111111111111	WP_328836738.1	WP_038534330.1	WP_369279438.1,WP_015506998.1,WP_045561148.1	9	9
Strep_C18601	Strep_C18601A0	1	0.1111111111111111	WP_327346889.1	WP_327346889.1	WP_167534842.1,WP_008412485.1,WP_016325821.1	9	9
Strep_C18605	Strep_C18605A2	2	0.2222222222222222	WP_016326371.1	WP_328838842.1	WP_150471294.1,WP_237310137.1,WP_013003153.1	7	8
Strep_C18667	Strep_C18667A3	2	0.2222222222222222	WP_003974921.1	WP_037689427.1	WP_045562584.1,WP_150471762.1,WP_003949500.1	7	9
Strep_C1867	Strep_C1867A0	1	0.1111111111111111	WP_328836078.1	WP_010356622.1	WP_369279915.1,WP_015506753.1,WP_003972233.1	9	9
Strep_C18671	Strep_C18671A3	2	0.2222222222222222	WP_003972584.1	WP_328836324.1	WP_086765125.1,WP_003951846.1,WP_045556883.1	8	9
Strep_C18675	Strep_C18675A0	1	0.1111111111111111	WP_328839747.1	WP_328839747.1	WP_150470522.1,WP_003947543.1,WP_003976771.1	9	9
Strep_C1869	Strep_C1869A3	2	0.2222222222222222	WP_003973199.1	WP_086772204.1	WP_328836696.1,WP_003951303.1,WP_045561089.1	8	9
Strep_C18718	Strep_C18718A0	1	0.1111111111111111	WP_328836240.1	WP_010355118.1	WP_266464720.1,WP_003972455.1,WP_045556613.1	8	8
Strep_C1872	Strep_C1872A0	1	0.1111111111111111	WP_328837021.1	WP_016327276.1	WP_086770600.1,WP_015507094.1,WP_177261985.1	9	9
Strep_C18731	Strep_C18731A4	2	0.2222222222222222	WP_045556925.1	WP_328836073.1	WP_369279918.1,WP_003952091.1,WP_003972227.1	8	9
Strep_C18769	Strep_C18769A4	2	0.2222222222222222	WP_003978121.1	WP_093792909.1	WP_037698161.1,WP_328835760.1,WP_086804273.1	12	9
Strep_C18776	Strep_C18776A2	2	0.2222222222222222	WP_003976365.1	WP_046773305.1	WP_413254515.1,WP_190046790.1,WP_045557864.1	7	8
Strep_C18793	Strep_C18793A3	2	0.2222222222222222	WP_003973714.1	WP_037695190.1	WP_086771224.1,WP_003950800.1,WP_045558996.1	8	9
Strep_C18800	Strep_C18800A3	2	0.2222222222222222	WP_003976822.1	WP_328839798.1	WP_369277987.1,WP_003947495.1,WP_045555219.1	8	9
Strep_C18822	Strep_C18822A3	2	0.2222222222222222	WP_016327875.1	WP_016327875.1	WP_045559823.1,WP_037700439.1,WP_037704088.1	10	8
Strep_C18853	Strep_C18853A2	2	0.2222222222222222	WP_011028217.1	WP_029184344.1	WP_328839623.1,WP_369278078.1,WP_045562840.1	7	8
Strep_C18859	Strep_C18859A2	2	0.2222222222222222	WP_003973208.1	WP_327343230.1	WP_045561095.1,WP_150473095.1,WP_013000254.1	6	8
Strep_C18860	Strep_C18860A0	1	0.1111111111111111	WP_327347152.1	WP_327347152.1	WP_369277709.1,WP_003946861.1,WP_003977528.1	9	9
Strep_C18887	Strep_C18887A0	1	0.1111111111111111	WP_413254638.1	WP_003946873.1	WP_086772420.1,WP_016328026.1,WP_371271396.1	9	9
Strep_C18888	Strep_C18888A0	1	0.1111111111111111	WP_037701501.1	WP_003947060.1	WP_086769024.1,WP_003977308.1,WP_045557221.1	9	9
Strep_C18900	Strep_C18900A0	1	0.1111111111111111	WP_046707359.1	WP_003976025.1	WP_150471155.1,WP_003948165.1,WP_237310209.1	9	9
Strep_C18940	Strep_C18940A3	2	0.2222222222222222	WP_003974050.1	WP_328837286.1	WP_150472495.1,WP_003948352.1,WP_045559182.1	8	9
Strep_C1895	Strep_C1895A0	1	0.1111111111111111	WP_328838083.1	WP_003949268.1	WP_365268300.1,WP_003975151.1,WP_093790274.1	9	9
Strep_C18961	Strep_C18961A3	2	0.2222222222222222	WP_003975789.1	WP_003950445.1	WP_319769300.1,WP_150471313.1,WP_045556358.1	8	9
Strep_C1899	Strep_C1899A0	1	0.1111111111111111	WP_328836986.1	WP_328836986.1	WP_369279285.1,WP_003950938.1,WP_003973573.1	9	9
Strep_C19014	Strep_C19014A3	2	0.2222222222222222	WP_003974832.1	WP_037688246.1	WP_045555910.1,WP_073496855.1,WP_003949129.1	7	9
Strep_C19015	Strep_C19015A3	2	0.2222222222222222	WP_003976664.1	WP_037693492.1	WP_033528179.1,WP_073491889.1,WP_003947648.1	7	9
Strep_C19016	Strep_C19016A2	2	0.2222222222222222	WP_016328048.1	WP_037698332.1	WP_045560178.1,WP_086769505.1,WP_012998703.1	6	8
Strep_C19075	Strep_C19075A0	1	0.1111111111111111	WP_328840956.1	WP_010357186.1	WP_150469422.1,WP_003972072.1,WP_045555741.1	8	8
Strep_C19079	Strep_C19079A3	2	0.2222222222222222	WP_030186848.1	WP_029184084.1	WP_037703703.1,WP_086767291.1,WP_008411883.1	8	9
Strep_C19081	Strep_C19081A3	2	0.2222222222222222	WP_003975043.1	WP_327344738.1	WP_328735647.1,WP_003949382.1,WP_045558507.1	8	9
Strep_C19091	Strep_C19091A2	2	0.2222222222222222	WP_003977113.1	WP_328840066.1	WP_086772389.1,WP_093791903.1,WP_013004788.1	7	8
Strep_C19105	Strep_C19105A0	1	0.1111111111111111	WP_319763740.1	WP_003950699.1	WP_150472638.1,WP_003973819.1,WP_093792431.1	9	9
Strep_C19152	Strep_C19152A0	2	0.2222222222222222	WP_005485453.1	WP_005485453.1	WP_003977321.1,WP_033532580.1,WP_086766745.1	6	9
Strep_C19174	Strep_C19174A2	2	0.2222222222222222	WP_003978060.1	WP_167534986.1	WP_319695340.1,WP_237312867.1,WP_012998843.1	7	8
Strep_C19185	Strep_C19185A0	1	0.1111111111111111	WP_037701931.1	WP_003947253.1	WP_086771081.1,WP_030868049.1,WP_045557036.1	9	9
Strep_C19191	Strep_C19191A3	2	0.2222222222222222	WP_003973458.1	WP_003951069.1	WP_045561500.1,WP_046704326.1,WP_086767384.1	7	9
Strep_C192	Strep_C192A0	1	0.1111111111111111	WP_328838836.1	WP_328838836.1	WP_369278487.1,WP_003950470.1,WP_003975812.1	9	9
Strep_C19200	Strep_C19200A3	2	0.2222222222222222	WP_003973215.1	WP_003973215.1	WP_037700890.1,WP_150473089.1,WP_015506987.1	8	9
Strep_C19203	Strep_C19203A6	2	0.2222222222222222	WP_003977427.1	WP_003977674.1	WP_060885654.1,WP_037701230.1,WP_328840622.1	16	9
Strep_C19245	Strep_C19245A0	9	1.0	WP_003948568.1	WP_003948568.1		1	9
Strep_C19252	Strep_C19252A3	2	0.2222222222222222	WP_003975432.1	WP_328837640.1	WP_150472166.1,WP_003948940.1,WP_045562623.1	8	9
Strep_C1928	Strep_C1928A6	2	0.2222222222222222	WP_003976883.1	WP_003972332.1	WP_328836160.1,WP_328839871.1,WP_013004536.1	14	9
Strep_C19280	Strep_C19280A0	1	0.1111111111111111	WP_328837076.1	WP_045558990.1	WP_369279225.1,WP_003973706.1,WP_011030137.1	8	8
Strep_C19309	Strep_C19309A3	2	0.2222222222222222	WP_003977305.1	WP_037701512.1	WP_369277788.1,WP_003947063.1,WP_045557218.1	8	9
Strep_C19310	Strep_C19310A0	1	0.1111111111111111	WP_037704781.1	WP_037704781.1	WP_086773052.1,WP_008417540.1,WP_016325756.1	9	9
Strep_C19313	Strep_C19313A0	1	0.1111111111111111	WP_319759782.1	WP_319759782.1	WP_150470368.1,WP_003976950.1,WP_237310742.1	8	8
Strep_C19333	Strep_C19333A1	4	0.4444444444444444	WP_013001409.1	WP_013001409.1	WP_003974251.1,WP_046704422.1,WP_003948626.1	5	9
Strep_C19365	Strep_C19365A3	2	0.2222222222222222	WP_003975896.1	WP_003975896.1	WP_328838944.1,WP_086770346.1,WP_015507169.1	8	9
Strep_C19400	Strep_C19400A3	2	0.2222222222222222	WP_003973815.1	WP_037694967.1	WP_086771683.1,WP_003950702.1,WP_045559090.1	8	9
Strep_C19402	Strep_C19402A3	2	0.2222222222222222	WP_003975430.1	WP_037702462.1	WP_045562619.1,WP_150472164.1,WP_003948942.1	7	9
Strep_C19403	Strep_C19403A0	1	0.1111111111111111	WP_319764758.1	WP_319764758.1	WP_369279891.1,WP_003972296.1,WP_045556766.1	8	8
Strep_C19414	Strep_C19414A0	1	0.1111111111111111	WP_328840947.1	WP_328840947.1	WP_266453203.1,WP_003972084.1,WP_045555750.1	8	8
Strep_C19422	Strep_C19422A3	2	0.2222222222222222	WP_003977659.1	WP_365272957.1	WP_328840611.1,WP_015506730.1,WP_045560296.1	8	9
Strep_C19442	Strep_C19442A2	2	0.2222222222222222	WP_003975649.1	WP_045556214.1	WP_328838702.1,WP_086771056.1,WP_013002943.1	7	8
Strep_C1945	Strep_C1945A0	1	0.1111111111111111	WP_328836003.1	WP_003977914.1	WP_150473816.1,WP_003946743.1,WP_045561587.1	9	9
Strep_C19473	Strep_C19473A3	2	0.2222222222222222	WP_003977130.1	WP_037701948.1	WP_319252454.1,WP_003947261.1,WP_045557032.1	8	9
Strep_C19475	Strep_C19475A3	2	0.2222222222222222	WP_003975689.1	WP_037705612.1	WP_150471390.1,WP_003950287.1,WP_045556268.1	8	9
Strep_C19477	Strep_C19477A0	1	0.1111111111111111	WP_319767326.1	WP_319767326.1	WP_369278391.1,WP_037629993.1,WP_003975908.1	9	9
Strep_C19482	Strep_C19482A0	1	0.1111111111111111	WP_328839934.1	WP_328839934.1	WP_150470372.1,WP_003976944.1,WP_045560859.1	8	8
Strep_C19485	Strep_C19485A2	2	0.2222222222222222	WP_003971863.1	WP_328841118.1	WP_150469288.1,WP_045555601.1,WP_037728779.1	7	8
Strep_C19524	Strep_C19524A3	2	0.2222222222222222	WP_003974916.1	WP_060884085.1	WP_328838252.1,WP_365268601.1,WP_003949504.1	8	9
Strep_C19549	Strep_C19549A3	2	0.2222222222222222	WP_003975321.1	WP_046705269.1	WP_086772885.1,WP_008413902.1,WP_045558132.1	8	9
Strep_C19551	Strep_C19551A3	2	0.2222222222222222	WP_003976969.1	WP_319120548.1	WP_033529174.1,WP_365277963.1,WP_003947412.1	7	9
Strep_C19554	Strep_C19554A0	1	0.1111111111111111	WP_328836352.1	WP_328836352.1	WP_365267126.1,WP_016327654.1,WP_045556466.1	8	8
Strep_C19560	Strep_C19560A3	2	0.2222222222222222	WP_030867997.1	WP_150472667.1	WP_078853600.1,WP_078935309.1,WP_003950735.1	7	9
Strep_C19573	Strep_C19573A0	2	0.2222222222222222	WP_013000227.1	WP_003951325.1	WP_003973177.1,WP_086772802.1,WP_045561076.1	7	9
Strep_C19603	Strep_C19603A4	2	0.2222222222222222	WP_045560568.1	WP_013003353.1	WP_328839011.1,WP_369278349.1,WP_003948214.1	8	9
Strep_C19605	Strep_C19605A0	1	0.1111111111111111	WP_319763329.1	WP_037727206.1	WP_086772011.1,WP_003974131.1,WP_045559558.1	8	8
Strep_C19612	Strep_C19612A2	2	0.2222222222222222	WP_003972778.1	WP_010351031.1	WP_328836469.1,WP_150473321.1,WP_045559932.1	7	8
Strep_C1962	Strep_C1962A0	1	0.1111111111111111	WP_328836965.1	WP_013000574.1	WP_328735083.1,WP_003973551.1,WP_371272014.1	8	8
Strep_C19631	Strep_C19631A2	2	0.2222222222222222	WP_003977403.1	WP_328840259.1	WP_369277766.1,WP_045557297.1,WP_013005090.1	7	8
Strep_C19653	Strep_C19653A3	2	0.2222222222222222	WP_003972247.1	WP_003952075.1	WP_046709883.1,WP_150473687.1,WP_045556923.1	8	9
Strep_C19661	Strep_C19661A3	2	0.2222222222222222	WP_003975690.1	WP_003975690.1	WP_328838753.1,WP_086772410.1,WP_003950288.1	8	9
Strep_C1967	Strep_C1967A0	1	0.1111111111111111	WP_328834940.1	WP_328839491.1	WP_369278121.1,WP_003976469.1,WP_045557965.1	10	8
Strep_C19688	Strep_C19688A3	2	0.2222222222222222	WP_003976763.1	WP_037693319.1	WP_013004386.1,WP_086771620.1,WP_003947550.1	7	9
Strep_C19689	Strep_C19689A0	1	0.1111111111111111	WP_037695920.1	WP_037695920.1	WP_328735049.1,WP_003951085.1,WP_003973441.1	9	9
Strep_C19696	Strep_C19696A2	2	0.2222222222222222	WP_016325630.1	WP_328840813.1	WP_369277535.1,WP_045561733.1,WP_013005655.1	7	8
Strep_C19702	Strep_C19702A3	2	0.2222222222222222	WP_003977347.1	WP_086769492.1	WP_037701398.1,WP_003947022.1,WP_028796686.1	8	9
Strep_C19725	Strep_C19725A3	2	0.2222222222222222	WP_016326217.1	WP_008411875.1	WP_327345766.1,WP_150471009.1,WP_045557554.1	8	9
Strep_C19731	Strep_C19731A4	2	0.2222222222222222	WP_045556569.1	WP_003972502.1	WP_037703963.1,WP_365267032.1,WP_015506805.1	8	9
Strep_C19739	Strep_C19739A2	2	0.2222222222222222	WP_003974573.1	WP_003974573.1	WP_319766490.1,WP_086767892.1,WP_045556087.1	7	8
Strep_C1975	Strep_C1975A0	1	0.1111111111111111	WP_328837986.1	WP_011031639.1	WP_369280099.1,WP_003971737.1,WP_237313717.1	8	8
Strep_C19770	Strep_C19770A3	2	0.2222222222222222	WP_003977207.1	WP_010350279.1	WP_328840141.1,WP_086767675.1,WP_003947172.1	8	9
Strep_C19782	Strep_C19782A3	2	0.2222222222222222	WP_003973928.1	WP_037694796.1	WP_365278794.1,WP_003948235.1,WP_045559154.1	9	9
Strep_C19794	Strep_C19794A3	2	0.2222222222222222	WP_003977160.1	WP_328840101.1	WP_086770410.1,WP_008409519.1,WP_045557063.1	8	9
Strep_C19796	Strep_C19796A3	2	0.2222222222222222	WP_003972866.1	WP_150473236.1	WP_045559860.1,WP_037700488.1,WP_003949845.1	7	9
Strep_C19808	Strep_C19808A3	2	0.2222222222222222	WP_016325749.1	WP_003946918.1	WP_328840297.1,WP_150469965.1,WP_045563407.1	8	9
Strep_C19814	Strep_C19814A3	2	0.2222222222222222	WP_003975893.1	WP_003950555.1	WP_328838942.1,WP_086770343.1,WP_045560663.1	8	9
Strep_C19825	Strep_C19825A3	2	0.2222222222222222	WP_003976746.1	WP_003976746.1	WP_037696276.1,WP_150470539.1,WP_003947566.1	8	9
Strep_C19826	Strep_C19826A2	2	0.2222222222222222	WP_003977175.1	WP_003977175.1	WP_328840117.1,WP_369277832.1,WP_045557090.1	7	8
Strep_C19863	Strep_C19863A0	1	0.1111111111111111	WP_037704497.1	WP_037704497.1	WP_369278126.1,WP_003976457.1,WP_045557953.1	8	8
Strep_C19877	Strep_C19877A4	3	0.3333333333333333	WP_013001361.1	WP_073494462.1	WP_003974204.1,WP_005481141.1,WP_003948567.1	6	9
Strep_C19880	Strep_C19880A3	2	0.2222222222222222	WP_003973616.1	WP_150472783.1	WP_328837012.1,WP_003950891.1,WP_045558922.1	8	9
Strep_C19883	Strep_C19883A0	1	0.1111111111111111	WP_328839967.1	WP_208639550.1	WP_003976990.1,WP_045560823.1,WP_011028000.1	8	8
Strep_C19901	Strep_C19901A2	2	0.2222222222222222	WP_011028752.1	WP_011028752.1	WP_328838782.1,WP_369278511.1,WP_193380302.1	7	8
Strep_C1994	Strep_C1994A0	1	0.1111111111111111	WP_328838322.1	WP_042799599.1	WP_369278704.1,WP_237309480.1,WP_011029445.1	8	8
Strep_C19955	Strep_C19955A3	2	0.2222222222222222	WP_016325896.1	WP_328840010.1	WP_167534845.1,WP_015508091.1,WP_078853381.1	8	9
Strep_C19989	Strep_C19989A2	2	0.2222222222222222	WP_003973495.1	WP_003973495.1	WP_045562460.1,WP_319768320.1,WP_086767181.1	6	8
Strep_C2001	Strep_C2001A0	1	0.1111111111111111	WP_328836126.1	WP_328836126.1	WP_266465107.1,WP_003972304.1,WP_045556757.1	8	8
Strep_C20023	Strep_C20023A3	2	0.2222222222222222	WP_003976854.1	WP_010353491.1	WP_037693164.1,WP_150470443.1,WP_003947474.1	10	9
Strep_C20031	Strep_C20031A0	4	0.4444444444444444	WP_013000463.1	WP_013000463.1	WP_003973455.1,WP_009314218.1,WP_045561498.1	12	9
Strep_C20034	Strep_C20034A3	2	0.2222222222222222	WP_093791490.1	WP_328836498.1	WP_150473295.1,WP_003972817.1,WP_011030654.1	7	8
Strep_C2005	Strep_C2005A0	1	0.1111111111111111	WP_328836289.1	WP_369279697.1	WP_003951895.1,WP_003972506.1,WP_237312997.1	9	9
Strep_C2008	Strep_C2008A0	1	0.1111111111111111	WP_328842307.1	WP_041669732.1	WP_369278336.1,WP_003948167.1,WP_003976023.1	9	9
Strep_C20095	Strep_C20095A0	1	0.1111111111111111	WP_328834645.1	WP_328834645.1	WP_328835002.1,WP_013005318.1,WP_086803940.1	14	9
Strep_C20102	Strep_C20102A0	1	0.1111111111111111	WP_328839446.1	WP_328839446.1	WP_150472472.1,WP_003951238.1,WP_003971559.1	9	9
Strep_C20167	Strep_C20167A15	3	0.3333333333333333	WP_005478762.1	WP_037688484.1	WP_003974698.1,WP_003976436.1,WP_003976437.1	26	9
Strep_C20169	Strep_C20169A3	2	0.2222222222222222	WP_003974791.1	WP_327344941.1	WP_045555944.1,WP_086769543.1,WP_003949036.1	7	9
Strep_C20219	Strep_C20219A3	2	0.2222222222222222	WP_030865482.1	WP_037703590.1	WP_086770501.1,WP_015507189.1,WP_045560688.1	8	9
Strep_C20229	Strep_C20229A3	2	0.2222222222222222	WP_016325714.1	WP_328840341.1	WP_150469915.1,WP_008412823.1,WP_093789681.1	8	9
Strep_C2023	Strep_C2023A0	1	0.1111111111111111	WP_328837266.1	WP_045563171.1	WP_369279141.1,WP_003948313.1,WP_003974002.1	9	9
Strep_C20283	Strep_C20283A0	1	0.1111111111111111	WP_037702743.1	WP_029183433.1	WP_369278884.1,WP_003949178.1,WP_003975288.1	9	9
Strep_C2030	Strep_C2030A6	2	0.2222222222222222	WP_003972908.1	WP_012999180.1	WP_037700578.1,WP_328836075.1,WP_012999936.1	15	9
Strep_C20347	Strep_C20347A0	2	0.2222222222222222	WP_005485474.1	WP_005485474.1	WP_003977335.1,WP_033532566.1,WP_073493489.1	6	9
Strep_C20348	Strep_C20348A2	2	0.2222222222222222	WP_003977294.1	WP_037701541.1	WP_086768992.1,WP_237311010.1,WP_037725663.1	7	8
Strep_C20351	Strep_C20351A2	2	0.2222222222222222	WP_003975279.1	WP_328837799.1	WP_045558187.1,WP_150472031.1,WP_013001915.1	6	8
Strep_C20405	Strep_C20405A2	2	0.2222222222222222	WP_003971771.1	WP_328840679.1	WP_369277342.1,WP_045560389.1,WP_013005313.1	8	8
Strep_C20409	Strep_C20409A2	2	0.2222222222222222	WP_003977971.1	WP_086771671.1	WP_045563215.1,WP_319769038.1,WP_013005194.1	6	8
Strep_C2041	Strep_C2041A0	1	0.1111111111111111	WP_328837477.1	WP_328837477.1	WP_369279026.1,WP_003948682.1,WP_016327016.1	9	9
Strep_C20467	Strep_C20467A3	2	0.2222222222222222	WP_007452004.1	WP_037702465.1	WP_045562617.1,WP_086767428.1,WP_015507657.1	7	9
Strep_C20473	Strep_C20473A3	2	0.2222222222222222	WP_003977284.1	WP_328840190.1	WP_086771706.1,WP_003947078.1,WP_045557199.1	8	9
Strep_C20487	Strep_C20487A0	1	0.1111111111111111	WP_328840342.1	WP_369277713.1	WP_003977518.1,WP_045563214.1,WP_011027714.1	8	8
Strep_C20497	Strep_C20497A3	2	0.2222222222222222	WP_016327233.1	WP_003950745.1	WP_037695061.1,WP_073495897.1,WP_045559056.1	8	9
Strep_C20524	Strep_C20524A3	2	0.2222222222222222	WP_011030209.1	WP_192334348.1	WP_037695387.1,WP_073494072.1,WP_003950879.1	8	9
Strep_C2053	Strep_C2053A3	2	0.2222222222222222	WP_030867756.1	WP_018469980.1	WP_045562618.1,WP_328842184.1,WP_150474627.1	7	9
Strep_C20530	Strep_C20530A0	3	0.3333333333333333	WP_005481216.1	WP_005481216.1	WP_003974255.1,WP_086767144.1,WP_003948631.1	6	9
Strep_C20531	Strep_C20531A3	2	0.2222222222222222	WP_003974850.1	WP_037689226.1	WP_086800706.1,WP_369278701.1,WP_003949568.1	7	9
Strep_C20532	Strep_C20532A3	2	0.2222222222222222	WP_003973388.1	WP_037696038.1	WP_365275710.1,WP_003951134.1,WP_045561449.1	8	9
Strep_C20533	Strep_C20533A0	2	0.2222222222222222	WP_037696051.1	WP_037696051.1	WP_003973383.1,WP_045561444.1,WP_086765843.1	6	9
Strep_C20534	Strep_C20534A2	2	0.2222222222222222	WP_003977812.1	WP_327347718.1	WP_150469627.1,WP_093790582.1,WP_037726506.1	7	8
Strep_C20537	Strep_C20537A0	1	0.1111111111111111	WP_328836747.1	WP_328836747.1	WP_150473038.1,WP_003973286.1,WP_045561364.1	8	8
Strep_C20599	Strep_C20599A3	2	0.2222222222222222	WP_045562881.1	WP_328837294.1	WP_369279111.1,WP_003974069.1,WP_011029938.1	7	8
Strep_C2060	Strep_C2060A0	1	0.1111111111111111	WP_328835832.1	WP_328835832.1	WP_365266394.1,WP_003978047.1,WP_045560020.1	8	8
Strep_C20601	Strep_C20601A4	3	0.3333333333333333	WP_003998928.1	WP_328837526.1	WP_006133126.1,WP_150472292.1,WP_003948736.1	6	9
Strep_C20622	Strep_C20622A3	2	0.2222222222222222	WP_003977918.1	WP_010639599.1	WP_045561669.1,WP_037699253.1,WP_086772020.1	7	9
Strep_C20657	Strep_C20657A0	1	0.1111111111111111	WP_328836505.1	WP_010350971.1	WP_369279553.1,WP_003972828.1,WP_045559785.1	8	8
Strep_C2067	Strep_C2067A0	1	0.1111111111111111	WP_328837566.1	WP_237313425.1	WP_369278984.1,WP_003974476.1,WP_011029679.1	8	8
Strep_C20672	Strep_C20672A4	2	0.2222222222222222	WP_045559801.1	WP_037700379.1	WP_369279548.1,WP_008410975.1,WP_003972841.1	8	9
Strep_C20673	Strep_C20673A0	1	0.1111111111111111	WP_046709766.1	WP_046709766.1	WP_086765917.1,WP_003948881.1,WP_016326522.1	9	9
Strep_C2068	Strep_C2068A0	1	0.1111111111111111	WP_119581189.1	WP_013000267.1	WP_086771310.1,WP_003951281.1,WP_003973220.1	9	9
Strep_C20687	Strep_C20687A2	2	0.2222222222222222	WP_011029464.1	WP_150471688.1	WP_046702887.1,WP_086784284.1,WP_086022926.1	7	8
Strep_C20688	Strep_C20688A3	2	0.2222222222222222	WP_003973153.1	WP_150473127.1	WP_037700783.1,WP_003951341.1,WP_045561063.1	8	9
Strep_C20713	Strep_C20713A0	1	0.1111111111111111	WP_327348228.1	WP_003971407.1	WP_369278734.1,WP_045556649.1,WP_237312327.1	9	8
Strep_C20749	Strep_C20749A0	1	0.1111111111111111	WP_328838202.1	WP_010354126.1	WP_328735675.1,WP_003974990.1,WP_045558467.1	8	8
Strep_C20763	Strep_C20763A3	2	0.2222222222222222	WP_011029275.1	WP_037689714.1	WP_033530590.1,WP_086767086.1,WP_003949358.1	7	9
Strep_C20773	Strep_C20773A3	2	0.2222222222222222	WP_003974923.1	WP_086772994.1	WP_319762805.1,WP_003949499.1,WP_045562522.1	8	9
Strep_C20779	Strep_C20779A3	2	0.2222222222222222	WP_003975113.1	WP_266459631.1	WP_045558560.1,WP_037689775.1,WP_003949315.1	7	9
Strep_C20782	Strep_C20782A3	2	0.2222222222222222	WP_016325803.1	WP_365268971.1	WP_046704895.1,WP_010636563.1,WP_045557226.1	8	9
Strep_C20805	Strep_C20805A3	2	0.2222222222222222	WP_003977248.1	WP_045557360.1	WP_037701646.1,WP_150470120.1,WP_003947119.1	8	9
Strep_C20836	Strep_C20836A3	2	0.2222222222222222	WP_011027827.1	WP_037701517.1	WP_086769014.1,WP_008416884.1,WP_045557216.1	8	9
Strep_C20843	Strep_C20843A0	1	0.1111111111111111	WP_328836741.1	WP_328836741.1	WP_369279436.1,WP_015506999.1,WP_003973270.1	9	9
Strep_C20865	Strep_C20865A3	2	0.2222222222222222	WP_003975614.1	WP_003950212.1	WP_328838680.1,WP_369278572.1,WP_045556184.1	8	9
Strep_C20879	Strep_C20879A2	2	0.2222222222222222	WP_173943891.1	WP_045559521.1	WP_328837377.1,WP_369279066.1,WP_013001339.1	7	8
Strep_C20888	Strep_C20888A2	2	0.2222222222222222	WP_003975282.1	WP_013001909.1	WP_328837791.1,WP_150472037.1,WP_237313563.1	7	8
Strep_C20912	Strep_C20912A2	2	0.2222222222222222	WP_003977514.1	WP_037704852.1	WP_369277714.1,WP_045563211.1,WP_013005190.1	7	8
Strep_C20915	Strep_C20915A2	2	0.2222222222222222	WP_003977103.1	WP_319766205.1	WP_150470241.1,WP_045557003.1,WP_013004778.1	7	8
Strep_C20918	Strep_C20918A2	2	0.2222222222222222	WP_030867895.1	WP_328837777.1	WP_369278895.1,WP_045558155.1,WP_013001889.1	7	8
Strep_C20921	Strep_C20921A3	2	0.2222222222222222	WP_016325815.1	WP_086766458.1	WP_037701570.1,WP_015508159.1,WP_045557198.1	8	9
Strep_C20937	Strep_C20937A3	2	0.2222222222222222	WP_003975752.1	WP_003950394.1	WP_078853337.1,WP_328838795.1,WP_150471339.1	7	9
Strep_C20947	Strep_C20947A2	2	0.2222222222222222	WP_011028375.1	WP_011028375.1	WP_328839334.1,WP_369278196.1,WP_045557428.1	7	8
Strep_C20976	Strep_C20976A2	2	0.2222222222222222	WP_003975457.1	WP_010351471.1	WP_046705119.1,WP_150472184.1,WP_045562639.1	7	8
Strep_C2098	Strep_C2098A0	1	0.1111111111111111	WP_328840951.1	WP_237311798.1	WP_369277312.1,WP_003972078.1,WP_011031412.1	8	8
Strep_C20997	Strep_C20997A3	2	0.2222222222222222	WP_003974253.1	WP_328837421.1	WP_073491924.1,WP_003948628.1,WP_045559457.1	8	9
Strep_C21007	Strep_C21007A2	2	0.2222222222222222	WP_030870383.1	WP_150473720.1	WP_060892508.1,WP_045556857.1,WP_041668920.1	7	8
Strep_C21031	Strep_C21031A3	2	0.2222222222222222	WP_003977028.1	WP_003977028.1	WP_328839996.1,WP_369277895.1,WP_003947356.1	8	9
Strep_C21048	Strep_C21048A0	1	0.1111111111111111	WP_086748860.1	WP_013005008.1	WP_150470074.1,WP_003977310.1,WP_045557223.1	8	8
Strep_C21055	Strep_C21055A3	2	0.2222222222222222	WP_003975090.1	WP_010350695.1	WP_086749631.1,WP_073495160.1,WP_003949337.1	8	9
Strep_C21071	Strep_C21071A3	2	0.2222222222222222	WP_033526416.1	WP_037703166.1	WP_150471038.1,WP_003976146.1,WP_011028487.1	7	8
Strep_C21078	Strep_C21078A0	1	0.1111111111111111	WP_328840284.1	WP_328840284.1	WP_086768939.1,WP_003977430.1,WP_045557325.1	8	8
Strep_C2108	Strep_C2108A2	2	0.2222222222222222	WP_003973767.1	WP_173402875.1	WP_413254445.1,WP_365272199.1,WP_193381530.1	7	8
Strep_C21121	Strep_C21121A3	2	0.2222222222222222	WP_003975078.1	WP_037689715.1	WP_045558525.1,WP_150471867.1,WP_003949349.1	7	9
Strep_C21123	Strep_C21123A0	1	0.1111111111111111	WP_319765054.1	WP_319765054.1	WP_369279455.1,WP_016327433.1,WP_045561104.1	8	8
Strep_C21126	Strep_C21126A2	2	0.2222222222222222	WP_173943975.1	WP_328836967.1	WP_369279302.1,WP_193382179.1,WP_013000576.1	7	8
Strep_C21146	Strep_C21146A3	2	0.2222222222222222	WP_003973778.1	WP_003950739.1	WP_328837117.1,WP_328735180.1,WP_093791940.1	8	9
Strep_C21154	Strep_C21154A2	2	0.2222222222222222	WP_003973323.1	WP_003973323.1	WP_037696209.1,WP_150473012.1,WP_045561384.1	7	8
Strep_C21206	Strep_C21206A3	2	0.2222222222222222	WP_003974311.1	WP_037694056.1	WP_073491907.1,WP_003948659.1,WP_033528319.1	8	9
Strep_C21241	Strep_C21241A3	2	0.2222222222222222	WP_016327267.1	WP_016327267.1	WP_046707659.1,WP_086770521.1,WP_015507103.1	8	9
Strep_C21246	Strep_C21246A3	2	0.2222222222222222	WP_003976010.1	WP_045557712.1	WP_328839030.1,WP_086765628.1,WP_003948193.1	7	9
Strep_C21273	Strep_C21273A3	2	0.2222222222222222	WP_003974238.1	WP_010354213.1	WP_045559466.1,WP_037694163.1,WP_073498032.1	7	9
Strep_C21286	Strep_C21286A3	2	0.2222222222222222	WP_003973483.1	WP_037695846.1	WP_073494430.1,WP_003951028.1,WP_045562453.1	8	9
Strep_C21299	Strep_C21299A2	2	0.2222222222222222	WP_003973929.1	WP_266461855.1	WP_328837204.1,WP_237313307.1,WP_078580118.1	7	8
Strep_C21309	Strep_C21309A3	2	0.2222222222222222	WP_003977146.1	WP_003947239.1	WP_328840091.1,WP_086768941.1,WP_045557050.1	8	9
Strep_C21339	Strep_C21339A4	2	0.2222222222222222	WP_003973941.1	WP_037727675.1	WP_045559260.1,WP_319770635.1,WP_326578046.1	8	9
Strep_C21351	Strep_C21351A3	2	0.2222222222222222	WP_030870944.1	WP_037693552.1	WP_369280830.1,WP_010637399.1,WP_045555401.1	8	9
Strep_C21357	Strep_C21357A0	1	0.1111111111111111	WP_328837546.1	WP_328837546.1	WP_369278990.1,WP_003948795.1,WP_003974453.1	9	9
Strep_C2136	Strep_C2136A0	1	0.1111111111111111	WP_328836962.1	WP_192335538.1	WP_369279306.1,WP_003950958.1,WP_003973548.1	9	9
Strep_C21363	Strep_C21363A3	2	0.2222222222222222	WP_003974243.1	WP_086767154.1	WP_328837417.1,WP_003948615.1,WP_045559462.1	8	9
Strep_C21401	Strep_C21401A2	2	0.2222222222222222	WP_037666308.1	WP_086796637.1	WP_327343567.1,WP_086773540.1,WP_045558962.1	7	8
Strep_C21428	Strep_C21428A0	1	0.1111111111111111	WP_328841087.1	WP_328841087.1	WP_086768312.1,WP_003971874.1,WP_045555631.1	8	8
Strep_C21429	Strep_C21429A2	2	0.2222222222222222	WP_003975434.1	WP_150472167.1	WP_060891009.1,WP_045562621.1,WP_013001675.1	7	8
Strep_C21447	Strep_C21447A0	1	0.1111111111111111	WP_037705442.1	WP_003974537.1	WP_369278582.1,WP_003951621.1,WP_045556155.1	9	9
Strep_C2146	Strep_C2146A3	2	0.2222222222222222	WP_003975373.1	WP_086014546.1	WP_046709643.1,WP_369278925.1,WP_045563043.1	8	9
Strep_C21478	Strep_C21478A3	2	0.2222222222222222	WP_003977917.1	WP_010357201.1	WP_037698837.1,WP_086772019.1,WP_003946734.1	8	9
Strep_C21503	Strep_C21503A4	2	0.2222222222222222	WP_045560738.1	WP_150471300.1	WP_328838834.1,WP_003950468.1,WP_003975810.1	8	9
Strep_C21508	Strep_C21508A0	1	0.1111111111111111	WP_328837061.1	WP_369279233.1	WP_079021135.1,WP_093790690.1,WP_011030162.1	8	8
Strep_C21516	Strep_C21516A3	2	0.2222222222222222	WP_011028826.1	WP_003950210.1	WP_319766338.1,WP_369278573.1,WP_045556181.1	8	9
Strep_C21539	Strep_C21539A0	1	0.1111111111111111	WP_328838849.1	WP_013003160.1	WP_086772197.1,WP_003975824.1,WP_045560722.1	8	8
Strep_C2157	Strep_C2157A3	2	0.2222222222222222	WP_003974373.1	WP_328735358.1	WP_328837520.1,WP_003948726.1,WP_045559363.1	8	9
Strep_C21574	Strep_C21574A2	2	0.2222222222222222	WP_003977610.1	WP_150469857.1	WP_045562354.1,WP_327347217.1,WP_013005265.1	6	8
Strep_C21631	Strep_C21631A0	1	0.1111111111111111	WP_037689663.1	WP_037689663.1	WP_086767055.1,WP_003949378.1,WP_003975047.1	9	9
Strep_C21639	Strep_C21639A0	1	0.1111111111111111	WP_328840044.1	WP_328840044.1	WP_369277872.1,WP_003947294.1,WP_003977096.1	9	9
Strep_C21658	Strep_C21658A3	2	0.2222222222222222	WP_003973586.1	WP_003950926.1	WP_328836995.1,WP_086771407.1,WP_045558894.1	8	9
Strep_C2166	Strep_C2166A0	1	0.1111111111111111	WP_328837483.1	WP_003948694.1	WP_328735348.1,WP_010354330.1,WP_016327012.1	11	9
Strep_C21695	Strep_C21695A0	1	0.1111111111111111	WP_319764365.1	WP_010355062.1	WP_150473459.1,WP_003951873.1,WP_003972528.1	9	9
Strep_C21712	Strep_C21712A2	2	0.2222222222222222	WP_003977747.1	WP_328840817.1	WP_150469670.1,WP_045561737.1,WP_013005659.1	7	8
Strep_C21727	Strep_C21727A3	2	0.2222222222222222	WP_003974706.1	WP_003949923.1	WP_037688478.1,WP_369278661.1,WP_045555990.1	8	9
Strep_C21741	Strep_C21741A3	2	0.2222222222222222	WP_003976757.1	WP_003976757.1	WP_328839742.1,WP_369278018.1,WP_003947555.1	8	9
Strep_C21766	Strep_C21766A0	1	0.1111111111111111	WP_037693027.1	WP_010352390.1	WP_365280022.1,WP_003975776.1,WP_045556348.1	8	8
Strep_C21774	Strep_C21774A3	2	0.2222222222222222	WP_003977027.1	WP_005477596.1	WP_033529234.1,WP_150470306.1,WP_003947357.1	7	9
Strep_C2179	Strep_C2179A3	2	0.2222222222222222	WP_003977936.1	WP_369279988.1	WP_328835993.1,WP_003946725.1,WP_093788603.1	8	9
Strep_C21790	Strep_C21790A3	2	0.2222222222222222	WP_003975695.1	WP_003950296.1	WP_046704968.1,WP_150471387.1,WP_045556273.1	8	9
Strep_C2180	Strep_C2180A0	1	0.1111111111111111	WP_328840286.1	WP_003946941.1	WP_369277749.1,WP_003977432.1,WP_237311067.1	9	9
Strep_C2181	Strep_C2181A3	2	0.2222222222222222	WP_003977296.1	WP_003947072.1	WP_328840200.1,WP_365268998.1,WP_093789363.1	8	9
Strep_C2184	Strep_C2184A0	1	0.1111111111111111	WP_037694522.1	WP_237314393.1	WP_150472493.1,WP_003948354.1,WP_003974052.1	10	9
Strep_C21847	Strep_C21847A2	2	0.2222222222222222	WP_016327305.1	WP_037695669.1	WP_045563249.1,WP_319181171.1,WP_037722843.1	6	8
Strep_C21864	Strep_C21864A3	2	0.2222222222222222	WP_003977261.1	WP_003947102.1	WP_328840179.1,WP_150470109.1,WP_060885415.1	8	9
Strep_C21873	Strep_C21873A3	2	0.2222222222222222	WP_003976703.1	WP_003976703.1	WP_045555341.1,WP_037693429.1,WP_086768244.1	7	9
Strep_C21912	Strep_C21912A3	2	0.2222222222222222	WP_003974011.1	WP_037694600.1	WP_086765802.1,WP_003948327.1,WP_045563166.1	8	9
Strep_C21914	Strep_C21914A3	2	0.2222222222222222	WP_003974580.1	WP_037705358.1	WP_045556084.1,WP_086767896.1,WP_003950096.1	7	9
Strep_C2198	Strep_C2198A0	1	0.1111111111111111	WP_328836782.1	WP_003973333.1	WP_369279408.1,WP_045561396.1,WP_011030396.1	8	8
Strep_C21980	Strep_C21980A0	2	0.2222222222222222	WP_033530060.1	WP_033530060.1	WP_003976270.1,WP_086768572.1,WP_003947970.1	7	9
Strep_C21981	Strep_C21981A3	2	0.2222222222222222	WP_003975680.1	WP_037705601.1	WP_045556258.1,WP_150471397.1,WP_003950280.1	7	9
Strep_C21982	Strep_C21982A0	1	0.1111111111111111	WP_046708342.1	WP_046708342.1	WP_086771993.1,WP_003971896.1,WP_045555671.1	8	8
Strep_C22067	Strep_C22067A3	2	0.2222222222222222	WP_003975142.1	WP_037689809.1	WP_086772674.1,WP_003949293.1,WP_045558577.1	8	9
Strep_C22069	Strep_C22069A3	2	0.2222222222222222	WP_003976415.1	WP_037704450.1	WP_086770635.1,WP_003947870.1,WP_045558053.1	8	9
Strep_C22079	Strep_C22079A3	2	0.2222222222222222	WP_003975131.1	WP_150471907.1	WP_037689797.1,WP_003949303.1,WP_093790291.1	8	9
Strep_C22139	Strep_C22139A3	2	0.2222222222222222	WP_003975424.1	WP_020113767.1	WP_045562613.1,WP_024885835.1,WP_003948948.1	7	9
Strep_C22147	Strep_C22147A4	2	0.2222222222222222	WP_045562913.1	WP_328837324.1	WP_086765254.1,WP_003948437.1,WP_003974114.1	8	9
Strep_C22157	Strep_C22157A3	2	0.2222222222222222	WP_003977943.1	WP_150473833.1	WP_328835962.1,WP_003946722.1,WP_237312890.1	8	9
Strep_C22174	Strep_C22174A3	2	0.2222222222222222	WP_037666673.1	WP_015507891.1	WP_328839229.1,WP_369278263.1,WP_045557549.1	8	9
Strep_C22194	Strep_C22194A3	2	0.2222222222222222	WP_003977712.1	WP_013005627.1	WP_045561697.1,WP_037690807.1,WP_150469709.1	7	9
Strep_C2220	Strep_C2220A0	1	0.1111111111111111	WP_328837543.1	WP_328837543.1	WP_369278993.1,WP_003948781.1,WP_003974445.1	9	9
Strep_C22203	Strep_C22203A3	2	0.2222222222222222	WP_003975431.1	WP_010351445.1	WP_045562624.1,WP_319695220.1,WP_150472165.1	7	9
Strep_C22222	Strep_C22222A3	2	0.2222222222222222	WP_003974333.1	WP_046708746.1	WP_086773505.1,WP_003948676.1,WP_045559414.1	8	9
Strep_C22226	Strep_C22226A3	2	0.2222222222222222	WP_003976812.1	WP_328839790.1	WP_150470476.1,WP_008414302.1,WP_093788333.1	8	9
Strep_C22228	Strep_C22228A2	2	0.2222222222222222	WP_003975371.1	WP_086770106.1	WP_037702568.1,WP_060883836.1,WP_037724274.1	7	8
Strep_C22283	Strep_C22283A3	2	0.2222222222222222	WP_003977385.1	WP_037701318.1	WP_045557284.1,WP_086764975.1,WP_003946984.1	7	9
Strep_C22285	Strep_C22285A4	2	0.2222222222222222	WP_003973240.1	WP_060894043.1	WP_003975338.1,WP_179201341.1,WP_086800870.1	12	8
Strep_C22294	Strep_C22294A3	2	0.2222222222222222	WP_003976986.1	WP_328839965.1	WP_150470334.1,WP_008403778.1,WP_045560826.1	8	9
Strep_C22348	Strep_C22348A2	2	0.2222222222222222	WP_003977815.1	WP_010352929.1	WP_328840873.1,WP_086773307.1,WP_045561788.1	7	8
Strep_C22355	Strep_C22355A3	2	0.2222222222222222	WP_003975014.1	WP_037689600.1	WP_045558486.1,WP_150471826.1,WP_003949429.1	7	9
Strep_C22360	Strep_C22360A0	1	0.1111111111111111	WP_328836448.1	WP_328836448.1	WP_086773167.1,WP_003972771.1,WP_237313071.1	8	8
Strep_C22364	Strep_C22364A1	7	0.7777777777777778	WP_003953493.1	WP_328838414.1	WP_003949795.1	3	9
Strep_C22376	Strep_C22376A0	1	0.1111111111111111	WP_328841121.1	WP_369277220.1	WP_003971861.1,WP_045555599.1,WP_011031562.1	8	8
Strep_C2242	Strep_C2242A3	2	0.2222222222222222	WP_003976193.1	WP_013003591.1	WP_328839244.1,WP_150470974.1,WP_010637874.1	8	9
Strep_C22436	Strep_C22436A2	2	0.2222222222222222	WP_003976843.1	WP_328839820.1	WP_369277974.1,WP_045555780.1,WP_013004477.1	7	8
Strep_C22437	Strep_C22437A3	2	0.2222222222222222	WP_003973426.1	WP_328842115.1	WP_179202444.1,WP_190046555.1,WP_003951099.1	7	9
Strep_C22512	Strep_C22512A2	2	0.2222222222222222	WP_003975627.1	WP_199924223.1	WP_086772185.1,WP_177262042.1,WP_041670930.1	7	8
Strep_C22513	Strep_C22513A3	2	0.2222222222222222	WP_003973592.1	WP_319769902.1	WP_045558902.1,WP_086772771.1,WP_003950915.1	7	9
Strep_C22536	Strep_C22536A0	4	0.4444444444444444	WP_005475662.1	WP_003946924.1	WP_003977444.1,WP_073494403.1,WP_004934251.1	5	9
Strep_C22538	Strep_C22538A3	2	0.2222222222222222	WP_003976899.1	WP_003947437.1	WP_037691485.1,WP_150470408.1,WP_237310661.1	8	9
Strep_C22580	Strep_C22580A2	2	0.2222222222222222	WP_003977628.1	WP_010355478.1	WP_327347228.1,WP_365272639.1,WP_045562962.1	7	8
Strep_C22594	Strep_C22594A3	2	0.2222222222222222	WP_003976858.1	WP_037693152.1	WP_365267515.1,WP_003947471.1,WP_045560964.1	8	9
Strep_C22599	Strep_C22599A3	2	0.2222222222222222	WP_003972014.1	WP_328837993.1	WP_060886596.1,WP_328838006.1,WP_192365979.1	12	8
Strep_C22602	Strep_C22602A3	2	0.2222222222222222	WP_003977591.1	WP_328840394.1	WP_045562372.1,WP_150469873.1,WP_003946821.1	7	9
Strep_C22610	Strep_C22610A2	2	0.2222222222222222	WP_003972862.1	WP_190046453.1	WP_037701048.1,WP_045559956.1,WP_037724546.1	7	8
Strep_C22613	Strep_C22613A0	1	0.1111111111111111	WP_086749586.1	WP_365279245.1	WP_003977607.1,WP_045555621.1,WP_011027656.1	8	8
Strep_C22643	Strep_C22643A3	2	0.2222222222222222	WP_003975271.1	WP_078853486.1	WP_046709565.1,WP_150472022.1,WP_003949200.1	7	9
Strep_C22666	Strep_C22666A3	2	0.2222222222222222	WP_003977923.1	WP_010357198.1	WP_037698840.1,WP_369279985.1,WP_003946732.1	8	9
Strep_C22671	Strep_C22671A0	4	0.4444444444444444	WP_005481264.1	WP_005481264.1	WP_003974303.1,WP_030788318.1,WP_003948651.1	5	9
Strep_C22672	Strep_C22672A3	2	0.2222222222222222	WP_003974936.1	WP_037689449.1	WP_086768348.1,WP_003949489.1,WP_045558406.1	8	9
Strep_C22681	Strep_C22681A0	1	0.1111111111111111	WP_328840627.1	WP_328840627.1	WP_369277620.1,WP_003977682.1,WP_045560314.1	8	8
Strep_C22752	Strep_C22752A3	2	0.2222222222222222	WP_003975355.1	WP_037702595.1	WP_369278919.1,WP_003949628.1,WP_045563031.1	8	9
Strep_C22754	Strep_C22754A3	2	0.2222222222222222	WP_003975361.1	WP_319761744.1	WP_086770115.1,WP_003949634.1,WP_045563035.1	8	9
Strep_C22760	Strep_C22760A0	1	0.1111111111111111	WP_328838952.1	WP_328838952.1	WP_086770360.1,WP_003950573.1,WP_003975909.1	9	9
Strep_C22761	Strep_C22761A2	2	0.2222222222222222	WP_003976618.1	WP_328839657.1	WP_150470625.1,WP_045555411.1,WP_013004244.1	7	8
Strep_C228	Strep_C228A0	1	0.1111111111111111	WP_328842359.1	WP_015508038.1	WP_369278007.1,WP_016325989.1,WP_237314304.1	9	9
Strep_C22825	Strep_C22825A0	1	0.1111111111111111	WP_328838176.1	WP_010354095.1	WP_369278772.1,WP_003975019.1,WP_045558812.1	8	8
Strep_C22843	Strep_C22843A2	2	0.2222222222222222	WP_016327504.1	WP_328836624.1	WP_045562123.1,WP_086770846.1,WP_247246674.1	6	8
Strep_C22850	Strep_C22850A2	2	0.2222222222222222	WP_003973155.1	WP_086772090.1	WP_037700789.1,WP_193381266.1,WP_013000215.1	7	8
Strep_C22881	Strep_C22881A0	1	0.1111111111111111	WP_328835955.1	WP_003977950.1	WP_086765997.1,WP_003946715.1,WP_093788569.1	9	9
Strep_C22884	Strep_C22884A2	2	0.2222222222222222	WP_011029526.1	WP_045555984.1	WP_037688463.1,WP_365276754.1,WP_013002643.1	7	8
Strep_C22899	Strep_C22899A0	1	0.1111111111111111	WP_037696112.1	WP_013000363.1	WP_150472986.1,WP_016327382.1,WP_045561419.1	8	8
Strep_C2291	Strep_C2291A3	2	0.2222222222222222	WP_003976340.1	WP_328839347.1	WP_150470864.1,WP_015507929.1,WP_093789190.1	8	9
Strep_C22919	Strep_C22919A3	2	0.2222222222222222	WP_003977127.1	WP_037701959.1	WP_045557029.1,WP_150470220.1,WP_003947265.1	7	9
Strep_C22957	Strep_C22957A2	2	0.2222222222222222	WP_003977282.1	WP_003977282.1	WP_328840189.1,WP_086771704.1,WP_045557365.1	7	8
Strep_C2299	Strep_C2299A0	1	0.1111111111111111	WP_328839700.1	WP_003947613.1	WP_365267681.1,WP_003976698.1,WP_237310612.1	9	9
Strep_C22990	Strep_C22990A3	2	0.2222222222222222	WP_003976435.1	WP_046706281.1	WP_266456186.1,WP_003947849.1,WP_045557931.1	8	9
Strep_C23003	Strep_C23003A3	2	0.2222222222222222	WP_003973287.1	WP_086766410.1	WP_046706238.1,WP_003951209.1,WP_045561365.1	8	9
Strep_C23036	Strep_C23036A3	2	0.2222222222222222	WP_003977367.1	WP_008406376.1	WP_045557267.1,WP_037701371.1,WP_073493514.1	7	9
Strep_C23089	Strep_C23089A0	2	0.2222222222222222	WP_005481206.1	WP_005481206.1	WP_003974249.1,WP_086767146.1,WP_003948624.1	7	9
Strep_C23095	Strep_C23095A3	2	0.2222222222222222	WP_003977532.1	WP_327347155.1	WP_150469904.1,WP_003946851.1,WP_045562410.1	8	9
Strep_C23110	Strep_C23110A2	2	0.2222222222222222	WP_003971883.1	WP_328841064.1	WP_150469324.1,WP_045555656.1,WP_013005894.1	7	8
Strep_C2312	Strep_C2312A0	1	0.1111111111111111	WP_037699712.1	WP_016326156.1	WP_150470865.1,WP_003947901.1,WP_093789189.1	9	9
Strep_C23141	Strep_C23141A2	2	0.2222222222222222	WP_003978301.1	WP_003978301.1	WP_086803649.1,WP_037698673.1,WP_086772682.1	6	8
Strep_C2317	Strep_C2317A0	1	0.1111111111111111	WP_328835722.1	WP_328835722.1	WP_369280138.1,WP_003971812.1,WP_093790945.1	8	8
Strep_C23177	Strep_C23177A3	2	0.2222222222222222	WP_003976686.1	WP_010350456.1	WP_037693456.1,WP_086768214.1,WP_003947624.1	8	9
Strep_C23179	Strep_C23179A4	2	0.2222222222222222	WP_045559433.1	WP_010354302.1	WP_319763111.1,WP_150472337.1,WP_003948670.1	8	9
Strep_C23190	Strep_C23190A3	2	0.2222222222222222	WP_003973622.1	WP_046705578.1	WP_045558927.1,WP_086770584.1,WP_003950885.1	7	9
Strep_C23205	Strep_C23205A2	2	0.2222222222222222	WP_003978086.1	WP_150473937.1	WP_060882489.1,WP_328835807.1,WP_012998818.1	6	8
Strep_C23258	Strep_C23258A3	2	0.2222222222222222	WP_003977512.1	WP_010354027.1	WP_045563209.1,WP_328842408.1,WP_086770477.1	7	9
Strep_C23265	Strep_C23265A3	2	0.2222222222222222	WP_003977435.1	WP_037701210.1	WP_045557329.1,WP_369277748.1,WP_003946938.1	7	9
Strep_C23353	Strep_C23353A3	2	0.2222222222222222	WP_003975023.1	WP_037689617.1	WP_045558490.1,WP_086767017.1,WP_003949404.1	7	9
Strep_C23354	Strep_C23354A3	2	0.2222222222222222	WP_003976226.1	WP_037703034.1	WP_150470947.1,WP_003948013.1,WP_045557513.1	8	9
Strep_C23357	Strep_C23357A5	2	0.2222222222222222	WP_003976571.1	WP_328834644.1	WP_328835001.1,WP_192365329.1,WP_010353126.1	12	9
Strep_C23365	Strep_C23365A2	2	0.2222222222222222	WP_003977090.1	WP_328840039.1	WP_086764716.1,WP_237310883.1,WP_013004764.1	7	8
Strep_C23372	Strep_C23372A0	2	0.2222222222222222	WP_005482911.1	WP_073491265.1	WP_003975006.1,WP_033530686.1,WP_086797650.1	6	8
Strep_C23421	Strep_C23421A0	2	0.2222222222222222	WP_013001400.1	WP_013001400.1	WP_003974239.1,WP_045559465.1,WP_150472372.1	6	9
Strep_C23423	Strep_C23423A3	2	0.2222222222222222	WP_003977077.1	WP_037702072.1	WP_086768906.1,WP_003947314.1,WP_045556976.1	8	9
Strep_C23424	Strep_C23424A3	2	0.2222222222222222	WP_003972496.1	WP_037703966.1	WP_045556573.1,WP_150473486.1,WP_003951907.1	7	9
Strep_C2346	Strep_C2346A0	1	0.1111111111111111	WP_328838515.1	WP_369280861.1	WP_003974602.1,WP_093789826.1,WP_011029618.1	8	8
Strep_C23505	Strep_C23505A0	2	0.2222222222222222	WP_013000629.1	WP_013000629.1	WP_003973598.1,WP_073499834.1,WP_003950906.1	7	9
Strep_C23507	Strep_C23507A3	2	0.2222222222222222	WP_019983923.1	WP_037701295.1	WP_033532524.1,WP_086765016.1,WP_008407389.1	7	9
Strep_C23557	Strep_C23557A0	2	0.2222222222222222	WP_020115348.1	WP_033527287.1	WP_007449195.1,WP_167396176.1,WP_010637639.1	6	9
Strep_C2356	Strep_C2356A3	2	0.2222222222222222	WP_003973866.1	WP_046704632.1	WP_033525542.1,WP_150472611.1,WP_003950643.1	7	9
Strep_C23576	Strep_C23576A3	2	0.2222222222222222	WP_003977425.1	WP_010360553.1	WP_328840281.1,WP_150469993.1,WP_003946949.1	8	9
Strep_C23579	Strep_C23579A2	2	0.2222222222222222	WP_030868025.1	WP_029183837.1	WP_037696611.1,WP_150472709.1,WP_045558997.1	7	8
Strep_C23582	Strep_C23582A3	2	0.2222222222222222	WP_003974055.1	WP_037694514.1	WP_045562870.1,WP_328735260.1,WP_003948359.1	7	9
Strep_C23583	Strep_C23583A1	4	0.4444444444444444	WP_010361140.1	WP_037699363.1	WP_003975746.1,WP_045558342.1,WP_011028745.1	6	8
Strep_C23584	Strep_C23584A2	2	0.2222222222222222	WP_003977672.1	WP_037705141.1	WP_086764408.1,WP_045560308.1,WP_013005406.1	7	8
Strep_C23585	Strep_C23585A3	2	0.2222222222222222	WP_003974639.1	WP_326581917.1	WP_045556052.1,WP_086769244.1,WP_003950034.1	7	9
Strep_C23622	Strep_C23622A3	2	0.2222222222222222	WP_045556590.1	WP_003972478.1	WP_037703990.1,WP_355910792.1,WP_011030969.1	7	8
Strep_C23625	Strep_C23625A2	2	0.2222222222222222	WP_003974697.1	WP_003974697.1	WP_045555993.1,WP_037688487.1,WP_365276692.1	6	8
Strep_C2365	Strep_C2365A2	2	0.2222222222222222	WP_003975983.1	WP_003975983.1	WP_045560575.1,WP_328839005.1,WP_369278353.1	6	8
Strep_C23667	Strep_C23667A3	2	0.2222222222222222	WP_003972203.1	WP_010356654.1	WP_045556836.1,WP_328836064.1,WP_073491709.1	7	9
Strep_C2367	Strep_C2367A0	1	0.1111111111111111	WP_328836229.1	WP_408995585.1	WP_369280713.1,WP_003972437.1,WP_193379877.1	9	8
Strep_C23676	Strep_C23676A3	2	0.2222222222222222	WP_003974315.1	WP_020132675.1	WP_033528316.1,WP_006383482.1,WP_003948662.1	7	9
Strep_C23677	Strep_C23677A3	2	0.2222222222222222	WP_003977336.1	WP_037701424.1	WP_045557246.1,WP_086769500.1,WP_003947033.1	7	9
Strep_C23682	Strep_C23682A0	1	0.1111111111111111	WP_328837262.1	WP_328837262.1	WP_086771330.1,WP_003949989.1,WP_003976344.1	9	9
Strep_C23706	Strep_C23706A4	2	0.2222222222222222	WP_045560658.1	WP_003950561.1	WP_060891463.1,WP_086770348.1,WP_003975898.1	8	9
Strep_C23708	Strep_C23708A4	2	0.2222222222222222	WP_033526924.1	WP_003951122.1	WP_037696010.1,WP_086769907.1,WP_003973402.1	8	9
Strep_C2371	Strep_C2371A5	2	0.2222222222222222	WP_003975268.1	WP_369277153.1	WP_037702846.1,WP_328836236.1,WP_086797037.1	14	9
Strep_C2373	Strep_C2373A3	2	0.2222222222222222	WP_003974233.1	WP_008407263.1	WP_328837410.1,WP_150472376.1,WP_045559471.1	8	9
Strep_C23747	Strep_C23747A2	2	0.2222222222222222	WP_003976464.1	WP_029183611.1	WP_037704509.1,WP_150470748.1,WP_060884886.1	7	8
Strep_C23757	Strep_C23757A3	2	0.2222222222222222	WP_003977025.1	WP_328839995.1	WP_086772528.1,WP_003947359.1,WP_045560780.1	8	9
Strep_C2380	Strep_C2380A3	2	0.2222222222222222	WP_011031376.1	WP_086801725.1	WP_328842065.1,WP_369280727.1,WP_003946759.1	8	9
Strep_C23818	Strep_C23818A0	1	0.1111111111111111	WP_037694028.1	WP_037694028.1	WP_150472338.1,WP_003948669.1,WP_003974326.1	9	9
Strep_C23819	Strep_C23819A4	3	0.3333333333333333	WP_012999567.1	WP_037704355.1	WP_003972448.1,WP_369279717.1,WP_003951937.1	6	9
Strep_C23821	Strep_C23821A2	2	0.2222222222222222	WP_030866702.1	WP_319692930.1	WP_190046484.1,WP_177261673.1,WP_037728091.1	7	8
Strep_C23847	Strep_C23847A2	2	0.2222222222222222	WP_003974118.1	WP_369279092.1	WP_328837339.1,WP_045559572.1,WP_013001286.1	7	8
Strep_C23854	Strep_C23854A0	1	0.1111111111111111	WP_328839310.1	WP_026048008.1	WP_150470896.1,WP_003976294.1,WP_045557456.1	9	9
Strep_C23869	Strep_C23869A2	2	0.2222222222222222	WP_003975781.1	WP_078853340.1	WP_319769294.1,WP_365280031.1,WP_013003118.1	7	8
Strep_C23888	Strep_C23888A3	2	0.2222222222222222	WP_030872956.1	WP_037728229.1	WP_328839962.1,WP_150470339.1,WP_015508074.1	8	9
Strep_C23906	Strep_C23906A0	1	0.1111111111111111	WP_037688582.1	WP_037688582.1	WP_369278678.1,WP_003949033.1,WP_003974788.1	9	9
Strep_C23994	Strep_C23994A3	2	0.2222222222222222	WP_003977690.1	WP_328840636.1	WP_369277614.1,WP_003952184.1,WP_045560323.1	8	9
Strep_C24007	Strep_C24007A3	2	0.2222222222222222	WP_003974171.1	WP_003948512.1	WP_037694310.1,WP_086767401.1,WP_045559529.1	8	9
Strep_C24012	Strep_C24012A3	2	0.2222222222222222	WP_003974119.1	WP_008405247.1	WP_037694386.1,WP_086765269.1,WP_045559571.1	8	9
Strep_C24058	Strep_C24058A0	5	0.5555555555555556	WP_004927269.1	WP_004927269.1	WP_003974260.1,WP_003948636.1,WP_010354233.1	4	9
Strep_C24059	Strep_C24059A3	2	0.2222222222222222	WP_003974265.1	WP_319763157.1	WP_045559454.1,WP_073491921.1,WP_003948641.1	7	9
Strep_C24060	Strep_C24060A0	1	0.1111111111111111	WP_319766817.1	WP_319766817.1	WP_150473800.1,WP_003948646.1,WP_003977881.1	9	9
Strep_C24133	Strep_C24133A3	2	0.2222222222222222	WP_003973766.1	WP_013000827.1	WP_045559053.1,WP_046706261.1,WP_086771645.1	7	9
Strep_C2415	Strep_C2415A3	2	0.2222222222222222	WP_016326188.1	WP_003947996.1	WP_328839266.1,WP_150470932.1,WP_045557501.1	8	9
Strep_C24162	Strep_C24162A2	2	0.2222222222222222	WP_003972274.1	WP_319764803.1	WP_045556786.1,WP_086771173.1,WP_012999230.1	6	8
Strep_C24174	Strep_C24174A0	1	0.1111111111111111	WP_328840348.1	WP_328840348.1	WP_150469912.1,WP_003946862.1,WP_003977526.1	9	9
Strep_C24203	Strep_C24203A0	1	0.1111111111111111	WP_037693850.1	WP_003974337.1	WP_086766198.1,WP_003948678.1,WP_045559412.1	9	9
Strep_C2422	Strep_C2422A0	1	0.1111111111111111	WP_328837380.1	WP_003948550.1	WP_150472397.1,WP_003974191.1,WP_237313357.1	9	9
Strep_C24238	Strep_C24238A0	7	0.7777777777777778	WP_004002642.1	WP_004002642.1	WP_003959770.1,WP_010351314.1	3	9
Strep_C24239	Strep_C24239A1	4	0.4444444444444444	WP_005479910.1	WP_005479603.1	WP_003993189.1,WP_003973453.1,WP_004983065.1	10	9
Strep_C24240	Strep_C24240A3	2	0.2222222222222222	WP_003973726.1	WP_037695150.1	WP_033525425.1,WP_019058277.1,WP_003950781.1	7	9
Strep_C24242	Strep_C24242A3	2	0.2222222222222222	WP_003976187.1	WP_037703078.1	WP_045557536.1,WP_369278256.1,WP_003948041.1	7	9
Strep_C24243	Strep_C24243A0	1	0.1111111111111111	WP_037703190.1	WP_037703190.1	WP_086765503.1,WP_016326249.1,WP_045557596.1	8	8
Strep_C24244	Strep_C24244A2	2	0.2222222222222222	WP_003975825.1	WP_037703658.1	WP_086772188.1,WP_045560721.1,WP_005486852.1	7	8
Strep_C24245	Strep_C24245A3	2	0.2222222222222222	WP_011028501.1	WP_046705065.1	WP_033526430.1,WP_150471055.1,WP_003948103.1	7	9
Strep_C24255	Strep_C24255A3	2	0.2222222222222222	WP_003975291.1	WP_328837786.1	WP_086772548.1,WP_003949174.1,WP_045558163.1	8	9
Strep_C24258	Strep_C24258A0	1	0.1111111111111111	WP_328837960.1	WP_328837960.1	WP_150469831.1,WP_003972162.1,WP_045558700.1	8	8
Strep_C24282	Strep_C24282A3	2	0.2222222222222222	WP_016325767.1	WP_003946961.1	WP_328840264.1,WP_150470015.1,WP_045557303.1	8	9
Strep_C24336	Strep_C24336A2	2	0.2222222222222222	WP_003971870.1	WP_037692160.1	WP_086768306.1,WP_045555625.1,WP_013005918.1	7	8
Strep_C24337	Strep_C24337A2	2	0.2222222222222222	WP_016327921.1	WP_319072460.1	WP_150469423.1,WP_193382005.1,WP_013005770.1	7	8
Strep_C2434	Strep_C2434A0	1	0.1111111111111111	WP_328837638.1	WP_231885071.1	WP_150472168.1,WP_003975436.1,WP_237313441.1	8	8
Strep_C24345	Strep_C24345A0	1	0.1111111111111111	WP_328837291.1	WP_328837291.1	WP_150472485.1,WP_003974063.1,WP_045562877.1	8	8
Strep_C24355	Strep_C24355A2	2	0.2222222222222222	WP_003975907.1	WP_150471242.1	WP_328838951.1,WP_045560651.1,WP_013003269.1	7	8
Strep_C24373	Strep_C24373A3	2	0.2222222222222222	WP_003973454.1	WP_003951073.1	WP_009314205.1,WP_037695902.1,WP_086767382.1	7	9
Strep_C24418	Strep_C24418A0	1	0.1111111111111111	WP_319766991.1	WP_319766991.1	WP_150473309.1,WP_003949595.1,WP_016328097.1	9	9
Strep_C24424	Strep_C24424A3	2	0.2222222222222222	WP_003972860.1	WP_328836558.1	WP_086772824.1,WP_008414158.1,WP_045559857.1	8	9
Strep_C24445	Strep_C24445A0	2	0.2222222222222222	WP_005481623.1	WP_003951348.1	WP_016327459.1,WP_369279477.1,WP_237313174.1	7	9
Strep_C24447	Strep_C24447A2	2	0.2222222222222222	WP_003972102.1	WP_003972102.1	WP_037695630.1,WP_150469464.1,WP_237311755.1	7	8
Strep_C24461	Strep_C24461A2	2	0.2222222222222222	WP_003974083.1	WP_045562890.1	WP_037694471.1,WP_369279106.1,WP_013001235.1	7	8
Strep_C2449	Strep_C2449A3	2	0.2222222222222222	WP_003976242.1	WP_003947997.1	WP_037699871.1,WP_150470933.1,WP_045557502.1	8	9
Strep_C24497	Strep_C24497A0	4	0.4444444444444444	WP_003956432.1	WP_003956432.1	WP_003948617.1,WP_010354218.1	3	9
Strep_C24509	Strep_C24509A3	2	0.2222222222222222	WP_003977708.1	WP_328840167.1	WP_150469711.1,WP_003947136.1,WP_045557164.1	8	9
Strep_C24512	Strep_C24512A3	2	0.2222222222222222	WP_003976954.1	WP_086770406.1	WP_033529158.1,WP_037691365.1,WP_003947422.1	7	9
Strep_C24575	Strep_C24575A3	2	0.2222222222222222	WP_003976663.1	WP_037693494.1	WP_086768178.1,WP_003947649.1,WP_045555370.1	8	9
Strep_C24576	Strep_C24576A2	2	0.2222222222222222	WP_003971678.1	WP_037705035.1	WP_045562285.1,WP_073497663.1,WP_037727590.1	6	8
Strep_C24646	Strep_C24646A0	1	0.1111111111111111	WP_005484824.1	WP_005484824.1	WP_086772043.1,WP_016327813.1,WP_045556695.1	8	8
Strep_C24647	Strep_C24647A3	2	0.2222222222222222	WP_003976661.1	WP_037693496.1	WP_045555372.1,WP_086768173.1,WP_003947651.1	7	9
Strep_C24649	Strep_C24649A2	2	0.2222222222222222	WP_003974010.1	WP_086753103.1	WP_365278175.1,WP_045563167.1,WP_013001179.1	7	8
Strep_C24650	Strep_C24650A4	3	0.3333333333333333	WP_013001411.1	WP_319763159.1	WP_003974254.1,WP_073491923.1,WP_003948629.1	6	9
Strep_C24661	Strep_C24661A3	2	0.2222222222222222	WP_003975235.1	WP_086770699.1	WP_045559305.1,WP_328837573.1,WP_003949283.1	7	9
Strep_C24706	Strep_C24706A2	2	0.2222222222222222	WP_011031553.1	WP_013005909.1	WP_328841084.1,WP_369277226.1,WP_237311898.1	7	8
Strep_C2472	Strep_C2472A3	2	0.2222222222222222	WP_003973484.1	WP_086022940.1	WP_328836882.1,WP_190046559.1,WP_003951027.1	8	9
Strep_C24723	Strep_C24723A0	2	0.2222222222222222	WP_005480378.1	WP_005480378.1	WP_003973716.1,WP_086771226.1,WP_003950798.1	7	9
Strep_C24724	Strep_C24724A3	2	0.2222222222222222	WP_003977426.1	WP_005485618.1	WP_086771010.1,WP_003946948.1,WP_045557320.1	8	9
Strep_C24734	Strep_C24734A2	2	0.2222222222222222	WP_016326109.1	WP_328839488.1	WP_266456113.1,WP_045557963.1,WP_013004086.1	7	8
Strep_C24742	Strep_C24742A2	2	0.2222222222222222	WP_046247739.1	WP_086769303.1	WP_328839013.1,WP_045560566.1,WP_013003355.1	7	8
Strep_C24812	Strep_C24812A2	2	0.2222222222222222	WP_003978389.1	WP_037692354.1	WP_369280434.1,WP_045555540.1,WP_013006025.1	7	8
Strep_C24813	Strep_C24813A3	2	0.2222222222222222	WP_003973607.1	WP_037695424.1	WP_005480204.1,WP_086773029.1,WP_003950896.1	10	9
Strep_C2482	Strep_C2482A0	1	0.1111111111111111	WP_328836259.1	WP_086770192.1	WP_003972481.1,WP_045556587.1,WP_011030966.1	8	8
Strep_C24821	Strep_C24821A3	2	0.2222222222222222	WP_003977738.1	WP_328840808.1	WP_369277536.1,WP_003952254.1,WP_045561727.1	8	9
Strep_C2490	Strep_C2490A0	1	0.1111111111111111	WP_328837611.1	WP_328837611.1	WP_150472200.1,WP_003948865.1,WP_003975489.1	9	9
Strep_C24981	Strep_C24981A3	2	0.2222222222222222	WP_003977226.1	WP_003947155.1	WP_045557148.1,WP_057580434.1,WP_073499619.1	7	9
Strep_C25024	Strep_C25024A2	2	0.2222222222222222	WP_016325234.1	WP_010354474.1	WP_045560154.1,WP_037698395.1,WP_190046534.1	6	8
Strep_C25036	Strep_C25036A4	3	0.3333333333333333	WP_005481210.1	WP_037694138.1	WP_003974252.1,WP_073491925.1,WP_003948627.1	6	9
Strep_C25045	Strep_C25045A3	2	0.2222222222222222	WP_003974310.1	WP_328837445.1	WP_086767463.1,WP_003948658.1,WP_045559440.1	8	9
Strep_C25048	Strep_C25048A3	2	0.2222222222222222	WP_003974650.1	WP_328838479.1	WP_045556039.1,WP_086766476.1,WP_003950021.1	7	9
Strep_C25055	Strep_C25055A3	2	0.2222222222222222	WP_003975744.1	WP_086771814.1	WP_046708395.1,WP_003950387.1,WP_045556324.1	8	9
Strep_C25081	Strep_C25081A3	2	0.2222222222222222	WP_173668708.1	WP_173668708.1	WP_328840295.1,WP_369277744.1,WP_015508198.1	8	9
Strep_C25110	Strep_C25110A4	3	0.3333333333333333	WP_005481202.1	WP_037694153.1	WP_003974244.1,WP_020132619.1,WP_003948618.1	6	9
Strep_C25113	Strep_C25113A0	2	0.2222222222222222	WP_078531457.1	WP_078531457.1	WP_003974113.1,WP_078853945.1,WP_086765252.1	6	9
Strep_C25114	Strep_C25114A3	2	0.2222222222222222	WP_003976823.1	WP_086747400.1	WP_045555218.1,WP_150470466.1,WP_008405210.1	7	9
Strep_C25123	Strep_C25123A0	4	0.4444444444444444	WP_005481441.1	WP_073497352.1	WP_003973269.1,WP_003951232.1,WP_010360617.1	5	9
Strep_C25136	Strep_C25136A3	2	0.2222222222222222	WP_003975010.1	WP_003949432.1	WP_328838186.1,WP_086771893.1,WP_045558482.1	8	9
Strep_C25151	Strep_C25151A3	2	0.2222222222222222	WP_045556888.1	WP_045556888.1	WP_037704028.1,WP_086765028.1,WP_003972519.1	7	8
Strep_C25165	Strep_C25165A2	2	0.2222222222222222	WP_003971677.1	WP_013005330.1	WP_037705036.1,WP_086771796.1,WP_045562286.1	7	8
Strep_C2518	Strep_C2518A0	1	0.1111111111111111	WP_328838190.1	WP_328838190.1	WP_086769086.1,WP_003949438.1,WP_003975004.1	9	9
Strep_C25197	Strep_C25197A3	2	0.2222222222222222	WP_003973527.1	WP_037695734.1	WP_045562486.1,WP_150472860.1,WP_003950987.1	7	9
Strep_C25198	Strep_C25198A0	4	0.4444444444444444	WP_041669242.1	WP_041669242.1	WP_086764683.1,WP_003948238.1,WP_003973931.1	6	9
Strep_C25284	Strep_C25284A0	6	0.6666666666666666	WP_003977404.1	WP_003977404.1	WP_020128921.1,WP_003946969.1,WP_010357981.1	4	9
Strep_C25285	Strep_C25285A3	2	0.2222222222222222	WP_003973623.1	WP_037695399.1	WP_033526509.1,WP_086770585.1,WP_003950884.1	7	9
Strep_C25290	Strep_C25290A5	2	0.2222222222222222	WP_003978181.1	WP_046709337.1	WP_045556315.1,WP_328835508.1,WP_086800191.1	12	9
Strep_C25299	Strep_C25299A0	1	0.1111111111111111	WP_328840932.1	WP_328840932.1	WP_319180757.1,WP_003972098.1,WP_045555766.1	8	8
Strep_C25307	Strep_C25307A3	2	0.2222222222222222	WP_003977188.1	WP_003947197.1	WP_045557108.1,WP_046707742.1,WP_150470161.1	7	9
Strep_C25320	Strep_C25320A4	2	0.2222222222222222	WP_045556837.1	WP_003972202.1	WP_328842071.1,WP_086773356.1,WP_003952099.1	8	9
Strep_C2535	Strep_C2535A0	1	0.1111111111111111	WP_328838356.1	WP_003974817.1	WP_150471683.1,WP_003949063.1,WP_237309504.1	9	9
Strep_C25355	Strep_C25355A0	9	1.0	WP_003948652.1	WP_003948652.1		1	9
Strep_C25357	Strep_C25357A4	2	0.2222222222222222	WP_078853524.1	WP_078935269.1	WP_086767062.1,WP_003949375.1,WP_003975050.1	8	9
Strep_C25358	Strep_C25358A3	2	0.2222222222222222	WP_003974229.1	WP_319066266.1	WP_033528399.1,WP_086767173.1,WP_003948600.1	7	9
Strep_C25385	Strep_C25385A4	3	0.3333333333333333	WP_005480495.1	WP_003950731.1	WP_003973786.1,WP_037695023.1,WP_150472664.1	6	9
Strep_C25426	Strep_C25426A0	3	0.3333333333333333	WP_003992364.1	WP_003992364.1	WP_003998823.1,WP_003974257.1,WP_003948633.1	4	9
Strep_C2550	Strep_C2550A0	1	0.1111111111111111	WP_328836869.1	WP_192365609.1	WP_369279343.1,WP_015507051.1,WP_003973467.1	10	9
Strep_C25504	Strep_C25504A0	2	0.2222222222222222	WP_013004329.1	WP_013004329.1	WP_003976711.1,WP_045555333.1,WP_086768259.1	6	9
Strep_C25506	Strep_C25506A2	2	0.2222222222222222	WP_003978039.1	WP_046709106.1	WP_086771832.1,WP_045560188.1,WP_012998688.1	7	8
Strep_C25525	Strep_C25525A3	2	0.2222222222222222	WP_003976186.1	WP_086773292.1	WP_328839238.1,WP_003948042.1,WP_045557537.1	8	9
Strep_C25532	Strep_C25532A0	1	0.1111111111111111	WP_328836060.1	WP_369279927.1	WP_008408759.1,WP_037666054.1,WP_045556928.1	9	9
Strep_C2559	Strep_C2559A3	2	0.2222222222222222	WP_003975329.1	WP_328837751.1	WP_078853468.1,WP_328735487.1,WP_003949613.1	7	9
Strep_C25593	Strep_C25593A3	2	0.2222222222222222	WP_003974797.1	WP_328838376.1	WP_086770097.1,WP_015507628.1,WP_045555941.1	8	9
Strep_C2560	Strep_C2560A3	2	0.2222222222222222	WP_016325899.1	WP_003947338.1	WP_328842385.1,WP_167535024.1,WP_045556945.1	8	9
Strep_C25607	Strep_C25607A0	1	0.1111111111111111	WP_328837000.1	WP_003950919.1	WP_365272401.1,WP_003973588.1,WP_045558898.1	9	9
Strep_C25641	Strep_C25641A0	4	0.4444444444444444	WP_005476348.1	WP_005476348.1	WP_003974383.1,WP_007383963.1,WP_003948737.1	5	9
Strep_C25647	Strep_C25647A3	2	0.2222222222222222	WP_011028954.1	WP_328837639.1	WP_086767422.1,WP_008406591.1,WP_443033216.1	8	9
Strep_C25651	Strep_C25651A3	2	0.2222222222222222	WP_003977263.1	WP_328840180.1	WP_045557182.1,WP_086772233.1,WP_003947100.1	7	9
Strep_C25679	Strep_C25679A3	2	0.2222222222222222	WP_003976265.1	WP_045557479.1	WP_328839291.1,WP_086768577.1,WP_015507914.1	8	9
Strep_C2568	Strep_C2568A3	2	0.2222222222222222	WP_003972428.1	WP_328836220.1	WP_150473540.1,WP_003951950.1,WP_045556637.1	8	9
Strep_C2569	Strep_C2569A3	2	0.2222222222222222	WP_003975141.1	WP_328838107.1	WP_150471912.1,WP_003949294.1,WP_045558576.1	8	9
Strep_C2570	Strep_C2570A0	1	0.1111111111111111	WP_328839785.1	WP_328839785.1	WP_150470480.1,WP_037666735.1,WP_045555232.1	8	8
Strep_C25707	Strep_C25707A3	2	0.2222222222222222	WP_003976654.1	WP_037693510.1	WP_033528189.1,WP_073497023.1,WP_003947659.1	7	9
Strep_C25711	Strep_C25711A2	2	0.2222222222222222	WP_003974216.1	WP_327343935.1	WP_086769658.1,WP_045559489.1,WP_013001373.1	7	8
Strep_C2573	Strep_C2573A3	2	0.2222222222222222	WP_011028131.1	WP_015508025.1	WP_328839720.1,WP_190046481.1,WP_078853244.1	8	9
Strep_C25771	Strep_C25771A2	2	0.2222222222222222	WP_003976256.1	WP_328839281.1	WP_086770475.1,WP_045557489.1,WP_013003745.1	7	8
Strep_C25777	Strep_C25777A2	2	0.2222222222222222	WP_003971845.1	WP_086771942.1	WP_037698380.1,WP_045560160.1,WP_012998722.1	7	8
Strep_C25797	Strep_C25797A2	2	0.2222222222222222	WP_003975218.1	WP_003975218.1	WP_319769785.1,WP_150473873.1,WP_045561988.1	8	8
Strep_C25837	Strep_C25837A3	2	0.2222222222222222	WP_003973398.1	WP_030797849.1	WP_033526928.1,WP_007493339.1,WP_008409401.1	7	9
Strep_C25838	Strep_C25838A3	2	0.2222222222222222	WP_011029427.1	WP_037689314.1	WP_009327618.1,WP_190047047.1,WP_003949545.1	7	9
Strep_C25881	Strep_C25881A3	2	0.2222222222222222	WP_003973605.1	WP_060883273.1	WP_037695430.1,WP_150472786.1,WP_003950899.1	8	9
Strep_C25913	Strep_C25913A2	4	0.4444444444444444	WP_004571827.1	WP_037694118.1	WP_003974262.1,WP_026252021.1,WP_010354235.1	5	9
Strep_C25914	Strep_C25914A2	2	0.2222222222222222	WP_003977038.1	WP_037702198.1	WP_150470297.1,WP_045556938.1,WP_013004707.1	7	8
Strep_C25915	Strep_C25915A3	2	0.2222222222222222	WP_003975320.1	WP_037702683.1	WP_086772882.1,WP_008413904.1,WP_078853470.1	8	9
Strep_C2593	Strep_C2593A0	1	0.1111111111111111	WP_328836287.1	WP_015506806.1	WP_150473480.1,WP_016327739.1,WP_045556568.1	9	9
Strep_C25931	Strep_C25931A0	1	0.1111111111111111	WP_037704489.1	WP_086770715.1	WP_003976450.1,WP_045557945.1,WP_011028301.1	8	8
Strep_C25940	Strep_C25940A3	2	0.2222222222222222	WP_003975095.1	WP_003949330.1	WP_045558542.1,WP_328842223.1,WP_150474593.1	7	9
Strep_C2595	Strep_C2595A0	1	0.1111111111111111	WP_328837369.1	WP_079028387.1	WP_369279073.1,WP_015507749.1,WP_237313354.1	9	9
Strep_C25972	Strep_C25972A2	2	0.2222222222222222	WP_011029097.1	WP_029183455.1	WP_033524587.1,WP_037702588.1,WP_190046553.1	6	8
Strep_C2599	Strep_C2599A0	1	0.1111111111111111	WP_328836320.1	WP_010355035.1	WP_369279626.1,WP_015506814.1,WP_003972572.1	9	9
Strep_C25996	Strep_C25996A3	2	0.2222222222222222	WP_003974205.1	WP_003948569.1	WP_328837390.1,WP_150472390.1,WP_045559496.1	8	9
Strep_C2603	Strep_C2603A0	1	0.1111111111111111	WP_328842046.1	WP_369279857.1	WP_042799727.1,WP_237314428.1,WP_011031071.1	8	8
Strep_C26042	Strep_C26042A0	4	0.4444444444444444	WP_005475923.1	WP_005475923.1	WP_009189842.1,WP_003949660.1,WP_016326551.1	6	9
Strep_C26066	Strep_C26066A3	2	0.2222222222222222	WP_003975458.1	WP_003948890.1	WP_037702418.1,WP_150472185.1,WP_045562640.1	8	9
Strep_C26069	Strep_C26069A4	2	0.2222222222222222	WP_003975042.1	WP_008408275.1	WP_045558506.1,WP_037689654.1,WP_413254484.1	9	9
Strep_C2610	Strep_C2610A0	1	0.1111111111111111	WP_328842072.1	WP_003972244.1	WP_150473690.1,WP_003952077.1,WP_093788710.1	9	9
Strep_C26121	Strep_C26121A0	5	0.5555555555555556	WP_003997576.1	WP_003997576.1	WP_003973409.1,WP_037699828.1,WP_150470912.1	10	9
Strep_C26131	Strep_C26131A0	2	0.2222222222222222	WP_037702762.1	WP_150472028.1	WP_003975277.1,WP_003949196.1,WP_033524521.1	7	9
Strep_C26141	Strep_C26141A0	4	0.4444444444444444	WP_005477879.1	WP_003947436.1	WP_003976900.1,WP_086772100.1,WP_010352445.1	5	9
Strep_C26142	Strep_C26142A3	2	0.2222222222222222	WP_003973785.1	WP_003950732.1	WP_037695026.1,WP_086772332.1,WP_045559068.1	8	9
Strep_C26233	Strep_C26233A3	3	0.3333333333333333	WP_003977440.1	WP_037704786.1	WP_009343209.1,WP_003988855.1,WP_003946928.1	5	9
Strep_C26297	Strep_C26297A3	2	0.2222222222222222	WP_003976896.1	WP_037691490.1	WP_045560919.1,WP_086772104.1,WP_026047963.1	7	9
Strep_C26316	Strep_C26316A2	2	0.2222222222222222	WP_003972272.1	WP_003972272.1	WP_328836106.1,WP_086771175.1,WP_045556788.1	7	8
Strep_C2638	Strep_C2638A0	1	0.1111111111111111	WP_328836964.1	WP_369279304.1	WP_003973550.1,WP_237313249.1,WP_011030252.1	8	8
Strep_C26414	Strep_C26414A0	7	0.7777777777777778	WP_003977346.1	WP_003977346.1	WP_073493500.1,WP_003970367.1	3	9
Strep_C26415	Strep_C26415A0	3	0.3333333333333333	WP_033526497.1	WP_033526497.1	WP_003973611.1,WP_086770578.1,WP_003950893.1	6	9
Strep_C26416	Strep_C26416A3	2	0.2222222222222222	WP_003974256.1	WP_037694132.1	WP_045559456.1,WP_073491922.1,WP_003948632.1	7	9
Strep_C26417	Strep_C26417A3	2	0.2222222222222222	WP_003973762.1	WP_037695074.1	WP_045559048.1,WP_150472677.1,WP_003950752.1	7	9
Strep_C2643	Strep_C2643A0	1	0.1111111111111111	WP_328840209.1	WP_161269994.1	WP_190047039.1,WP_015508164.1,WP_016325804.1	9	9
Strep_C26477	Strep_C26477A3	2	0.2222222222222222	WP_003976204.1	WP_006374708.1	WP_033525816.1,WP_030601628.1,WP_003948029.1	7	9
Strep_C26478	Strep_C26478A2	2	0.2222222222222222	WP_003978053.1	WP_046705789.1	WP_030043960.1,WP_369280030.1,WP_012998851.1	6	8
Strep_C26479	Strep_C26479A3	2	0.2222222222222222	WP_003975912.1	WP_060891468.1	WP_045560647.1,WP_086770363.1,WP_003950576.1	7	9
Strep_C26483	Strep_C26483A0	4	0.4444444444444444	WP_005480604.1	WP_086766880.1	WP_003973842.1,WP_003950669.1,WP_013003879.1	6	9
Strep_C26520	Strep_C26520A3	2	0.2222222222222222	WP_003974896.1	WP_037689353.1	WP_045562551.1,WP_086771917.1,WP_003949531.1	7	9
Strep_C26521	Strep_C26521A3	2	0.2222222222222222	WP_003975895.1	WP_037703553.1	WP_045560661.1,WP_086770345.1,WP_008406550.1	7	9
Strep_C26522	Strep_C26522A2	2	0.2222222222222222	WP_003977592.1	WP_037704922.1	WP_150469872.1,WP_045562371.1,WP_013005246.1	7	8
Strep_C26523	Strep_C26523A4	2	0.2222222222222222	WP_045558481.1	WP_046704297.1	WP_086771894.1,WP_003949433.1,WP_003975009.1	8	9
Strep_C26551	Strep_C26551A3	2	0.2222222222222222	WP_003973755.1	WP_003973755.1	WP_037695085.1,WP_086766037.1,WP_003950759.1	8	9
Strep_C2660	Strep_C2660A0	1	0.1111111111111111	WP_328838227.1	WP_013002328.1	WP_369278742.1,WP_016326724.1,WP_237314053.1	8	8
Strep_C26604	Strep_C26604A2	2	0.2222222222222222	WP_011028647.1	WP_150471231.1	WP_046704960.1,WP_045560636.1,WP_013003287.1	7	8
Strep_C26649	Strep_C26649A2	2	0.2222222222222222	WP_003977596.1	WP_037704926.1	WP_045562365.1,WP_086769524.1,WP_037727758.1	6	8
Strep_C26655	Strep_C26655A3	2	0.2222222222222222	WP_167469766.1	WP_328838778.1	WP_229894499.1,WP_003950365.1,WP_177262089.1	8	9
Strep_C26720	Strep_C26720A0	9	1.0	WP_003948644.1	WP_003948644.1		1	9
Strep_C26721	Strep_C26721A3	2	0.2222222222222222	WP_003974211.1	WP_003998759.1	WP_033527131.1,WP_020132158.1,WP_003948573.1	7	9
Strep_C26722	Strep_C26722A0	4	0.4444444444444444	WP_005311352.1	WP_005311352.1	WP_003965949.1,WP_003951129.1,WP_010353840.1	4	9
Strep_C26724	Strep_C26724A3	2	0.2222222222222222	WP_003974839.1	WP_046709851.1	WP_033525053.1,WP_073499096.1,WP_003949576.1	7	9
Strep_C2676	Strep_C2676A0	1	0.1111111111111111	WP_328839968.1	WP_328839968.1	WP_369277906.1,WP_003976992.1,WP_237310804.1	8	8
Strep_C26794	Strep_C26794A3	2	0.2222222222222222	WP_003975403.1	WP_328837655.1	WP_369278942.1,WP_003946689.1,WP_045562599.1	8	9
Strep_C26814	Strep_C26814A2	2	0.2222222222222222	WP_003973321.1	WP_003973321.1	WP_328836768.1,WP_086772724.1,WP_177261914.1	7	8
Strep_C26862	Strep_C26862A3	2	0.2222222222222222	WP_003977595.1	WP_328842409.1	WP_045562427.1,WP_150469867.1,WP_010639708.1	7	9
Strep_C26916	Strep_C26916A1	4	0.4444444444444444	WP_003974374.1	WP_005481399.1	WP_009310327.1,WP_003948727.1	4	9
Strep_C2692	Strep_C2692A2	2	0.2222222222222222	WP_003975874.1	WP_150471261.1	WP_328838929.1,WP_045560675.1,WP_013003226.1	7	8
Strep_C2694	Strep_C2694A0	1	0.1111111111111111	WP_328837588.1	WP_003948828.1	WP_365277208.1,WP_003975531.1,WP_193381975.1	9	9
Strep_C26982	Strep_C26982A0	6	0.6666666666666666	WP_003999914.1	WP_003999914.1	WP_004943146.1,WP_003949502.1,WP_010352268.1	4	9
Strep_C26983	Strep_C26983A0	3	0.3333333333333333	WP_005480000.1	WP_005480000.1	WP_003973500.1,WP_073498632.1,WP_003951011.1	6	9
Strep_C26984	Strep_C26984A0	4	0.4444444444444444	WP_005481602.1	WP_005481602.1	WP_003993510.1,WP_003951337.1	3	9
Strep_C27003	Strep_C27003A0	4	0.4444444444444444	WP_013000329.1	WP_086772726.1	WP_003973319.1,WP_003951190.1,WP_010357496.1	5	9
Strep_C2701	Strep_C2701A0	1	0.1111111111111111	WP_319760314.1	WP_319760314.1	WP_150470585.1,WP_003947626.1,WP_016326025.1	9	9
Strep_C27049	Strep_C27049A3	2	0.2222222222222222	WP_003974926.1	WP_037689434.1	WP_045562519.1,WP_328834968.1,WP_086772991.1	7	8
Strep_C27070	Strep_C27070A4	3	0.3333333333333333	WP_005486786.1	WP_003950510.1	WP_030402030.1,WP_037703589.1,WP_073492201.1	6	9
Strep_C27075	Strep_C27075A2	2	0.2222222222222222	WP_003976498.1	WP_003976498.1	WP_037704558.1,WP_086768809.1,WP_033527342.1	7	8
Strep_C27116	Strep_C27116A0	3	0.3333333333333333	WP_005482942.1	WP_005482942.1	WP_003975025.1,WP_006604399.1,WP_003949400.1	6	9
Strep_C27118	Strep_C27118A2	2	0.2222222222222222	WP_003973869.1	WP_060890791.1	WP_045559138.1,WP_150472609.1,WP_013000924.1	6	8
Strep_C27127	Strep_C27127A2	2	0.2222222222222222	WP_003977193.1	WP_086770711.1	WP_060891971.1,WP_045557112.1,WP_013004884.1	7	8
Strep_C27160	Strep_C27160A3	2	0.2222222222222222	WP_003974317.1	WP_013001442.1	WP_037694038.1,WP_086767473.1,WP_003948664.1	8	9
Strep_C27175	Strep_C27175A0	2	0.2222222222222222	WP_030041128.1	WP_010358599.1	WP_003973291.1,WP_073494901.1,WP_003951205.1	7	9
Strep_C27181	Strep_C27181A3	2	0.2222222222222222	WP_003974805.1	WP_037688344.1	WP_019755963.1,WP_004986406.1,WP_003949043.1	7	9
Strep_C27182	Strep_C27182A0	3	0.3333333333333333	WP_037694127.1	WP_037694127.1	WP_003974258.1,WP_009327090.1,WP_003948634.1	6	9
Strep_C27201	Strep_C27201A2	2	0.2222222222222222	WP_003977594.1	WP_369277688.1	WP_328840397.1,WP_045562368.1,WP_013005250.1	7	8
Strep_C2721	Strep_C2721A3	2	0.2222222222222222	WP_003976275.1	WP_008405672.1	WP_328839299.1,WP_086768593.1,WP_093789161.1	8	9
Strep_C27254	Strep_C27254A4	3	0.3333333333333333	WP_013003250.1	WP_003950563.1	WP_003975899.1,WP_037703545.1,WP_369278392.1	6	9
Strep_C27258	Strep_C27258A3	2	0.2222222222222222	WP_003976649.1	WP_003976649.1	WP_045555382.1,WP_328839676.1,WP_086772659.1	7	9
Strep_C27288	Strep_C27288A0	2	0.2222222222222222	WP_013001415.1	WP_013001415.1	WP_003974263.1,WP_005481224.1,WP_006376029.1	6	9
Strep_C27289	Strep_C27289A3	2	0.2222222222222222	WP_003976675.1	WP_037693480.1	WP_045555364.1,WP_086768190.1,WP_003947636.1	7	9
Strep_C27290	Strep_C27290A3	2	0.2222222222222222	WP_003973180.1	WP_037700813.1	WP_013000229.1,WP_086772804.1,WP_003951322.1	7	9
Strep_C27291	Strep_C27291A3	4	0.4444444444444444	WP_005486790.1	WP_037703592.1	WP_003950507.1,WP_086770499.1	4	9
Strep_C27293	Strep_C27293A3	2	0.2222222222222222	WP_003973419.1	WP_046704867.1	WP_045561470.1,WP_086771262.1,WP_003951106.1	7	9
Strep_C27318	Strep_C27318A2	2	0.2222222222222222	WP_003977004.1	WP_003977004.1	WP_327346679.1,WP_086769327.1,WP_237310812.1	7	8
Strep_C27364	Strep_C27364A3	2	0.2222222222222222	WP_003974680.1	WP_003949955.1	WP_045556005.1,WP_037688515.1,WP_150471597.1	7	9
Strep_C27414	Strep_C27414A3	2	0.2222222222222222	WP_003977105.1	WP_369277865.1	WP_045557005.1,WP_037702309.1,WP_003947277.1	7	9
Strep_C27454	Strep_C27454A3	2	0.2222222222222222	WP_011027788.1	WP_037701316.1	WP_003988914.1,WP_086764978.1,WP_003946983.1	7	9
Strep_C27462	Strep_C27462A0	4	0.4444444444444444	WP_005485492.1	WP_003977348.1	WP_003947021.1,WP_010357929.1	4	9
Strep_C27482	Strep_C27482A0	2	0.2222222222222222	WP_005482678.1	WP_003974895.1	WP_033526749.1,WP_015659417.1,WP_010352102.1	5	8
Strep_C27539	Strep_C27539A0	7	0.7777777777777778	WP_003975777.1	WP_020128551.1	WP_003950432.1	3	9
Strep_C27584	Strep_C27584A0	1	0.1111111111111111	WP_037693856.1	WP_037693856.1	WP_086773506.1,WP_003948677.1,WP_003974334.1	10	9
Strep_C27585	Strep_C27585A3	2	0.2222222222222222	WP_003976241.1	WP_037699873.1	WP_150470934.1,WP_003947998.1,WP_045557503.1	8	9
Strep_C27593	Strep_C27593A2	2	0.2222222222222222	WP_003976273.1	WP_328839297.1	WP_369278215.1,WP_237310328.1,WP_013003765.1	7	8
Strep_C2766	Strep_C2766A0	1	0.1111111111111111	WP_328838101.1	WP_003949289.1	WP_086772679.1,WP_003975146.1,WP_237314010.1	9	9
Strep_C27697	Strep_C27697A2	2	0.2222222222222222	WP_016326801.1	WP_005476872.1	WP_328838375.1,WP_150471668.1,WP_045555940.1	7	8
Strep_C27716	Strep_C27716A3	2	0.2222222222222222	WP_003974884.1	WP_050372848.1	WP_037689336.1,WP_086771923.1,WP_008409756.1	8	9
Strep_C27718	Strep_C27718A3	2	0.2222222222222222	WP_003973725.1	WP_037695152.1	WP_045559016.1,WP_073491348.1,WP_003950782.1	7	9
Strep_C27771	Strep_C27771A0	4	0.4444444444444444	WP_003992873.1	WP_003992873.1	WP_003971835.1,WP_003973730.1,WP_006142322.1	7	9
Strep_C27773	Strep_C27773A2	2	0.2222222222222222	WP_003976012.1	WP_037703393.1	WP_086765621.1,WP_045557710.1,WP_013003380.1	7	8
Strep_C27838	Strep_C27838A3	2	0.2222222222222222	WP_003976205.1	WP_020115438.1	WP_045557526.1,WP_150470959.1,WP_003948028.1	7	9
Strep_C27839	Strep_C27839A3	2	0.2222222222222222	WP_003974810.1	WP_037688333.1	WP_045555936.1,WP_073495022.1,WP_003949047.1	7	9
Strep_C27840	Strep_C27840A3	2	0.2222222222222222	WP_003975080.1	WP_037689717.1	WP_045558527.1,WP_086767093.1,WP_003949347.1	7	9
Strep_C27889	Strep_C27889A0	2	0.2222222222222222	WP_033529228.1	WP_010355642.1	WP_003977022.1,WP_086772532.1,WP_003947362.1	7	9
Strep_C2795	Strep_C2795A5	2	0.2222222222222222	WP_003976881.1	WP_011031084.1	WP_060891839.1,WP_328836161.1,WP_374194952.1	15	9
Strep_C27959	Strep_C27959A3	2	0.2222222222222222	WP_003976417.1	WP_257545932.1	WP_045557916.1,WP_150470786.1,WP_003947868.1	8	9
Strep_C28020	Strep_C28020A2	2	0.2222222222222222	WP_003971899.1	WP_033526253.1	WP_045555673.1,WP_086770063.1,WP_013005879.1	6	8
Strep_C28023	Strep_C28023A2	2	0.2222222222222222	WP_037666679.1	WP_037699972.1	WP_150470936.1,WP_045557758.1,WP_013003726.1	7	8
Strep_C28086	Strep_C28086A0	1	0.1111111111111111	WP_037695811.1	WP_037695811.1	WP_086767189.1,WP_008410677.1,WP_003973498.1	9	9
Strep_C28088	Strep_C28088A2	2	0.2222222222222222	WP_003973789.1	WP_046704456.1	WP_045559070.1,WP_150472661.1,WP_037728487.1	6	8
Strep_C2813	Strep_C2813A3	2	0.2222222222222222	WP_003975532.1	WP_018470423.1	WP_328837587.1,WP_369278970.1,WP_193381976.1	8	9
Strep_C28159	Strep_C28159A3	2	0.2222222222222222	WP_003976677.1	WP_037693477.1	WP_033528168.1,WP_086768194.1,WP_003947634.1	7	9
Strep_C28160	Strep_C28160A3	3	0.3333333333333333	WP_003973401.1	WP_037696011.1	WP_033526925.1,WP_005479813.1,WP_003951123.1	6	9
Strep_C28161	Strep_C28161A2	2	0.2222222222222222	WP_007449696.1	WP_037703205.1	WP_045557607.1,WP_086771960.1,WP_013003502.1	6	8
Strep_C2817	Strep_C2817A0	1	0.1111111111111111	WP_328836692.1	WP_328836692.1	WP_369279465.1,WP_037667221.1,WP_237313180.1	8	8
Strep_C28189	Strep_C28189A3	2	0.2222222222222222	WP_011028969.1	WP_003946694.1	WP_328837652.1,WP_086771852.1,WP_045562603.1	8	9
Strep_C28226	Strep_C28226A0	7	0.7777777777777778	WP_003949403.1	WP_003949403.1	WP_020130672.1,WP_010354088.1	3	9
Strep_C28227	Strep_C28227A0	1	0.1111111111111111	WP_037702498.1	WP_037702498.1	WP_073495651.1,WP_003946690.1,WP_003975404.1	9	9
Strep_C28229	Strep_C28229A2	2	0.2222222222222222	WP_003977626.1	WP_037704958.1	WP_150469850.1,WP_045562964.1,WP_013005280.1	7	8
Strep_C28230	Strep_C28230A2	2	0.2222222222222222	WP_003973188.1	WP_046705851.1	WP_033525166.1,WP_086772214.1,WP_037724008.1	6	8
Strep_C28243	Strep_C28243A4	3	0.3333333333333333	WP_029181151.1	WP_086767968.1	WP_016325957.1,WP_033317921.1,WP_008406068.1	6	9
Strep_C2827	Strep_C2827A0	1	0.1111111111111111	WP_328836849.1	WP_011030309.1	WP_369279354.1,WP_015507038.1,WP_419153359.1	9	9
Strep_C28306	Strep_C28306A0	4	0.4444444444444444	WP_005479297.1	WP_005479297.1	WP_003976229.1,WP_003948010.1	3	9
Strep_C28307	Strep_C28307A3	2	0.2222222222222222	WP_003973433.1	WP_037695943.1	WP_033526900.1,WP_073491184.1,WP_003951092.1	7	9
Strep_C28308	Strep_C28308A3	2	0.2222222222222222	WP_003977150.1	WP_037701886.1	WP_011028536.1,WP_033531632.1,WP_086770419.1	9	9
Strep_C28310	Strep_C28310A2	2	0.2222222222222222	WP_003975905.1	WP_086749149.1	WP_045560653.1,WP_086770356.1,WP_037729483.1	6	8
Strep_C2833	Strep_C2833A4	2	0.2222222222222222	WP_045557349.1	WP_046707750.1	WP_086771597.1,WP_003947206.1,WP_003977177.1	8	9
Strep_C28353	Strep_C28353A2	2	0.2222222222222222	WP_003975729.1	WP_033524870.1	WP_045556307.1,WP_150471363.1,WP_013003062.1	6	8
Strep_C28356	Strep_C28356A2	2	0.2222222222222222	WP_003973440.1	WP_328836856.1	WP_086767364.1,WP_045561490.1,WP_037724724.1	7	8
Strep_C28376	Strep_C28376A3	2	0.2222222222222222	WP_016327219.1	WP_008407951.1	WP_045559085.1,WP_037694977.1,WP_073493074.1	7	9
Strep_C2838	Strep_C2838A0	1	0.1111111111111111	WP_328836521.1	WP_015506888.1	WP_369279547.1,WP_003972842.1,WP_237313096.1	9	9
Strep_C28469	Strep_C28469A0	3	0.3333333333333333	WP_003998824.1	WP_003998824.1	WP_003974259.1,WP_030671810.1,WP_003948635.1	5	9
Strep_C28473	Strep_C28473A0	8	0.8888888888888888	WP_003948620.1	WP_328835308.1	WP_004927214.1,WP_013006194.1	4	9
Strep_C28493	Strep_C28493A3	2	0.2222222222222222	WP_003973638.1	WP_003973638.1	WP_037695356.1,WP_086770597.1,WP_003950867.1	8	9
Strep_C2850	Strep_C2850A0	1	0.1111111111111111	WP_046705905.1	WP_046705905.1	WP_150471607.1,WP_003949937.1,WP_016326851.1	9	9
Strep_C28530	Strep_C28530A0	4	0.4444444444444444	WP_006123601.1	WP_006123601.1	WP_003976983.1,WP_004002281.1,WP_003947402.1	5	9
Strep_C28532	Strep_C28532A3	2	0.2222222222222222	WP_003976975.1	WP_046709667.1	WP_033529177.1,WP_086772140.1,WP_003947409.1	7	9
Strep_C28554	Strep_C28554A3	2	0.2222222222222222	WP_016325534.1	WP_008409618.1	WP_328835961.1,WP_086765982.1,WP_045561547.1	8	9
Strep_C2858	Strep_C2858A3	2	0.2222222222222222	WP_003975519.1	WP_045559280.1	WP_037688769.1,WP_369278965.1,WP_008403607.1	8	9
Strep_C28605	Strep_C28605A0	3	0.3333333333333333	WP_005485230.1	WP_030955201.1	WP_003947204.1,WP_016325855.1,WP_045557092.1	7	9
Strep_C2863	Strep_C2863A2	2	0.2222222222222222	WP_003978119.1	WP_328835768.1	WP_369280061.1,WP_093790547.1,WP_012998765.1	7	8
Strep_C28659	Strep_C28659A2	2	0.2222222222222222	WP_003977071.1	WP_086746643.1	WP_045556971.1,WP_086768896.1,WP_037724099.1	6	8
Strep_C28673	Strep_C28673A2	2	0.2222222222222222	WP_003975599.1	WP_190046755.1	WP_045555612.1,WP_086749579.1,WP_045560409.1	7	8
Strep_C28684	Strep_C28684A0	1	0.1111111111111111	WP_328838187.1	WP_003949434.1	WP_086771895.1,WP_003975008.1,WP_093790323.1	9	9
Strep_C28735	Strep_C28735A0	2	0.2222222222222222	WP_013000557.1	WP_013000557.1	WP_003973534.1,WP_150472852.1,WP_045563253.1	6	8
Strep_C2874	Strep_C2874A3	2	0.2222222222222222	WP_016325905.1	WP_010636851.1	WP_328840003.1,WP_150474423.1,WP_045556941.1	8	9
Strep_C2877	Strep_C2877A2	2	0.2222222222222222	WP_003976503.1	WP_003976503.1	WP_328839518.1,WP_369278106.1,WP_237310462.1	7	8
Strep_C28807	Strep_C28807A0	3	0.3333333333333333	WP_007384656.1	WP_007384656.1	WP_003973707.1,WP_086771218.1,WP_013000766.1	5	8
Strep_C2881	Strep_C2881A3	2	0.2222222222222222	WP_003974115.1	WP_013001270.1	WP_328837325.1,WP_086765256.1,WP_003948438.1	8	9
Strep_C28883	Strep_C28883A0	9	1.0	WP_003949541.1	WP_003949541.1		1	9
Strep_C28884	Strep_C28884A0	4	0.4444444444444444	WP_005486335.1	WP_005486335.1	WP_004929928.1,WP_328834827.1,WP_019057200.1	8	9
Strep_C28955	Strep_C28955A0	4	0.4444444444444444	WP_005483357.1	WP_005483357.1	WP_003992177.1,WP_007490911.1,WP_003973099.1	27	9
Strep_C29032	Strep_C29032A2	2	0.2222222222222222	WP_003976708.1	WP_328842352.1	WP_045555797.1,WP_086768253.1,WP_037728334.1	6	8
Strep_C2905	Strep_C2905A3	2	0.2222222222222222	WP_011031002.1	WP_328835349.1	WP_328836225.1,WP_150473538.1,WP_045556631.1	9	8
Strep_C29164	Strep_C29164A0	4	0.4444444444444444	WP_005480627.1	WP_005480627.1	WP_003973854.1,WP_073498771.1,WP_003950656.1	5	9
Strep_C29165	Strep_C29165A0	4	0.4444444444444444	WP_005485586.1	WP_005485586.1	WP_003977410.1,WP_073492896.1,WP_003946963.1	5	9
Strep_C29166	Strep_C29166A0	4	0.4444444444444444	WP_033526477.1	WP_033526477.1	WP_003976178.1,WP_086773337.1,WP_003948050.1	5	9
Strep_C29167	Strep_C29167A3	5	0.5555555555555556	WP_003977225.1	WP_037701701.1	WP_073499621.1,WP_003947156.1,WP_006374321.1	5	9
Strep_C29168	Strep_C29168A2	2	0.2222222222222222	WP_003977636.1	WP_046705693.1	WP_045562955.1,WP_150469842.1,WP_037727566.1	6	8
Strep_C29170	Strep_C29170A2	2	0.2222222222222222	WP_003977192.1	WP_086747781.1	WP_045557111.1,WP_086770710.1,WP_013004883.1	6	8
Strep_C29171	Strep_C29171A3	2	0.2222222222222222	WP_003973258.1	WP_319696936.1	WP_073491660.1,WP_003951246.1,WP_045561144.1	8	9
Strep_C2919	Strep_C2919A0	1	0.1111111111111111	WP_328837629.1	WP_003948897.1	WP_086772906.1,WP_003975451.1,WP_045562634.1	9	9
Strep_C2921	Strep_C2921A3	2	0.2222222222222222	WP_011027776.1	WP_011027776.1	WP_328840263.1,WP_369277764.1,WP_003946964.1	8	9
Strep_C29237	Strep_C29237A0	2	0.2222222222222222	WP_013005676.1	WP_013005676.1	WP_003978169.1,WP_033525738.1,WP_086773196.1	5	8
Strep_C29309	Strep_C29309A0	5	0.5555555555555556	WP_005485166.1	WP_005485166.1	WP_003977152.1,WP_003947232.1,WP_010350366.1	4	9
Strep_C2938	Strep_C2938A8	2	0.2222222222222222	WP_003976660.1	WP_060891735.1	WP_319766245.1,WP_045556970.1,WP_013004284.1	16	9
Strep_C29386	Strep_C29386A0	7	0.7777777777777778	WP_003948630.1	WP_003948630.1	WP_049567381.1,WP_003956452.1	3	9
Strep_C29387	Strep_C29387A0	5	0.5555555555555556	WP_003973430.1	WP_003973430.1	WP_073491182.1,WP_003951095.1,WP_003993230.1	5	9
Strep_C2947	Strep_C2947A0	1	0.1111111111111111	WP_328839917.1	WP_328839917.1	WP_150470387.1,WP_003976932.1,WP_045560878.1	8	8
Strep_C2951	Strep_C2951A0	1	0.1111111111111111	WP_328835445.1	WP_003971935.1	WP_328836205.1,WP_369279835.1,WP_237312971.1	10	8
Strep_C29515	Strep_C29515A2	2	0.2222222222222222	WP_003977493.1	WP_013005172.1	WP_328840333.1,WP_365272803.1,WP_045563197.1	7	8
Strep_C2954	Strep_C2954A0	1	0.1111111111111111	WP_328838242.1	WP_237314063.1	WP_328735718.1,WP_016326738.1,WP_011029388.1	8	8
Strep_C29657	Strep_C29657A0	5	0.5555555555555556	WP_007493396.1	WP_007493396.1	WP_006139588.1,WP_086771257.1,WP_003951102.1	4	9
Strep_C29711	Strep_C29711A3	3	0.3333333333333333	WP_005485663.1	WP_010352398.1	WP_003975784.1,WP_078935499.1,WP_150471318.1	5	8
Strep_C29723	Strep_C29723A5	2	0.2222222222222222	WP_003972469.1	WP_037692688.1	WP_045556599.1,WP_045562163.1,WP_037697218.1	13	9
Strep_C2976	Strep_C2976A3	2	0.2222222222222222	WP_003976341.1	WP_328839348.1	WP_150470863.1,WP_015507928.1,WP_093789314.1	8	9
Strep_C29773	Strep_C29773A0	8	0.8888888888888888	WP_003966491.1	WP_003966491.1	WP_010350523.1	2	9
Strep_C29781	Strep_C29781A3	2	0.2222222222222222	WP_003976223.1	WP_328839257.1	WP_045557516.1,WP_167534869.1,WP_003948016.1	7	9
Strep_C29832	Strep_C29832A1	7	0.7777777777777778	WP_003948671.1	WP_018834916.1		2	9
Strep_C29833	Strep_C29833A3	3	0.3333333333333333	WP_005478154.1	WP_037693317.1	WP_003976764.1,WP_167396204.1,WP_010356506.1	5	8
Strep_C29836	Strep_C29836A5	2	0.2222222222222222	WP_003975405.1	WP_328837654.1	WP_003978292.1,WP_033524681.1,WP_086773553.1	10	9
Strep_C29891	Strep_C29891A0	2	0.2222222222222222	WP_005476015.1	WP_003975360.1	WP_086785308.1,WP_003967454.1,WP_003949633.1	6	9
Strep_C29994	Strep_C29994A0	2	0.2222222222222222	WP_020113966.1	WP_020113966.1	WP_007444413.1,WP_086786875.1,WP_007384531.1	6	9
Strep_C3005	Strep_C3005A0	1	0.1111111111111111	WP_046708171.1	WP_010359242.1	WP_369279600.1,WP_003951701.1,WP_003972730.1	9	9
Strep_C3006	Strep_C3006A0	1	0.1111111111111111	WP_328838163.1	WP_328838163.1	WP_328737964.1,WP_003949387.1,WP_003975038.1	9	9
Strep_C30061	Strep_C30061A2	2	0.2222222222222222	WP_106435246.1	WP_107065431.1	WP_107430177.1,WP_107073705.1,WP_013005082.1	7	8
Strep_C3007	Strep_C3007A3	2	0.2222222222222222	WP_003975423.1	WP_413254459.1	WP_369278945.1,WP_003948949.1,WP_193382084.1	8	9
Strep_C30150	Strep_C30150A3	3	0.3333333333333333	WP_003975051.1	WP_060891143.1	WP_005482975.1,WP_014047156.1,WP_003949374.1	5	9
Strep_C302	Strep_C302A0	1	0.1111111111111111	WP_328838284.1	WP_003949543.1	WP_369278714.1,WP_016326762.1,WP_045562563.1	9	9
Strep_C30211	Strep_C30211A0	4	0.4444444444444444	WP_005479955.1	WP_008406190.1	WP_011030289.1,WP_018569343.1,WP_010356915.1	5	9
Strep_C3023	Strep_C3023A3	2	0.2222222222222222	WP_003977597.1	WP_037704928.1	WP_045562364.1,WP_369277686.1,WP_003946816.1	7	9
Strep_C30248	Strep_C30248A0	9	1.0	WP_003999697.1	WP_003999697.1		1	9
Strep_C3025	Strep_C3025A0	1	0.1111111111111111	WP_328840029.1	WP_003947315.1	WP_365275878.1,WP_003977074.1,WP_093791869.1	9	9
Strep_C30359	Strep_C30359A2	2	0.2222222222222222	WP_011027990.1	WP_086757448.1	WP_005477623.1,WP_086773315.1,WP_093788503.1	6	8
Strep_C30367	Strep_C30367A0	6	0.6666666666666666	WP_003998809.1	WP_003998809.1	WP_003974245.1,WP_003948619.1	3	9
Strep_C30381	Strep_C30381A0	9	1.0	WP_003948845.1	WP_003948845.1		1	9
Strep_C30391	Strep_C30391A0	1	0.1111111111111111	WP_037655415.1	WP_037655415.1	WP_086749276.1,WP_010351568.1,WP_055535527.1	11	9
Strep_C3049	Strep_C3049A0	1	0.1111111111111111	WP_328838787.1	WP_003975738.1	WP_150471351.1,WP_003949747.1,WP_045556320.1	9	9
Strep_C3054	Strep_C3054A3	2	0.2222222222222222	WP_003973378.1	WP_374195340.1	WP_413254438.1,WP_369279383.1,WP_015507025.1	8	9
Strep_C3066	Strep_C3066A0	1	0.1111111111111111	WP_328837665.1	WP_013001710.1	WP_328735439.1,WP_003948969.1,WP_042799571.1	9	9
Strep_C3070	Strep_C3070A0	1	0.1111111111111111	WP_328838128.1	WP_328838128.1	WP_369278794.1,WP_003975099.1,WP_045558546.1	8	8
Strep_C3071	Strep_C3071A0	1	0.1111111111111111	WP_328840242.1	WP_328840242.1	WP_150470037.1,WP_003946997.1,WP_003977371.1	9	9
Strep_C3101	Strep_C3101A0	1	0.1111111111111111	WP_328840355.1	WP_012998102.1	WP_369277704.1,WP_003946848.1,WP_003977535.1	10	9
Strep_C3106	Strep_C3106A0	1	0.1111111111111111	WP_210551146.1	WP_328835937.1	WP_328834818.1,WP_086801240.1,WP_010351567.1	12	9
Strep_C3111	Strep_C3111A0	1	0.1111111111111111	WP_328840445.1	WP_369277217.1	WP_003978308.1,WP_237314329.1,WP_011027200.1	8	8
Strep_C3116	Strep_C3116A2	2	0.2222222222222222	WP_003972394.1	WP_045556672.1	WP_328836195.1,WP_150473565.1,WP_012999518.1	7	8
Strep_C3123	Strep_C3123A0	1	0.1111111111111111	WP_328839392.1	WP_328839392.1	WP_369277139.1,WP_003973065.1,WP_237310355.1	10	8
Strep_C3124	Strep_C3124A3	2	0.2222222222222222	WP_003972818.1	WP_328734802.1	WP_327342986.1,WP_003951633.1,WP_045559774.1	8	9
Strep_C3144	Strep_C3144A0	1	0.1111111111111111	WP_328836800.1	WP_150472992.1	WP_003973340.1,WP_045561411.1,WP_011030391.1	8	8
Strep_C3160	Strep_C3160A0	1	0.1111111111111111	WP_328836733.1	WP_328836733.1	WP_369280696.1,WP_016327418.1,WP_237313197.1	8	8
Strep_C3163	Strep_C3163A5	2	0.2222222222222222	WP_011029195.1	WP_045558705.1	WP_328835506.1,WP_328837958.1,WP_375336292.1	17	9
Strep_C3178	Strep_C3178A5	2	0.2222222222222222	WP_003973282.1	WP_046708011.1	WP_037691649.1,WP_086798084.1,WP_086799359.1	13	9
Strep_C3196	Strep_C3196A0	1	0.1111111111111111	WP_328839732.1	WP_365267638.1	WP_003947564.1,WP_003976747.1,WP_093788275.1	9	9
Strep_C3205	Strep_C3205A3	2	0.2222222222222222	WP_003975632.1	WP_013002924.1	WP_413254492.1,WP_365270883.1,WP_003950223.1	8	9
Strep_C3223	Strep_C3223A2	2	0.2222222222222222	WP_003971843.1	WP_328835723.1	WP_150474068.1,WP_045560162.1,WP_037726684.1	9	8
Strep_C3225	Strep_C3225A0	1	0.1111111111111111	WP_328836966.1	WP_369279303.1	WP_003973552.1,WP_237313251.1,WP_011030250.1	8	8
Strep_C3228	Strep_C3228A0	1	0.1111111111111111	WP_319267938.1	WP_003974957.1	WP_150474584.1,WP_003949478.1,WP_078853512.1	9	9
Strep_C3232	Strep_C3232A0	1	0.1111111111111111	WP_328837779.1	WP_041669395.1	WP_369278893.1,WP_003975305.1,WP_237313553.1	8	8
Strep_C3244	Strep_C3244A0	1	0.1111111111111111	WP_328840202.1	WP_045557211.1	WP_365268989.1,WP_003947069.1,WP_003977298.1	9	9
Strep_C3249	Strep_C3249A3	2	0.2222222222222222	WP_016327174.1	WP_010352764.1	WP_037694787.1,WP_167534940.1,WP_008414126.1	8	9
Strep_C3255	Strep_C3255A3	2	0.2222222222222222	WP_003977434.1	WP_328840288.1	WP_086771999.1,WP_003946939.1,WP_045557328.1	8	9
Strep_C3257	Strep_C3257A0	1	0.1111111111111111	WP_328842386.1	WP_003947337.1	WP_365275914.1,WP_003977049.1,WP_045556946.1	9	9
Strep_C3261	Strep_C3261A0	1	0.1111111111111111	WP_328838118.1	WP_003975114.1	WP_365268336.1,WP_003949314.1,WP_093790295.1	9	9
Strep_C3278	Strep_C3278A3	2	0.2222222222222222	WP_003976122.1	WP_328839179.1	WP_086765505.1,WP_037629519.1,WP_045557597.1	8	9
Strep_C3281	Strep_C3281A0	1	0.1111111111111111	WP_328837288.1	WP_003948361.1	WP_369279115.1,WP_003974057.1,WP_237313326.1	9	9
Strep_C3285	Strep_C3285A3	2	0.2222222222222222	WP_003974879.1	WP_003974879.1	WP_328838286.1,WP_150471738.1,WP_015507495.1	8	9
Strep_C3286	Strep_C3286A0	1	0.1111111111111111	WP_328837790.1	WP_003975283.1	WP_369278881.1,WP_003949181.1,WP_237313555.1	9	9
Strep_C3313	Strep_C3313A3	2	0.2222222222222222	WP_003974371.1	WP_003974371.1	WP_328837518.1,WP_150472300.1,WP_003948724.1	8	9
Strep_C3334	Strep_C3334A0	1	0.1111111111111111	WP_037694281.1	WP_237313358.1	WP_150472396.1,WP_003948551.1,WP_016327071.1	9	9
Strep_C3341	Strep_C3341A0	1	0.1111111111111111	WP_328842160.1	WP_075661253.1	WP_369280675.1,WP_234308198.1,WP_237314140.1	8	8
Strep_C3347	Strep_C3347A0	1	0.1111111111111111	WP_328840257.1	WP_003946972.1	WP_369277767.1,WP_037666826.1,WP_237311056.1	9	9
Strep_C3379	Strep_C3379A3	2	0.2222222222222222	WP_003973860.1	WP_328837166.1	WP_150472616.1,WP_003950649.1,WP_045559127.1	8	9
Strep_C3400	Strep_C3400A0	1	0.1111111111111111	WP_328836574.1	WP_029183780.1	WP_369279529.1,WP_003972878.1,WP_193380724.1	8	8
Strep_C3405	Strep_C3405A3	2	0.2222222222222222	WP_003972254.1	WP_003972254.1	WP_037704125.1,WP_369279906.1,WP_003952067.1	8	9
Strep_C3413	Strep_C3413A0	1	0.1111111111111111	WP_328838117.1	WP_010350651.1	WP_150471897.1,WP_003949313.1,WP_016326665.1	9	9
Strep_C3414	Strep_C3414A0	1	0.1111111111111111	WP_037693486.1	WP_037693486.1	WP_086768184.1,WP_003947645.1,WP_003976667.1	10	9
Strep_C3417	Strep_C3417A3	2	0.2222222222222222	WP_003971701.1	WP_328835566.1	WP_369280102.1,WP_015508239.1,WP_237312582.1	8	9
Strep_C3420	Strep_C3420A0	1	0.1111111111111111	WP_328838243.1	WP_328838243.1	WP_369278731.1,WP_003974941.1,WP_237314065.1	8	8
Strep_C3423	Strep_C3423A3	2	0.2222222222222222	WP_003977000.1	WP_003947385.1	WP_328839980.1,WP_167534847.1,WP_045560804.1	8	9
Strep_C3425	Strep_C3425A0	1	0.1111111111111111	WP_328836339.1	WP_003951778.1	WP_369279616.1,WP_003972684.1,WP_045556475.1	9	9
Strep_C3426	Strep_C3426A3	2	0.2222222222222222	WP_003973476.1	WP_003973476.1	WP_327343407.1,WP_150472895.1,WP_003951038.1	8	9
Strep_C3450	Strep_C3450A0	1	0.1111111111111111	WP_328837623.1	WP_010351478.1	WP_369278956.1,WP_003975468.1,WP_237313438.1	8	8
Strep_C3456	Strep_C3456A3	2	0.2222222222222222	WP_003976401.1	WP_003949056.1	WP_328839438.1,WP_150470807.1,WP_045557890.1	8	9
Strep_C3472	Strep_C3472A0	1	0.1111111111111111	WP_327345600.1	WP_003948166.1	WP_150471156.1,WP_003976024.1,WP_237310208.1	9	9
Strep_C3481	Strep_C3481A2	2	0.2222222222222222	WP_003973742.1	WP_150472690.1	WP_045559027.1,WP_328837099.1,WP_013000801.1	6	8
Strep_C3489	Strep_C3489A6	2	0.2222222222222222	WP_003974210.1	WP_037694236.1	WP_003974678.1,WP_045556006.1,WP_086750074.1	15	9
Strep_C3494	Strep_C3494A0	1	0.1111111111111111	WP_328836369.1	WP_003951702.1	WP_369279601.1,WP_003972729.1,WP_237313043.1	9	9
Strep_C3504	Strep_C3504A0	1	0.1111111111111111	WP_328840405.1	WP_011027660.1	WP_369277682.1,WP_003977601.1,WP_045562360.1	8	8
Strep_C3509	Strep_C3509A2	2	0.2222222222222222	WP_016326195.1	WP_010355367.1	WP_328839260.1,WP_365271629.1,WP_045557511.1	8	8
Strep_C3520	Strep_C3520A4	2	0.2222222222222222	WP_003973481.1	WP_050777421.1	WP_037695850.1,WP_327347427.1,WP_086771126.1	9	9
Strep_C3528	Strep_C3528A0	1	0.1111111111111111	WP_328836285.1	WP_086801962.1	WP_328838502.1,WP_192358764.1,WP_010355096.1	12	8
Strep_C3532	Strep_C3532A0	1	0.1111111111111111	WP_319764480.1	WP_319764480.1	WP_150473512.1,WP_003951888.1,WP_003972466.1	9	9
Strep_C3538	Strep_C3538A0	1	0.1111111111111111	WP_328840872.1	WP_003952291.1	WP_150469625.1,WP_016325593.1,WP_045561787.1	9	9
Strep_C3542	Strep_C3542A3	2	0.2222222222222222	WP_003975395.1	WP_003975395.1	WP_328837711.1,WP_369278934.1,WP_003949670.1	8	9
Strep_C3557	Strep_C3557A3	2	0.2222222222222222	WP_003977164.1	WP_328840109.1	WP_150470177.1,WP_003947219.1,WP_045557078.1	8	9
Strep_C3558	Strep_C3558A0	1	0.1111111111111111	WP_328838959.1	WP_369278384.1	WP_003975920.1,WP_045560640.1,WP_011028648.1	8	8
Strep_C3573	Strep_C3573A0	1	0.1111111111111111	WP_328842375.1	WP_328842375.1	WP_150470385.1,WP_003976937.1,WP_409105913.1	8	8
Strep_C360	Strep_C360A3	2	0.2222222222222222	WP_011030150.1	WP_011030150.1	WP_328837072.1,WP_369279226.1,WP_003950819.1	8	9
Strep_C3614	Strep_C3614A0	1	0.1111111111111111	WP_328837285.1	WP_003948349.1	WP_086767349.1,WP_003974047.1,WP_093790376.1	10	9
Strep_C3618	Strep_C3618A2	2	0.2222222222222222	WP_003974067.1	WP_003974067.1	WP_086748375.1,WP_369279112.1,WP_272897509.1	7	8
Strep_C3620	Strep_C3620A0	1	0.1111111111111111	WP_328837476.1	WP_045559409.1	WP_369279027.1,WP_003948681.1,WP_003974340.1	9	9
Strep_C3635	Strep_C3635A0	1	0.1111111111111111	WP_328840360.1	WP_015508227.1	WP_369277703.1,WP_003977541.1,WP_045562403.1	9	9
Strep_C3637	Strep_C3637A3	2	0.2222222222222222	WP_003972412.1	WP_012999536.1	WP_328836210.1,WP_369279832.1,WP_008403944.1	8	9
Strep_C3650	Strep_C3650A3	2	0.2222222222222222	WP_003974372.1	WP_003948725.1	WP_328837519.1,WP_086770853.1,WP_237313412.1	8	9
Strep_C3653	Strep_C3653A2	2	0.2222222222222222	WP_003976914.1	WP_003976914.1	WP_328839908.1,WP_365278072.1,WP_045560901.1	7	8
Strep_C3665	Strep_C3665A3	2	0.2222222222222222	WP_003976982.1	WP_037691326.1	WP_150470338.1,WP_003947403.1,WP_045560829.1	8	9
Strep_C3666	Strep_C3666A3	2	0.2222222222222222	WP_003973626.1	WP_037695393.1	WP_005480248.1,WP_086770588.1,WP_003950881.1	7	9
Strep_C3669	Strep_C3669A3	2	0.2222222222222222	WP_003974603.1	WP_328838513.1	WP_150471556.1,WP_003950073.1,WP_237309594.1	8	9
Strep_C3674	Strep_C3674A3	2	0.2222222222222222	WP_003973724.1	WP_150472700.1	WP_328837092.1,WP_003950783.1,WP_045559015.1	8	9
Strep_C3691	Strep_C3691A3	2	0.2222222222222222	WP_003972641.1	WP_086767388.1	WP_003973461.1,WP_328836862.1,WP_010359659.1	11	9
Strep_C3693	Strep_C3693A0	1	0.1111111111111111	WP_328837314.1	WP_016325496.1	WP_150472452.1,WP_010351884.1,WP_042799638.1	11	8
Strep_C3705	Strep_C3705A0	1	0.1111111111111111	WP_328836694.1	WP_328836694.1	WP_369279464.1,WP_015506981.1,WP_003973194.1	9	9
Strep_C3709	Strep_C3709A3	2	0.2222222222222222	WP_003974187.1	WP_003948547.1	WP_037694287.1,WP_369279065.1,WP_060887733.1	8	9
Strep_C3739	Strep_C3739A3	2	0.2222222222222222	WP_011028126.1	WP_328839730.1	WP_150470541.1,WP_003947567.1,WP_093788273.1	8	9
Strep_C3745	Strep_C3745A0	1	0.1111111111111111	WP_328837129.1	WP_015507131.1	WP_369279205.1,WP_003973796.1,WP_045559077.1	9	9
Strep_C3749	Strep_C3749A3	2	0.2222222222222222	WP_016325733.1	WP_016325733.1	WP_328840319.1,WP_167534839.1,WP_003946892.1	8	9
Strep_C3753	Strep_C3753A0	1	0.1111111111111111	WP_328837475.1	WP_371271415.1	WP_369279028.1,WP_015507714.1,WP_003974339.1	9	9
Strep_C3759	Strep_C3759A0	1	0.1111111111111111	WP_328839745.1	WP_328839745.1	WP_150470527.1,WP_003947552.1,WP_016325995.1	9	9
Strep_C3771	Strep_C3771A0	1	0.1111111111111111	WP_328838612.1	WP_003974544.1	WP_150471488.1,WP_045556147.1,WP_011029652.1	8	8
Strep_C3773	Strep_C3773A0	1	0.1111111111111111	WP_328838341.1	WP_016326786.1	WP_369278694.1,WP_237309502.1,WP_011029456.1	8	8
Strep_C3774	Strep_C3774A0	1	0.1111111111111111	WP_328838699.1	WP_045556209.1	WP_369278547.1,WP_003950243.1,WP_003975644.1	9	9
Strep_C3778	Strep_C3778A4	2	0.2222222222222222	WP_003975611.1	WP_013002900.1	WP_328838677.1,WP_150471472.1,WP_369276937.1	9	9
Strep_C3784	Strep_C3784A0	1	0.1111111111111111	WP_037694332.1	WP_037694332.1	WP_369279079.1,WP_003948500.1,WP_003974157.1	9	9
Strep_C3823	Strep_C3823A2	2	0.2222222222222222	WP_003974876.1	WP_237309427.1	WP_413254483.1,WP_229894771.1,WP_037725894.1	7	8
Strep_C3836	Strep_C3836A0	1	0.1111111111111111	WP_328836709.1	WP_010358936.1	WP_369279453.1,WP_003951272.1,WP_079021121.1	9	9
Strep_C3847	Strep_C3847A0	1	0.1111111111111111	WP_328839954.1	WP_015508072.1	WP_328736864.1,WP_003976972.1,WP_045560837.1	9	9
Strep_C3861	Strep_C3861A0	1	0.1111111111111111	WP_328837130.1	WP_369279204.1	WP_003973797.1,WP_237313290.1,WP_011030099.1	8	8
Strep_C3897	Strep_C3897A3	2	0.2222222222222222	WP_003974842.1	WP_150471711.1	WP_328838329.1,WP_003949573.1,WP_045555894.1	8	9
Strep_C3920	Strep_C3920A0	1	0.1111111111111111	WP_046704940.1	WP_003977007.1	WP_150470319.1,WP_045560982.1,WP_011027991.1	8	8
Strep_C3943	Strep_C3943A3	2	0.2222222222222222	WP_003975390.1	WP_015507457.1	WP_328837717.1,WP_369278932.1,WP_193379533.1	8	9
Strep_C3946	Strep_C3946A0	1	0.1111111111111111	WP_328837622.1	WP_371271926.1	WP_365277585.1,WP_003948884.1,WP_003975476.1	9	9
Strep_C3948	Strep_C3948A0	1	0.1111111111111111	WP_046708725.1	WP_011028182.1	WP_086772610.1,WP_003947673.1,WP_016326042.1	9	9
Strep_C3952	Strep_C3952A3	2	0.2222222222222222	WP_003974041.1	WP_078580120.1	WP_327348591.1,WP_150474670.1,WP_015507806.1	8	9
Strep_C3956	Strep_C3956A3	2	0.2222222222222222	WP_016327355.1	WP_037696007.1	WP_150472932.1,WP_008417133.1,WP_045561461.1	8	9
Strep_C3978	Strep_C3978A3	2	0.2222222222222222	WP_003973202.1	WP_319765080.1	WP_150473099.1,WP_255219935.1,WP_045561176.1	8	9
Strep_C3980	Strep_C3980A4	2	0.2222222222222222	WP_225615366.1	WP_328735630.1	WP_328838136.1,WP_010644563.1,WP_003975089.1	8	9
Strep_C3982	Strep_C3982A3	2	0.2222222222222222	WP_003977257.1	WP_003947107.1	WP_328840177.1,WP_369277800.1,WP_237310991.1	8	9
Strep_C3999	Strep_C3999A3	2	0.2222222222222222	WP_003975747.1	WP_328838792.1	WP_086771391.1,WP_003950389.1,WP_237310105.1	8	9
Strep_C4002	Strep_C4002A0	1	0.1111111111111111	WP_413254517.1	WP_413254517.1	WP_369278140.1,WP_008409255.1,WP_003976448.1	9	9
Strep_C4003	Strep_C4003A0	1	0.1111111111111111	WP_328836810.1	WP_365275610.1	WP_003951158.1,WP_003973359.1,WP_045561425.1	9	9
Strep_C4017	Strep_C4017A5	2	0.2222222222222222	WP_003977165.1	WP_003947218.1	WP_328840110.1,WP_328840282.1,WP_192364788.1	13	9
Strep_C4034	Strep_C4034A0	1	0.1111111111111111	WP_328840425.1	WP_328840425.1	WP_369277677.1,WP_003977629.1,WP_045562961.1	8	8
Strep_C4042	Strep_C4042A0	1	0.1111111111111111	WP_328836631.1	WP_369279488.1	WP_003951522.1,WP_003973050.1,WP_045562065.1	9	9
Strep_C4060	Strep_C4060A0	1	0.1111111111111111	WP_079023970.1	WP_015508065.1	WP_328736857.1,WP_003976949.1,WP_093788449.1	9	9
Strep_C4061	Strep_C4061A3	2	0.2222222222222222	WP_003977417.1	WP_015508187.1	WP_328840274.1,WP_365268831.1,WP_045557313.1	8	9
Strep_C4082	Strep_C4082A0	1	0.1111111111111111	WP_328838400.1	WP_015507641.1	WP_150471652.1,WP_003974770.1,WP_045555967.1	9	9
Strep_C4094	Strep_C4094A3	2	0.2222222222222222	WP_003972925.1	WP_037700604.1	WP_365269541.1,WP_003951558.1,WP_045559906.1	8	9
Strep_C4097	Strep_C4097A3	2	0.2222222222222222	WP_030872463.1	WP_086771921.1	WP_046708672.1,WP_008409757.1,WP_045562557.1	8	9
Strep_C4099	Strep_C4099A0	1	0.1111111111111111	WP_328836716.1	WP_369279448.1	WP_003973236.1,WP_256255080.1,WP_011030453.1	8	8
Strep_C4102	Strep_C4102A0	1	0.1111111111111111	WP_037689628.1	WP_003949396.1	WP_369278776.1,WP_003975029.1,WP_078853555.1	9	9
Strep_C4105	Strep_C4105A0	1	0.1111111111111111	WP_037700909.1	WP_003951273.1	WP_150473081.1,WP_003973226.1,WP_045561115.1	10	9
Strep_C4108	Strep_C4108A0	1	0.1111111111111111	WP_328837411.1	WP_030304962.1	WP_369279049.1,WP_042799632.1,WP_237313375.1	9	9
Strep_C4112	Strep_C4112A3	2	0.2222222222222222	WP_003976375.1	WP_045562208.1	WP_328839428.1,WP_328841830.1,WP_369278161.1	10	8
Strep_C4116	Strep_C4116A0	1	0.1111111111111111	WP_037694517.1	WP_267887708.1	WP_319181597.1,WP_008411127.1,WP_037666380.1	9	9
Strep_C4118	Strep_C4118A4	2	0.2222222222222222	WP_060883990.1	WP_011029264.1	WP_413254477.1,WP_369280874.1,WP_003949332.1	8	9
Strep_C4129	Strep_C4129A0	1	0.1111111111111111	WP_327345782.1	WP_008411889.1	WP_369278257.1,WP_003976185.1,WP_093790876.1	9	9
Strep_C4130	Strep_C4130A3	2	0.2222222222222222	WP_003977408.1	WP_010636502.1	WP_328840262.1,WP_150470017.1,WP_093789338.1	8	9
Strep_C4144	Strep_C4144A2	2	0.2222222222222222	WP_003972907.1	WP_328836584.1	WP_150473209.1,WP_093789593.1,WP_012999935.1	7	8
Strep_C4145	Strep_C4145A0	1	0.1111111111111111	WP_328840609.1	WP_328840609.1	WP_369277632.1,WP_003977657.1,WP_237311343.1	8	8
Strep_C4153	Strep_C4153A0	1	0.1111111111111111	WP_328840361.1	WP_003977542.1	WP_369280810.1,WP_093789697.1,WP_011027697.1	8	8
Strep_C4160	Strep_C4160A3	2	0.2222222222222222	WP_003974902.1	WP_093791065.1	WP_328838276.1,WP_369278717.1,WP_003949525.1	8	9
Strep_C4168	Strep_C4168A0	1	0.1111111111111111	WP_328838127.1	WP_010350673.1	WP_086770442.1,WP_003975100.1,WP_045558547.1	8	8
Strep_C4176	Strep_C4176A3	2	0.2222222222222222	WP_003977453.1	WP_003946917.1	WP_328840298.1,WP_369277740.1,WP_033528928.1	8	9
Strep_C4185	Strep_C4185A0	1	0.1111111111111111	WP_328839713.1	WP_016326013.1	WP_369278026.1,WP_003947598.1,WP_093788257.1	9	9
Strep_C4198	Strep_C4198A2	2	0.2222222222222222	WP_003978049.1	WP_328835830.1	WP_045560022.1,WP_150473902.1,WP_012998855.1	6	8
Strep_C4204	Strep_C4204A0	1	0.1111111111111111	WP_328841040.1	WP_003971901.1	WP_369277261.1,WP_045555679.1,WP_011031537.1	8	8
Strep_C4217	Strep_C4217A2	2	0.2222222222222222	WP_003976720.1	WP_223786207.1	WP_046707101.1,WP_086769035.1,WP_045555321.1	7	8
Strep_C4218	Strep_C4218A0	1	0.1111111111111111	WP_328836890.1	WP_328836890.1	WP_086767187.1,WP_003951014.1,WP_003973497.1	9	9
Strep_C4221	Strep_C4221A0	1	0.1111111111111111	WP_328839907.1	WP_328839907.1	WP_150470397.1,WP_003976913.1,WP_237310677.1	8	8
Strep_C4223	Strep_C4223A3	2	0.2222222222222222	WP_003976820.1	WP_086769520.1	WP_037693230.1,WP_003947498.1,WP_045555221.1	8	9
Strep_C4241	Strep_C4241A0	1	0.1111111111111111	WP_328839012.1	WP_328839012.1	WP_365271004.1,WP_016326298.1,WP_045560567.1	8	8
Strep_C4244	Strep_C4244A3	2	0.2222222222222222	WP_016325856.1	WP_413254529.1	WP_341874240.1,WP_008409490.1,WP_338133446.1	8	9
Strep_C4251	Strep_C4251A3	2	0.2222222222222222	WP_045555668.1	WP_045555668.1	WP_328841051.1,WP_369277253.1,WP_003971892.1	7	8
Strep_C4255	Strep_C4255A0	1	0.1111111111111111	WP_328835787.1	WP_011031070.1	WP_369279856.1,WP_037666087.1,WP_237312855.1	8	8
Strep_C4258	Strep_C4258A3	2	0.2222222222222222	WP_003974998.1	WP_046704288.1	WP_369278759.1,WP_003949443.1,WP_045558472.1	8	9
Strep_C4261	Strep_C4261A3	2	0.2222222222222222	WP_003974203.1	WP_086770882.1	WP_328837389.1,WP_003948566.1,WP_045559498.1	8	9
Strep_C4266	Strep_C4266A0	1	0.1111111111111111	WP_328840068.1	WP_003947897.1	WP_328736915.1,WP_003977115.1,WP_045557015.1	9	9
Strep_C4269	Strep_C4269A6	2	0.2222222222222222	WP_003976002.1	WP_015507853.1	WP_328839024.1,WP_365270989.1,WP_037723617.1	13	9
Strep_C4289	Strep_C4289A0	1	0.1111111111111111	WP_328837650.1	WP_003948955.1	WP_150472155.1,WP_003975413.1,WP_045562606.1	9	9
Strep_C4299	Strep_C4299A0	1	0.1111111111111111	WP_459565535.1	WP_435834300.1	WP_150471332.1,WP_016326400.1,WP_435002744.1	8	8
Strep_C4304	Strep_C4304A0	1	0.1111111111111111	WP_319767509.1	WP_319767509.1	WP_150471102.1,WP_003948136.1,WP_003976074.1	9	9
Strep_C4308	Strep_C4308A3	2	0.2222222222222222	WP_003973499.1	WP_086767191.1	WP_086750019.1,WP_003951012.1,WP_045562464.1	8	9
Strep_C4313	Strep_C4313A0	1	0.1111111111111111	WP_037695994.1	WP_003973411.1	WP_150472929.1,WP_037630677.1,WP_045561464.1	9	9
Strep_C4314	Strep_C4314A3	2	0.2222222222222222	WP_003977903.1	WP_003977903.1	WP_328836008.1,WP_086770560.1,WP_003946746.1	8	9
Strep_C4321	Strep_C4321A3	2	0.2222222222222222	WP_003972880.1	WP_192364429.1	WP_328836575.1,WP_369279528.1,WP_015506894.1	8	9
Strep_C4326	Strep_C4326A0	1	0.1111111111111111	WP_328837279.1	WP_328837279.1	WP_328839594.1,WP_365278139.1,WP_003948340.1	10	9
Strep_C4386	Strep_C4386A3	2	0.2222222222222222	WP_003973448.1	WP_003951079.1	WP_319689261.1,WP_150472907.1,WP_079158136.1	8	9
Strep_C4397	Strep_C4397A0	1	0.1111111111111111	WP_328838523.1	WP_013002759.1	WP_150474550.1,WP_015507329.1,WP_037667316.1	9	9
Strep_C4400	Strep_C4400A0	1	0.1111111111111111	WP_328839749.1	WP_010356515.1	WP_369278015.1,WP_003947541.1,WP_003976773.1	9	9
Strep_C4405	Strep_C4405A3	2	0.2222222222222222	WP_003974973.1	WP_369278743.1	WP_328838222.1,WP_003949465.1,WP_045558447.1	8	9
Strep_C4410	Strep_C4410A5	2	0.2222222222222222	WP_003976791.1	WP_003976842.1	WP_086751261.1,WP_328839819.1,WP_013004410.1	16	9
Strep_C4420	Strep_C4420A3	2	0.2222222222222222	WP_003975021.1	WP_010354091.1	WP_037689613.1,WP_150471836.1,WP_003949406.1	9	9
Strep_C4426	Strep_C4426A3	2	0.2222222222222222	WP_003973777.1	WP_369279213.1	WP_328837116.1,WP_003950740.1,WP_045559060.1	8	9
Strep_C4438	Strep_C4438A0	1	0.1111111111111111	WP_328836802.1	WP_093790229.1	WP_086772025.1,WP_003951171.1,WP_003973346.1	9	9
Strep_C4440	Strep_C4440A2	2	0.2222222222222222	WP_011027372.1	WP_012998860.1	WP_328835834.1,WP_369280027.1,WP_177261964.1	7	8
Strep_C4472	Strep_C4472A3	2	0.2222222222222222	WP_003973272.1	WP_037700999.1	WP_369279435.1,WP_003951228.1,WP_045561153.1	8	9
Strep_C448	Strep_C448A0	1	0.1111111111111111	WP_328838761.1	WP_328838761.1	WP_369278520.1,WP_003950331.1,WP_003975702.1	9	9
Strep_C4499	Strep_C4499A3	2	0.2222222222222222	WP_003977066.1	WP_150470280.1	WP_045556962.1,WP_319766256.1,WP_003947322.1	7	9
Strep_C451	Strep_C451A3	2	0.2222222222222222	WP_003976751.1	WP_003947561.1	WP_328839738.1,WP_150470534.1,WP_045555291.1	8	9
Strep_C4513	Strep_C4513A3	2	0.2222222222222222	WP_003973732.1	WP_037695140.1	WP_150474692.1,WP_008415733.1,WP_045559019.1	8	9
Strep_C4518	Strep_C4518A0	1	0.1111111111111111	WP_086750145.1	WP_003948365.1	WP_369279114.1,WP_003974060.1,WP_237313327.1	9	9
Strep_C4523	Strep_C4523A0	1	0.1111111111111111	WP_328838126.1	WP_016326671.1	WP_369278797.1,WP_015507555.1,WP_237314018.1	9	9
Strep_C4539	Strep_C4539A0	1	0.1111111111111111	WP_328838138.1	WP_328735631.1	WP_003949340.1,WP_003975087.1,WP_093790304.1	9	9
Strep_C4567	Strep_C4567A0	1	0.1111111111111111	WP_037689112.1	WP_003972262.1	WP_328737336.1,WP_045555763.1,WP_011031143.1	8	8
Strep_C4579	Strep_C4579A3	2	0.2222222222222222	WP_003973670.1	WP_086796630.1	WP_037695254.1,WP_369279234.1,WP_003950846.1	8	9
Strep_C4587	Strep_C4587A3	2	0.2222222222222222	WP_003975035.1	WP_328735654.1	WP_328838166.1,WP_003949390.1,WP_045558499.1	8	9
Strep_C4591	Strep_C4591A0	1	0.1111111111111111	WP_037702236.1	WP_003947000.1	WP_167535020.1,WP_016325782.1,WP_237311044.1	9	9
Strep_C4592	Strep_C4592A0	1	0.1111111111111111	WP_328838774.1	WP_015507243.1	WP_369278515.1,WP_003975720.1,WP_237309802.1	9	9
Strep_C4593	Strep_C4593A0	1	0.1111111111111111	WP_037703565.1	WP_016326342.1	WP_150471254.1,WP_174905235.1,WP_060884528.1	9	9
Strep_C4595	Strep_C4595A0	1	0.1111111111111111	WP_328835951.1	WP_237312888.1	WP_369280011.1,WP_003946713.1,WP_003977975.1	9	9
Strep_C460	Strep_C460A0	1	0.1111111111111111	WP_328840112.1	WP_328840112.1	WP_365269176.1,WP_003947215.1,WP_003977168.1	9	9
Strep_C4621	Strep_C4621A0	1	0.1111111111111111	WP_328836200.1	WP_229894410.1	WP_328836304.1,WP_030871209.1,WP_012999640.1	15	9
Strep_C4628	Strep_C4628A0	1	0.1111111111111111	WP_319765951.1	WP_011027778.1	WP_150470020.1,WP_003946968.1,WP_003977405.1	9	9
Strep_C4630	Strep_C4630A0	1	0.1111111111111111	WP_328838729.1	WP_013003000.1	WP_369280855.1,WP_016326439.1,WP_237309758.1	8	8
Strep_C4643	Strep_C4643A3	2	0.2222222222222222	WP_003974459.1	WP_328837549.1	WP_150472263.1,WP_008415781.1,WP_045559330.1	8	9
Strep_C4644	Strep_C4644A3	2	0.2222222222222222	WP_003975788.1	WP_328838817.1	WP_150471314.1,WP_003950444.1,WP_237310125.1	8	9
Strep_C4649	Strep_C4649A5	2	0.2222222222222222	WP_045561597.1	WP_003946749.1	WP_319766819.1,WP_086772599.1,WP_369277337.1	10	9
Strep_C4650	Strep_C4650A0	1	0.1111111111111111	WP_328839036.1	WP_003948186.1	WP_365270963.1,WP_003976018.1,WP_237310205.1	9	9
Strep_C4655	Strep_C4655A0	1	0.1111111111111111	WP_328838490.1	WP_003974641.1	WP_369278636.1,WP_003950032.1,WP_093789834.1	9	9
Strep_C4662	Strep_C4662A0	1	0.1111111111111111	WP_328838137.1	WP_013002218.1	WP_086767109.1,WP_003949339.1,WP_003975088.1	9	9
Strep_C4676	Strep_C4676A3	2	0.2222222222222222	WP_003976342.1	WP_328839349.1	WP_086770392.1,WP_015507927.1,WP_078853407.1	8	9
Strep_C4684	Strep_C4684A3	2	0.2222222222222222	WP_003974843.1	WP_003949572.1	WP_037688201.1,WP_073499104.1,WP_045555893.1	8	9
Strep_C4689	Strep_C4689A2	2	0.2222222222222222	WP_003976945.1	WP_003976945.1	WP_328839936.1,WP_328736856.1,WP_045560857.1	7	8
Strep_C4692	Strep_C4692A3	2	0.2222222222222222	WP_003972104.1	WP_013005720.1	WP_328840904.1,WP_086770017.1,WP_015506960.1	8	9
Strep_C4705	Strep_C4705A2	2	0.2222222222222222	WP_003974134.1	WP_369279088.1	WP_328837351.1,WP_237313345.1,WP_013001305.1	7	8
Strep_C4707	Strep_C4707A0	1	0.1111111111111111	WP_328838438.1	WP_003949952.1	WP_150471600.1,WP_038534557.1,WP_045556002.1	9	9
Strep_C471	Strep_C471A0	1	0.1111111111111111	WP_046706205.1	WP_046706205.1	WP_150472354.1,WP_010638872.1,WP_003974309.1	9	9
Strep_C4718	Strep_C4718A2	2	0.2222222222222222	WP_003976304.1	WP_029184010.1	WP_328839318.1,WP_328736384.1,WP_045557745.1	7	8
Strep_C4725	Strep_C4725A3	2	0.2222222222222222	WP_003975692.1	WP_328838754.1	WP_365270823.1,WP_003950294.1,WP_078853336.1	8	9
Strep_C4730	Strep_C4730A6	2	0.2222222222222222	WP_003973575.1	WP_003947512.1	WP_319769894.1,WP_328839782.1,WP_011028096.1	17	9
Strep_C4733	Strep_C4733A3	2	0.2222222222222222	WP_003977741.1	WP_003952257.1	WP_328840810.1,WP_150469676.1,WP_045561730.1	8	9
Strep_C4744	Strep_C4744A2	2	0.2222222222222222	WP_011028661.1	WP_328838945.1	WP_045560659.1,WP_150471246.1,WP_037729475.1	6	8
Strep_C4745	Strep_C4745A0	1	0.1111111111111111	WP_328840613.1	WP_328840613.1	WP_365272963.1,WP_015506727.1,WP_003977661.1	9	9
Strep_C4750	Strep_C4750A3	2	0.2222222222222222	WP_003976206.1	WP_003948027.1	WP_328839253.1,WP_150470958.1,WP_045557525.1	8	9
Strep_C4754	Strep_C4754A3	2	0.2222222222222222	WP_003976729.1	WP_037629380.1	WP_328839721.1,WP_328736741.1,WP_045555313.1	8	9
Strep_C4757	Strep_C4757A0	1	0.1111111111111111	WP_328836728.1	WP_016327422.1	WP_150473066.1,WP_003951262.1,WP_045561134.1	9	9
Strep_C4761	Strep_C4761A3	2	0.2222222222222222	WP_003974638.1	WP_173402902.1	WP_413254487.1,WP_369278635.1,WP_003950035.1	9	9
Strep_C4768	Strep_C4768A0	1	0.1111111111111111	WP_328840370.1	WP_328840370.1	WP_150469889.1,WP_003946837.1,WP_003977576.1	9	9
Strep_C4770	Strep_C4770A0	1	0.1111111111111111	WP_413254434.1	WP_413254434.1	WP_229894386.1,WP_008404200.1,WP_186009695.1	9	9
Strep_C4772	Strep_C4772A3	2	0.2222222222222222	WP_003973624.1	WP_003950883.1	WP_319068867.1,WP_086770586.1,WP_045558928.1	8	9
Strep_C4790	Strep_C4790A0	1	0.1111111111111111	WP_328840174.1	WP_003947112.1	WP_328736970.1,WP_003977254.1,WP_045557174.1	9	9
Strep_C4791	Strep_C4791A0	1	0.1111111111111111	WP_328839073.1	WP_003948148.1	WP_369278328.1,WP_003976039.1,WP_193381061.1	9	9
Strep_C4797	Strep_C4797A0	1	0.1111111111111111	WP_328840294.1	WP_003977446.1	WP_369277746.1,WP_003946922.1,WP_093789659.1	9	9
Strep_C4799	Strep_C4799A0	1	0.1111111111111111	WP_328840148.1	WP_016325844.1	WP_369280816.1,WP_008410488.1,WP_060885387.1	9	9
Strep_C4801	Strep_C4801A3	2	0.2222222222222222	WP_011028961.1	WP_045562609.1	WP_328837647.1,WP_150472157.1,WP_003952231.1	8	9
Strep_C4812	Strep_C4812A2	2	0.2222222222222222	WP_003976800.1	WP_328839778.1	WP_150470486.1,WP_093788317.1,WP_013004429.1	7	8
Strep_C4819	Strep_C4819A0	1	0.1111111111111111	WP_328837728.1	WP_369278924.1	WP_003949644.1,WP_003975372.1,WP_093791107.1	9	9
Strep_C4824	Strep_C4824A0	1	0.1111111111111111	WP_328835684.1	WP_008416200.1	WP_150474279.1,WP_003978360.1,WP_237314418.1	9	9
Strep_C4825	Strep_C4825A3	2	0.2222222222222222	WP_003977354.1	WP_015508174.1	WP_319765984.1,WP_150470046.1,WP_064744198.1	8	9
Strep_C4830	Strep_C4830A0	1	0.1111111111111111	WP_328836079.1	WP_016327861.1	WP_369279914.1,WP_015506754.1,WP_045556820.1	9	9
Strep_C4839	Strep_C4839A0	1	0.1111111111111111	WP_328842182.1	WP_013001670.1	WP_365277554.1,WP_003948906.1,WP_037667342.1	9	9
Strep_C4843	Strep_C4843A0	1	0.1111111111111111	WP_037700481.1	WP_010353194.1	WP_150473240.1,WP_003951602.1,WP_003972861.1	9	9
Strep_C4852	Strep_C4852A2	2	0.2222222222222222	WP_011029582.1	WP_167534898.1	WP_328842252.1,WP_045556042.1,WP_037722786.1	7	8
Strep_C4873	Strep_C4873A3	2	0.2222222222222222	WP_003973442.1	WP_037695918.1	WP_086767368.1,WP_003951084.1,WP_045561492.1	8	9
Strep_C4875	Strep_C4875A3	2	0.2222222222222222	WP_003976727.1	WP_319760245.1	WP_150470552.1,WP_003947585.1,WP_045555315.1	8	9
Strep_C4883	Strep_C4883A3	2	0.2222222222222222	WP_003973562.1	WP_150474702.1	WP_409127862.1,WP_003950942.1,WP_045558877.1	8	9
Strep_C4886	Strep_C4886A3	2	0.2222222222222222	WP_003977913.1	WP_003946744.1	WP_328836004.1,WP_369279982.1,WP_045561588.1	8	9
Strep_C4888	Strep_C4888A3	2	0.2222222222222222	WP_003975860.1	WP_003950506.1	WP_327345464.1,WP_150471270.1,WP_045560690.1	8	9
Strep_C4889	Strep_C4889A0	1	0.1111111111111111	WP_328842090.1	WP_003951872.1	WP_369279687.1,WP_003972529.1,WP_045556887.1	9	9
Strep_C4892	Strep_C4892A0	1	0.1111111111111111	WP_328839686.1	WP_003976669.1	WP_369278040.1,WP_003947643.1,WP_003951764.1	10	9
Strep_C4918	Strep_C4918A0	1	0.1111111111111111	WP_328837344.1	WP_003974123.1	WP_365273405.1,WP_045559563.1,WP_134112031.1	8	8
Strep_C4921	Strep_C4921A3	2	0.2222222222222222	WP_016327268.1	WP_045558966.1	WP_328837060.1,WP_150472735.1,WP_003950847.1	8	9
Strep_C4922	Strep_C4922A2	2	0.2222222222222222	WP_011028895.1	WP_199819080.1	WP_328837586.1,WP_150472228.1,WP_231885063.1	7	8
Strep_C4933	Strep_C4933A3	2	0.2222222222222222	WP_003976894.1	WP_037691495.1	WP_045560921.1,WP_086772106.1,WP_003947442.1	7	9
Strep_C4938	Strep_C4938A3	2	0.2222222222222222	WP_003974859.1	WP_328838320.1	WP_045563333.1,WP_086771060.1,WP_003949561.1	7	9
Strep_C4946	Strep_C4946A0	1	0.1111111111111111	WP_328836074.1	WP_003952090.1	WP_369279917.1,WP_003972228.1,WP_045556826.1	9	9
Strep_C4947	Strep_C4947A3	2	0.2222222222222222	WP_003977413.1	WP_015508186.1	WP_328840265.1,WP_150470014.1,WP_045557304.1	8	9
Strep_C4951	Strep_C4951A3	2	0.2222222222222222	WP_016326415.1	WP_016326415.1	WP_045556302.1,WP_328838773.1,WP_150471369.1	7	9
Strep_C4973	Strep_C4973A2	2	0.2222222222222222	WP_011031088.1	WP_237270029.1	WP_328836158.1,WP_369279871.1,WP_037729885.1	7	8
Strep_C4980	Strep_C4980A3	2	0.2222222222222222	WP_003973791.1	WP_037728484.1	WP_328837124.1,WP_369279208.1,WP_003950726.1	8	9
Strep_C4989	Strep_C4989A3	2	0.2222222222222222	WP_003971990.1	WP_327343371.1	WP_369279359.1,WP_003951110.1,WP_237313220.1	8	9
Strep_C4992	Strep_C4992A0	1	0.1111111111111111	WP_328839984.1	WP_328839984.1	WP_319180411.1,WP_003977006.1,WP_237310822.1	8	8
Strep_C4999	Strep_C4999A0	1	0.1111111111111111	WP_327343723.1	WP_003948244.1	WP_369279175.1,WP_003973935.1,WP_093791655.1	9	9
Strep_C5000	Strep_C5000A0	1	0.1111111111111111	WP_319761427.1	WP_003948876.1	WP_086765909.1,WP_003975483.1,WP_045562655.1	9	9
Strep_C5001	Strep_C5001A0	1	0.1111111111111111	WP_328838788.1	WP_003950384.1	WP_150471350.1,WP_003975740.1,WP_237310103.1	9	9
Strep_C5020	Strep_C5020A3	2	0.2222222222222222	WP_003972895.1	WP_150473215.1	WP_328836578.1,WP_031177651.1,WP_177261825.1	8	9
Strep_C5022	Strep_C5022A2	2	0.2222222222222222	WP_011028683.1	WP_190046511.1	WP_328838916.1,WP_045560695.1,WP_013003185.1	7	8
Strep_C5047	Strep_C5047A0	1	0.1111111111111111	WP_328838210.1	WP_328838210.1	WP_369278750.1,WP_015507519.1,WP_016326713.1	9	9
Strep_C5051	Strep_C5051A0	1	0.1111111111111111	WP_328836577.1	WP_167534963.1	WP_003951585.1,WP_016327581.1,WP_045559879.1	9	9
Strep_C5059	Strep_C5059A0	1	0.1111111111111111	WP_328842165.1	WP_010638720.1	WP_365273494.1,WP_016327074.1,WP_443033213.1	9	9
Strep_C5070	Strep_C5070A3	2	0.2222222222222222	WP_003976617.1	WP_328839656.1	WP_045555412.1,WP_086768272.1,WP_003947693.1	7	9
Strep_C5078	Strep_C5078A0	1	0.1111111111111111	WP_328837120.1	WP_003973784.1	WP_150472665.1,WP_193381533.1,WP_011030108.1	8	8
Strep_C5085	Strep_C5085A0	1	0.1111111111111111	WP_328837089.1	WP_328837089.1	WP_328735172.1,WP_003950789.1,WP_016327250.1	9	9
Strep_C5093	Strep_C5093A0	1	0.1111111111111111	WP_327342853.1	WP_003951714.1	WP_150473400.1,WP_016327653.1,WP_045556461.1	9	9
Strep_C5099	Strep_C5099A3	2	0.2222222222222222	WP_003976179.1	WP_003976179.1	WP_328839235.1,WP_369278259.1,WP_003948049.1	8	9
Strep_C5100	Strep_C5100A4	2	0.2222222222222222	WP_011029220.1	WP_003977579.1	WP_328840381.1,WP_150469886.1,WP_010360406.1	11	9
Strep_C5106	Strep_C5106A0	1	0.1111111111111111	WP_328836316.1	WP_237313008.1	WP_150473451.1,WP_003951863.1,WP_003972564.1	9	9
Strep_C5117	Strep_C5117A0	1	0.1111111111111111	WP_046703992.1	WP_046703992.1	WP_150471626.1,WP_008409794.1,WP_030868385.1	9	9
Strep_C5132	Strep_C5132A0	1	0.1111111111111111	WP_328837522.1	WP_011029736.1	WP_369279008.1,WP_003948730.1,WP_003974377.1	9	9
Strep_C5157	Strep_C5157A3	2	0.2222222222222222	WP_003977145.1	WP_328840090.1	WP_150470200.1,WP_003947240.1,WP_045557049.1	8	9
Strep_C5166	Strep_C5166A0	1	0.1111111111111111	WP_328836562.1	WP_003972869.1	WP_328734841.1,WP_003951595.1,WP_045559863.1	9	9
Strep_C5169	Strep_C5169A2	2	0.2222222222222222	WP_003977389.1	WP_045557287.1	WP_328840250.1,WP_086764988.1,WP_013005076.1	7	8
Strep_C5181	Strep_C5181A0	1	0.1111111111111111	WP_328836268.1	WP_328836268.1	WP_369279705.1,WP_003951910.1,WP_003972491.1	9	9
Strep_C5190	Strep_C5190A3	2	0.2222222222222222	WP_003972416.1	WP_369279829.1	WP_045556645.1,WP_328836213.1,WP_003951955.1	7	9
Strep_C5193	Strep_C5193A0	1	0.1111111111111111	WP_328838943.1	WP_008406548.1	WP_086770344.1,WP_003975894.1,WP_045560662.1	9	9
Strep_C5205	Strep_C5205A2	2	0.2222222222222222	WP_003974853.1	WP_010352030.1	WP_037689234.1,WP_365268703.1,WP_193381380.1	7	8
Strep_C5207	Strep_C5207A2	2	0.2222222222222222	WP_016327784.1	WP_010358074.1	WP_328836198.1,WP_150473563.1,WP_045556669.1	7	8
Strep_C5211	Strep_C5211A0	1	0.1111111111111111	WP_328837023.1	WP_328837023.1	WP_150472765.1,WP_003950861.1,WP_003973644.1	9	9
Strep_C5234	Strep_C5234A3	2	0.2222222222222222	WP_003973184.1	WP_029183754.1	WP_199924066.1,WP_150473111.1,WP_015506979.1	8	9
Strep_C5235	Strep_C5235A3	2	0.2222222222222222	WP_030873385.1	WP_046708726.1	WP_060884973.1,WP_150470614.1,WP_003947675.1	7	9
Strep_C5237	Strep_C5237A0	1	0.1111111111111111	WP_328836685.1	WP_328836685.1	WP_369279468.1,WP_176725941.1,WP_003973183.1	9	9
Strep_C5256	Strep_C5256A2	2	0.2222222222222222	WP_003973466.1	WP_328836867.1	WP_369279344.1,WP_045562437.1,WP_037724730.1	7	8
Strep_C5257	Strep_C5257A2	2	0.2222222222222222	WP_003975020.1	WP_328838175.1	WP_369278773.1,WP_045558487.1,WP_013002271.1	7	8
Strep_C5258	Strep_C5258A0	1	0.1111111111111111	WP_328841067.1	WP_328841067.1	WP_369277239.1,WP_003951658.1,WP_003978017.1	10	9
Strep_C5261	Strep_C5261A0	1	0.1111111111111111	WP_328838532.1	WP_365276533.1	WP_008404015.1,WP_016326904.1,WP_045556081.1	9	9
Strep_C5290	Strep_C5290A3	2	0.2222222222222222	WP_003976298.1	WP_037699777.1	WP_086769454.1,WP_003947954.1,WP_045557452.1	8	9
Strep_C5293	Strep_C5293A0	1	0.1111111111111111	WP_327343449.1	WP_328835624.1	WP_086804052.1,WP_086804055.1,WP_010356843.1	13	9
Strep_C5295	Strep_C5295A3	2	0.2222222222222222	WP_045557361.1	WP_167534843.1	WP_328842398.1,WP_016325828.1,WP_030871154.1	7	8
Strep_C5321	Strep_C5321A3	2	0.2222222222222222	WP_003973289.1	WP_328836748.1	WP_369279430.1,WP_003951207.1,WP_045561367.1	8	9
Strep_C5328	Strep_C5328A0	1	0.1111111111111111	WP_328839687.1	WP_003947632.1	WP_150470593.1,WP_003976678.1,WP_045555362.1	9	9
Strep_C5332	Strep_C5332A3	2	0.2222222222222222	WP_016326818.1	WP_015507642.1	WP_328838403.1,WP_150471649.1,WP_045555970.1	10	9
Strep_C5333	Strep_C5333A0	1	0.1111111111111111	WP_328837524.1	WP_015507701.1	WP_086770861.1,WP_003974381.1,WP_045559357.1	9	9
Strep_C535	Strep_C535A3	2	0.2222222222222222	WP_003977343.1	WP_328840226.1	WP_150470052.1,WP_003947027.1,WP_093789354.1	8	9
Strep_C5361	Strep_C5361A0	1	0.1111111111111111	WP_328836460.1	WP_369279574.1	WP_003972774.1,WP_045559723.1,WP_011030686.1	8	8
Strep_C5371	Strep_C5371A0	1	0.1111111111111111	WP_328839008.1	WP_015507155.1	WP_369278351.1,WP_016326303.1,WP_093791611.1	9	9
Strep_C5383	Strep_C5383A3	2	0.2222222222222222	WP_030863150.1	WP_049875805.1	WP_328836288.1,WP_150473479.1,WP_003951896.1	10	9
Strep_C5418	Strep_C5418A3	2	0.2222222222222222	WP_003973990.1	WP_015507815.1	WP_328837234.1,WP_369279152.1,WP_045559201.1	8	9
Strep_C5419	Strep_C5419A3	2	0.2222222222222222	WP_003976730.1	WP_003976730.1	WP_328839722.1,WP_086765524.1,WP_003947582.1	8	9
Strep_C5422	Strep_C5422A2	2	0.2222222222222222	WP_016325939.1	WP_016325939.1	WP_037691410.1,WP_150470383.1,WP_045560871.1	7	8
Strep_C5427	Strep_C5427A3	2	0.2222222222222222	WP_003975694.1	WP_192363683.1	WP_319063181.1,WP_369278524.1,WP_003950295.1	8	9
Strep_C5437	Strep_C5437A0	1	0.1111111111111111	WP_328837307.1	WP_328837307.1	WP_369279101.1,WP_003948412.1,WP_016327109.1	9	9
Strep_C5439	Strep_C5439A3	2	0.2222222222222222	WP_011029086.1	WP_328837726.1	WP_369278927.1,WP_003949647.1,WP_045563045.1	8	9
Strep_C5446	Strep_C5446A3	2	0.2222222222222222	WP_003977756.1	WP_003952270.1	WP_328840829.1,WP_086765757.1,WP_237311678.1	8	9
Strep_C5462	Strep_C5462A2	2	0.2222222222222222	WP_003978182.1	WP_328835713.1	WP_045560179.1,WP_150474020.1,WP_037726674.1	6	8
Strep_C5473	Strep_C5473A3	2	0.2222222222222222	WP_003977320.1	WP_003947047.1	WP_319766011.1,WP_150470064.1,WP_045557233.1	8	9
Strep_C5474	Strep_C5474A0	1	0.1111111111111111	WP_037701726.1	WP_003947167.1	WP_369277815.1,WP_003977213.1,WP_045557139.1	9	9
Strep_C5487	Strep_C5487A3	2	0.2222222222222222	WP_030865510.1	WP_231885131.1	WP_412104241.1,WP_369278481.1,WP_015507200.1	8	9
Strep_C5498	Strep_C5498A3	2	0.2222222222222222	WP_003976572.1	WP_037693979.1	WP_045562842.1,WP_073492977.1,WP_003947745.1	7	9
Strep_C5499	Strep_C5499A4	3	0.3333333333333333	WP_013004876.1	WP_086747778.1	WP_003977186.1,WP_086770704.1,WP_003947199.1	6	9
Strep_C5505	Strep_C5505A0	1	0.1111111111111111	WP_328837058.1	WP_369279235.1	WP_003973667.1,WP_045558964.1,WP_011030163.1	8	8
Strep_C5507	Strep_C5507A3	2	0.2222222222222222	WP_003974237.1	WP_003948610.1	WP_328837413.1,WP_365273558.1,WP_093789463.1	8	9
Strep_C552	Strep_C552A0	1	0.1111111111111111	WP_328839280.1	WP_003947987.1	WP_365281449.1,WP_042799527.1,WP_237310321.1	9	9
Strep_C5520	Strep_C5520A5	2	0.2222222222222222	WP_003973241.1	WP_013006000.1	WP_003975337.1,WP_060894044.1,WP_328836603.1	16	8
Strep_C5540	Strep_C5540A3	2	0.2222222222222222	WP_030866316.1	WP_003948100.1	WP_037703180.1,WP_150471052.1,WP_045557592.1	8	9
Strep_C5552	Strep_C5552A3	2	0.2222222222222222	WP_003975609.1	WP_013002898.1	WP_328838675.1,WP_150471473.1,WP_003950207.1	8	9
Strep_C5560	Strep_C5560A3	2	0.2222222222222222	WP_003974379.1	WP_037693732.1	WP_208639488.1,WP_174905219.1,WP_045559358.1	8	9
Strep_C5574	Strep_C5574A0	1	0.1111111111111111	WP_328840786.1	WP_050777418.1	WP_369277260.1,WP_003971673.1,WP_237311605.1	9	9
Strep_C5576	Strep_C5576A4	2	0.2222222222222222	WP_003972823.1	WP_003972823.1	WP_327342990.1,WP_328836622.1,WP_086768371.1	10	9
Strep_C5587	Strep_C5587A3	2	0.2222222222222222	WP_003976701.1	WP_010350444.1	WP_037696300.1,WP_086768240.1,WP_008410433.1	8	9
Strep_C5597	Strep_C5597A3	2	0.2222222222222222	WP_003975127.1	WP_003949306.1	WP_328838113.1,WP_328735606.1,WP_237314014.1	8	9
Strep_C5598	Strep_C5598A3	2	0.2222222222222222	WP_003973760.1	WP_003950754.1	WP_037695079.1,WP_150472679.1,WP_045559046.1	8	9
Strep_C5599	Strep_C5599A3	2	0.2222222222222222	WP_011030207.1	WP_008409326.1	WP_328837018.1,WP_365272351.1,WP_093790661.1	8	9
Strep_C5622	Strep_C5622A2	2	0.2222222222222222	WP_003976750.1	WP_150470535.1	WP_328839737.1,WP_045555292.1,WP_013004373.1	7	8
Strep_C5624	Strep_C5624A0	1	0.1111111111111111	WP_328838330.1	WP_369278699.1	WP_003949574.1,WP_016326783.1,WP_237309494.1	9	9
Strep_C5629	Strep_C5629A3	2	0.2222222222222222	WP_003973968.1	WP_003948279.1	WP_328837219.1,WP_150472562.1,WP_237313312.1	8	9
Strep_C5632	Strep_C5632A0	1	0.1111111111111111	WP_046708450.1	WP_003951331.1	WP_369279474.1,WP_003973163.1,WP_045561070.1	10	9
Strep_C5633	Strep_C5633A3	2	0.2222222222222222	WP_003975118.1	WP_015507559.1	WP_060883972.1,WP_037689783.1,WP_266459642.1	7	9
Strep_C5640	Strep_C5640A2	2	0.2222222222222222	WP_016326454.1	WP_016326454.1	WP_328838694.1,WP_150471454.1,WP_045556200.1	7	8
Strep_C5644	Strep_C5644A0	1	0.1111111111111111	WP_328842331.1	WP_013003974.1	WP_369278149.1,WP_003976412.1,WP_237310374.1	8	8
Strep_C5656	Strep_C5656A0	1	0.1111111111111111	WP_328842291.1	WP_223786181.1	WP_150471324.1,WP_015507219.1,WP_003975774.1	9	9
Strep_C5657	Strep_C5657A3	2	0.2222222222222222	WP_003975861.1	WP_037703591.1	WP_045560689.1,WP_150471269.1,WP_003950508.1	7	9
Strep_C5665	Strep_C5665A2	2	0.2222222222222222	WP_003976662.1	WP_328839683.1	WP_086768176.1,WP_237310606.1,WP_013004286.1	7	8
Strep_C5668	Strep_C5668A0	1	0.1111111111111111	WP_413254479.1	WP_413254479.1	WP_369278775.1,WP_015507539.1,WP_037666514.1	9	9
Strep_C5691	Strep_C5691A2	2	0.2222222222222222	WP_003972616.1	WP_010358090.1	WP_328840492.1,WP_365266900.1,WP_237311305.1	7	8
Strep_C5698	Strep_C5698A3	2	0.2222222222222222	WP_003973349.1	WP_328836805.1	WP_086772028.1,WP_003951167.1,WP_093790226.1	8	9
Strep_C5702	Strep_C5702A3	2	0.2222222222222222	WP_003975759.1	WP_328838800.1	WP_328736056.1,WP_003950401.1,WP_237310117.1	8	9
Strep_C5727	Strep_C5727A3	2	0.2222222222222222	WP_003972680.1	WP_319764282.1	WP_365267106.1,WP_003951783.1,WP_045556478.1	8	9
Strep_C5732	Strep_C5732A0	1	0.1111111111111111	WP_328840158.1	WP_328840158.1	WP_150470129.1,WP_003977231.1,WP_045557358.1	8	8
Strep_C5742	Strep_C5742A4	2	0.2222222222222222	WP_045555283.1	WP_369278016.1	WP_328839746.1,WP_003947551.1,WP_003976761.1	8	9
Strep_C5748	Strep_C5748A0	1	0.1111111111111111	WP_328840389.1	WP_015508234.1	WP_369277694.1,WP_003977585.1,WP_177261837.1	9	9
Strep_C5780	Strep_C5780A3	2	0.2222222222222222	WP_003977149.1	WP_003977149.1	WP_328840096.1,WP_150470196.1,WP_003947235.1	8	9
Strep_C5792	Strep_C5792A0	1	0.1111111111111111	WP_328838167.1	WP_328838167.1	WP_369278778.1,WP_003949392.1,WP_003975033.1	9	9
Strep_C5795	Strep_C5795A3	2	0.2222222222222222	WP_003974746.1	WP_150471630.1	WP_045555977.1,WP_328838412.1,WP_003949792.1	7	9
Strep_C5797	Strep_C5797A0	1	0.1111111111111111	WP_328839344.1	WP_003947895.1	WP_369278191.1,WP_003976334.1,WP_045557418.1	9	9
Strep_C5803	Strep_C5803A0	1	0.1111111111111111	WP_328839185.1	WP_003976135.1	WP_086769512.1,WP_003948095.1,WP_093790851.1	9	9
Strep_C5810	Strep_C5810A3	2	0.2222222222222222	WP_003975631.1	WP_408995556.1	WP_328838690.1,WP_328735983.1,WP_003950222.1	8	9
Strep_C5814	Strep_C5814A0	1	0.1111111111111111	WP_328840610.1	WP_010355443.1	WP_369277631.1,WP_038535215.1,WP_093789977.1	8	8
Strep_C5853	Strep_C5853A3	2	0.2222222222222222	WP_003977111.1	WP_010354364.1	WP_328840065.1,WP_150470234.1,WP_003947273.1	8	9
Strep_C5889	Strep_C5889A3	2	0.2222222222222222	WP_003973949.1	WP_037694751.1	WP_086772920.1,WP_003948260.1,WP_045559168.1	8	9
Strep_C5893	Strep_C5893A0	1	0.1111111111111111	WP_328837228.1	WP_167534938.1	WP_003948285.1,WP_016327153.1,WP_060883474.1	9	9
Strep_C5905	Strep_C5905A0	1	0.1111111111111111	WP_328839290.1	WP_015507912.1	WP_150470915.1,WP_003976269.1,WP_045557481.1	9	9
Strep_C5918	Strep_C5918A0	1	0.1111111111111111	WP_319066522.1	WP_237313296.1	WP_086771691.1,WP_008404899.1,WP_003973823.1	9	9
Strep_C5923	Strep_C5923A0	1	0.1111111111111111	WP_328839035.1	WP_225615933.1	WP_328736193.1,WP_003948187.1,WP_016326291.1	9	9
Strep_C5934	Strep_C5934A0	1	0.1111111111111111	WP_328842244.1	WP_003949567.1	WP_369280868.1,WP_003974851.1,WP_237314212.1	9	9
Strep_C5938	Strep_C5938A0	1	0.1111111111111111	WP_328840273.1	WP_003977415.1	WP_150470007.1,WP_045557311.1,WP_011027774.1	8	8
Strep_C5958	Strep_C5958A4	2	0.2222222222222222	WP_045559310.1	WP_060890976.1	WP_086772911.1,WP_003948810.1,WP_003974481.1	8	9
Strep_C5991	Strep_C5991A0	1	0.1111111111111111	WP_037690721.1	WP_369277529.1	WP_003952271.1,WP_016325627.1,WP_045561749.1	9	9
Strep_C6013	Strep_C6013A3	2	0.2222222222222222	WP_003974248.1	WP_328837420.1	WP_150472366.1,WP_003948623.1,WP_045559459.1	8	9
Strep_C6014	Strep_C6014A0	1	0.1111111111111111	WP_037688512.1	WP_150471598.1	WP_030770559.1,WP_037666466.1,WP_237309563.1	9	9
Strep_C6015	Strep_C6015A3	2	0.2222222222222222	WP_003974180.1	WP_190046490.1	WP_234441109.1,WP_018468463.1,WP_045559523.1	8	9
Strep_C6019	Strep_C6019A0	1	0.1111111111111111	WP_328842050.1	WP_003946578.1	WP_369280032.1,WP_003978055.1,WP_093790560.1	9	9
Strep_C602	Strep_C602A0	1	0.1111111111111111	WP_413254449.1	WP_010350577.1	WP_369279184.1,WP_003950639.1,WP_016327195.1	9	9
Strep_C6041	Strep_C6041A3	2	0.2222222222222222	WP_003974386.1	WP_010353971.1	WP_045559354.1,WP_037693716.1,WP_086770866.1	7	9
Strep_C6048	Strep_C6048A0	1	0.1111111111111111	WP_328838820.1	WP_328838820.1	WP_369278496.1,WP_003950449.1,WP_003975793.1	9	9
Strep_C6061	Strep_C6061A0	1	0.1111111111111111	WP_328839141.1	WP_011028527.1	WP_369278304.1,WP_016326261.1,WP_045557609.1	8	8
Strep_C6068	Strep_C6068A3	2	0.2222222222222222	WP_003975712.1	WP_319698110.1	WP_150471374.1,WP_003950346.1,WP_237309796.1	8	9
Strep_C6074	Strep_C6074A0	1	0.1111111111111111	WP_328835957.1	WP_369279993.1	WP_003977948.1,WP_093788571.1,WP_011027438.1	8	8
Strep_C609	Strep_C609A0	1	0.1111111111111111	WP_328836767.1	WP_075825513.1	WP_150473014.1,WP_078485245.1,WP_003973320.1	9	9
Strep_C6100	Strep_C6100A0	1	0.1111111111111111	WP_328836779.1	WP_328836779.1	WP_190047154.1,WP_015507014.1,WP_003973331.1	9	9
Strep_C6114	Strep_C6114A0	1	0.1111111111111111	WP_328839709.1	WP_016326015.1	WP_369280828.1,WP_015508020.1,WP_237310614.1	9	9
Strep_C6115	Strep_C6115A0	1	0.1111111111111111	WP_328837452.1	WP_016327022.1	WP_369279030.1,WP_008408116.1,WP_237313390.1	9	9
Strep_C612	Strep_C612A3	2	0.2222222222222222	WP_003976739.1	WP_369278022.1	WP_328839726.1,WP_003947572.1,WP_093788271.1	8	9
Strep_C6128	Strep_C6128A0	1	0.1111111111111111	WP_328837396.1	WP_013001372.1	WP_369279055.1,WP_003974215.1,WP_093789455.1	8	8
Strep_C6139	Strep_C6139A0	1	0.1111111111111111	WP_328839286.1	WP_328839286.1	WP_369278219.1,WP_003976261.1,WP_237310325.1	8	8
Strep_C6167	Strep_C6167A4	2	0.2222222222222222	WP_033526526.1	WP_319068917.1	WP_073494093.1,WP_003950862.1,WP_016327275.1	8	9
Strep_C6169	Strep_C6169A3	2	0.2222222222222222	WP_003975140.1	WP_328838108.1	WP_369278810.1,WP_003949298.1,WP_237314012.1	8	9
Strep_C6180	Strep_C6180A0	1	0.1111111111111111	WP_328836345.1	WP_031176722.1	WP_369279613.1,WP_003972702.1,WP_237313024.1	9	9
Strep_C6196	Strep_C6196A0	1	0.1111111111111111	WP_328839999.1	WP_086801059.1	WP_369277893.1,WP_003977033.1,WP_093791858.1	8	8
Strep_C6208	Strep_C6208A0	1	0.1111111111111111	WP_413254632.1	WP_413254632.1	WP_369277564.1,WP_003977525.1,WP_237311570.1	8	8
Strep_C6213	Strep_C6213A3	2	0.2222222222222222	WP_003977340.1	WP_003947029.1	WP_037701415.1,WP_369277781.1,WP_193380488.1	8	9
Strep_C6214	Strep_C6214A0	1	0.1111111111111111	WP_328838158.1	WP_003949377.1	WP_150471855.1,WP_003975048.1,WP_045558512.1	9	9
Strep_C6264	Strep_C6264A0	1	0.1111111111111111	WP_328839604.1	WP_037727840.1	WP_150470691.1,WP_016326083.1,WP_237310582.1	8	8
Strep_C6275	Strep_C6275A3	2	0.2222222222222222	WP_003976064.1	WP_037703262.1	WP_060884628.1,WP_086769960.1,WP_003948145.1	7	9
Strep_C6276	Strep_C6276A3	2	0.2222222222222222	WP_003976779.1	WP_319691133.1	WP_150470514.1,WP_003947536.1,WP_045555271.1	8	9
Strep_C6281	Strep_C6281A0	1	0.1111111111111111	WP_037703087.1	WP_086767285.1	WP_003948046.1,WP_003976182.1,WP_060884715.1	9	9
Strep_C6294	Strep_C6294A0	1	0.1111111111111111	WP_037704452.1	WP_003976416.1	WP_365267927.1,WP_003947869.1,WP_045557915.1	10	9
Strep_C6307	Strep_C6307A0	2	0.2222222222222222	WP_005483785.1	WP_010350865.1	WP_003975324.1,WP_045558122.1,WP_086772876.1	6	9
Strep_C6319	Strep_C6319A3	2	0.2222222222222222	WP_003976218.1	WP_037703049.1	WP_150470953.1,WP_003948021.1,WP_045557521.1	8	9
Strep_C6320	Strep_C6320A0	1	0.1111111111111111	WP_046702992.1	WP_046702992.1	WP_369279628.1,WP_003972567.1,WP_093790136.1	8	8
Strep_C6327	Strep_C6327A3	2	0.2222222222222222	WP_003975715.1	WP_073496092.1	WP_107065311.1,WP_031178891.1,WP_093791847.1	8	9
Strep_C6361	Strep_C6361A3	2	0.2222222222222222	WP_003975310.1	WP_037702704.1	WP_150472062.1,WP_003949162.1,WP_045558143.1	8	9
Strep_C6362	Strep_C6362A0	1	0.1111111111111111	WP_319062131.1	WP_319062131.1	WP_150472470.1,WP_003948393.1,WP_186009715.1	9	9
Strep_C6366	Strep_C6366A0	1	0.1111111111111111	WP_413254530.1	WP_413254530.1	WP_365269000.1,WP_016325808.1,WP_237311013.1	8	8
Strep_C6383	Strep_C6383A3	2	0.2222222222222222	WP_003973332.1	WP_045561393.1	WP_328836780.1,WP_150473001.1,WP_003951173.1	8	9
Strep_C6408	Strep_C6408A3	2	0.2222222222222222	WP_003976976.1	WP_003947408.1	WP_328839958.1,WP_369277915.1,WP_045560833.1	8	9
Strep_C6415	Strep_C6415A0	1	0.1111111111111111	WP_328837473.1	WP_045559413.1	WP_369279029.1,WP_016327018.1,WP_011029762.1	8	8
Strep_C6435	Strep_C6435A3	2	0.2222222222222222	WP_003974982.1	WP_037689543.1	WP_369278751.1,WP_003949456.1,WP_045558459.1	8	9
Strep_C6445	Strep_C6445A0	1	0.1111111111111111	WP_046708628.1	WP_003950937.1	WP_150472813.1,WP_003973574.1,WP_045559227.1	9	9
Strep_C6454	Strep_C6454A0	1	0.1111111111111111	WP_328836178.1	WP_045556696.1	WP_328734599.1,WP_016327814.1,WP_011031077.1	8	8
Strep_C6468	Strep_C6468A0	1	0.1111111111111111	WP_328837301.1	WP_328837301.1	WP_266461474.1,WP_003974084.1,WP_045562891.1	8	8
Strep_C6472	Strep_C6472A2	2	0.2222222222222222	WP_003976583.1	WP_150470662.1	WP_319760448.1,WP_093792675.1,WP_013004213.1	7	8
Strep_C6473	Strep_C6473A0	1	0.1111111111111111	WP_328838793.1	WP_150471341.1	WP_003950391.1,WP_003975749.1,WP_045556328.1	9	9
Strep_C6478	Strep_C6478A4	2	0.2222222222222222	WP_093791068.1	WP_003949522.1	WP_328838275.1,WP_150471751.1,WP_016326753.1	8	9
Strep_C6480	Strep_C6480A3	2	0.2222222222222222	WP_003973162.1	WP_008406647.1	WP_328836679.1,WP_086772086.1,WP_237313175.1	8	9
Strep_C651	Strep_C651A0	1	0.1111111111111111	WP_328839844.1	WP_045561007.1	WP_150470431.1,WP_008409116.1,WP_003976861.1	9	9
Strep_C6516	Strep_C6516A0	1	0.1111111111111111	WP_328839983.1	WP_003947378.1	WP_369277901.1,WP_003977005.1,WP_093788497.1	9	9
Strep_C6518	Strep_C6518A4	2	0.2222222222222222	WP_003973528.1	WP_003950986.1	WP_328835623.1,WP_328836911.1,WP_192363369.1	13	9
Strep_C6519	Strep_C6519A3	2	0.2222222222222222	WP_003973157.1	WP_003951336.1	WP_045561066.1,WP_327343201.1,WP_150473124.1	7	9
Strep_C6538	Strep_C6538A2	2	0.2222222222222222	WP_003976650.1	WP_050987427.1	WP_328842348.1,WP_365267716.1,WP_045555381.1	7	8
Strep_C6540	Strep_C6540A0	1	0.1111111111111111	WP_086750155.1	WP_086750155.1	WP_150472596.1,WP_003948233.1,WP_003973922.1	9	9
Strep_C6541	Strep_C6541A0	1	0.1111111111111111	WP_319763463.1	WP_319763463.1	WP_150472504.1,WP_003948341.1,WP_030870184.1	9	9
Strep_C6557	Strep_C6557A3	2	0.2222222222222222	WP_003976898.1	WP_008406098.1	WP_037691486.1,WP_086772102.1,WP_045560917.1	8	9
Strep_C6578	Strep_C6578A3	2	0.2222222222222222	WP_003977220.1	WP_013004916.1	WP_328840152.1,WP_086772862.1,WP_003947161.1	8	9
Strep_C6583	Strep_C6583A0	1	0.1111111111111111	WP_328840120.1	WP_010350310.1	WP_150470163.1,WP_003947200.1,WP_003977185.1	9	9
Strep_C6594	Strep_C6594A3	2	0.2222222222222222	WP_003976335.1	WP_327345888.1	WP_365268047.1,WP_003947900.1,WP_045557417.1	8	9
Strep_C6595	Strep_C6595A0	1	0.1111111111111111	WP_328835772.1	WP_328835772.1	WP_369280058.1,WP_003978115.1,WP_045560098.1	8	8
Strep_C6598	Strep_C6598A0	1	0.1111111111111111	WP_328837119.1	WP_328837119.1	WP_369279211.1,WP_016327229.1,WP_193381532.1	8	8
Strep_C6606	Strep_C6606A3	2	0.2222222222222222	WP_011030641.1	WP_190046467.1	WP_319694588.1,WP_003951613.1,WP_045559795.1	8	9
Strep_C6627	Strep_C6627A2	2	0.2222222222222222	WP_003972395.1	WP_093790060.1	WP_328836196.1,WP_150473564.1,WP_037722733.1	7	8
Strep_C6652	Strep_C6652A2	2	0.2222222222222222	WP_003973633.1	WP_328837019.1	WP_150472771.1,WP_237313266.1,WP_013000664.1	7	8
Strep_C6654	Strep_C6654A3	2	0.2222222222222222	WP_016325801.1	WP_328840214.1	WP_045557231.1,WP_150470066.1,WP_003947049.1	7	9
Strep_C6657	Strep_C6657A4	2	0.2222222222222222	WP_003977247.1	WP_413254615.1	WP_046705617.1,WP_319179222.1,WP_003947120.1	9	9
Strep_C6663	Strep_C6663A3	2	0.2222222222222222	WP_016327606.1	WP_015506882.1	WP_328836490.1,WP_150473299.1,WP_177262061.1	8	9
Strep_C6668	Strep_C6668A3	2	0.2222222222222222	WP_003973676.1	WP_003973676.1	WP_328837065.1,WP_150472728.1,WP_003950839.1	8	9
Strep_C6685	Strep_C6685A0	1	0.1111111111111111	WP_328840160.1	WP_013004930.1	WP_369277808.1,WP_003977234.1,WP_443033188.1	8	8
Strep_C6711	Strep_C6711A3	2	0.2222222222222222	WP_016327056.1	WP_003948587.1	WP_328837407.1,WP_369279050.1,WP_045559611.1	8	9
Strep_C6718	Strep_C6718A2	2	0.2222222222222222	WP_374105155.1	WP_374105155.1	WP_328841133.1,WP_369280737.1,WP_193380208.1	7	8
Strep_C6721	Strep_C6721A0	1	0.1111111111111111	WP_328837794.1	WP_193379499.1	WP_365277431.1,WP_003949184.1,WP_003975280.1	10	9
Strep_C6723	Strep_C6723A0	1	0.1111111111111111	WP_413254442.1	WP_409126115.1	WP_229894582.1,WP_015507074.1,WP_003973540.1	9	9
Strep_C6755	Strep_C6755A3	2	0.2222222222222222	WP_003973358.1	WP_008410156.1	WP_328836809.1,WP_150472981.1,WP_045561424.1	8	9
Strep_C6760	Strep_C6760A0	1	0.1111111111111111	WP_328836462.1	WP_016327621.1	WP_369279573.1,WP_093791504.1,WP_011030685.1	8	8
Strep_C6762	Strep_C6762A0	1	0.1111111111111111	WP_328840390.1	WP_193380872.1	WP_369277693.1,WP_003946826.1,WP_016325686.1	9	9
Strep_C6787	Strep_C6787A2	2	0.2222222222222222	WP_011028031.1	WP_328736848.1	WP_328839920.1,WP_093788429.1,WP_013004591.1	7	8
Strep_C6803	Strep_C6803A0	1	0.1111111111111111	WP_328840867.1	WP_037898278.1	WP_369280801.1,WP_016325596.1,WP_237311695.1	8	8
Strep_C6806	Strep_C6806A2	2	0.2222222222222222	WP_173668732.1	WP_013003175.1	WP_328838863.1,WP_150471281.1,WP_237310158.1	7	8
Strep_C6818	Strep_C6818A3	2	0.2222222222222222	WP_003976694.1	WP_328839699.1	WP_369278033.1,WP_003947616.1,WP_371271384.1	8	9
Strep_C6834	Strep_C6834A0	1	0.1111111111111111	WP_328837600.1	WP_003975512.1	WP_369278962.1,WP_193381972.1,WP_161270083.1	8	8
Strep_C6839	Strep_C6839A4	2	0.2222222222222222	WP_045563246.1	WP_016327304.1	WP_328836959.1,WP_150472848.1,WP_008406736.1	8	9
Strep_C6855	Strep_C6855A2	2	0.2222222222222222	WP_003971841.1	WP_319767159.1	WP_150474111.1,WP_045560165.1,WP_012998718.1	7	8
Strep_C6860	Strep_C6860A0	1	0.1111111111111111	WP_328837482.1	WP_328837482.1	WP_150472323.1,WP_003948690.1,WP_003974349.1	9	9
Strep_C6866	Strep_C6866A3	2	0.2222222222222222	WP_003976400.1	WP_369278154.1	WP_046706569.1,WP_003949055.1,WP_045557889.1	8	9
Strep_C6869	Strep_C6869A3	2	0.2222222222222222	WP_003977272.1	WP_003947091.1	WP_328840184.1,WP_150470102.1,WP_045557189.1	8	9
Strep_C6872	Strep_C6872A4	2	0.2222222222222222	WP_045563148.1	WP_015507804.1	WP_328837284.1,WP_369279118.1,WP_016327125.1	8	9
Strep_C6875	Strep_C6875A2	2	0.2222222222222222	WP_003972093.1	WP_003972093.1	WP_328840937.1,WP_369277323.1,WP_093788967.1	7	8
Strep_C6912	Strep_C6912A3	2	0.2222222222222222	WP_045561768.1	WP_369277518.1	WP_037690685.1,WP_003977790.1,WP_011027535.1	7	8
Strep_C6937	Strep_C6937A3	2	0.2222222222222222	WP_003973709.1	WP_037695202.1	WP_150472713.1,WP_003950805.1,WP_237313279.1	8	9
Strep_C6957	Strep_C6957A0	1	0.1111111111111111	WP_328838829.1	WP_015507210.1	WP_150471304.1,WP_016326376.1,WP_045560741.1	9	9
Strep_C698	Strep_C698A0	1	0.1111111111111111	WP_328839629.1	WP_328839629.1	WP_369280831.1,WP_015507982.1,WP_003976579.1	9	9
Strep_C6983	Strep_C6983A3	2	0.2222222222222222	WP_003977619.1	WP_037704953.1	WP_045562346.1,WP_369277679.1,WP_003946792.1	7	9
Strep_C7002	Strep_C7002A3	2	0.2222222222222222	WP_003973047.1	WP_003951526.1	WP_328836626.1,WP_150473161.1,WP_045562060.1	8	9
Strep_C7012	Strep_C7012A3	2	0.2222222222222222	WP_003973224.1	WP_193381283.1	WP_328836708.1,WP_150473082.1,WP_003951275.1	8	9
Strep_C7017	Strep_C7017A0	1	0.1111111111111111	WP_328839691.1	WP_011028156.1	WP_369278036.1,WP_015508017.1,WP_003976683.1	9	9
Strep_C7027	Strep_C7027A0	1	0.1111111111111111	WP_328837366.1	WP_231885053.1	WP_150472415.1,WP_003948507.1,WP_186009714.1	9	9
Strep_C7057	Strep_C7057A3	2	0.2222222222222222	WP_003975751.1	WP_003975751.1	WP_328838794.1,WP_150471340.1,WP_234373668.1	8	9
Strep_C7058	Strep_C7058A2	2	0.2222222222222222	WP_011029132.1	WP_011029132.1	WP_328837781.1,WP_369278892.1,WP_045558158.1	7	8
Strep_C7081	Strep_C7081A3	2	0.2222222222222222	WP_016326185.1	WP_328839270.1	WP_369278228.1,WP_015507904.1,WP_093789145.1	8	9
Strep_C7089	Strep_C7089A0	1	0.1111111111111111	WP_328837631.1	WP_369278953.1	WP_038534745.1,WP_045562631.1,WP_011028948.1	8	8
Strep_C7096	Strep_C7096A3	2	0.2222222222222222	WP_003976733.1	WP_003947579.1	WP_037693371.1,WP_086765531.1,WP_045555310.1	8	9
Strep_C7106	Strep_C7106A3	2	0.2222222222222222	WP_003977014.1	WP_003977014.1	WP_045560790.1,WP_086747889.1,WP_150470316.1	7	9
Strep_C7109	Strep_C7109A0	1	0.1111111111111111	WP_328838874.1	WP_016326355.1	WP_369278472.1,WP_078853746.1,WP_202492468.1	8	8
Strep_C7131	Strep_C7131A0	1	0.1111111111111111	WP_328837270.1	WP_328837270.1	WP_086765808.1,WP_003948331.1,WP_003974014.1	9	9
Strep_C7134	Strep_C7134A3	2	0.2222222222222222	WP_003977162.1	WP_328840103.1	WP_086770408.1,WP_003947222.1,WP_093789410.1	8	9
Strep_C7138	Strep_C7138A3	2	0.2222222222222222	WP_003977622.1	WP_086768482.1	WP_037704957.1,WP_003946789.1,WP_093789714.1	8	9
Strep_C7139	Strep_C7139A0	1	0.1111111111111111	WP_328836066.1	WP_365266695.1	WP_003972221.1,WP_193379946.1,WP_161270337.1	8	8
Strep_C7145	Strep_C7145A3	2	0.2222222222222222	WP_011028124.1	WP_008414086.1	WP_328839739.1,WP_365267630.1,WP_093788521.1	8	9
Strep_C7155	Strep_C7155A2	2	0.2222222222222222	WP_003973720.1	WP_013000784.1	WP_328842128.1,WP_369279221.1,WP_093791922.1	7	8
Strep_C7164	Strep_C7164A0	1	0.1111111111111111	WP_086746622.1	WP_086746622.1	WP_086768036.1,WP_003951579.1,WP_003972896.1	9	9
Strep_C7167	Strep_C7167A0	1	0.1111111111111111	WP_328837450.1	WP_328837450.1	WP_150472349.1,WP_003948665.1,WP_003974318.1	9	9
Strep_C7179	Strep_C7179A0	1	0.1111111111111111	WP_328837164.1	WP_003950653.1	WP_150472618.1,WP_029183390.1,WP_008406162.1	11	9
Strep_C7181	Strep_C7181A3	2	0.2222222222222222	WP_003977377.1	WP_015508180.1	WP_328840244.1,WP_150470036.1,WP_045557278.1	8	9
Strep_C7184	Strep_C7184A3	2	0.2222222222222222	WP_003977269.1	WP_003977269.1	WP_319315784.1,WP_369277797.1,WP_010636587.1	8	9
Strep_C7203	Strep_C7203A0	1	0.1111111111111111	WP_328836371.1	WP_328836371.1	WP_369279598.1,WP_037667174.1,WP_237313045.1	8	8
Strep_C7209	Strep_C7209A5	2	0.2222222222222222	WP_003977350.1	WP_086769490.1	WP_037701396.1,WP_328840530.1,WP_150471437.1	10	9
Strep_C7228	Strep_C7228A0	1	0.1111111111111111	WP_328838553.1	WP_045556101.1	WP_369278605.1,WP_003974566.1,WP_011029639.1	8	8
Strep_C7233	Strep_C7233A3	2	0.2222222222222222	WP_011028040.1	WP_013004573.1	WP_328842372.1,WP_150474431.1,WP_015508060.1	8	9
Strep_C7251	Strep_C7251A0	1	0.1111111111111111	WP_328836010.1	WP_328836010.1	WP_086770558.1,WP_003977899.1,WP_045561593.1	8	8
Strep_C7258	Strep_C7258A3	2	0.2222222222222222	WP_003975732.1	WP_086773077.1	WP_327345344.1,WP_003950367.1,WP_045556309.1	8	9
Strep_C7272	Strep_C7272A0	1	0.1111111111111111	WP_328839319.1	WP_003976305.1	WP_365268075.1,WP_015507917.1,WP_045557744.1	9	9
Strep_C7275	Strep_C7275A2	2	0.2222222222222222	WP_037667486.1	WP_045562426.1	WP_037705205.1,WP_150469854.1,WP_013005269.1	7	8
Strep_C7285	Strep_C7285A2	2	0.2222222222222222	WP_003977660.1	WP_013005394.1	WP_328840612.1,WP_266453627.1,WP_045560297.1	7	8
Strep_C7296	Strep_C7296A0	1	0.1111111111111111	WP_037704456.1	WP_370516631.1	WP_369278147.1,WP_095730220.1,WP_003976420.1	9	9
Strep_C7305	Strep_C7305A0	1	0.1111111111111111	WP_107084650.1	WP_003950395.1	WP_369278507.1,WP_003975753.1,WP_237310107.1	9	9
Strep_C7315	Strep_C7315A0	1	0.1111111111111111	WP_328838821.1	WP_016326384.1	WP_369278495.1,WP_093792486.1,WP_161270072.1	8	8
Strep_C732	Strep_C732A3	2	0.2222222222222222	WP_003973771.1	WP_003973771.1	WP_328842133.1,WP_150474688.1,WP_003950746.1	8	9
Strep_C7336	Strep_C7336A2	2	0.2222222222222222	WP_003972198.1	WP_010356659.1	WP_328836062.1,WP_266465357.1,WP_045556841.1	7	8
Strep_C7344	Strep_C7344A0	1	0.1111111111111111	WP_328836101.1	WP_328836101.1	WP_150473667.1,WP_008404371.1,WP_003972265.1	10	9
Strep_C735	Strep_C735A0	1	0.1111111111111111	WP_328839854.1	WP_003976870.1	WP_369277955.1,WP_237310647.1,WP_011028058.1	8	8
Strep_C7352	Strep_C7352A5	2	0.2222222222222222	WP_003976882.1	WP_369279868.1	WP_037691516.1,WP_150470417.1,WP_010352462.1	12	9
Strep_C7357	Strep_C7357A0	1	0.1111111111111111	WP_328836839.1	WP_015507036.1	WP_150472927.1,WP_016327350.1,WP_237313219.1	9	9
Strep_C7377	Strep_C7377A4	2	0.2222222222222222	WP_045556562.1	WP_010355085.1	WP_328836291.1,WP_328734684.1,WP_003951892.1	8	9
Strep_C7383	Strep_C7383A3	2	0.2222222222222222	WP_003973993.1	WP_037694679.1	WP_086767245.1,WP_003948307.1,WP_045559204.1	8	9
Strep_C7389	Strep_C7389A0	1	0.1111111111111111	WP_328839855.1	WP_328839855.1	WP_150470425.1,WP_003947460.1,WP_016325958.1	9	9
Strep_C7392	Strep_C7392A0	1	0.1111111111111111	WP_319769906.1	WP_150472792.1	WP_003950907.1,WP_003973597.1,WP_078853576.1	9	9
Strep_C7394	Strep_C7394A0	1	0.1111111111111111	WP_328837014.1	WP_369279271.1	WP_003973619.1,WP_093790657.1,WP_011030212.1	8	8
Strep_C7396	Strep_C7396A3	2	0.2222222222222222	WP_003975394.1	WP_003949669.1	WP_328837712.1,WP_086766058.1,WP_045563062.1	8	9
Strep_C7397	Strep_C7397A3	2	0.2222222222222222	WP_003972705.1	WP_003949840.1	WP_328836348.1,WP_365267124.1,WP_093790155.1	8	9
Strep_C7403	Strep_C7403A3	2	0.2222222222222222	WP_003972914.1	WP_003972914.1	WP_037701069.1,WP_150473207.1,WP_010641289.1	8	9
Strep_C7436	Strep_C7436A0	1	0.1111111111111111	WP_328838744.1	WP_015507268.1	WP_369278530.1,WP_003975677.1,WP_237309769.1	9	9
Strep_C7438	Strep_C7438A0	1	0.1111111111111111	WP_328837395.1	WP_015507730.1	WP_369279056.1,WP_016327060.1,WP_237313369.1	9	9
Strep_C7439	Strep_C7439A0	1	0.1111111111111111	WP_328836886.1	WP_003973489.1	WP_150474710.1,WP_037630071.1,WP_193381737.1	9	9
Strep_C7443	Strep_C7443A4	2	0.2222222222222222	WP_045557143.1	WP_038535077.1	WP_327346856.1,WP_150470136.1,WP_003947163.1	8	9
Strep_C7448	Strep_C7448A0	1	0.1111111111111111	WP_037703042.1	WP_011028434.1	WP_150470950.1,WP_003948018.1,WP_003976221.1	9	9
Strep_C7458	Strep_C7458A0	1	0.1111111111111111	WP_328840491.1	WP_328840491.1	WP_150473568.1,WP_003971679.1,WP_045562284.1	8	8
Strep_C7459	Strep_C7459A0	1	0.1111111111111111	WP_328837534.1	WP_328840514.1	WP_369279005.1,WP_003948743.1,WP_016326995.1	10	9
Strep_C7461	Strep_C7461A3	2	0.2222222222222222	WP_003975443.1	WP_086771322.1	WP_328837633.1,WP_003948902.1,WP_237313440.1	8	9
Strep_C7463	Strep_C7463A2	2	0.2222222222222222	WP_011028731.1	WP_369278505.1	WP_328838807.1,WP_045556342.1,WP_041669667.1	7	8
Strep_C7469	Strep_C7469A3	2	0.2222222222222222	WP_003975368.1	WP_003975368.1	WP_328837730.1,WP_086770109.1,WP_003949640.1	8	9
Strep_C7472	Strep_C7472A0	1	0.1111111111111111	WP_328838917.1	WP_079021203.1	WP_150471275.1,WP_030770335.1,WP_045560694.1	9	9
Strep_C7505	Strep_C7505A4	2	0.2222222222222222	WP_045555804.1	WP_003947660.1	WP_046709910.1,WP_086765961.1,WP_003976653.1	8	9
Strep_C7522	Strep_C7522A2	2	0.2222222222222222	WP_173943938.1	WP_093792293.1	WP_413254622.1,WP_328736648.1,WP_037727835.1	7	8
Strep_C7523	Strep_C7523A0	1	0.1111111111111111	WP_328837367.1	WP_193380569.1	WP_150472414.1,WP_003948509.1,WP_030871926.1	9	9
Strep_C7530	Strep_C7530A0	1	0.1111111111111111	WP_046709396.1	WP_011028531.1	WP_365271384.1,WP_016326268.1,WP_237310234.1	8	8
Strep_C7535	Strep_C7535A0	1	0.1111111111111111	WP_328840178.1	WP_179202551.1	WP_369277799.1,WP_003947105.1,WP_016325825.1	9	9
Strep_C7551	Strep_C7551A3	2	0.2222222222222222	WP_003976192.1	WP_150470976.1	WP_328839242.1,WP_015507895.1,WP_093790877.1	8	9
Strep_C7555	Strep_C7555A3	2	0.2222222222222222	WP_003976895.1	WP_003947441.1	WP_045560920.1,WP_328839879.1,WP_369277945.1	7	9
Strep_C7559	Strep_C7559A3	2	0.2222222222222222	WP_003975270.1	WP_003975270.1	WP_046709564.1,WP_086771098.1,WP_003949201.1	8	9
Strep_C7562	Strep_C7562A0	1	0.1111111111111111	WP_328841012.1	WP_237311846.1	WP_365270861.1,WP_003975727.1,WP_011028757.1	8	8
Strep_C7618	Strep_C7618A0	1	0.1111111111111111	WP_328840850.1	WP_179202212.1	WP_150474366.1,WP_003977788.1,WP_193381647.1	8	8
Strep_C7627	Strep_C7627A3	2	0.2222222222222222	WP_011029795.1	WP_037694088.1	WP_045559444.1,WP_086767450.1,WP_003948649.1	7	9
Strep_C7637	Strep_C7637A3	2	0.2222222222222222	WP_003977076.1	WP_003947805.1	WP_045562288.1,WP_328840030.1,WP_150470271.1	9	9
Strep_C7644	Strep_C7644A3	2	0.2222222222222222	WP_003973357.1	WP_003973357.1	WP_328836808.1,WP_369279396.1,WP_003951160.1	8	9
Strep_C7649	Strep_C7649A0	1	0.1111111111111111	WP_328836682.1	WP_016327452.1	WP_150473114.1,WP_003951326.1,WP_093790472.1	9	9
Strep_C7686	Strep_C7686A3	2	0.2222222222222222	WP_003974072.1	WP_003974072.1	WP_328837296.1,WP_369279110.1,WP_008403760.1	8	9
Strep_C7687	Strep_C7687A0	1	0.1111111111111111	WP_328842193.1	WP_003975379.1	WP_150472101.1,WP_045563049.1,WP_011029084.1	8	8
Strep_C7692	Strep_C7692A0	1	0.1111111111111111	WP_328840460.1	WP_045562264.1	WP_369279938.1,WP_003972160.1,WP_011031356.1	8	8
Strep_C7714	Strep_C7714A2	2	0.2222222222222222	WP_003976687.1	WP_328839693.1	WP_369278035.1,WP_045555353.1,WP_013004306.1	7	8
Strep_C7724	Strep_C7724A3	2	0.2222222222222222	WP_003976762.1	WP_015508032.1	WP_319760180.1,WP_365267623.1,WP_045555282.1	8	9
Strep_C7728	Strep_C7728A3	2	0.2222222222222222	WP_003976175.1	WP_003976175.1	WP_328839232.1,WP_086773334.1,WP_015507892.1	8	9
Strep_C7749	Strep_C7749A0	1	0.1111111111111111	WP_037704968.1	WP_037704968.1	WP_369277673.1,WP_003946574.1,WP_003977633.1	9	9
Strep_C7750	Strep_C7750A4	2	0.2222222222222222	WP_003977330.1	WP_319766004.1	WP_328834653.1,WP_086766761.1,WP_003947039.1	10	9
Strep_C7764	Strep_C7764A3	2	0.2222222222222222	WP_003974164.1	WP_003974164.1	WP_086747897.1,WP_086772097.1,WP_003948506.1	8	9
Strep_C7780	Strep_C7780A0	1	0.1111111111111111	WP_328840206.1	WP_010351295.1	WP_150470079.1,WP_003947066.1,WP_003977302.1	9	9
Strep_C7790	Strep_C7790A3	2	0.2222222222222222	WP_030863254.1	WP_046704201.1	WP_369279831.1,WP_010640830.1,WP_045556655.1	8	9
Strep_C7797	Strep_C7797A3	2	0.2222222222222222	WP_011029835.1	WP_150472378.1	WP_328837408.1,WP_015507729.1,WP_045559472.1	8	9
Strep_C7805	Strep_C7805A4	2	0.2222222222222222	WP_045563149.1	WP_015507805.1	WP_328837281.1,WP_150472500.1,WP_016327128.1	8	9
Strep_C7831	Strep_C7831A3	2	0.2222222222222222	WP_003973798.1	WP_086747256.1	WP_045559079.1,WP_073497294.1,WP_003950719.1	7	9
Strep_C7845	Strep_C7845A0	1	0.1111111111111111	WP_328838183.1	WP_003975012.1	WP_369278766.1,WP_015507527.1,WP_045558484.1	9	9
Strep_C7846	Strep_C7846A0	1	0.1111111111111111	WP_037691228.1	WP_003977020.1	WP_150470309.1,WP_003947364.1,WP_045560785.1	9	9
Strep_C785	Strep_C785A0	1	0.1111111111111111	WP_328836327.1	WP_011030777.1	WP_369279622.1,WP_041826579.1,WP_042799934.1	9	9
Strep_C7850	Strep_C7850A0	1	0.1111111111111111	WP_328838517.1	WP_045556072.1	WP_369278626.1,WP_003950076.1,WP_003974601.1	9	9
Strep_C7855	Strep_C7855A0	1	0.1111111111111111	WP_328838908.1	WP_013004943.1	WP_328840170.1,WP_150470122.1,WP_003947122.1	10	9
Strep_C7864	Strep_C7864A2	2	0.2222222222222222	WP_003975966.1	WP_029184586.1	WP_328838994.1,WP_369278362.1,WP_045560590.1	7	8
Strep_C7867	Strep_C7867A3	2	0.2222222222222222	WP_016326515.1	WP_319770603.1	WP_328735401.1,WP_015507677.1,WP_237313432.1	8	9
Strep_C7879	Strep_C7879A0	1	0.1111111111111111	WP_328836201.1	WP_003951970.1	WP_369279840.1,WP_003972400.1,WP_237312969.1	10	9
Strep_C7882	Strep_C7882A3	2	0.2222222222222222	WP_003976021.1	WP_015507859.1	WP_328839039.1,WP_086765638.1,WP_045557701.1	8	9
Strep_C7890	Strep_C7890A0	1	0.1111111111111111	WP_328839090.1	WP_003976049.1	WP_369278319.1,WP_045557664.1,WP_011028561.1	8	8
Strep_C7894	Strep_C7894A0	1	0.1111111111111111	WP_037702148.1	WP_045556954.1	WP_328736887.1,WP_003947330.1,WP_003977056.1	9	9
Strep_C7903	Strep_C7903A0	1	0.1111111111111111	WP_319764929.1	WP_408995529.1	WP_167535050.1,WP_037630235.1,WP_016327736.1	9	9
Strep_C7905	Strep_C7905A6	2	0.2222222222222222	WP_003973330.1	WP_010359233.1	WP_037696179.1,WP_328836076.1,WP_037725502.1	18	9
Strep_C7918	Strep_C7918A0	1	0.1111111111111111	WP_328840225.1	WP_369277780.1	WP_015508170.1,WP_003977342.1,WP_045557252.1	9	9
Strep_C792	Strep_C792A0	1	0.1111111111111111	WP_328835350.1	WP_003972433.1	WP_328836226.1,WP_369279824.1,WP_093790078.1	10	8
Strep_C7923	Strep_C7923A3	2	0.2222222222222222	WP_003973434.1	WP_003951090.1	WP_045561484.1,WP_328836852.1,WP_086767356.1	7	9
Strep_C7938	Strep_C7938A3	2	0.2222222222222222	WP_003975883.1	WP_193381140.1	WP_319699598.1,WP_150471256.1,WP_003950547.1	8	9
Strep_C7956	Strep_C7956A0	1	0.1111111111111111	WP_328836898.1	WP_328836898.1	WP_150472870.1,WP_003951001.1,WP_003973512.1	9	9
Strep_C7962	Strep_C7962A0	1	0.1111111111111111	WP_319697419.1	WP_365266574.1	WP_003977898.1,WP_045561671.1,WP_011027473.1	8	8
Strep_C7975	Strep_C7975A3	2	0.2222222222222222	WP_003977100.1	WP_015508106.1	WP_060891930.1,WP_369277870.1,WP_045557341.1	8	9
Strep_C7976	Strep_C7976A3	2	0.2222222222222222	WP_161270009.1	WP_075987501.1	WP_328840009.1,WP_167396128.1,WP_078853380.1	8	9
Strep_C799	Strep_C799A0	1	0.1111111111111111	WP_328840280.1	WP_369280812.1	WP_419153350.1,WP_093789432.1,WP_011027766.1	8	8
Strep_C8000	Strep_C8000A3	2	0.2222222222222222	WP_003977569.1	WP_010360422.1	WP_328840363.1,WP_150469896.1,WP_015508228.1	8	9
Strep_C8003	Strep_C8003A0	1	0.1111111111111111	WP_328841282.1	WP_078480435.1	WP_369277743.1,WP_003975232.1,WP_093789022.1	8	8
Strep_C8007	Strep_C8007A0	1	0.1111111111111111	WP_328839466.1	WP_328839466.1	WP_266456171.1,WP_003976441.1,WP_237310379.1	8	8
Strep_C8008	Strep_C8008A3	2	0.2222222222222222	WP_003977662.1	WP_328840614.1	WP_369277630.1,WP_003952153.1,WP_045560299.1	8	9
Strep_C8013	Strep_C8013A0	1	0.1111111111111111	WP_037694584.1	WP_003948335.1	WP_086765815.1,WP_016327140.1,WP_045563161.1	9	9
Strep_C8019	Strep_C8019A3	2	0.2222222222222222	WP_003977530.1	WP_030305304.1	WP_328840351.1,WP_328737046.1,WP_045562412.1	8	9
Strep_C8022	Strep_C8022A3	2	0.2222222222222222	WP_045557894.1	WP_003976405.1	WP_086747463.1,WP_365267947.1,WP_011028331.1	7	8
Strep_C8027	Strep_C8027A0	1	0.1111111111111111	WP_328836138.1	WP_016327823.1	WP_150473628.1,WP_237312949.1,WP_011031094.1	8	8
Strep_C8048	Strep_C8048A4	2	0.2222222222222222	WP_003974455.1	WP_086750807.1	WP_319053904.1,WP_086771193.1,WP_003948796.1	9	9
Strep_C806	Strep_C806A0	1	0.1111111111111111	WP_319765053.1	WP_003973217.1	WP_150473087.1,WP_015506989.1,WP_045561105.1	9	9
Strep_C8062	Strep_C8062A3	2	0.2222222222222222	WP_003975786.1	WP_003950442.1	WP_328838815.1,WP_369278498.1,WP_045556355.1	8	9
Strep_C8071	Strep_C8071A0	1	0.1111111111111111	WP_328839605.1	WP_045562822.1	WP_369278086.1,WP_003976538.1,WP_011028244.1	8	8
Strep_C8082	Strep_C8082A3	2	0.2222222222222222	WP_003975760.1	WP_010352361.1	WP_328838801.1,WP_086771381.1,WP_003950402.1	8	9
Strep_C8085	Strep_C8085A3	2	0.2222222222222222	WP_003975441.1	WP_037702885.1	WP_369278949.1,WP_003948904.1,WP_045562628.1	8	9
Strep_C8088	Strep_C8088A0	1	0.1111111111111111	WP_328835831.1	WP_328835831.1	WP_328734394.1,WP_003978048.1,WP_045560021.1	8	8
Strep_C8089	Strep_C8089A0	1	0.1111111111111111	WP_328836523.1	WP_328836523.1	WP_150473270.1,WP_365268251.1,WP_003972844.1	9	8
Strep_C809	Strep_C809A3	2	0.2222222222222222	WP_003976232.1	WP_003976232.1	WP_328839262.1,WP_369278234.1,WP_003948008.1	8	9
Strep_C8096	Strep_C8096A0	1	0.1111111111111111	WP_328836337.1	WP_003948070.1	WP_369279617.1,WP_003972679.1,WP_237313020.1	9	9
Strep_C8098	Strep_C8098A0	1	0.1111111111111111	WP_046702977.1	WP_010640555.1	WP_369277858.1,WP_003977124.1,WP_045557024.1	9	9
Strep_C811	Strep_C811A0	1	0.1111111111111111	WP_328836801.1	WP_328836801.1	WP_369279401.1,WP_003973341.1,WP_237313208.1	8	8
Strep_C8119	Strep_C8119A0	1	0.1111111111111111	WP_037703368.1	WP_037703368.1	WP_150471153.1,WP_003948164.1,WP_003976026.1	9	9
Strep_C8145	Strep_C8145A0	1	0.1111111111111111	WP_319767476.1	WP_045557665.1	WP_365271299.1,WP_003976048.1,WP_161270047.1	8	8
Strep_C8148	Strep_C8148A0	1	0.1111111111111111	WP_328838313.1	WP_045563324.1	WP_369278708.1,WP_003974867.1,WP_011029438.1	8	8
Strep_C8177	Strep_C8177A2	2	0.2222222222222222	WP_003973639.1	WP_369279267.1	WP_328837020.1,WP_093790662.1,WP_013000670.1	7	8
Strep_C8183	Strep_C8183A4	2	0.2222222222222222	WP_045561841.1	WP_003977719.1	WP_037690793.1,WP_150469699.1,WP_015506696.1	8	9
Strep_C819	Strep_C819A0	1	0.1111111111111111	WP_328836206.1	WP_011031513.1	WP_369279834.1,WP_240804617.1,WP_237312972.1	8	8
Strep_C8205	Strep_C8205A3	2	0.2222222222222222	WP_003973687.1	WP_046709343.1	WP_150472719.1,WP_003950820.1,WP_078853588.1	8	9
Strep_C821	Strep_C821A0	1	0.1111111111111111	WP_328840296.1	WP_328840296.1	WP_150469975.1,WP_003946920.1,WP_003977448.1	9	9
Strep_C8212	Strep_C8212A0	1	0.1111111111111111	WP_413254456.1	WP_413254456.1	WP_086769652.1,WP_003948581.1,WP_003974220.1	9	9
Strep_C824	Strep_C824A0	1	0.1111111111111111	WP_328837714.1	WP_003949667.1	WP_365277483.1,WP_003975392.1,WP_093791101.1	9	9
Strep_C8247	Strep_C8247A3	2	0.2222222222222222	WP_003976745.1	WP_003976745.1	WP_328839731.1,WP_369278020.1,WP_003951618.1	8	9
Strep_C8260	Strep_C8260A4	2	0.2222222222222222	WP_003975538.1	WP_046774336.1	WP_328842177.1,WP_328735390.1,WP_369276967.1	10	9
Strep_C8279	Strep_C8279A3	2	0.2222222222222222	WP_003973510.1	WP_003951003.1	WP_328836895.1,WP_328735067.1,WP_045562470.1	8	9
Strep_C8290	Strep_C8290A3	2	0.2222222222222222	WP_003972234.1	WP_093788708.1	WP_234441389.1,WP_167396181.1,WP_008406049.1	8	9
Strep_C8298	Strep_C8298A2	2	0.2222222222222222	WP_011029927.1	WP_013001237.1	WP_045562892.1,WP_037694467.1,WP_150472467.1	6	8
Strep_C8300	Strep_C8300A3	2	0.2222222222222222	WP_003977229.1	WP_013004923.1	WP_037701696.1,WP_369277812.1,WP_008411022.1	8	9
Strep_C8314	Strep_C8314A2	2	0.2222222222222222	WP_003971893.1	WP_328841050.1	WP_150469343.1,WP_193380189.1,WP_013005883.1	7	8
Strep_C8317	Strep_C8317A0	1	0.1111111111111111	WP_328836122.1	WP_369279889.1	WP_038534224.1,WP_093788750.1,WP_030869638.1	8	8
Strep_C8321	Strep_C8321A3	2	0.2222222222222222	WP_003976263.1	WP_015507909.1	WP_328839285.1,WP_369278218.1,WP_093789153.1	8	9
Strep_C8335	Strep_C8335A2	2	0.2222222222222222	WP_003974677.1	WP_086802610.1	WP_327345036.1,WP_369278650.1,WP_045556007.1	7	8
Strep_C8353	Strep_C8353A0	1	0.1111111111111111	WP_328840155.1	WP_150470132.1	WP_003947152.1,WP_003977228.1,WP_237310973.1	9	9
Strep_C8354	Strep_C8354A0	1	0.1111111111111111	WP_037704138.1	WP_369279897.1	WP_003972273.1,WP_045556787.1,WP_011031134.1	8	8
Strep_C8355	Strep_C8355A3	2	0.2222222222222222	WP_003976250.1	WP_003947990.1	WP_045557494.1,WP_328839275.1,WP_086773120.1	7	9
Strep_C8383	Strep_C8383A3	2	0.2222222222222222	WP_011029527.1	WP_328838419.1	WP_150471624.1,WP_008409802.1,WP_045555985.1	8	9
Strep_C8388	Strep_C8388A0	1	0.1111111111111111	WP_037700973.1	WP_328734967.1	WP_008404190.1,WP_003973255.1,WP_045561143.1	9	9
Strep_C8390	Strep_C8390A3	2	0.2222222222222222	WP_003977312.1	WP_003947056.1	WP_328840210.1,WP_150470073.1,WP_045557225.1	8	9
Strep_C8391	Strep_C8391A3	2	0.2222222222222222	WP_003973825.1	WP_003950692.1	WP_319763729.1,WP_150472635.1,WP_045559097.1	8	9
Strep_C8394	Strep_C8394A3	2	0.2222222222222222	WP_003977801.1	WP_003952280.1	WP_328840861.1,WP_328737207.1,WP_045561775.1	8	9
Strep_C8421	Strep_C8421A3	2	0.2222222222222222	WP_003977334.1	WP_003947035.1	WP_328840222.1,WP_150470057.1,WP_237311037.1	8	9
Strep_C8423	Strep_C8423A0	1	0.1111111111111111	WP_328839673.1	WP_003947670.1	WP_369278049.1,WP_003976641.1,WP_045555387.1	9	9
Strep_C8424	Strep_C8424A3	2	0.2222222222222222	WP_003975056.1	WP_003949369.1	WP_037689677.1,WP_369278782.1,WP_016326693.1	9	9
Strep_C8428	Strep_C8428A2	2	0.2222222222222222	WP_003975437.1	WP_003975437.1	WP_328837637.1,WP_369278946.1,WP_093791963.1	7	8
Strep_C8438	Strep_C8438A3	2	0.2222222222222222	WP_003974547.1	WP_010353304.1	WP_328842270.1,WP_328735941.1,WP_015507311.1	8	9
Strep_C8440	Strep_C8440A3	2	0.2222222222222222	WP_016326789.1	WP_010355730.1	WP_328838342.1,WP_086772965.1,WP_003949124.1	8	9
Strep_C8453	Strep_C8453A2	2	0.2222222222222222	WP_003975426.1	WP_086767432.1	WP_328837642.1,WP_045562615.1,WP_013001683.1	7	8
Strep_C846	Strep_C846A3	2	0.2222222222222222	WP_011027893.1	WP_369277830.1	WP_046707749.1,WP_003947189.1,WP_093789395.1	8	9
Strep_C8467	Strep_C8467A3	2	0.2222222222222222	WP_003973161.1	WP_045561068.1	WP_328836678.1,WP_365269389.1,WP_003951333.1	8	9
Strep_C8480	Strep_C8480A3	2	0.2222222222222222	WP_011028438.1	WP_010355349.1	WP_319761122.1,WP_328738014.1,WP_003948023.1	8	9
Strep_C8488	Strep_C8488A3	2	0.2222222222222222	WP_003973526.1	WP_328836910.1	WP_086770621.1,WP_003950988.1,WP_237313236.1	8	9
Strep_C849	Strep_C849A3	2	0.2222222222222222	WP_003975807.1	WP_328838831.1	WP_150471302.1,WP_003950463.1,WP_093792490.1	8	9
Strep_C8490	Strep_C8490A2	2	0.2222222222222222	WP_003976978.1	WP_328839960.1	WP_369277913.1,WP_237310797.1,WP_037728225.1	7	8
Strep_C8498	Strep_C8498A3	2	0.2222222222222222	WP_003974202.1	WP_003948565.1	WP_046704802.1,WP_086770881.1,WP_193380554.1	8	9
Strep_C851	Strep_C851A0	1	0.1111111111111111	WP_328835784.1	WP_045560085.1	WP_365266297.1,WP_015506779.1,WP_003978105.1	9	9
Strep_C8534	Strep_C8534A3	2	0.2222222222222222	WP_003975482.1	WP_328837616.1	WP_150472196.1,WP_003948877.1,WP_045562654.1	8	9
Strep_C8581	Strep_C8581A3	2	0.2222222222222222	WP_003975000.1	WP_003949441.1	WP_079023896.1,WP_266459340.1,WP_078853520.1	8	9
Strep_C8584	Strep_C8584A0	1	0.1111111111111111	WP_328837154.1	WP_003950670.1	WP_369279190.1,WP_003973841.1,WP_045559112.1	9	9
Strep_C8614	Strep_C8614A0	1	0.1111111111111111	WP_319697149.1	WP_319697149.1	WP_365276580.1,WP_003950056.1,WP_003974616.1	9	9
Strep_C8617	Strep_C8617A3	2	0.2222222222222222	WP_003974019.1	WP_328837273.1	WP_369279130.1,WP_003948336.1,WP_045563160.1	8	9
Strep_C8625	Strep_C8625A0	1	0.1111111111111111	WP_328836501.1	WP_003951626.1	WP_365267305.1,WP_003972824.1,WP_093789634.1	9	9
Strep_C8659	Strep_C8659A0	1	0.1111111111111111	WP_328839004.1	WP_328839004.1	WP_150474501.1,WP_003950621.1,WP_016326305.1	9	9
Strep_C8667	Strep_C8667A3	2	0.2222222222222222	WP_003976402.1	WP_003949057.1	WP_408997006.1,WP_150470806.1,WP_177261773.1	8	9
Strep_C8669	Strep_C8669A3	2	0.2222222222222222	WP_003975840.1	WP_003950486.1	WP_046708933.1,WP_150471283.1,WP_045560711.1	8	9
Strep_C8699	Strep_C8699A4	2	0.2222222222222222	WP_045556076.1	WP_086767914.1	WP_037705340.1,WP_003950081.1,WP_016326897.1	8	9
Strep_C8707	Strep_C8707A3	2	0.2222222222222222	WP_003977344.1	WP_003947026.1	WP_037701407.1,WP_369277779.1,WP_193380489.1	8	9
Strep_C8709	Strep_C8709A3	2	0.2222222222222222	WP_003973380.1	WP_003951142.1	WP_037696055.1,WP_319179325.1,WP_045561442.1	8	9
Strep_C8747	Strep_C8747A3	2	0.2222222222222222	WP_003975953.1	WP_015507164.1	WP_328838983.1,WP_369278367.1,WP_093791581.1	8	9
Strep_C8759	Strep_C8759A3	2	0.2222222222222222	WP_003976251.1	WP_093789149.1	WP_328839276.1,WP_369278227.1,WP_003947989.1	8	9
Strep_C8763	Strep_C8763A0	1	0.1111111111111111	WP_328837397.1	WP_443033230.1	WP_369280668.1,WP_003974217.1,WP_161270169.1	8	8
Strep_C878	Strep_C878A0	1	0.1111111111111111	WP_328840081.1	WP_328840081.1	WP_369277854.1,WP_003977131.1,WP_237310902.1	8	8
Strep_C8786	Strep_C8786A0	1	0.1111111111111111	WP_328839873.1	WP_328839873.1	WP_086767938.1,WP_003976887.1,WP_045560928.1	8	8
Strep_C8802	Strep_C8802A0	1	0.1111111111111111	WP_328836823.1	WP_003951145.1	WP_369279384.1,WP_016327370.1,WP_093790217.1	9	9
Strep_C8810	Strep_C8810A0	1	0.1111111111111111	WP_328838159.1	WP_003975044.1	WP_150471854.1,WP_003949381.1,WP_045558508.1	9	9
Strep_C8819	Strep_C8819A5	2	0.2222222222222222	WP_045558551.1	WP_390623595.1	WP_060891125.1,WP_319765808.1,WP_408995343.1	12	9
Strep_C8838	Strep_C8838A0	1	0.1111111111111111	WP_328836241.1	WP_328836241.1	WP_365266980.1,WP_015506791.1,WP_063646597.1	9	9
Strep_C8856	Strep_C8856A0	1	0.1111111111111111	WP_328836824.1	WP_078853799.1	WP_365275665.1,WP_015507026.1,WP_046247890.1	9	9
Strep_C8858	Strep_C8858A2	2	0.2222222222222222	WP_030872048.1	WP_237313575.1	WP_328837802.1,WP_308432320.1,WP_046773865.1	7	8
Strep_C8864	Strep_C8864A2	2	0.2222222222222222	WP_003976857.1	WP_328839828.1	WP_045560967.1,WP_150470440.1,WP_013004492.1	6	8
Strep_C8871	Strep_C8871A3	2	0.2222222222222222	WP_003975325.1	WP_003949609.1	WP_328837755.1,WP_086772875.1,WP_060883854.1	8	9
Strep_C8873	Strep_C8873A3	2	0.2222222222222222	WP_003973773.1	WP_003950744.1	WP_328837113.1,WP_150472673.1,WP_045559057.1	8	9
Strep_C8893	Strep_C8893A3	2	0.2222222222222222	WP_003976731.1	WP_046703025.1	WP_086765526.1,WP_003947581.1,WP_045555311.1	8	9
Strep_C8899	Strep_C8899A0	1	0.1111111111111111	WP_328837399.1	WP_328837399.1	WP_086769655.1,WP_003974218.1,WP_045559486.1	8	8
Strep_C8901	Strep_C8901A2	2	0.2222222222222222	WP_003975711.1	WP_328838769.1	WP_150471375.1,WP_045556293.1,WP_013003049.1	7	8
Strep_C8906	Strep_C8906A2	2	0.2222222222222222	WP_003973519.1	WP_073497465.1	WP_037695754.1,WP_045562480.1,WP_013000523.1	7	8
Strep_C8907	Strep_C8907A3	2	0.2222222222222222	WP_003976959.1	WP_150470359.1	WP_328839946.1,WP_003947418.1,WP_045560845.1	8	9
Strep_C891	Strep_C891A0	1	0.1111111111111111	WP_328837128.1	WP_328837128.1	WP_086770421.1,WP_003950722.1,WP_037666330.1	9	9
Strep_C8967	Strep_C8967A0	1	0.1111111111111111	WP_319766002.1	WP_319766002.1	WP_086766765.1,WP_003947037.1,WP_003977332.1	9	9
Strep_C8969	Strep_C8969A2	2	0.2222222222222222	WP_011031370.1	WP_150473769.1	WP_037698761.1,WP_045561631.1,WP_012999116.1	7	8
Strep_C8973	Strep_C8973A0	1	0.1111111111111111	WP_086751253.1	WP_003950426.1	WP_150471325.1,WP_003975772.1,WP_045556345.1	9	9
Strep_C8977	Strep_C8977A4	2	0.2222222222222222	WP_003976728.1	WP_003976728.1	WP_045555314.1,WP_045555581.1,WP_037692250.1	10	9
Strep_C8980	Strep_C8980A3	2	0.2222222222222222	WP_011028061.1	WP_011028061.1	WP_037691558.1,WP_086767980.1,WP_003947463.1	8	9
Strep_C8982	Strep_C8982A0	1	0.1111111111111111	WP_328838779.1	WP_177262090.1	WP_150471362.1,WP_003950368.1,WP_016326411.1	9	9
Strep_C8991	Strep_C8991A0	1	0.1111111111111111	WP_319768343.1	WP_010356918.1	WP_369279342.1,WP_003951042.1,WP_003973473.1	9	9
Strep_C8994	Strep_C8994A3	2	0.2222222222222222	WP_003973917.1	WP_037694804.1	WP_086764653.1,WP_003948227.1,WP_093791646.1	8	9
Strep_C8997	Strep_C8997A6	2	0.2222222222222222	WP_033528607.1	WP_328835761.1	WP_037698163.1,WP_012998616.1,WP_037726735.1	17	9
Strep_C8999	Strep_C8999A0	1	0.1111111111111111	WP_328837484.1	WP_328837484.1	WP_229894745.1,WP_003948695.1,WP_003974353.1	10	9
Strep_C9003	Strep_C9003A2	2	0.2222222222222222	WP_003977390.1	WP_328840251.1	WP_150470029.1,WP_045557288.1,WP_013005077.1	7	8
Strep_C9007	Strep_C9007A3	2	0.2222222222222222	WP_003975511.1	WP_365277234.1	WP_328837601.1,WP_003948843.1,WP_045559273.1	8	9
Strep_C9028	Strep_C9028A0	1	0.1111111111111111	WP_037702124.1	WP_037702124.1	WP_086768881.1,WP_369279902.1,WP_003947325.1	10	9
Strep_C9038	Strep_C9038A0	1	0.1111111111111111	WP_328836117.1	WP_369279893.1	WP_003952018.1,WP_003972288.1,WP_237312941.1	9	9
Strep_C9044	Strep_C9044A3	2	0.2222222222222222	WP_016325822.1	WP_015508151.1	WP_319766288.1,WP_150470108.1,WP_045557183.1	8	9
Strep_C905	Strep_C905A0	1	0.1111111111111111	WP_328835708.1	WP_328835708.1	WP_190046533.1,WP_186009676.1,WP_234442674.1	8	8
Strep_C9065	Strep_C9065A2	2	0.2222222222222222	WP_003978052.1	WP_086748315.1	WP_045560025.1,WP_086769417.1,WP_012998852.1	6	8
Strep_C9069	Strep_C9069A3	2	0.2222222222222222	WP_003975032.1	WP_328838168.1	WP_086767029.1,WP_003949393.1,WP_237314034.1	8	9
Strep_C9091	Strep_C9091A3	2	0.2222222222222222	WP_003976353.1	WP_003976353.1	WP_037704710.1,WP_150470836.1,WP_003947881.1	8	9
Strep_C9095	Strep_C9095A0	1	0.1111111111111111	WP_328842383.1	WP_045556936.1	WP_229894539.1,WP_003977036.1,WP_375336297.1	8	8
Strep_C9112	Strep_C9112A0	1	0.1111111111111111	WP_046707241.1	WP_046707241.1	WP_365278739.1,WP_003950674.1,WP_003973838.1	9	9
Strep_C9124	Strep_C9124A3	2	0.2222222222222222	WP_003974829.1	WP_003949126.1	WP_328838344.1,WP_150471698.1,WP_045555907.1	8	9
Strep_C9128	Strep_C9128A0	1	0.1111111111111111	WP_328841085.1	WP_003971875.1	WP_150469299.1,WP_045555639.1,WP_011031554.1	8	8
Strep_C9132	Strep_C9132A0	1	0.1111111111111111	WP_328836127.1	WP_030869613.1	WP_150473635.1,WP_237312945.1,WP_011031099.1	8	8
Strep_C9134	Strep_C9134A0	1	0.1111111111111111	WP_328837374.1	WP_045559619.1	WP_369279068.1,WP_003974178.1,WP_011029867.1	8	8
Strep_C9144	Strep_C9144A3	2	0.2222222222222222	WP_003972892.1	WP_012999923.1	WP_319700211.1,WP_150473217.1,WP_003951584.1	8	9
Strep_C9155	Strep_C9155A3	2	0.2222222222222222	WP_003973637.1	WP_037695359.1	WP_086770596.1,WP_003950870.1,WP_045558938.1	8	9
Strep_C9156	Strep_C9156A0	1	0.1111111111111111	WP_328835054.1	WP_328835054.1	WP_328835074.1,WP_328836423.1,WP_167534976.1	10	8
Strep_C9168	Strep_C9168A3	2	0.2222222222222222	WP_003975045.1	WP_003949380.1	WP_319762791.1,WP_086767116.1,WP_078853556.1	8	9
Strep_C9169	Strep_C9169A0	1	0.1111111111111111	WP_037696211.1	WP_003951187.1	WP_086772723.1,WP_003973322.1,WP_193381593.1	9	9
Strep_C9175	Strep_C9175A3	2	0.2222222222222222	WP_003977752.1	WP_003977752.1	WP_328840825.1,WP_369277531.1,WP_003952266.1	8	9
Strep_C918	Strep_C918A3	2	0.2222222222222222	WP_003973274.1	WP_015507000.1	WP_328836742.1,WP_328734979.1,WP_196789774.1	8	9
Strep_C9204	Strep_C9204A0	1	0.1111111111111111	WP_328839256.1	WP_319177781.1	WP_003976220.1,WP_093790881.1,WP_011028435.1	8	8
Strep_C9215	Strep_C9215A4	2	0.2222222222222222	WP_003976582.1	WP_015507985.1	WP_045562851.1,WP_328839635.1,WP_266455895.1	8	9
Strep_C9221	Strep_C9221A3	2	0.2222222222222222	WP_016326008.1	WP_016326008.1	WP_046707105.1,WP_150470558.1,WP_003947590.1	8	9
Strep_C9231	Strep_C9231A0	1	0.1111111111111111	WP_328838714.1	WP_013002950.1	WP_365270775.1,WP_003975657.1,WP_045556222.1	8	8
Strep_C9247	Strep_C9247A3	2	0.2222222222222222	WP_003974885.1	WP_328838283.1	WP_150471743.1,WP_003949537.1,WP_093791063.1	8	9
Strep_C9249	Strep_C9249A0	1	0.1111111111111111	WP_328839298.1	WP_328839298.1	WP_086768591.1,WP_003976274.1,WP_045557470.1	8	8
Strep_C925	Strep_C925A5	2	0.2222222222222222	WP_003976309.1	WP_003947924.1	WP_046705833.1,WP_328835131.1,WP_012998965.1	15	9
Strep_C9250	Strep_C9250A0	1	0.1111111111111111	WP_328840812.1	WP_328840812.1	WP_364804821.1,WP_003952259.1,WP_003977743.1	9	9
Strep_C926	Strep_C926A3	2	0.2222222222222222	WP_003976432.1	WP_003976432.1	WP_328839463.1,WP_150470775.1,WP_008405484.1	8	9
Strep_C9262	Strep_C9262A3	2	0.2222222222222222	WP_011030695.1	WP_008412239.1	WP_037692499.1,WP_150473343.1,WP_045559717.1	8	9
Strep_C9272	Strep_C9272A0	1	0.1111111111111111	WP_328842365.1	WP_013004511.1	WP_369277956.1,WP_016325959.1,WP_045560951.1	8	8
Strep_C9285	Strep_C9285A0	1	0.1111111111111111	WP_037688742.1	WP_037688742.1	WP_150472215.1,WP_003948844.1,WP_016326513.1	9	9
Strep_C9299	Strep_C9299A0	1	0.1111111111111111	WP_328835385.1	WP_003949902.1	WP_328836383.1,WP_010360301.1,WP_369280204.1	11	9
Strep_C9300	Strep_C9300A3	2	0.2222222222222222	WP_011028787.1	WP_003950276.1	WP_046705477.1,WP_086773253.1,WP_237309767.1	8	9
Strep_C9307	Strep_C9307A0	1	0.1111111111111111	WP_328842394.1	WP_078485287.1	WP_150470210.1,WP_003977136.1,WP_045557038.1	9	9
Strep_C9317	Strep_C9317A2	2	0.2222222222222222	WP_030867176.1	WP_237309579.1	WP_328838496.1,WP_150471565.1,WP_013002728.1	7	8
Strep_C932	Strep_C932A3	2	0.2222222222222222	WP_003973277.1	WP_003973277.1	WP_328836745.1,WP_150473044.1,WP_015507002.1	8	9
Strep_C9333	Strep_C9333A3	2	0.2222222222222222	WP_003972242.1	WP_328836082.1	WP_150473692.1,WP_008413836.1,WP_003976203.1	10	9
Strep_C9338	Strep_C9338A0	1	0.1111111111111111	WP_328839685.1	WP_328839685.1	WP_328736713.1,WP_003947644.1,WP_003976668.1	9	9
Strep_C9339	Strep_C9339A0	1	0.1111111111111111	WP_328840027.1	WP_328840027.1	WP_150470274.1,WP_003947317.1,WP_003977072.1	9	9
Strep_C9345	Strep_C9345A0	1	0.1111111111111111	WP_327346696.1	WP_369277892.1	WP_003947349.1,WP_003977034.1,WP_193382219.1	9	9
Strep_C9371	Strep_C9371A2	2	0.2222222222222222	WP_003978050.1	WP_010353677.1	WP_328835829.1,WP_086769415.1,WP_045560023.1	7	8
Strep_C9382	Strep_C9382A0	1	0.1111111111111111	WP_328838315.1	WP_328838315.1	WP_150471724.1,WP_003974865.1,WP_045563328.1	8	8
Strep_C9396	Strep_C9396A3	2	0.2222222222222222	WP_003976666.1	WP_003976666.1	WP_319760339.1,WP_086768182.1,WP_003947646.1	8	9
Strep_C9417	Strep_C9417A3	2	0.2222222222222222	WP_003973642.1	WP_328837022.1	WP_150472766.1,WP_003950863.1,WP_045558943.1	8	9
Strep_C9420	Strep_C9420A0	1	0.1111111111111111	WP_328839617.1	WP_150470677.1	WP_003947752.1,WP_016326071.1,WP_045562835.1	9	9
Strep_C9427	Strep_C9427A4	2	0.2222222222222222	WP_011030066.1	WP_003950647.1	WP_037694889.1,WP_365278758.1,WP_003950652.1	10	9
Strep_C9433	Strep_C9433A3	2	0.2222222222222222	WP_003973165.1	WP_003973165.1	WP_037700801.1,WP_086772084.1,WP_008406653.1	8	9
Strep_C9439	Strep_C9439A3	2	0.2222222222222222	WP_003972231.1	WP_045556824.1	WP_037704103.1,WP_086766775.1,WP_003952089.1	8	9
Strep_C944	Strep_C944A3	2	0.2222222222222222	WP_003975687.1	WP_010354888.1	WP_328838751.1,WP_369278526.1,WP_050777441.1	8	9
Strep_C9461	Strep_C9461A0	1	0.1111111111111111	WP_037701879.1	WP_037701879.1	WP_369277844.1,WP_003947228.1,WP_003977156.1	9	9
Strep_C9462	Strep_C9462A3	2	0.2222222222222222	WP_003976006.1	WP_107084506.1	WP_086771004.1,WP_003948200.1,WP_060884589.1	8	9
Strep_C9471	Strep_C9471A0	1	0.1111111111111111	WP_328837451.1	WP_328837451.1	WP_369279031.1,WP_015507715.1,WP_037666418.1	9	9
Strep_C9477	Strep_C9477A3	2	0.2222222222222222	WP_003972497.1	WP_369279700.1	WP_328836284.1,WP_003951906.1,WP_093790109.1	8	9
Strep_C9493	Strep_C9493A0	1	0.1111111111111111	WP_328840828.1	WP_010352980.1	WP_365273172.1,WP_016325628.1,WP_093790599.1	8	8
Strep_C9497	Strep_C9497A0	1	0.1111111111111111	WP_328836799.1	WP_010358656.1	WP_369279402.1,WP_003973339.1,WP_045561410.1	8	8
Strep_C950	Strep_C950A3	2	0.2222222222222222	WP_003972923.1	WP_003951564.1	WP_328836598.1,WP_150473187.1,WP_045559964.1	8	9
Strep_C9503	Strep_C9503A2	2	0.2222222222222222	WP_003976020.1	WP_328839038.1	WP_369278339.1,WP_045557702.1,WP_013003390.1	7	8
Strep_C9515	Strep_C9515A3	2	0.2222222222222222	WP_045561535.1	WP_369280009.1	WP_328835952.1,WP_016325522.1,WP_011027417.1	7	8
Strep_C9521	Strep_C9521A0	1	0.1111111111111111	WP_046707269.1	WP_003950764.1	WP_086766023.1,WP_003973746.1,WP_078853594.1	9	9
Strep_C9526	Strep_C9526A4	2	0.2222222222222222	WP_045559081.1	WP_003973800.1	WP_328837132.1,WP_086772370.1,WP_008409892.1	8	9
Strep_C9549	Strep_C9549A2	2	0.2222222222222222	WP_003972694.1	WP_328836581.1	WP_190046988.1,WP_237313117.1,WP_012999931.1	7	8
Strep_C9550	Strep_C9550A0	1	0.1111111111111111	WP_328839599.1	WP_328839599.1	WP_150470697.1,WP_003947769.1,WP_003976531.1	9	9
Strep_C9561	Strep_C9561A3	2	0.2222222222222222	WP_003972410.1	WP_369279833.1	WP_328836208.1,WP_003951961.1,WP_237312973.1	8	9
Strep_C9564	Strep_C9564A0	1	0.1111111111111111	WP_328838343.1	WP_003949125.1	WP_150471697.1,WP_003974828.1,WP_045555906.1	9	9
Strep_C9569	Strep_C9569A0	1	0.1111111111111111	WP_037702742.1	WP_255249505.1	WP_150472042.1,WP_003975289.1,WP_045558165.1	9	9
Strep_C9570	Strep_C9570A0	1	0.1111111111111111	WP_046707424.1	WP_003975916.1	WP_150471236.1,WP_008405025.1,WP_045560644.1	9	9
Strep_C9580	Strep_C9580A0	1	0.1111111111111111	WP_328835990.1	WP_012999042.1	WP_369279990.1,WP_003977942.1,WP_093788597.1	8	8
Strep_C960	Strep_C960A3	2	0.2222222222222222	WP_003976814.1	WP_328839792.1	WP_369277991.1,WP_003947502.1,WP_045555226.1	8	9
Strep_C9610	Strep_C9610A2	2	0.2222222222222222	WP_003976047.1	WP_369278320.1	WP_328839089.1,WP_045557784.1,WP_037729564.1	7	8
Strep_C9618	Strep_C9618A3	2	0.2222222222222222	WP_003972411.1	WP_003951960.1	WP_045556657.1,WP_328836209.1,WP_150473551.1	7	9
Strep_C9623	Strep_C9623A0	1	0.1111111111111111	WP_328839596.1	WP_003976528.1	WP_328736650.1,WP_003947772.1,WP_045562811.1	9	9
Strep_C9624	Strep_C9624A0	1	0.1111111111111111	WP_328840000.1	WP_003977035.1	WP_086767657.1,WP_045556935.1,WP_011027977.1	8	8
Strep_C9641	Strep_C9641A0	1	0.1111111111111111	WP_046708325.1	WP_046708325.1	WP_150472897.1,WP_003951041.1,WP_003973474.1	9	9
Strep_C9648	Strep_C9648A3	2	0.2222222222222222	WP_003974028.1	WP_328837276.1	WP_369279122.1,WP_015507807.1,WP_060883507.1	8	9
Strep_C9677	Strep_C9677A0	1	0.1111111111111111	WP_037693473.1	WP_003976679.1	WP_150470592.1,WP_003947631.1,WP_045555361.1	9	9
Strep_C9721	Strep_C9721A0	1	0.1111111111111111	WP_328840651.1	WP_369278792.1	WP_328840787.1,WP_275875037.1,WP_010350679.1	12	9
Strep_C9748	Strep_C9748A2	2	0.2222222222222222	WP_003976404.1	WP_013003958.1	WP_037704427.1,WP_369278153.1,WP_045557893.1	7	8
Strep_C9759	Strep_C9759A3	2	0.2222222222222222	WP_003975499.1	WP_010351506.1	WP_328837605.1,WP_150472211.1,WP_003948857.1	8	9
Strep_C977	Strep_C977A4	2	0.2222222222222222	WP_003976632.1	WP_150470616.1	WP_328839667.1,WP_003947678.1,WP_003972019.1	10	9
Strep_C9786	Strep_C9786A4	2	0.2222222222222222	WP_045555627.1	WP_015507836.1	WP_328841091.1,WP_073499368.1,WP_016328015.1	8	9
Strep_C9792	Strep_C9792A0	1	0.1111111111111111	WP_328837800.1	WP_167541047.1	WP_167396187.1,WP_078853475.1,WP_166680919.1	8	8
Strep_C9811	Strep_C9811A0	2	0.2222222222222222	WP_005480703.1	WP_005480703.1	WP_003973930.1,WP_045559156.1,WP_086764679.1	6	9
Strep_C9821	Strep_C9821A3	2	0.2222222222222222	WP_003975685.1	WP_328838750.1	WP_150471393.1,WP_003950284.1,WP_237309784.1	8	9
Strep_C9834	Strep_C9834A4	2	0.2222222222222222	WP_045558914.1	WP_008409336.1	WP_037695427.1,WP_086773030.1,WP_003973606.1	8	9
Strep_C9842	Strep_C9842A0	1	0.1111111111111111	WP_328839875.1	WP_045560926.1	WP_369277948.1,WP_008406087.1,WP_381765410.1	9	9
Strep_C9859	Strep_C9859A0	2	0.2222222222222222	WP_033530670.1	WP_033530670.1	WP_003975028.1,WP_086767023.1,WP_003949397.1	7	9
Strep_C9861	Strep_C9861A3	2	0.2222222222222222	WP_003976418.1	WP_319760774.1	WP_045557917.1,WP_150470785.1,WP_003947867.1	7	9
Strep_C9869	Strep_C9869A2	2	0.2222222222222222	WP_003978054.1	WP_086769419.1	WP_045560028.1,WP_328835826.1,WP_037726795.1	6	8
Strep_C987	Strep_C987A2	2	0.2222222222222222	WP_003975030.1	WP_369278777.1	WP_319124203.1,WP_177261926.1,WP_173402895.1	7	8
Strep_C9870	Strep_C9870A0	1	0.1111111111111111	WP_037693917.1	WP_150470646.1	WP_015507994.1,WP_003976605.1,WP_045555421.1	9	9
Strep_C9871	Strep_C9871A3	2	0.2222222222222222	WP_003972287.1	WP_150473650.1	WP_046704096.1,WP_003952019.1,WP_060882656.1	8	9
Strep_C9875	Strep_C9875A3	2	0.2222222222222222	WP_003976856.1	WP_369277966.1	WP_328839827.1,WP_026047966.1,WP_045555598.1	9	9
Strep_C9876	Strep_C9876A3	2	0.2222222222222222	WP_003972671.1	WP_369279619.1	WP_328836329.1,WP_003951790.1,WP_045556486.1	8	9
Strep_C9879	Strep_C9879A3	2	0.2222222222222222	WP_003975450.1	WP_003948898.1	WP_328837630.1,WP_150472180.1,WP_045562633.1	8	9
Strep_C9881	Strep_C9881A3	2	0.2222222222222222	WP_078653284.1	WP_008417138.1	WP_328839718.1,WP_150470556.1,WP_045555319.1	8	9
Strep_C9890	Strep_C9890A2	2	0.2222222222222222	WP_003976555.1	WP_003976555.1	WP_037704631.1,WP_150470680.1,WP_196789806.1	7	8
Strep_C9891	Strep_C9891A3	2	0.2222222222222222	WP_003976782.1	WP_003976782.1	WP_328839753.1,WP_369278013.1,WP_003947533.1	8	9
Strep_C9902	Strep_C9902A2	2	0.2222222222222222	WP_003976680.1	WP_237310608.1	WP_328839688.1,WP_150470591.1,WP_013004298.1	7	8
Strep_C9908	Strep_C9908A4	2	0.2222222222222222	WP_003977244.1	WP_013004942.1	WP_037703604.1,WP_328840169.1,WP_369277804.1	9	9
Strep_C9923	Strep_C9923A3	2	0.2222222222222222	WP_003976696.1	WP_037693435.1	WP_045555344.1,WP_328835157.1,WP_369278032.1	8	8
Strep_C9926	Strep_C9926A0	1	0.1111111111111111	WP_319764901.1	WP_319764901.1	WP_150473713.1,WP_003972199.1,WP_045556840.1	8	8
Strep_C9934	Strep_C9934A0	1	0.1111111111111111	WP_373420824.1	WP_373420824.1	WP_369278804.1,WP_003949310.1,WP_003975119.1	9	9
Strep_C9942	Strep_C9942A0	1	0.1111111111111111	WP_327345751.1	WP_003948068.1	WP_150471026.1,WP_003976161.1,WP_045557571.1	9	9
Strep_C9944	Strep_C9944A0	1	0.1111111111111111	WP_328836625.1	WP_003951527.1	WP_369279490.1,WP_003973045.1,WP_045562059.1	9	9
Strep_C9978	Strep_C9978A6	2	0.2222222222222222	WP_003973572.1	WP_319769892.1	WP_003977617.1,WP_045562348.1,WP_328840420.1	15	9
Strep_C9992	Strep_C9992A3	2	0.2222222222222222	WP_003973920.1	WP_086764661.1	WP_107073744.1,WP_319763622.1,WP_003948231.1	7	9
