TermID	Name	Value	LogSize	Frequency	Uniqueness	Dispensability	Representative
"GO:0000030"	"mannosyltransferase activity"	20	4.90023053658681	0.17347101790494446	0.8713903989470547	0.66691064	null
"GO:0000034"	"adenine deaminase activity"	9	3.8596785766284483	0.015798666577698215	0.8939542998921799	0.67193135	null
"GO:0000035"	"acyl binding"	26	4.1702617153949575	0.03230235792806796	0.9907333308256313	0.09002279	null
"GO:0000036"	"acyl carrier activity"	63	4.310332135002271	0.0445977280347513	0.9720634997169743	0.03972846	null
"GO:0005344"	"oxygen carrier activity"	48	4.349898891403912	0.04885188680235753	0.9693594235496261	0.74577156	36
"GO:0016530"	"metallochaperone activity"	22	4.464415022426169	0.06359192485143131	0.9962000677388496	0.76342988	36
"GO:0032977"	"membrane insertase activity"	19	4.2424668862353405	0.03814555085822796	0.9676829757243869	0.73393511	36
"GO:0097163"	"sulfur carrier activity"	5	3.937116510767054	0.018882877115731868	0.9964278972540147	0.70225482	36
"GO:0140663"	"ATP-dependent FeS chaperone activity"	2	4.230039981157942	0.03706946041572932	0.9800169120091814	0.73259015	36
"GO:0000049"	"tRNA binding"	73	5.5256821686263855	0.7322893684468847	0.9819057706190075	0.55878171	null
"GO:0000104"	"succinate dehydrogenase activity"	4	4.396582891683383	0.054396044457421557	0.8678408197041405	0.69125205	null
"GO:0000107"	"imidazoleglycerol-phosphate synthase activity"	6	4.29525913648168	0.04307635878846011	0.8815407507510701	0.68066898	null
"GO:0000150"	"DNA strand exchange activity"	267	4.56908115970042	0.08092287437159211	0.9044495903138376	0.52711612	null
"GO:0000156"	"phosphorelay response regulator activity"	325	5.21988303380143	0.36214481457662945	0.9885402666828926	0.1876236	null
"GO:0000179"	"rRNA (adenine-N6,N6-)-dimethyltransferase activity"	30	4.263399331334003	0.04002925481740917	0.8282664753346686	0.63939058	null
"GO:0008649"	"rRNA methyltransferase activity"	2	5.143002302391336	0.3033898398683564	0.8060067701703627	0.84379224	179
"GO:0052908"	"16S rRNA (adenine(1518)-N(6)/adenine(1519)-N(6))-dimethyltransferase activity"	3	3.882695262381597	0.016658665836003426	0.8367848208239649	0.85833696	179
"GO:0070040"	"rRNA (adenine(2503)-C2-)-methyltransferase activity"	1	3.9409644934927996	0.01905094803677121	0.8353991010560875	0.86536461	179
"GO:0070677"	"rRNA (cytosine-2'-O-)-methyltransferase activity"	2	3.9340942683554805	0.01875191276167524	0.8357376444434979	0.89143952	179
"GO:0071424"	"rRNA (cytosine-N4-)-methyltransferase activity"	2	4.038302172199525	0.02383769517754106	0.8336136400167578	0.71516567	179
"GO:0000215"	"tRNA 2'-phosphotransferase activity"	5	3.6262376851469003	0.009228621482523909	0.8454242230287345	0.43991179	null
"GO:0000224"	"peptide-N4-(N-acetyl-beta-glucosaminyl)asparagine amidase activity"	30	4.073645045513152	0.02585891170848173	0.8923470848064525	0.61024324	null
"GO:0000257"	"nitrilase activity"	10	3.7535830588929064	0.012373948719117322	0.8994314219218675	0.48281302	null
"GO:0000286"	"alanine dehydrogenase activity"	10	3.905202028662319	0.017544857965119957	0.880440360459239	0.68702748	null
"GO:0000287"	"magnesium ion binding"	1227	5.90029337427456	1.734980838714495	0.9836455173269075	0.3313639	null
"GO:0000334"	"3-hydroxyanthranilate 3,4-dioxygenase activity"	3	3.490379920003179	0.006749029712385035	0.8798239007525431	0.66498769	null
"GO:0000403"	"Y-form DNA binding"	2	3.2043913319193	0.003492382774843485	0.9885974861412962	0.26941987	null
"GO:0000400"	"four-way junction DNA binding"	2	4.478436620683433	0.06567862355940028	0.9862438718062282	0.79708188	403
"GO:0000721"	"(R,R)-butanediol dehydrogenase activity"	2	3.3267453795653217	0.004629589915901894	0.8780196581359627	0.54769319	null
"GO:0000774"	"adenyl-nucleotide exchange factor activity"	29	4.376047452041466	0.05188371159876853	0.9925747987545396	0.4474225	null
"GO:0000906"	"6,7-dimethyl-8-ribityllumazine synthase activity"	1	4.0317315399458264	0.023479725943119607	0.8892581558773645	0.6402775	null
"GO:0000908"	"taurine dioxygenase activity"	15	3.308350948586726	0.004437508863285503	0.8755591413938602	0.51071012	null
"GO:0000976"	"transcription cis-regulatory region binding"	3743	6.153311705691067	3.1067997063691872	0.980699038006106	-0	null
"GO:0001000"	"bacterial-type RNA polymerase core enzyme binding"	4	3.52270499273475	0.007270704389377281	0.9864658079408093	0.50292119	null
"GO:0000993"	"RNA polymerase II complex binding"	1	4.528479616133823	0.07370019024536892	0.9842871872203297	0.82752204	1000
"GO:0001072"	"transcription antitermination factor activity, RNA binding"	1	3.137986732723532	0.0029969009686625653	0.9959264180200936	0.46817555	null
"GO:0001965"	"G-protein alpha-subunit binding"	3	3.9596613702734955	0.01988911990273365	0.9871639976211994	0.35258235	null
"GO:0002020"	"protease binding"	8	4.249687427805301	0.038785093453871176	0.9852886836701669	0.55901494	null
"GO:0002055"	"adenine binding"	3	3.8698768132667665	0.016174097725993892	0.9871378504148178	0.18733502	null
"GO:0002161"	"aminoacyl-tRNA editing activity"	61	4.970895210319613	0.20412322497189886	0.8206974095456038	0.66499004	null
"GO:0016298"	"lipase activity"	36	5.4497282587588876	0.6147925154657442	0.861443987075299	0.76959955	2161
"GO:0051500"	"D-tyrosyl-tRNA(Tyr) deacylase activity"	3	4.006637159068586	0.02216135144561619	0.8439151106028951	0.82965053	2161
"GO:0106026"	"Gly-tRNA(Ala) hydrolase activity"	2	3.8327643049405316	0.014849175010787643	0.8474723928849817	0.80751763	2161
"GO:0002953"	"5'-deoxynucleotidase activity"	10	3.783832143384441	0.013266689065936688	0.8930646558559454	0.58127974	null
"GO:0003676"	"nucleic acid binding"	865	6.972410120534942	20.48386614107179	0.984140431093722	0.22650248	null
"GO:0003677"	"DNA binding"	14780	6.746203426753578	12.1676078310834	0.9798685121848191	0.45204771	null
"GO:0003682"	"chromatin binding"	1	5.459184338446896	0.6283254987182627	0.9934133976309101	0.05203279	null
"GO:0003684"	"damaged DNA binding"	57	5.176941643135783	0.32805042773721993	0.985039250858525	0.40257377	null
"GO:0003688"	"DNA replication origin binding"	9	4.621238616222225	0.09124941368895743	0.985843837174969	0.63393277	null
"GO:0003690"	"double-stranded DNA binding"	45	6.215539485865457	3.5854285829222525	0.9811955239854747	0.57288986	null
"GO:0003697"	"single-stranded DNA binding"	73	5.256763433469915	0.39424199501667534	0.9848013996988341	0.41078824	null
"GO:0003700"	"DNA-binding transcription factor activity"	9298	6.435402523670657	5.948455529733023	0.9939901174082555	0.60324022	null
"GO:0003723"	"RNA binding"	618	6.443305554056935	6.057692897451659	0.9814947062277026	0.51352104	null
"GO:0003725"	"double-stranded RNA binding"	26	4.785073454409892	0.1330663319392396	0.9842918157268395	0.47318845	null
"GO:0003727"	"single-stranded RNA binding"	16	4.881778253908564	0.1662548819964241	0.9840169846124293	0.48284602	null
"GO:0003729"	"mRNA binding"	41	5.701257910733925	1.0971320487170808	0.9812288198259963	0.58381718	null
"GO:0003730"	"mRNA 3'-UTR binding"	4	4.7022323012677125	0.10995767166594712	0.9840709389944563	0.56139318	null
"GO:0003735"	"structural constituent of ribosome"	166	5.987618454157255	2.1213867998801152	0.9980956879000099	-0	null
"GO:0003743"	"translation initiation factor activity"	69	5.238440052916517	0.37795439485049903	0.9634506673155289	0.30633793	null
"GO:0003746"	"translation elongation factor activity"	48	5.118139017186992	0.28650853463045667	0.9645539131398564	0.8450428	3743
"GO:0003747"	"translation release factor activity"	1	4.669660832034381	0.1020125008531782	0.96322628302681	0.96583563	3743
"GO:0016149"	"translation release factor activity, codon specific"	2	4.465308479587306	0.06372288920548794	0.9643914201856554	0.74684887	3743
"GO:0003755"	"peptidyl-prolyl cis-trans isomerase activity"	67	5.175424829790322	0.3269066723784587	0.8885802705922097	0.39264613	null
"GO:0003810"	"protein-glutamine gamma-glutamyltransferase activity"	4	3.8972421028053654	0.01722617803691549	0.8739336658494865	0.51393814	null
"GO:0003824"	"catalytic activity"	1963	7.442996037341388	60.53379149902957	1	-0	null
"GO:0003825"	"alpha,alpha-trehalose-phosphate synthase (UDP-forming) activity"	15	3.4872798164430687	0.006701009449230937	0.892425299842791	0.51265219	null
"GO:0003841"	"1-acylglycerol-3-phosphate O-acyltransferase activity"	72	4.503600041761465	0.06959664048492782	0.8726860858690905	0.57195568	null
"GO:0004144"	"diacylglycerol O-acyltransferase activity"	61	4.231749854398692	0.03721570394442589	0.8778350879987639	0.90076266	3841
"GO:0004414"	"homoserine O-acetyltransferase activity"	11	4.0296678026753225	0.023368406242171468	0.8777815581610113	0.71447457	3841
"GO:0008811"	"chloramphenicol O-acetyltransferase activity"	2	3.1711411510283822	0.003234819545198778	0.8902510578319724	0.71692322	3841
"GO:0008870"	"galactoside O-acetyltransferase activity"	4	3.368286884902131	0.005094513372802934	0.8876194214571445	0.73476903	3841
"GO:0009001"	"serine O-acetyltransferase activity"	10	4.108463541203595	0.028017640811181858	0.8764924673250827	0.81048943	3841
"GO:0016413"	"O-acetyltransferase activity"	8	4.7462059197957	0.12167461587554702	0.8656502550369108	0.79878844	3841
"GO:0042171"	"lysophosphatidic acid acyltransferase activity"	1	4.57923466734815	0.08283713668005319	0.8742710517694986	0.97736544	3841
"GO:0003844"	"1,4-alpha-glucan branching enzyme activity"	11	4.0876749600367575	0.02670799727061555	0.8854230055788738	0.56853575	null
"GO:0003847"	"1-alkyl-2-acetylglycerophosphocholine esterase activity"	87	3.9140256516963285	0.017905009938775692	0.8899190159535183	0.56054582	null
"GO:0003849"	"3-deoxy-7-phosphoheptulonate synthase activity"	67	4.1882251727052795	0.033666569949491194	0.8869056747988089	0.65676312	null
"GO:0003852"	"2-isopropylmalate synthase activity"	38	4.271795155444749	0.0408106754632804	0.8815102116078269	0.54558356	null
"GO:0004108"	"citrate (Si)-synthase activity"	22	4.297935506359647	0.043342652975041925	0.8810823476315611	0.84967796	3852
"GO:0004410"	"homocitrate synthase activity"	1	3.353531559077762	0.0049242597125293145	0.8947935723386863	0.74540407	3852
"GO:0004421"	"hydroxymethylglutaryl-CoA synthase activity"	12	3.704750904290671	0.011057756960848184	0.8900831051095699	0.78105552	3852
"GO:0004474"	"malate synthase activity"	11	3.8981764834976764	0.017263284603898203	0.8873028967738453	0.8021822	3852
"GO:0036440"	"citrate synthase activity"	1	4.301832698184397	0.04373336329797754	0.8810182913320759	0.85347482	3852
"GO:0003855"	"3-dehydroquinate dehydratase activity"	11	4.164501561309568	0.03187672377738391	0.8929599905891589	0.60560617	null
"GO:0003857"	"3-hydroxyacyl-CoA dehydrogenase activity"	14	4.295017011881458	0.04305234865688306	0.8623297590516741	0.65106029	null
"GO:0003858"	"3-hydroxybutyrate dehydrogenase activity"	1	3.736157375273132	0.011887197869873512	0.8718481765811431	0.58711127	null
"GO:0003861"	"3-isopropylmalate dehydratase activity"	22	4.314141203260571	0.044990621096921195	0.8907893186756342	0.61969899	null
"GO:0003862"	"3-isopropylmalate dehydrogenase activity"	4	4.027512692448811	0.02325272106275478	0.8670580054682127	0.61879935	null
"GO:0003866"	"3-phosphoshikimate 1-carboxyvinyltransferase activity"	23	4.085540306036948	0.026577032916558923	0.8884605051455775	0.6458518	null
"GO:0003870"	"5-aminolevulinate synthase activity"	8	3.672005445022952	0.010254508922634183	0.8853760908608062	0.64843397	null
"GO:0004149"	"dihydrolipoyllysine-residue succinyltransferase activity"	5	4.039057018033444	0.02387916722299233	0.866865195970028	0.84818066	3870
"GO:0008666"	"2,3,4,5-tetrahydropyridine-2,6-dicarboxylate N-succinyltransferase activity"	2	3.744762237065578	0.012125116446409723	0.8843117244895012	0.90675189	3870
"GO:0008899"	"homoserine O-succinyltransferase activity"	4	3.601842789782098	0.008724408719405882	0.8860865942702674	0.80209728	3870
"GO:0160210"	"L-serine O-succinyltransferase activity"	2	3.617629297757842	0.009047454126078904	0.8858611908751637	0.99796093	3870
"GO:0003879"	"ATP phosphoribosyltransferase activity"	2	4.017909395896689	0.022744142821168194	0.8859073935470922	0.61886239	null
"GO:0003883"	"CTP synthase activity"	7	4.155153777765149	0.031197891875523708	0.916725107349934	0.56610052	null
"GO:0003885"	"D-arabinono-1,4-lactone oxidase activity"	19	3.916137983107175	0.017992319508146778	0.8684300653147607	0.60629076	null
"GO:0003973"	"(S)-2-hydroxy-acid oxidase activity"	1	3.3279716236230104	0.004642686351307558	0.8774971026315922	0.86672878	3885
"GO:0016995"	"cholesterol oxidase activity"	2	2.576341350205793	0.000820709952088219	0.8874112042469088	0.79286366	3885
"GO:0046577"	"long-chain-alcohol oxidase activity"	1	3.271609301378832	0.004077356889629769	0.8783005295038163	0.8607204	3885
"GO:0050233"	"pyranose oxidase activity"	1	2.1789769472931693	0.0003274108851415767	0.8920405361111304	0.7585803	3885
"GO:0003886"	"DNA (cytosine-5-)-methyltransferase activity"	110	4.2212055176740035	0.03632296359760652	0.8390096831642988	0.60328579	null
"GO:0009007"	"site-specific DNA-methyltransferase (adenine-specific) activity"	97	4.411181824182253	0.05625573828502571	0.8347141787825538	0.89934837	3886
"GO:0015667"	"site-specific DNA-methyltransferase (cytosine-N4-specific) activity"	12	3.4578818967339924	0.006262278863141225	0.8542173478257162	0.78715943	3886
"GO:0003887"	"DNA-directed DNA polymerase activity"	115	5.170000473264351	0.3228489601419374	0.8045037695430477	0.5885842	null
"GO:0003964"	"RNA-directed DNA polymerase activity"	36	4.757889265054904	0.12499237951164834	0.8164446465867136	0.86874186	3887
"GO:0003899"	"DNA-directed 5'-3' RNA polymerase activity"	20	5.102526317851885	0.27639153827958196	0.8072314840675244	0.6834143	null
"GO:0003904"	"deoxyribodipyrimidine photo-lyase activity"	7	4.18409493089584	0.03334789002128673	0.8490589509887628	0.68787024	null
"GO:0003906"	"DNA-(apurinic or apyrimidinic site) endonuclease activity"	4	4.6839651135875595	0.10542848775482198	0.9075244022743104	0.53785486	null
"GO:0003908"	"methylated-DNA-[protein]-cysteine S-methyltransferase activity"	51	4.204011395461484	0.03491291405226347	0.8634491617687466	0.67699883	null
"GO:0003871"	"5-methyltetrahydropteroyltriglutamate-homocysteine S-methyltransferase activity"	8	4.103906298088718	0.027725153753788714	0.8815326226208892	0.84052288	3908
"GO:0008705"	"methionine synthase activity"	21	4.181386195083218	0.03314052979403039	0.870505633659247	0.84991189	3908
"GO:0008898"	"S-adenosylmethionine-homocysteine S-methyltransferase activity"	12	3.5689054149828787	0.008087048862996946	0.8865500150808481	0.78094719	3908
"GO:0016279"	"protein-lysine N-methyltransferase activity"	1	4.845897646148486	0.15307113702138994	0.8474769589203934	0.82681897	3908
"GO:0042054"	"histone methyltransferase activity"	9	4.804670896177203	0.1392085601444956	0.8468076845837601	0.74275247	3908
"GO:0042799"	"histone H4K20 methyltransferase activity"	1	3.7758288144646124	0.013024405010931921	0.8637567984405383	0.83899665	3908
"GO:0003910"	"DNA ligase (ATP) activity"	73	4.334956116136852	0.0471995532020097	0.8807811517098122	0.50650663	null
"GO:0003909"	"DNA ligase activity"	3	4.556181846652911	0.07855460230240136	0.8769470752451881	0.93692375	3910
"GO:0003911"	"DNA ligase (NAD+) activity"	15	4.01573687447745	0.02263064038098578	0.8859389939699917	0.89003782	3910
"GO:0003972"	"RNA ligase (ATP) activity"	2	3.750354088762708	0.012282273671277683	0.8917413111055165	0.95165893	3910
"GO:0170057"	"RNA ligase (GTP) activity"	6	3.7288405683399715	0.011688568599554288	0.8920443533530956	0.83011909	3910
"GO:0003913"	"DNA photolyase activity"	1	4.2405492482825995	0.03797747993718862	0.8479025543024199	0.69472404	null
"GO:0003916"	"DNA topoisomerase activity"	3	4.861779267181942	0.15877245190132194	0.8686451544823853	0.59699318	null
"GO:0003918"	"DNA topoisomerase type II (double strand cut, ATP-hydrolyzing) activity"	19	4.651956069533075	0.09793732670278271	0.8594032769480399	0.68974574	null
"GO:0003917"	"DNA topoisomerase type I (single strand cut, ATP-independent) activity"	8	4.418616123556817	0.05722705724427906	0.8762070398133701	0.89412226	3918
"GO:0034335"	"DNA negative supercoiling activity"	5	4.144356227368183	0.030431750404292416	0.8691640293439529	0.85654254	3918
"GO:0003934"	"GTP cyclohydrolase I activity"	19	4.164709663539879	0.03189200295202385	0.8901042805168962	0.51275862	null
"GO:0003935"	"GTP cyclohydrolase II activity"	18	4.202106711390236	0.03476012230586406	0.8895409273981254	0.91161348	3934
"GO:0003937"	"IMP cyclohydrolase activity"	4	4.111128036345124	0.028190077210689755	0.8910018541643098	0.79652611	3934
"GO:0004000"	"adenosine deaminase activity"	16	4.353973902321006	0.049312444780790006	0.8866079819117803	0.72075426	3934
"GO:0004126"	"cytidine deaminase activity"	15	4.106836587366795	0.027912869327936553	0.8904051246403978	0.73390242	3934
"GO:0004477"	"methenyltetrahydrofolate cyclohydrolase activity"	10	4.2150027072149525	0.03580783713831711	0.8894456713702742	0.80844494	3934
"GO:0004635"	"phosphoribosyl-AMP cyclohydrolase activity"	3	4.006166425485431	0.02213734131403914	0.8925300692037392	0.78483408	3934
"GO:0008251"	"tRNA-specific adenosine deaminase activity"	2	4.297191289031988	0.0432684398410765	0.888550606608525	0.7548458	3934
"GO:0046936"	"2'-deoxyadenosine deaminase activity"	4	4.045518562884493	0.024237136457413787	0.8913078283229985	0.72740118	3934
"GO:0052717"	"tRNA-specific adenosine-34 deaminase activity"	10	4.125416197982755	0.0291330205598975	0.8911514758613989	0.73589531	3934
"GO:0003938"	"IMP dehydrogenase activity"	10	4.232258962342701	0.03725935872911143	0.8634693163842664	0.64319344	null
"GO:0003941"	"L-serine ammonia-lyase activity"	60	4.5679903942616775	0.08071987962280432	0.8905783937357366	0.46850175	null
"GO:0003839"	"gamma-glutamylcyclotransferase activity"	3	4.036948112195279	0.02376348204357564	0.898021289030192	0.84075484	3941
"GO:0004018"	"N6-(1,2-dicarboxyethyl)AMP AMP-lyase (fumarate-forming) activity"	9	4.101059354908116	0.02754398639734371	0.8971610619116005	0.84831743	3941
"GO:0004056"	"argininosuccinate lyase activity"	16	4.092966137594365	0.02703540815575713	0.8972704567977375	0.75965661	3941
"GO:0004397"	"histidine ammonia-lyase activity"	3	3.833083334178343	0.014860088706959028	0.9008062045567584	0.80896709	3941
"GO:0004794"	"threonine deaminase activity"	52	4.3718064585074154	0.051379498835650496	0.893510384157455	0.87725764	3941
"GO:0008473"	"ornithine cyclodeaminase activity"	4	3.03342375548695	0.0023551756337850754	0.9099582372733088	0.72514732	3941
"GO:0008721"	"D-serine ammonia-lyase activity"	13	3.9511917579347062	0.019504957797500864	0.899293900667015	0.82301382	3941
"GO:0008797"	"aspartate ammonia-lyase activity"	8	3.567731962548069	0.008065221470654173	0.9040430488457722	0.77909068	3941
"GO:0008838"	"diaminopropionate ammonia-lyase activity"	2	2.9777236052888476	0.002071419533329042	0.9105332195649342	0.7199484	3941
"GO:0008851"	"ethanolamine ammonia-lyase activity"	3	3.5358002908248976	0.007493343791273553	0.9044183334556235	0.77564326	3941
"GO:0016841"	"ammonia-lyase activity"	39	4.857169605456588	0.15709610816939706	0.8866131278166692	0.85810814	3941
"GO:0036381"	"pyridoxal 5'-phosphate synthase (glutamine hydrolysing) activity"	3	3.8745977687032	0.01635089960397034	0.900876997740081	0.73554107	3941
"GO:0044689"	"7,8-didemethyl-8-hydroxy-5-deazariboflavin synthase activity"	9	3.8000981801747757	0.013773084568288995	0.9012204473157662	0.8051293	3941
"GO:0050385"	"ureidoglycolate lyase activity"	2	3.6072405038317426	0.00883354568111974	0.9034341407667525	0.79334751	3941
"GO:0061929"	"gamma-glutamylaminecyclotransferase activity"	1	3.3418300569205104	0.004793295358472683	0.9064987889379045	0.76664244	3941
"GO:0070626"	"(S)-2-(5-amino-1-(5-phospho-D-ribosyl)imidazole-4-carboxamido) succinate lyase (fumarate-forming) activity"	9	4.067368470915269	0.02548784603865461	0.8976149245907021	0.84432637	3941
"GO:0003950"	"NAD+-protein poly-ADP-ribosyltransferase activity"	10	4.466882442438441	0.06395425956432133	0.8626957151080318	0.65993063	null
"GO:0106274"	"NAD+-protein-arginine ADP-ribosyltransferase activity"	3	3.846708145456007	0.015333743120797175	0.8738200742058485	0.89636169	3950
"GO:0003951"	"NAD+ kinase activity"	14	4.2646997921671455	0.04014930547529442	0.8763346251364262	0.49447231	null
"GO:0003957"	"NAD(P)+ transhydrogenase (Si-specific) activity"	1	2.979092900638326	0.002077967751031874	0.896440826425946	0.50503202	null
"GO:0003958"	"NADPH-hemoprotein reductase activity"	10	3.902872785446079	0.017451000178046037	0.8842333612023624	0.58707513	null
"GO:0003959"	"NADPH dehydrogenase activity"	22	4.1469338345627635	0.03061291776073742	0.8805078125654395	0.58601752	null
"GO:0003961"	"O-acetylhomoserine aminocarboxypropyltransferase activity"	4	3.3604040547299387	0.005002838324963292	0.8895118120038522	0.57802673	null
"GO:0003962"	"cystathionine gamma-synthase activity"	4	4.041629508475138	0.024021045273220347	0.8891122957844173	0.64129565	null
"GO:0003976"	"UDP-N-acetylglucosamine-lysosomal-enzyme N-acetylglucosaminephosphotransferase activity"	1	3.153204900084284	0.0031038551911421477	0.8923935923882514	0.63371497	null
"GO:0003979"	"UDP-glucose 6-dehydrogenase activity"	18	4.153967221645479	0.031112765045386896	0.8648644680464933	0.63364189	null
"GO:0003984"	"acetolactate synthase activity"	102	4.60522960382277	0.08794692922749607	0.8926721155344821	0.22863866	null
"GO:0004801"	"transaldolase activity"	20	4.127137207191501	0.029248705739314186	0.8996138929258414	0.82825626	3984
"GO:0004802"	"transketolase activity"	12	4.196756331057987	0.03433448815518001	0.8986598919487305	0.83710074	3984
"GO:0008661"	"1-deoxy-D-xylulose-5-phosphate synthase activity"	26	4.0457140589408676	0.024248050153585173	0.9007069245898078	0.81814627	3984
"GO:0070204"	"2-succinyl-5-enolpyruvyl-6-hydroxy-3-cyclohexene-1-carboxylic-acid synthase activity"	2	3.5583485087616196	0.007892785071146276	0.906778925632194	0.7624363	3984
"GO:0003989"	"acetyl-CoA carboxylase activity"	149	4.595782717574159	0.08605449431137775	0.9171728997475469	0.52129578	null
"GO:0004485"	"methylcrotonoyl-CoA carboxylase activity"	3	4.11414374967188	0.028386523741774704	0.922617814670805	0.86314556	3989
"GO:0004658"	"propionyl-CoA carboxylase activity"	120	4.222872477069839	0.036462658908600266	0.9214522299360473	0.87757731	3989
"GO:0004736"	"pyruvate carboxylase activity"	2	3.8552768038300917	0.01563932661359598	0.9252848217405433	0.81686484	3989
"GO:0003990"	"acetylcholinesterase activity"	7	3.5313511645830595	0.007416947918073852	0.8952633980576843	0.53037905	null
"GO:0003993"	"acid phosphatase activity"	32	4.514853112350159	0.07142359322401783	0.8816710614255789	0.66737087	null
"GO:0003994"	"aconitate hydratase activity"	8	4.304942682402465	0.044047677747713454	0.890925307421847	0.6188138	null
"GO:0003995"	"acyl-CoA dehydrogenase activity"	579	5.033126081349337	0.23557213185936443	0.8545312401382509	0.37720234	null
"GO:0004361"	"glutaryl-CoA dehydrogenase activity"	4	3.851380667965597	0.015499631302602242	0.8762052489122866	0.8137819	3995
"GO:0008470"	"3-methylbutanoyl-CoA dehydrogenase activity"	27	3.8524189929370016	0.015536737869584953	0.876189060507947	0.81391319	3995
"GO:0016628"	"oxidoreductase activity, acting on the CH-CH group of donors, NAD or NADP as acceptor"	94	5.171571425262405	0.32401890837151	0.8523015223184935	0.79594043	3995
"GO:0016634"	"oxidoreductase activity, acting on the CH-CH group of donors, oxygen as acceptor"	2	4.597464817157687	0.08638845341422216	0.8641389808099007	0.71565097	3995
"GO:0016937"	"short-chain fatty acyl-CoA dehydrogenase activity"	8	4.0269824431916055	0.023224345452709176	0.873405423148711	0.83660522	3995
"GO:0052890"	"oxidoreductase activity, acting on the CH-CH group of donors, with a flavin as acceptor"	3	5.035401718281839	0.2368097450051996	0.8552940061406188	0.79629454	3995
"GO:0070991"	"medium-chain fatty acyl-CoA dehydrogenase activity"	2	3.5543680009900878	0.00782075467641513	0.8806672612806831	0.77788498	3995
"GO:0003997"	"acyl-CoA oxidase activity"	43	4.019116290447073	0.022807442258962234	0.8732917705059607	0.6496333	null
"GO:0004109"	"coproporphyrinogen oxidase activity"	4	4.308649770181384	0.044425291635243405	0.8683941951692506	0.87525578	3997
"GO:0004729"	"oxygen-dependent protoporphyrinogen oxidase activity"	24	3.7662640906519957	0.012740648910475888	0.8769175579761995	0.81226128	3997
"GO:0033732"	"pyrroloquinoline-quinone synthase activity"	9	3.003029470553618	0.002195835669682841	0.8879156715055545	0.73753697	3997
"GO:0070819"	"menaquinone-dependent protoporphyrinogen oxidase activity"	14	3.1595671932336202	0.0031496927150619683	0.8858630250791146	0.86380283	3997
"GO:0003998"	"acylphosphatase activity"	18	4.007577098304338	0.022209371708770288	0.9146328271753065	0.46132561	null
"GO:0003999"	"adenine phosphoribosyltransferase activity"	6	4.058919260718885	0.024996729710942245	0.8847529581091459	0.62240041	null
"GO:0004422"	"hypoxanthine phosphoribosyltransferase activity"	1	4.109072080978879	0.028056930117398845	0.8839774861536764	0.90432678	3999
"GO:0052657"	"guanine phosphoribosyltransferase activity"	1	3.926342446625655	0.018420136398065105	0.8867535153087749	0.8818016	3999
"GO:0004001"	"adenosine kinase activity"	5	3.569490954348783	0.008097962559168332	0.871353270617014	0.66356423	null
"GO:0004797"	"thymidine kinase activity"	3	3.885191540606848	0.01675470636231162	0.868682575012931	0.82707088	4001
"GO:0004849"	"uridine kinase activity"	1	3.857151502687493	0.015706991529858574	0.8682081497171679	0.85846531	4001
"GO:0019136"	"deoxynucleoside kinase activity"	2	4.163638359628923	0.03181342433958987	0.8637348738204612	0.8946437	4001
"GO:0004013"	"adenosylhomocysteinase activity"	12	4.053385799817482	0.024680232521972052	0.9188355706813796	0.20410054	null
"GO:0004014"	"adenosylmethionine decarboxylase activity"	5	3.881213416255019	0.01660191461591222	0.8953361764786948	0.65329098	null
"GO:0004016"	"adenylate cyclase activity"	513	4.768919154925101	0.1282075544037386	0.8905881073495969	0.0401419	null
"GO:0004383"	"guanylate cyclase activity"	1	4.2439305368042755	0.038274332473050315	0.8743759882904029	0.8772825	4016
"GO:0008685"	"2-C-methyl-D-erythritol 2,4-cyclodiphosphate synthase activity"	2	3.9287542021766533	0.018522725142076136	0.9042885362470785	0.79843589	4016
"GO:0009976"	"tocopherol cyclase activity"	1	3.0707764628434346	0.0025669013395099617	0.9638696189827959	0.73969944	4016
"GO:0046423"	"allene-oxide cyclase activity"	13	2.906335041805091	0.0017571050835931284	0.9288660754495968	0.72377706	4016
"GO:0051007"	"squalene-hopene cyclase activity"	1	2.670245853074124	0.0010193392224074423	0.9317331037652559	0.70206687	4016
"GO:0061799"	"cyclic pyranopterin monophosphate synthase activity"	9	4.25324105377265	0.03910377338207564	0.9001037602818814	0.83956429	4016
"GO:0004019"	"adenylosuccinate synthase activity"	4	4.1396902216529226	0.03010652225838512	0.9169014796801324	0.56482308	null
"GO:0004020"	"adenylylsulfate kinase activity"	9	4.072176344478966	0.02577160213911064	0.8795364456918293	0.47664711	null
"GO:0004035"	"alkaline phosphatase activity"	11	4.120541028862419	0.028807792413990195	0.8881056079604346	0.61800124	null
"GO:0004039"	"allophanate hydrolase activity"	3	2.8739015978644615	0.0016305062080050519	0.9073348929436208	0.51776827	null
"GO:0004040"	"amidase activity"	15	4.567590934950823	0.0806456664888389	0.8846497002902508	0.67947825	null
"GO:0004044"	"amidophosphoribosyltransferase activity"	2	4.117933835039642	0.028635356014482298	0.8843705605325082	0.6627525	null
"GO:0004045"	"aminoacyl-tRNA hydrolase activity"	8	4.405004665050369	0.055461221203748814	0.8419397395650559	0.60466611	null
"GO:0004046"	"aminoacylase activity"	1	3.5056925074122	0.006991313767389802	0.900007471523584	0.56268191	null
"GO:0004048"	"anthranilate phosphoribosyltransferase activity"	18	4.089127629044278	0.026797489579220915	0.8848174234917213	0.60074182	null
"GO:0004055"	"argininosuccinate synthase activity"	10	4.069075809766398	0.02558825204343136	0.9176974282607812	0.55906213	null
"GO:0004058"	"aromatic-L-amino-acid decarboxylase activity"	88	3.2889196056617265	0.004243245071434834	0.9026957392966908	0.5948078	null
"GO:0004060"	"arylamine N-acetyltransferase activity"	4	3.506505032404872	0.007004410202795464	0.8868901738838646	0.66678672	null
"GO:0004061"	"arylformamidase activity"	48	4.19228861256812	0.03398306713846139	0.890594569532896	0.62121102	null
"GO:0004062"	"aryl sulfotransferase activity"	1	3.5287881917748964	0.007373293133388308	0.9008289000995042	0.69140494	null
"GO:0004064"	"arylesterase activity"	1	3.475816413031318	0.006526390310488763	0.8959957684954878	0.52626839	null
"GO:0004065"	"arylsulfatase activity"	33	4.407458890457392	0.05577553565348474	0.8879579857635537	0.46159354	null
"GO:0004423"	"iduronate-2-sulfatase activity"	2	3.5375672571526753	0.007523902140553433	0.9003375720562635	0.81503414	4065
"GO:0008449"	"N-acetylglucosamine-6-sulfatase activity"	3	3.7702627381705933	0.012858516829126858	0.8973046351779419	0.84158616	4065
"GO:0015024"	"glucuronate-2-sulfatase activity"	1	3.073351702386901	0.002582180514149902	0.9058798526223608	0.76675963	4065
"GO:0018741"	"linear primary-alkylsulfatase activity"	22	3.2725377773752373	0.004086087846566878	0.9035794588161378	0.78675785	4065
"GO:0047753"	"choline-sulfatase activity"	1	3.1844074854123203	0.003335225549975528	0.9046110330001004	0.77778315	4065
"GO:0004066"	"asparagine synthase (glutamine-hydrolyzing) activity"	164	4.329153710792822	0.04657310704177215	0.91313151519259	0.49742436	null
"GO:0003921"	"GMP synthase activity"	1	4.114610984232173	0.028417082091054584	0.891661815281504	0.72435049	4066
"GO:0003922"	"GMP synthase (glutamine-hydrolyzing) activity"	1	4.14135569220389	0.030222207437801806	0.8912675118079653	0.85319647	4066
"GO:0003952"	"NAD+ synthase (glutamine-hydrolyzing) activity"	6	4.130976691605617	0.029508451708193172	0.9154816346115181	0.7260782	4066
"GO:0004088"	"carbamoyl-phosphate synthase (glutamine-hydrolyzing) activity"	8	4.411485020124997	0.056295027591242705	0.9121161624028908	0.75702636	4066
"GO:0004642"	"phosphoribosylformylglycinamidine synthase activity"	5	4.333769600873475	0.047070771587187345	0.9130752128393104	0.7575577	4066
"GO:0050566"	"asparaginyl-tRNA synthase (glutamine-hydrolyzing) activity"	2	4.0732049564885955	0.025832718837670403	0.876231157575978	0.72001577	4066
"GO:0050567"	"glutaminyl-tRNA synthase (glutamine-hydrolyzing) activity"	3	4.498062314581983	0.06871481383427984	0.8686362225500271	0.77696767	4066
"GO:0004067"	"asparaginase activity"	20	4.255417245808497	0.03930021991316059	0.8896383450725097	0.62720899	null
"GO:0004068"	"aspartate 1-decarboxylase activity"	8	3.760271660542063	0.012566029771733715	0.89692842164804	0.64043479	null
"GO:0004072"	"aspartate kinase activity"	21	4.252003020538459	0.03899245368112751	0.8758109943416749	0.45087242	null
"GO:0003991"	"acetylglutamate kinase activity"	12	4.017033339298781	0.022698305297248377	0.8802255995357955	0.80280928	4072
"GO:0004349"	"glutamate 5-kinase activity"	7	4.057057208637422	0.024889775488462662	0.8790453551107493	0.85928488	4072
"GO:0004413"	"homoserine kinase activity"	8	4.069446083880313	0.02561007943577413	0.8785868138204616	0.86080568	4072
"GO:0004618"	"phosphoglycerate kinase activity"	5	4.149527013754348	0.030796267856416704	0.87807818438945	0.81818037	4072
"GO:0008776"	"acetate kinase activity"	5	4.00702192557868	0.022180996098724683	0.8803847662996479	0.80167124	4072
"GO:0008804"	"carbamate kinase activity"	7	3.4212747912103465	0.0057558833607889185	0.8890094281897072	0.74026713	4072
"GO:0004074"	"biliverdin reductase [NAD(P)+] activity"	39	3.756179516843809	0.012448161853082746	0.8764200427081276	0.62348284	null
"GO:0004075"	"biotin carboxylase activity"	36	4.0919481908785595	0.026972108717963093	0.9174413004323428	0.56091523	null
"GO:0004077"	"biotin--[biotin carboxyl-carrier protein] ligase activity"	4	4.0884550450441655	0.026756017533769647	0.8975575453701599	0.56063143	null
"GO:0004081"	"bis(5'-nucleosyl)-tetraphosphatase (asymmetrical) activity"	44	3.891147030448771	0.016986076721145	0.9159715167126552	0.45092411	null
"GO:0004087"	"carbamoyl-phosphate synthase (ammonia) activity"	4	3.8721562727482928	0.0162592245561307	0.9198381912624676	0.54360001	null
"GO:0004089"	"carbonate dehydratase activity"	92	4.577100988801015	0.08243114718247763	0.8867519335376156	0.56041575	null
"GO:0016836"	"hydro-lyase activity"	59	5.648856481910169	0.9724277907843571	0.8685453645056266	0.7328312	4089
"GO:0016837"	"carbon-oxygen lyase activity, acting on polysaccharides"	51	4.751425384223978	0.12314578211944983	0.8855958110985498	0.7587882	4089
"GO:0004095"	"carnitine O-palmitoyltransferase activity"	1	3.5734518220354854	0.008172175693133756	0.8880517433076788	0.66947729	null
"GO:0004104"	"cholinesterase activity"	5	3.706888394981618	0.011112325441705113	0.892878444062597	0.54380423	null
"GO:0004106"	"chorismate mutase activity"	54	4.311096625999569	0.044676306647185283	0.9189025145351004	0.54065475	null
"GO:0009982"	"pseudouridine synthase activity"	16	4.981673667206229	0.20925266217245025	0.91066888903677	0.74496131	4106
"GO:0016868"	"intramolecular phosphotransferase activity"	11	4.867231714518894	0.16077838925762267	0.9121906270938808	0.82066071	4106
"GO:0120159"	"rRNA pseudouridine synthase activity"	5	4.425093833965443	0.058087056502584264	0.8723587984943487	0.75931863	4106
"GO:0160147"	"tRNA pseudouridine(38-40) synthase activity"	2	4.020609853377705	0.022886020871396212	0.8740360671449311	0.77765742	4106
"GO:0160148"	"tRNA pseudouridine(55) synthase activity"	1	3.9589459324939362	0.019856378814219488	0.8750630729154303	0.90361173	4106
"GO:0004113"	"2',3'-cyclic-nucleotide 3'-phosphodiesterase activity"	33	3.9942291408176986	0.02153708802461292	0.887800771050546	0.62473836	null
"GO:0004115"	"3',5'-cyclic-AMP phosphodiesterase activity"	12	4.171697207248836	0.03240931215054754	0.8850509697249173	0.84697191	4113
"GO:0008663"	"2',3'-cyclic-nucleotide 2'-phosphodiesterase activity"	3	3.4756711883244296	0.006524207571254486	0.8951255864041239	0.77188386	4113
"GO:0004122"	"cystathionine beta-synthase activity"	1	3.741151598851785	0.012024710441632974	0.8986557903511987	0.56899578	null
"GO:0004123"	"cystathionine gamma-lyase activity"	12	3.2081725266671217	0.0035229411241233656	0.9122015658997211	0.64663059	null
"GO:0004124"	"cysteine synthase activity"	12	4.325884943968999	0.0462238687642878	0.8748258306807972	0.67198246	null
"GO:0004125"	"L-seryl-tRNA(Sec) selenium transferase activity"	7	3.493597449000527	0.006799232714773409	0.8677228218408313	0.32302465	null
"GO:0004131"	"cytosine deaminase activity"	2	3.4474681309497557	0.006113852595210376	0.8993847536116311	0.63599869	null
"GO:0004132"	"dCMP deaminase activity"	4	3.5919545550467356	0.008527962188320935	0.8975462244564071	0.64814876	null
"GO:0004133"	"glycogen debranching enzyme activity"	8	3.809694358716924	0.014080850800322077	0.951105377336753	0.06735903	null
"GO:0004134"	"4-alpha-glucanotransferase activity"	19	3.9857407410500745	0.021120184830865977	0.8869679477293747	0.55820572	null
"GO:0004140"	"dephospho-CoA kinase activity"	4	4.163071882003819	0.0317719522941386	0.8780459619938006	0.48490002	null
"GO:0004143"	"ATP-dependent diacylglycerol kinase activity"	11	4.3167249841904995	0.04525909802273729	0.8754395877819088	0.49952024	null
"GO:0004145"	"diamine N-acetyltransferase activity"	4	3.3042750504771283	0.004396036817834237	0.8896566191501492	0.64890542	null
"GO:0004152"	"dihydroorotate dehydrogenase activity"	5	4.155001836231253	0.03118697817935232	0.8720314179209062	0.66402593	null
"GO:0004156"	"dihydropteroate synthase activity"	12	4.089162999364932	0.026799672318455196	0.8884063860426932	0.64623057	null
"GO:0004160"	"dihydroxy-acid dehydratase activity"	8	4.142827294538336	0.030324796181812837	0.8932672131916924	0.60361787	null
"GO:0004161"	"dimethylallyltranstransferase activity"	2	3.670245853074124	0.010213036877182917	0.8925912363160198	0.6664997	null
"GO:0004163"	"diphosphomevalonate decarboxylase activity"	3	3.5631249603380444	0.007980094640517363	0.8994221173019608	0.62052762	null
"GO:0004176"	"ATP-dependent peptidase activity"	44	4.875483771100341	0.16386259979565632	0.8705056169816084	0.54595051	null
"GO:0004180"	"carboxypeptidase activity"	161	5.3240868758355955	0.460348435465994	0.8743420694720492	0.60171924	null
"GO:0004177"	"aminopeptidase activity"	143	5.222986845806831	0.3647422742654193	0.876453490110643	0.82556862	4180
"GO:0004181"	"metallocarboxypeptidase activity"	51	4.620021477767444	0.09099403319854701	0.8868824531766653	0.83478103	4180
"GO:0004239"	"initiator methionyl aminopeptidase activity"	5	4.36776579101491	0.05090366168257807	0.8915296447292991	0.80800718	4180
"GO:0008235"	"metalloexopeptidase activity"	49	5.247369250804275	0.38580570787619406	0.8757345743568264	0.82980592	4180
"GO:0008239"	"dipeptidyl-peptidase activity"	157	4.5741586420950835	0.08187454867773696	0.8884576997557838	0.72680703	4180
"GO:0016805"	"dipeptidase activity"	26	4.598429356190995	0.08658053446683855	0.8880514438570818	0.73007411	4180
"GO:0070006"	"metalloaminopeptidase activity"	62	4.941630673329401	0.19082161207821374	0.8812102229621793	0.77962961	4180
"GO:0070573"	"metallodipeptidase activity"	30	4.288316310166292	0.042393161408131354	0.8923169829452618	0.78932672	4180
"GO:0004197"	"cysteine-type endopeptidase activity"	224	4.978600451516357	0.20777713045007887	0.8827846522732371	0.69032949	null
"GO:0004198"	"calcium-dependent cysteine-type endopeptidase activity"	7	4.271423367743581	0.040775751635531966	0.8946262704341271	0.7259253	4197
"GO:0070004"	"cysteine-type exopeptidase activity"	2	4.069889996506938	0.02563627230658546	0.8954745070999184	0.70260386	4197
"GO:0004252"	"serine-type endopeptidase activity"	1299	5.606255573492913	0.8815690874183354	0.8696896085740944	0.43708288	null
"GO:0004185"	"serine-type carboxypeptidase activity"	37	4.998459869892561	0.21749905099954941	0.879753824513176	0.88756437	4252
"GO:0004190"	"aspartic-type endopeptidase activity"	110	5.091688056410223	0.2695792091294029	0.8815948950119963	0.70721259	4252
"GO:0004222"	"metalloendopeptidase activity"	715	5.500905793521454	0.6916816877323922	0.8723525367935657	0.77587608	4252
"GO:0008236"	"serine-type peptidase activity"	154	5.765542643253906	1.2721659079137677	0.8667273244747193	0.94393939	4252
"GO:0008240"	"tripeptidyl-peptidase activity"	24	4.055875039146097	0.024822110572200067	0.8955726036397855	0.7615994	4252
"GO:0009002"	"serine-type D-Ala-D-Ala carboxypeptidase activity"	247	4.533225352142115	0.07450998650128575	0.888039397884501	0.72217361	4252
"GO:0071972"	"peptidoglycan L,D-transpeptidase activity"	209	4.5461600197057335	0.07676257339105981	0.8878240198669467	0.8511634	4252
"GO:0004298"	"threonine-type endopeptidase activity"	6	4.292233912909475	0.04277732351336414	0.8947081635248094	0.60296366	null
"GO:0036374"	"glutathione hydrolase activity"	3	4.158724253450531	0.031455455105168416	0.8968670800947794	0.88953516	4298
"GO:0004300"	"enoyl-CoA hydratase activity"	42	4.520352504083318	0.0723337954847114	0.8876484746425303	0.64022955	null
"GO:0004301"	"epoxide hydrolase activity"	71	4.434983840181938	0.05942507565319618	0.9117036095819079	0.22095745	null
"GO:0008908"	"isochorismatase activity"	36	3.232742062720737	0.0037281186121454206	0.9246697094071609	0.82824892	4301
"GO:0016803"	"ether hydrolase activity"	6	4.488945350313971	0.06728730237506257	0.9110156286166657	0.99068198	4301
"GO:0033961"	"cis-stilbene-oxide hydrolase activity"	2	3.246005904076029	0.003843803791562111	0.9245475976125515	0.82968744	4301
"GO:0004305"	"ethanolamine kinase activity"	1	3.9240207004740677	0.018321913132522634	0.8818884048231728	0.46378081	null
"GO:0004308"	"exo-alpha-sialidase activity"	36	3.8411090844681537	0.01513729658971223	0.8969671714255627	0.59459401	null
"GO:0004312"	"fatty acid synthase activity"	1619	4.6517624473801105	0.09789367191809717	0.8733877127317412	0.59018979	null
"GO:0004314"	"[acyl-carrier-protein] S-malonyltransferase activity"	130	4.1664893183259455	0.03202296730608048	0.880785155697015	0.53438973	null
"GO:0004313"	"[acyl-carrier-protein] S-acetyltransferase activity"	12	3.3384564936046046	0.004756188791489971	0.8892626497300417	0.72476718	4314
"GO:0004742"	"dihydrolipoyllysine-residue acetyltransferase activity"	5	4.0405627850813115	0.023962111313894863	0.8646592264062363	0.89153416	4314
"GO:0004315"	"3-oxoacyl-[acyl-carrier-protein] synthase activity"	1784	4.857983450060863	0.1573907779660245	0.8694606991758314	0.61759392	null
"GO:0004316"	"3-oxoacyl-[acyl-carrier-protein] reductase (NADPH) activity"	68	4.309310715788175	0.044492956551506	0.8620675193575172	0.652879	null
"GO:0004318"	"enoyl-[acyl-carrier-protein] reductase (NADH) activity"	16	4.104760166638525	0.027779722234645643	0.8705776825490112	0.69192967	null
"GO:0017150"	"tRNA dihydrouridine synthase activity"	2	4.390387480317279	0.05362553750772171	0.8039401493022785	0.72693705	4318
"GO:0141148"	"enoyl-[acyl-carrier-protein] reductase (NADPH) activity"	13	3.153204900084284	0.0031038551911421477	0.884787981764412	0.87168414	4318
"GO:0004321"	"fatty-acyl-CoA synthase activity"	22	3.885134966063434	0.016752523623077345	0.8848208387693343	0.50661728	null
"GO:0003985"	"acetyl-CoA C-acetyltransferase activity"	12	4.35324283143373	0.04922950068988747	0.873509290094567	0.89337736	4321
"GO:0003988"	"acetyl-CoA C-acyltransferase activity"	15	4.625723909525756	0.09219672251663373	0.8724941119930987	0.83197408	4321
"GO:0008861"	"formate C-acetyltransferase activity"	3	3.5399538416563967	0.0075653741860047	0.8863149089756281	0.78017237	4321
"GO:0008890"	"glycine C-acetyltransferase activity"	4	3.6398847419163043	0.009523291279151328	0.8848839095385285	0.72677299	4321
"GO:0004324"	"ferredoxin-NADP+ reductase activity"	6	3.9235030669421045	0.018300085740179863	0.8881385555807461	0.30266539	null
"GO:0004325"	"ferrochelatase activity"	8	4.292499739685581	0.04280351638417546	0.9009303744313721	0.4478851	null
"GO:0004329"	"formate-tetrahydrofolate ligase activity"	1	3.8788089323592057	0.016510239568072578	0.9197676972487486	0.54410842	null
"GO:0004333"	"fumarate hydratase activity"	7	4.181986424480151	0.033186367317950216	0.8927108496742716	0.60721972	null
"GO:0004337"	"geranyltranstransferase activity"	14	3.7591388162811663	0.012533288683219557	0.8913706535302824	0.67418501	null
"GO:0004339"	"glucan 1,4-alpha-glucosidase activity"	1	3.3506356082589543	0.0048915186240151565	0.9008731966017687	0.57455953	null
"GO:0004341"	"gluconolactonase activity"	16	3.919705534549121	0.018140745776077626	0.8898355342623612	0.56101941	null
"GO:0004342"	"glucosamine-6-phosphate deaminase activity"	2	3.9559762222483252	0.019721048981694304	0.8935996615334292	0.62302448	null
"GO:0004343"	"glucosamine 6-phosphate N-acetyltransferase activity"	1	3.679246145413859	0.01042694532214208	0.8844140981096822	0.68285751	null
"GO:0004345"	"glucose-6-phosphate dehydrogenase activity"	15	4.143639235274543	0.03038154740190404	0.8650463625769554	0.63240301	null
"GO:0004348"	"glucosylceramidase activity"	16	3.9472376078706666	0.01932815591952441	0.8950752080489724	0.60602717	null
"GO:0004336"	"galactosylceramidase activity"	12	3.151982395457474	0.003095124234205039	0.9050614120772611	0.88707235	4348
"GO:0004351"	"glutamate decarboxylase activity"	10	3.8295610562993927	0.014740038049073785	0.8960222106995342	0.64773776	null
"GO:0004356"	"glutamine synthetase activity"	41	4.505922877206901	0.06996988889398922	0.9117639801425271	0.69124431	null
"GO:0008795"	"NAD+ synthase activity"	6	4.00483706093831	0.022069676397776548	0.91768403872703	0.86473112	4356
"GO:0035446"	"cysteine-glucosaminylinositol ligase activity"	3	3.212453961040276	0.0035578649518718	0.9255774511678495	0.77459427	4356
"GO:0004357"	"glutamate-cysteine ligase activity"	75	4.147119576021965	0.030626014196143088	0.9144860550993966	0.5654361	null
"GO:0004359"	"glutaminase activity"	26	4.7187756314738705	0.11422710960819328	0.8820658063309151	0.67843312	null
"GO:0004363"	"glutathione synthase activity"	8	3.924434363543231	0.01833937504639685	0.9068453184515218	0.67193954	null
"GO:0004368"	"glycerol-3-phosphate dehydrogenase (quinone) activity"	9	4.118231648327027	0.02865500066759079	0.8662280588015853	0.62937579	null
"GO:0004370"	"glycerol kinase activity"	22	4.203332109681706	0.03485834557140653	0.8773737805449158	0.48864746	null
"GO:0004371"	"glycerone kinase activity"	57	4.184208613111503	0.03335662097822384	0.8776939982124978	0.48686024	null
"GO:0004372"	"glycine hydroxymethyltransferase activity"	21	4.271469858615745	0.040780117114000515	0.8788824825806983	0.6093648	null
"GO:0003864"	"3-methyl-2-oxobutanoate hydroxymethyltransferase activity"	3	3.998084887936556	0.02172916907722931	0.8832679119708542	0.78039217	4372
"GO:0004047"	"aminomethyltransferase activity"	3	4.023046584075505	0.023014802486218566	0.8828808254926281	0.78316438	4372
"GO:0004479"	"methionyl-tRNA formyltransferase activity"	14	4.138997014032636	0.030058501995231024	0.8312741965084958	0.79630403	4372
"GO:0004643"	"phosphoribosylaminoimidazolecarboxamide formyltransferase activity"	2	4.089975722687729	0.026849875320843566	0.8818300477867034	0.79069549	4372
"GO:0004644"	"phosphoribosylglycinamide formyltransferase activity"	6	4.141104709327929	0.03020474552392759	0.88101442744853	0.79654696	4372
"GO:0004376"	"glycolipid mannosyltransferase activity"	64	4.129335352916489	0.029397132007245034	0.8838892496876333	0.57286846	null
"GO:0000009"	"alpha-1,6-mannosyltransferase activity"	64	4.21133416373255	0.03550661912398686	0.8825937354428587	0.78952347	4376
"GO:0004169"	"dolichyl-phosphate-mannose-protein mannosyltransferase activity"	7	4.039017321997412	0.02387698448375805	0.8608769883163889	0.7705042	4376
"GO:0004582"	"dolichyl-phosphate beta-D-mannosyltransferase activity"	18	3.897352134344313	0.017230543515384042	0.8874030417020285	0.75554059	4376
"GO:0019187"	"beta-1,4-mannosyltransferase activity"	1	3.6129956560323473	0.008951413599770707	0.8914283931468324	0.7271914	4376
"GO:0004386"	"helicase activity"	293	5.76235816276407	1.2628718042542155	0.8838520933227046	0.67052425	null
"GO:0004398"	"histidine decarboxylase activity"	2	3.0170333392987803	0.002267866064413988	0.9057376066880586	0.57131999	null
"GO:0004399"	"histidinol dehydrogenase activity"	4	4.076604038583611	0.02603571358645818	0.8662150462531668	0.62447814	null
"GO:0004401"	"histidinol-phosphatase activity"	8	3.944383957640844	0.019201557043936335	0.8907567261890014	0.59822974	null
"GO:0004412"	"homoserine dehydrogenase activity"	7	4.102056192575189	0.02760728583513775	0.865773733824402	0.62746359	null
"GO:0004417"	"hydroxyethylthiazole kinase activity"	4	3.6337713460825554	0.00939014418586042	0.8862370140537431	0.44048536	null
"GO:0004418"	"hydroxymethylbilane synthase activity"	14	4.0717347638797605	0.025745409268299317	0.8886662600792402	0.64441239	null
"GO:0004420"	"hydroxymethylglutaryl-CoA reductase (NADPH) activity"	4	3.824256037629682	0.014561053431863055	0.8704369132463301	0.59634558	null
"GO:0004424"	"imidazoleglycerol-phosphate dehydratase activity"	1	4.004579293902212	0.022056579962370884	0.8951857819772008	0.59123634	null
"GO:0004425"	"indole-3-glycerol-phosphate synthase activity"	15	4.027349607774757	0.02324399010581767	0.8933449724313809	0.66953045	null
"GO:0004427"	"inorganic diphosphate phosphatase activity"	7	4.389148357697377	0.053472745761322306	0.909924385155702	0.49905038	null
"GO:0004436"	"phosphatidylinositol diacylglycerol-lyase activity"	14	2.6522463410033232	0.0009778671769561757	0.9178240399160094	0.66935883	null
"GO:0004450"	"isocitrate dehydrogenase (NADP+) activity"	3	4.159597267987408	0.03151875454296245	0.8643532355844681	0.63431928	null
"GO:0004449"	"isocitrate dehydrogenase (NAD+) activity"	3	3.9257245269360626	0.01839394352725378	0.8683592601748374	0.91516504	4450
"GO:0004455"	"ketol-acid reductoisomerase activity"	4	4.02848991652189	0.02330510680437743	0.8670413300521282	0.61891139	null
"GO:0004456"	"phosphogluconate dehydratase activity"	1	3.412460547429961	0.005640198181372229	0.9026744437192498	0.47703381	null
"GO:0004470"	"malic enzyme activity"	16	4.306746608077712	0.04423102784339274	0.8625752801166894	0.652552	null
"GO:0030060"	"L-malate dehydrogenase (NAD+) activity"	1	4.218482987593645	0.036095958717241694	0.8630199426335871	0.89305484	4470
"GO:0046553"	"D-malate dehydrogenase (decarboxylating) (NAD+) activity"	3	3.370698092575577	0.005122888982848537	0.8767258761422846	0.79399871	4470
"GO:0004478"	"methionine adenosyltransferase activity"	4	4.201424437579911	0.03470555382500713	0.8867026335885085	0.65819247	null
"GO:0004490"	"methylglutaconyl-CoA hydratase activity"	1	2.387389826338729	0.0005304056339293543	0.9133874166275515	0.38392278	null
"GO:0004493"	"methylmalonyl-CoA epimerase activity"	57	4.163191201870468	0.03178068325107571	0.9195124329104953	0.52728939	null
"GO:0008784"	"alanine racemase activity"	7	4.072984744627931	0.025819622402264743	0.9191147671196389	0.89822189	4493
"GO:0008837"	"diaminopimelate epimerase activity"	14	3.9707187037201894	0.020402063622788784	0.9201947509145254	0.88456626	4493
"GO:0008881"	"glutamate racemase activity"	7	3.9187116653823213	0.01809927373062636	0.9207329707086547	0.87777966	4493
"GO:0016855"	"racemase and epimerase activity, acting on amino acids and derivatives"	10	4.725927958848382	0.11612391000278015	0.9129254118765736	0.85296554	4493
"GO:0016857"	"racemase and epimerase activity, acting on carbohydrates and derivatives"	20	4.94213211943707	0.19104206874087573	0.9100980157465757	0.83785649	4493
"GO:0018114"	"threonine racemase activity"	5	3.656194062179186	0.009887808731275618	0.9233424631638315	0.84505133	4493
"GO:0030378"	"serine racemase activity"	5	3.657342736814626	0.009914001602086943	0.9233314197814708	0.84518923	4493
"GO:0047580"	"4-hydroxyproline epimerase activity"	7	3.5137501500818233	0.007122278121446432	0.9246876761322215	0.8282923	4493
"GO:0047661"	"amino-acid racemase activity"	42	4.623972512016996	0.09182565684680662	0.9128611456042954	0.73798284	4493
"GO:0004494"	"methylmalonyl-CoA mutase activity"	18	4.096075366085106	0.027229671947607798	0.9212295716004791	0.64954982	null
"GO:0004496"	"mevalonate kinase activity"	14	3.6164755138885654	0.009023443994501855	0.8864859594327118	0.43917077	null
"GO:0004497"	"monooxygenase activity"	2149	5.7829360542600465	1.324150025517313	0.8529514919357154	0.05257987	null
"GO:0004502"	"kynurenine 3-monooxygenase activity"	4	3.5654936298688624	0.008023749425202908	0.8737529786366047	0.66189832	null
"GO:0004503"	"tyrosinase activity"	3	3.4153072922255676	0.00567730474835494	0.879451823694471	0.53677884	null
"GO:0080132"	"fatty acid 2-hydroxylase activity"	2	3.561101383649056	0.00794298807353465	0.877341856729075	0.82868363	4503
"GO:0004506"	"squalene monooxygenase activity"	4	3.5509617522981762	0.007759637977855368	0.8739724213775483	0.66070037	null
"GO:0004512"	"inositol-3-phosphate synthase activity"	14	3.7901443650429005	0.013460952857787358	0.9281337401998333	0.49634075	null
"GO:0047472"	"3-carboxy-cis,cis-muconate cycloisomerase activity"	8	2.9595183769729982	0.001986292703192232	0.9350257615665415	0.80351157	4512
"GO:0004514"	"nicotinate-nucleotide diphosphorylase (carboxylating) activity"	7	4.020195489753195	0.02286419347905344	0.8858727291662442	0.61905856	null
"GO:0004516"	"nicotinate phosphoribosyltransferase activity"	9	4.010893313104381	0.022379625369043907	0.9183418173096936	0.55440293	null
"GO:0004517"	"nitric-oxide synthase activity"	7	3.4785664955938436	0.006567862355940028	0.8750543009397257	0.65479623	null
"GO:0004518"	"nuclease activity"	121	5.99046539455887	2.135338869065615	0.8576734615354583	0.67274833	null
"GO:0004519"	"endonuclease activity"	885	5.7709734498986265	1.2881741174579566	0.85798209379875	0.63262304	null
"GO:0000175"	"3'-5'-RNA exonuclease activity"	25	4.916806505171	0.1802200476173295	0.8366143672765561	0.82473879	4519
"GO:0004521"	"RNA endonuclease activity"	40	5.438219474427008	0.5987144582660586	0.823171200296276	0.7950104	4519
"GO:0004523"	"RNA-DNA hybrid ribonuclease activity"	29	4.944013578266628	0.19187150964990107	0.8356234794918259	0.90594329	4519
"GO:0004527"	"exonuclease activity"	193	5.549289017188098	0.7731960844364734	0.8634572853394168	0.81707626	4519
"GO:0004534"	"5'-3' RNA exonuclease activity"	20	4.378125245619373	0.052132543871476124	0.849046548501225	0.8666951	4519
"GO:0004536"	"DNA nuclease activity"	1	5.340618590812624	0.4782097906200842	0.8233720412250912	0.7765813	4519
"GO:0004540"	"RNA nuclease activity"	113	5.624122171751174	0.9185927103101448	0.8193831629778131	0.83264694	4519
"GO:0008408"	"3'-5' exonuclease activity"	119	5.323872666756125	0.4601214305856292	0.8673617722553447	0.77350484	4519
"GO:0008409"	"5'-3' exonuclease activity"	4	4.810178732066239	0.1409853098811972	0.8778123853980692	0.80778774	4519
"GO:0016891"	"RNA endonuclease activity, producing 5'-phosphomonoesters"	36	5.214907398687799	0.35801943742384557	0.8284870675429586	0.86451961	4519
"GO:0004549"	"tRNA-specific ribonuclease activity"	1	4.435366506612661	0.059477461394818826	0.8442553559473434	0.63915799	null
"GO:0004553"	"hydrolase activity, hydrolyzing O-glycosyl compounds"	742	5.85477167163393	1.5623305307616389	0.8617256808443352	0.31896947	null
"GO:0004558"	"alpha-1,4-glucosidase activity"	1	3.839289456006147	0.01507399715191819	0.8945525025097071	0.80957395	4553
"GO:0004573"	"Glc3Man9GlcNAc2 oligosaccharide glucosidase activity"	19	3.8492350913147226	0.01542323542940254	0.8944154164180705	0.77960732	4553
"GO:0004574"	"oligo-1,6-glucosidase activity"	2	3.497067936398505	0.00685380119563034	0.8990605557292336	0.74315314	4553
"GO:0004575"	"sucrose alpha-glucosidase activity"	10	3.9594230219431052	0.01987820620656226	0.8928722460034535	0.82251998	4553
"GO:0008422"	"beta-glucosidase activity"	113	4.9092510602990505	0.1771118269477188	0.8781259896462469	0.73394192	4553
"GO:0015926"	"glucosidase activity"	11	5.0955180423231505	0.27196712585170213	0.8766251542022573	0.76521354	4553
"GO:0016799"	"hydrolase activity, hydrolyzing N-glycosyl compounds"	12	5.161580604727681	0.31664998071659023	0.8770672717934865	0.77695448	4553
"GO:0042973"	"glucan endo-1,3-beta-D-glucosidase activity"	12	4.162026432421177	0.03169555642093891	0.8905397622755892	0.81862326	4553
"GO:0051118"	"glucan endo-1,3-alpha-glucosidase activity"	5	3.509336958017644	0.007050247726715285	0.8989056508210572	0.74121489	4553
"GO:0090599"	"alpha-glucosidase activity"	1	4.568530255057246	0.08082028562758108	0.8841448927615422	0.8755663	4553
"GO:0004555"	"alpha,alpha-trehalase activity"	15	3.834674974462744	0.014914657187815959	0.897054040932511	0.59391471	null
"GO:0004556"	"alpha-amylase activity"	63	4.384496781137869	0.05290305082117597	0.8890537338158059	0.65816627	null
"GO:0004559"	"alpha-mannosidase activity"	38	4.562019113181018	0.07961759630949435	0.8851927700177037	0.68198645	null
"GO:0004567"	"beta-mannosidase activity"	14	4.229041573173397	0.036984333585592506	0.8904678245674923	0.89677894	4559
"GO:0004571"	"mannosyl-oligosaccharide 1,2-alpha-mannosidase activity"	4	4.23200448297183	0.03723753133676866	0.8904230433710025	0.89718599	4559
"GO:0016985"	"mannan endo-1,4-beta-mannosidase activity"	25	4.034748743146489	0.023643431385690396	0.8933258685963845	0.87086914	4559
"GO:0004560"	"alpha-L-fucosidase activity"	92	4.231953569198981	0.0372331658583001	0.8913968779754536	0.63898804	null
"GO:0004563"	"beta-N-acetylhexosaminidase activity"	70	4.313614159578132	0.044936052616064266	0.8894377231090133	0.6491135	null
"GO:0004415"	"hyalurononglucosaminidase activity"	2	3.7049222912234017	0.011062122439316738	0.8980808145995977	0.86501699	4563
"GO:0052757"	"chondroitin hydrolase activity"	2	3.5418287667813124	0.007598115274518857	0.9001702683794083	0.84611808	4563
"GO:0004565"	"beta-galactosidase activity"	101	4.490927182060255	0.06759506860709565	0.8867218205362014	0.67224325	null
"GO:0004557"	"alpha-galactosidase activity"	73	4.277035888172111	0.04130615726946132	0.8900863763689356	0.89771817	4565
"GO:0031218"	"arabinogalactan endo-1,4-beta-galactosidase activity"	11	3.2844307338445193	0.0041995902867492906	0.9033852857241503	0.77962144	4565
"GO:0004566"	"beta-glucuronidase activity"	2	3.628491104967123	0.009276641745678008	0.8997615457496871	0.57293818	null
"GO:0004568"	"chitinase activity"	15	4.52608069180203	0.07329420074779336	0.8867853457490918	0.67702603	null
"GO:0004581"	"dolichyl-phosphate beta-glucosyltransferase activity"	2	3.2511513431753545	0.003889641315481932	0.8954759674880044	0.64555864	null
"GO:0004585"	"ornithine carbamoyltransferase activity"	20	4.124602027893339	0.02907845207904057	0.8753868429258191	0.59193651	null
"GO:0004070"	"aspartate carbamoyltransferase activity"	3	4.074706756471867	0.025922211146275766	0.8829788945405018	0.84943107	4585
"GO:0047154"	"methylmalonyl-CoA carboxytransferase activity"	1	2.780317312140151	0.0013140090190348612	0.9002235373530746	0.71874706	4585
"GO:0004586"	"ornithine decarboxylase activity"	6	3.878579238062219	0.016501508611135467	0.8953713831896754	0.65300548	null
"GO:0004588"	"orotate phosphoribosyltransferase activity"	5	4.1386184338994925	0.030032309124419693	0.8840475208442072	0.6647937	null
"GO:0004590"	"orotidine-5'-phosphate decarboxylase activity"	6	4.147738141119988	0.03066966898082863	0.8916464251582313	0.68352748	null
"GO:0004592"	"pantoate-beta-alanine ligase activity"	11	3.965248750967121	0.020146683132378353	0.9165590487981956	0.67574384	null
"GO:0004594"	"pantothenate kinase activity"	3	4.214287382910401	0.035748903178991626	0.8771895711358367	0.48967722	null
"GO:0004598"	"peptidylamidoglycolate lyase activity"	1	2.863322860120456	0.001591216901788063	0.8944308400196905	0.64123082	null
"GO:0004609"	"phosphatidylserine decarboxylase activity"	6	4.14547610488496	0.030510329016726394	0.8916788415351186	0.68325909	null
"GO:0004616"	"phosphogluconate dehydrogenase (decarboxylating) activity"	3	4.096353759993295	0.027247133861482014	0.8658728633722156	0.62679224	null
"GO:0004617"	"phosphoglycerate dehydrogenase activity"	7	4.08771044886063	0.02671018000984983	0.8660228345074676	0.62577738	null
"GO:0004619"	"phosphoglycerate mutase activity"	9	4.219243872245316	0.036159258155035734	0.9191834676445064	0.66133032	null
"GO:0004614"	"phosphoglucomutase activity"	2	3.9429005411402938	0.01913607486690802	0.9220976345179095	0.77913652	4619
"GO:0004615"	"phosphomannomutase activity"	4	4.221753194318869	0.036368801121526344	0.9191560047136633	0.81071346	4619
"GO:0008966"	"phosphoglucosamine mutase activity"	1	3.9983465373963645	0.021742265512634973	0.921529938205747	0.78521784	4619
"GO:0008973"	"phosphopentomutase activity"	7	4.141449773400467	0.03022875565550464	0.9200257006645403	0.80136078	4619
"GO:0004621"	"glycosylphosphatidylinositol phospholipase D activity"	6	2.924795995797912	0.0018335009567928297	0.8956737197614496	0.56941816	null
"GO:0004631"	"phosphomevalonate kinase activity"	6	3.5389505620143615	0.007547912272130483	0.8855318638172598	0.64422496	null
"GO:0004632"	"phosphopantothenate--cysteine ligase activity"	5	4.037147503632554	0.023774395739747024	0.9157517106035638	0.68255126	null
"GO:0004633"	"phosphopantothenoylcysteine decarboxylase activity"	31	4.117933835039642	0.028635356014482298	0.8920719797833297	0.68000807	null
"GO:0004634"	"phosphopyruvate hydratase activity"	9	4.2316479611536	0.037206972987488776	0.8919968116892815	0.61184985	null
"GO:0004636"	"phosphoribosyl-ATP diphosphatase activity"	2	3.9862789559059912	0.021146377701677304	0.9148809383715227	0.45938721	null
"GO:0004637"	"phosphoribosylamine-glycine ligase activity"	4	4.345040284019556	0.04830838473302251	0.9144962766214125	0.67193883	null
"GO:0004638"	"phosphoribosylaminoimidazole carboxylase activity"	1	3.9855162878527155	0.02110927113469459	0.8939227219488921	0.66479987	null
"GO:0004639"	"phosphoribosylaminoimidazolesuccinocarboxamide synthase activity"	7	4.090575455222202	0.026886981887826282	0.9151415462126358	0.68769928	null
"GO:0004640"	"phosphoribosylanthranilate isomerase activity"	34	4.289477466344602	0.04250666384831377	0.9171752568404866	0.53865904	null
"GO:0003949"	"1-(5-phosphoribosyl)-5-[(5-phosphoribosylamino)methylideneamino]imidazole-4-carboxamide isomerase activity"	2	4.019780730403647	0.02284236608671067	0.9201142874304229	0.7398223	4640
"GO:0004347"	"glucose-6-phosphate isomerase activity"	25	4.185117001142592	0.03342646863372071	0.9183378834670642	0.75768722	4640
"GO:0004476"	"mannose-6-phosphate isomerase activity"	30	4.012584163914151	0.022466934938414992	0.9201898506198922	0.73906379	4640
"GO:0004751"	"ribose-5-phosphate isomerase activity"	10	4.139879086401237	0.03011961869379078	0.9188317519249689	0.75271404	4640
"GO:0004807"	"triose-phosphate isomerase activity"	12	4.1783149348321595	0.03290697669596274	0.9184125270641864	0.75693525	4640
"GO:0008880"	"glucuronate isomerase activity"	11	3.763128376799137	0.012648973862636246	0.922723343004449	0.71369915	4640
"GO:0009045"	"xylose isomerase activity"	4	3.6755950563867463	0.010339635752770993	0.9235745452732571	0.70520601	4640
"GO:0016861"	"intramolecular oxidoreductase activity, interconverting aldoses and ketoses"	11	5.060365383445979	0.2508207481500248	0.9083107489217458	0.79692387	4640
"GO:0046523"	"S-methyl-5-thioribose-1-phosphate isomerase activity"	9	3.834611420722687	0.014912474448581682	0.9220139907787811	0.72078801	4640
"GO:0004645"	"1,4-alpha-oligoglucan phosphorylase activity"	2	4.295193115885859	0.043069810570757275	0.8821420627285858	0.59079277	null
"GO:0004650"	"polygalacturonase activity"	16	4.4547381780865685	0.06219060626302536	0.8879399898829208	0.66738966	null
"GO:0004654"	"polyribonucleotide nucleotidyltransferase activity"	1	4.0402462150577065	0.023944649400020643	0.8783439148259595	0.49312177	null
"GO:0004655"	"porphobilinogen synthase activity"	9	4.043519460245756	0.024125816756465652	0.8946524425520253	0.59467218	null
"GO:0004657"	"proline dehydrogenase activity"	9	4.0776585490841315	0.02609901302425222	0.8780990390847041	0.69858382	null
"GO:0004174"	"electron-transferring-flavoprotein dehydrogenase activity"	8	4.104213884199323	0.027744798406897208	0.870252933612963	0.91513031	4657
"GO:0004659"	"prenyltransferase activity"	218	5.05534392287872	0.24793734962154468	0.8717923380174982	0.25225506	null
"GO:0004364"	"glutathione transferase activity"	27	4.853375716612023	0.15572971340873956	0.8756664283660843	0.73746471	4659
"GO:0004664"	"prephenate dehydratase activity"	14	4.085647288296856	0.02658358113426175	0.8940692545836789	0.5984345	null
"GO:0004665"	"prephenate dehydrogenase (NADP+) activity"	36	4.026778328659529	0.02321343175653779	0.8721174367327362	0.68448685	null
"GO:0004666"	"prostaglandin-endoperoxide synthase activity"	2	3.2038484637462346	0.0034880172963749306	0.8845720055836737	0.50320634	null
"GO:0004668"	"protein-arginine deiminase activity"	30	3.8887409606828927	0.01689221893407108	0.8952312229510845	0.49226452	null
"GO:0004037"	"allantoicase activity"	10	3.490941205356787	0.0067577606693221435	0.9004312533060307	0.73839233	4668
"GO:0004053"	"arginase activity"	10	3.8402315949581087	0.01510673824043235	0.8958944493247335	0.77236648	4668
"GO:0008783"	"agmatinase activity"	18	4.109308505246749	0.028072209292038786	0.8921049058116195	0.80074541	4668
"GO:0016403"	"dimethylargininase activity"	8	3.4586378490256493	0.0062731925593126105	0.9008308089921258	0.73540034	4668
"GO:0016990"	"arginine deiminase activity"	13	3.7219754015859534	0.011505218503875007	0.8974763497753613	0.76052011	4668
"GO:0047632"	"agmatine deiminase activity"	17	3.6917885244026984	0.010732528814940885	0.8978724276128652	0.75755403	4668
"GO:0050415"	"formimidoylglutamase activity"	1	3.059941888061955	0.0025036019017159235	0.9055096910210869	0.70036605	4668
"GO:0004674"	"protein serine/threonine kinase activity"	3427	5.908876243812141	1.7696099966663024	0.8203186543287755	0.05468428	null
"GO:0000155"	"phosphorelay sensor kinase activity"	1875	5.583397166073963	0.8363689233549234	0.8068211142266764	0.73057746	4674
"GO:0004672"	"protein kinase activity"	171	6.2106261364593225	3.545093744612045	0.8102637125999168	0.79493127	4674
"GO:0004673"	"protein histidine kinase activity"	143	5.599754292306737	0.868470469273438	0.8200587517130958	0.97983521	4674
"GO:0140664"	"ATP-dependent DNA damage sensor activity"	6	4.866151416141621	0.16037894797774993	0.8835456177786384	0.8107158	4674
"GO:0004683"	"calcium/calmodulin-dependent protein kinase activity"	6	4.587025878092789	0.08433667853400162	0.8550131994438703	0.57974493	null
"GO:0004713"	"protein tyrosine kinase activity"	19	5.136171804942558	0.2986554784692092	0.842399661789711	0.65418328	null
"GO:0004715"	"non-membrane spanning protein tyrosine kinase activity"	2	4.442558154495923	0.060470607746414946	0.8579981499838404	0.56289437	null
"GO:0004719"	"protein-L-isoaspartate (D-aspartate) O-methyltransferase activity"	209	4.191506904624152	0.03392195043990162	0.8612851362801546	0.59975066	null
"GO:0004671"	"protein C-terminal S-isoprenylcysteine carboxyl O-methyltransferase activity"	15	3.848435455331471	0.015394859819356939	0.8674857261215159	0.86706648	4719
"GO:0061542"	"3-demethylubiquinol-n 3-O-methyltransferase activity"	4	3.8077379220141006	0.014017551362528038	0.8759810970788521	0.71116034	4719
"GO:0004730"	"pseudouridylate synthase activity"	9	3.723701893991268	0.011551056027794828	0.8833726170834486	0.56758142	null
"GO:0004731"	"purine-nucleoside phosphorylase activity"	4	4.42802134408605	0.058479949564754156	0.8793287826432897	0.69472986	null
"GO:0004733"	"pyridoxamine phosphate oxidase activity"	42	4.006679927740826	0.022163534184850467	0.8601667210078916	0.32358945	null
"GO:0001716"	"L-amino-acid oxidase activity"	22	4.139217700137586	0.03007378116987096	0.8759499149744389	0.88742204	4733
"GO:0003884"	"D-amino-acid oxidase activity"	22	3.8884603180353863	0.016881305237899696	0.8798860889811959	0.79452451	4733
"GO:0004352"	"glutamate dehydrogenase (NAD+) activity"	12	4.153906285138868	0.03110839956691834	0.8760759192998494	0.77386574	4733
"GO:0004354"	"glutamate dehydrogenase (NADP+) activity"	2	3.7948364578145615	0.01360719638648393	0.881638330026984	0.91472208	4733
"GO:0004355"	"glutamate synthase (NADPH) activity"	3	3.756560043006683	0.012459075549254134	0.8820969561262809	0.82814571	4733
"GO:0004375"	"glycine dehydrogenase (decarboxylating) activity"	6	4.126358727069269	0.029196319997691535	0.8769844625844356	0.77063853	4733
"GO:0008131"	"primary methylamine oxidase activity"	22	4.533339835991969	0.07452963115439425	0.8693403713261671	0.87007813	4733
"GO:0008734"	"L-aspartate oxidase activity"	15	3.9308981144101045	0.018614400189915777	0.8791576148890795	0.83311908	4733
"GO:0015930"	"glutamate synthase activity"	14	4.27263051589404	0.04088925407571438	0.8745858556655617	0.7880891	4733
"GO:0016639"	"oxidoreductase activity, acting on the CH-NH2 group of donors, NAD or NADP as acceptor"	36	4.5894469132961895	0.08480815020860548	0.8690526232515442	0.75692487	4733
"GO:0016641"	"oxidoreductase activity, acting on the CH-NH2 group of donors, oxygen as acceptor"	8	4.7072720285480205	0.1112411223357021	0.8668669983375983	0.8449407	4733
"GO:0043799"	"glycine oxidase activity"	2	2.9523080096621253	0.0019535516146780745	0.8927159783685497	0.70555058	4733
"GO:0004737"	"pyruvate decarboxylase activity"	15	3.8257505813480277	0.014611256434251431	0.896072462571227	0.64733182	null
"GO:0004743"	"pyruvate kinase activity"	2	4.28927671903936	0.04248701919520527	0.8623918176520539	0.5427488	null
"GO:0004746"	"riboflavin synthase activity"	2	4.009748255948554	0.022320691409718426	0.8895807283121875	0.63802772	null
"GO:0004747"	"ribokinase activity"	17	3.985965078304871	0.021131098527037363	0.8718478544221077	0.46907485	null
"GO:0004335"	"galactokinase activity"	10	3.973174052682972	0.020517748802205475	0.8720641190865397	0.71313668	4747
"GO:0004340"	"glucokinase activity"	10	4.267523716385462	0.040411234183407675	0.8660374497481315	0.95254769	4747
"GO:0004856"	"D-xylulokinase activity"	10	3.8917604014566716	0.017010086852722046	0.8734235569124149	0.70533672	4747
"GO:0008443"	"phosphofructokinase activity"	9	4.530711837981657	0.07407998687213316	0.8618989274504284	0.79113217	4747
"GO:0008865"	"fructokinase activity"	10	4.154271775993095	0.031134592437729668	0.8687503418952206	0.73112076	4747
"GO:0004749"	"ribose phosphate diphosphokinase activity"	4	4.314814887210721	0.045060468752418065	0.8796370112097345	0.39714113	null
"GO:0003848"	"2-amino-4-hydroxy-6-hydroxymethyldihydropteridine diphosphokinase activity"	1	4.0508435809569185	0.024536171732509757	0.8838832463447402	0.86437416	4749
"GO:0008728"	"GTP diphosphokinase activity"	2	3.7790189719148706	0.013120445537240118	0.8879514503612052	0.83186463	4749
"GO:0004754"	"saccharopine dehydrogenase (NAD+, L-lysine-forming) activity"	6	3.3774883833761327	0.0052036503345167925	0.8879846162247499	0.68316125	null
"GO:0004764"	"shikimate 3-dehydrogenase (NADP+) activity"	18	4.216561735047927	0.035936618753139464	0.8637513694644071	0.64125539	null
"GO:0004765"	"shikimate kinase activity"	11	4.086893471309455	0.026659977007461456	0.8792976251763416	0.47796426	null
"GO:0004766"	"spermidine synthase activity"	16	3.718584720027436	0.011415726195269642	0.8936809947232159	0.60965388	null
"GO:0004771"	"sterol ester esterase activity"	5	3.599773939146388	0.008682936673954615	0.8933867228132484	0.62401731	null
"GO:0004781"	"sulfate adenylyltransferase (ATP) activity"	16	4.283775978711523	0.04195224808280736	0.8724577749314876	0.48448126	null
"GO:0000309"	"nicotinamide-nucleotide adenylyltransferase activity"	1	3.91902576458736	0.018112370166032024	0.8785612580855393	0.71898074	4781
"GO:0003919"	"FMN adenylyltransferase activity"	4	4.097430853944242	0.027314798777744606	0.875651334211096	0.73746299	4781
"GO:0004515"	"nicotinate-nucleotide adenylyltransferase activity"	2	4.116840102412664	0.028563325619751154	0.8753262476618953	0.73953117	4781
"GO:0004595"	"pantetheine-phosphate adenylyltransferase activity"	2	4.020444155366574	0.022877289914459104	0.8769241197823504	0.72937221	4781
"GO:0008878"	"glucose-1-phosphate adenylyltransferase activity"	3	3.9838517189914717	0.021028509783026332	0.8775199179429738	0.72558847	4781
"GO:0008882"	"[glutamate-ammonia-ligase] adenylyltransferase activity"	5	3.734399742520567	0.011839177606719415	0.8814315629476919	0.70080387	4781
"GO:1990817"	"poly(A) RNA polymerase activity"	14	4.273579945676206	0.04097874638431974	0.8726367883681347	0.75666743	4781
"GO:0004789"	"thiamine-phosphate diphosphorylase activity"	4	4.065915668188592	0.025402719208517797	0.8887527572719197	0.64380759	null
"GO:0004798"	"thymidylate kinase activity"	36	4.109612290308459	0.02809185394514728	0.8632635663378553	0.43876649	null
"GO:0004017"	"adenylate kinase activity"	8	4.420994829643957	0.05754137169401497	0.8572900405130673	0.81434141	4798
"GO:0004127"	"(d)CMP kinase activity"	7	4.292765403851628	0.04282970925498679	0.8598125980199046	0.8369129	4798
"GO:0004385"	"guanylate kinase activity"	1	4.143295907124072	0.030357537270326994	0.8613081331656787	0.81840075	4798
"GO:0004550"	"nucleoside diphosphate kinase activity"	9	4.579703587632248	0.08292662898865855	0.866403703704367	0.76464048	4798
"GO:0008976"	"polyphosphate kinase activity"	9	4.19309675807227	0.03404636657625543	0.875340699021298	0.70427046	4798
"GO:0033862"	"UMP kinase activity"	2	4.162415036106447	0.03172393203098451	0.8622863568193854	0.82072291	4798
"GO:0036430"	"CMP kinase activity"	2	3.868938178332911	0.016139173898245457	0.8673960102907982	0.88784464	4798
"GO:0036431"	"dCMP kinase activity"	2	3.868938178332911	0.016139173898245457	0.8673960102907982	0.75311792	4798
"GO:0004799"	"thymidylate synthase activity"	19	4.1525329484345255	0.03101017630137587	0.8813714111079988	0.59517382	null
"GO:0050797"	"thymidylate synthase (FAD) activity"	10	3.594060901270418	0.0085694342337722	0.8896806839484439	0.92405683	4799
"GO:0004800"	"thyroxine 5'-deiodinase activity"	1	3.406028944963615	0.005557254090469696	0.8950913621258035	0.27712287	null
"GO:0004803"	"transposase activity"	657	4.99877791467069	0.21765839096365164	0.9028800679598246	0.04241639	null
"GO:0004806"	"triacylglycerol lipase activity"	220	4.678700434998304	0.10415813352047265	0.8762970735760972	0.48782956	null
"GO:0004620"	"phospholipase activity"	21	5.16558557182839	0.31958358224745875	0.8666206500157162	0.80240529	4806
"GO:0004622"	"lysophospholipase activity"	52	4.5711495942828835	0.08130921921605916	0.8775948044314497	0.72385252	4806
"GO:0004623"	"phospholipase A2 activity"	30	4.582642793445322	0.08348977571110205	0.8773886606465603	0.80653343	4806
"GO:0004629"	"phospholipase C activity"	23	4.3542813538497285	0.04934736860853844	0.874615947855932	0.77773882	4806
"GO:0004630"	"phospholipase D activity"	5	4.071661123441788	0.025741043789830765	0.8794337139298172	0.7448281	4806
"GO:0004767"	"sphingomyelin phosphodiesterase activity"	13	3.9114239653762946	0.017798055716296113	0.8820026487918345	0.7273763	4806
"GO:0047372"	"monoacylglycerol lipase activity"	67	4.4178203174501425	0.057122285761033745	0.880918938777262	0.70602402	4806
"GO:0070290"	"N-acylphosphatidylethanolamine-specific phospholipase D activity"	1	3.879153246184246	0.016523336003478238	0.8825066974332147	0.72396001	4806
"GO:0004813"	"alanine-tRNA ligase activity"	10	4.2634940417218825	0.04003798577434628	0.8789237733509064	0.6270553	null
"GO:0004814"	"arginine-tRNA ligase activity"	72	4.325454086056255	0.046178031240367984	0.8778613089559465	0.4971085	null
"GO:0004812"	"aminoacyl-tRNA ligase activity"	25	5.534108639562187	0.7466365134337887	0.8525941807286809	0.77291591	4814
"GO:0004818"	"glutamate-tRNA ligase activity"	7	4.325720858019412	0.046206406850413585	0.8778566938525718	0.77295366	4814
"GO:0004826"	"phenylalanine-tRNA ligase activity"	19	4.483130655557931	0.06639237928900893	0.875070858019462	0.79589061	4814
"GO:0004815"	"aspartate-tRNA ligase activity"	4	4.2328182926273605	0.03730737899226553	0.8794429275128361	0.62421125	null
"GO:0004816"	"asparagine-tRNA ligase activity"	15	4.010172703286779	0.022342518802061197	0.8830806971938479	0.6043172	null
"GO:0004817"	"cysteine-tRNA ligase activity"	4	4.2006316548101035	0.0346422543872131	0.8799828530092426	0.62125472	null
"GO:0004820"	"glycine-tRNA ligase activity"	2	4.267101296559969	0.04037194487719069	0.8788624283463703	0.62739144	null
"GO:0004821"	"histidine-tRNA ligase activity"	6	4.255200116657117	0.0392805752600521	0.8790645828300774	0.62628379	null
"GO:0004822"	"isoleucine-tRNA ligase activity"	3	4.2082263059355824	0.035253421372810706	0.8798558935097558	0.62194981	null
"GO:0004823"	"leucine-tRNA ligase activity"	3	4.195401449520219	0.034227533932700435	0.8800701291405792	0.62077694	null
"GO:0004824"	"lysine-tRNA ligase activity"	10	4.226780286814562	0.03679225253297612	0.8795445865757788	0.62365449	null
"GO:0004825"	"methionine-tRNA ligase activity"	28	4.221335979533828	0.03633387729377791	0.8796361018884341	0.62315331	null
"GO:0004827"	"proline-tRNA ligase activity"	5	4.205799621570576	0.035056974841725756	0.8798964897013023	0.62172754	null
"GO:0004828"	"serine-tRNA ligase activity"	7	4.192734671903164	0.034017990966209825	0.8801145803143011	0.62053361	null
"GO:0004829"	"threonine-tRNA ligase activity"	6	4.207930437512971	0.03522941124123365	0.8798608445950655	0.6219227	null
"GO:0004830"	"tryptophan-tRNA ligase activity"	8	4.218351665745133	0.03608504502107031	0.8796862068883866	0.62287894	null
"GO:0004831"	"tyrosine-tRNA ligase activity"	5	4.219374924626256	0.03617017185120712	0.8796690316639475	0.62297299	null
"GO:0004832"	"valine-tRNA ligase activity"	6	4.166104344841616	0.03199459169603488	0.8805566543521653	0.61811415	null
"GO:0004833"	"tryptophan 2,3-dioxygenase activity"	37	3.7694511794020378	0.012834506697549807	0.8756708313627872	0.54730152	null
"GO:0003868"	"4-hydroxyphenylpyruvate dioxygenase activity"	35	3.9023836844324715	0.017431355524937544	0.8735891737620712	0.70080786	4833
"GO:0004411"	"homogentisate 1,2-dioxygenase activity"	8	3.863679667875898	0.015944910106394785	0.8742024737008476	0.7095487	4833
"GO:0050313"	"sulfur dioxygenase activity"	13	3.9809573162296203	0.020888814472032596	0.8723253757096018	0.72073661	4833
"GO:0004834"	"tryptophan synthase activity"	30	4.366703056869286	0.050779245546224275	0.8754993906040011	0.62480606	null
"GO:0004845"	"uracil phosphoribosyltransferase activity"	6	4.108226656374929	0.028002361636541916	0.8845215358632007	0.66179889	null
"GO:0004851"	"uroporphyrin-III C-methyltransferase activity"	4	4.119189882061167	0.028718300105384835	0.8780999203892699	0.59131329	null
"GO:0003838"	"sterol 24-C-methyltransferase activity"	4	3.689930104018218	0.010686691291021065	0.8847398615163705	0.79214913	4851
"GO:0070041"	"rRNA (uridine-C5-)-methyltransferase activity"	2	4.020734085411515	0.022892569089099042	0.8338928079671376	0.8286401	4851
"GO:0070042"	"rRNA (uridine-N3-)-methyltransferase activity"	1	4.126423653737339	0.029200685476160088	0.8316695110561504	0.87696202	4851
"GO:0004852"	"uroporphyrinogen-III synthase activity"	7	4.15044940946088	0.03086175003344502	0.8931593759526972	0.6043156	null
"GO:0004853"	"uroporphyrinogen decarboxylase activity"	4	4.14307728417362	0.030342258095687052	0.891713196805968	0.6829747	null
"GO:0004867"	"serine-type endopeptidase inhibitor activity"	187	4.8503092046323815	0.1546339783131324	0.9902129759917345	-0	null
"GO:0004869"	"cysteine-type endopeptidase inhibitor activity"	33	4.184350674046956	0.03336753467439522	0.9911308472156392	0.83404617	4867
"GO:0004932"	"mating-type factor pheromone receptor activity"	5	3.5338991007965945	0.007460602702759394	0.9912881701419429	0.47070663	null
"GO:0005047"	"signal recognition particle binding"	1	4.267758216651366	0.040433061575750454	0.9900823303455852	0.67918413	null
"GO:0005092"	"GDP-dissociation inhibitor activity"	3	4.2462276777673145	0.038477327221838095	0.9913220550348265	0.5475867	null
"GO:0005094"	"Rho GDP-dissociation inhibitor activity"	4	3.6767850304192056	0.010368011362816596	0.9919939121268071	0.4834768	null
"GO:0005102"	"signaling receptor binding"	2	5.70015401283437	1.094346873454143	0.9825150693695063	0.51026669	null
"GO:0005178"	"integrin binding"	6	4.647216654349607	0.09687433269568972	0.9815904101039121	0.65426425	null
"GO:0005198"	"structural molecule activity"	115	6.151746667822227	3.0956240814896883	1	-0	null
"GO:0005275"	"amine transmembrane transporter activity"	20	3.8004421213362565	0.01378399826446038	0.9585946419859285	0.36559934	null
"GO:0005506"	"iron ion binding"	1762	5.825053334454326	1.4589974726717228	0.9817960958263915	0.12217709	null
"GO:0005507"	"copper ion binding"	393	5.222086677806068	0.3639870464903594	0.9839467759631311	0.52951007	null
"GO:0005509"	"calcium ion binding"	235	5.795675677155207	1.3635681133491246	0.9840319835638995	0.32199777	null
"GO:0005516"	"calmodulin binding"	7	5.073700025297832	0.25864150282643994	0.9845302016248316	0.43951891	null
"GO:0005522"	"profilin binding"	1	3.3098430047160705	0.004452788037925443	0.988323030567063	0.31610365	null
"GO:0005524"	"ATP binding"	9522	6.7540414686143135	12.389199518147217	0.97275784847382	0.5514185	null
"GO:0000166"	"nucleotide binding"	999	6.9236120800790015	18.306860962763057	0.9747719111208857	0.73119307	5524
"GO:0005525"	"GTP binding"	362	5.916743381737514	1.8019581921182901	0.9782395826927117	0.35550638	null
"GO:0005543"	"phospholipid binding"	1	5.489170694452846	0.6732419066812186	0.988797864008317	0.64113005	null
"GO:0008047"	"enzyme activator activity"	35	5.540111647146953	0.7570285349281823	0.9895583707056266	0.66616029	null
"GO:0005085"	"guanyl-nucleotide exchange factor activity"	9	5.31739885744299	0.4533134669139186	0.9897219096936988	0.73585679	8047
"GO:0005096"	"GTPase activator activity"	7	5.296127472928034	0.43164541453524913	0.9894778873875787	0.86050138	8047
"GO:0030234"	"enzyme regulator activity"	1	5.983156562211189	2.0997034683268057	0.9902329880639038	0.71796031	8047
"GO:0030295"	"protein kinase activator activity"	16	4.787998581154551	0.1339656205037618	0.9907026319673012	0.74877112	8047
"GO:0008061"	"chitin binding"	51	4.785884807638073	0.1333151642119472	0.9918823083313253	0.21985966	null
"GO:0008094"	"ATP-dependent activity, acting on DNA"	1	5.680281109863301	1.0453989461254773	0.8773095426777817	0.67828664	null
"GO:0008097"	"5S rRNA binding"	7	4.446304113951924	0.06099446516264147	0.9846675231797105	0.62656969	null
"GO:0008113"	"peptide-methionine (S)-S-oxide reductase activity"	7	4.241222631195892	0.038036413896514104	0.8742776046173775	0.6981493	null
"GO:0004604"	"phosphoadenylyl-sulfate reductase (thioredoxin) activity"	2	3.901730691729219	0.01740516265412622	0.8797005928687219	0.82823735	8113
"GO:0032843"	"hydroperoxide reductase activity"	3	3.1209028176145273	0.002881215789245875	0.8905494399877809	0.74696601	8113
"GO:0033743"	"peptide-methionine (R)-S-oxide reductase activity"	4	4.205637359479429	0.035043878406320096	0.8748690458049233	0.86485156	8113
"GO:0033744"	"L-methionine:thioredoxin-disulfide S-oxidoreductase activity"	3	4.085290578230065	0.02656175374191898	0.8768283663514264	0.84997215	8113
"GO:0036456"	"L-methionine-(S)-S-oxide reductase activity"	4	3.713406532167691	0.011280396362744458	0.8825104777189999	0.80706299	8113
"GO:0043866"	"adenylyl-sulfate reductase (thioredoxin) activity"	2	3.449478399187365	0.00614222820525598	0.8862332526802982	0.77914396	8113
"GO:0008124"	"4-alpha-hydroxytetrahydrobiopterin dehydratase activity"	25	4.017700971224117	0.022733229124996812	0.8950066708919932	0.59238968	null
"GO:0008168"	"methyltransferase activity"	1715	6.061996514261222	2.517665290602371	0.8411906451983109	0.33955996	null
"GO:0008170"	"N-methyltransferase activity"	225	5.381519391263657	0.5254355366929052	0.8581630253804506	0.78377275	8168
"GO:0008171"	"O-methyltransferase activity"	290	5.050739263581431	0.2453224280188806	0.8654419182530672	0.72218051	8168
"GO:0008173"	"RNA methyltransferase activity"	31	5.467473431219567	0.6404331532507983	0.8119265791886894	0.80153628	8168
"GO:0008276"	"protein methyltransferase activity"	87	5.305974414396302	0.4415441369626961	0.8425602140816186	0.76879806	8168
"GO:0008757"	"S-adenosylmethionine-dependent methyltransferase activity"	567	5.788019100970831	1.3397391491285207	0.8480426526220545	0.87553713	8168
"GO:0008169"	"C-methyltransferase activity"	1	4.682172162503082	0.10499412264720082	0.8727088032644448	0.66403608	null
"GO:0008177"	"succinate dehydrogenase (quinone) activity"	3	4.2090590341287974	0.035321086289073295	0.8705066488876425	0.66993032	null
"GO:0106430"	"dihydroorotate dehydrogenase (quinone) activity"	2	3.8370831508231857	0.01499760127871849	0.8765543078342265	0.89585251	8177
"GO:0008184"	"glycogen phosphorylase activity"	4	4.082426300860772	0.026387134603176807	0.885503597050371	0.56799453	null
"GO:0008186"	"ATP-dependent activity, acting on RNA"	6	5.210818620366524	0.35466456722076156	0.9808486079314167	0.57433537	null
"GO:0008198"	"ferrous iron binding"	80	4.80894655644743	0.1405858686013245	0.984912145329833	0.61878394	null
"GO:0008199"	"ferric iron binding"	88	4.665599750633597	0.10106300928626763	0.9852867727932625	0.46851908	null
"GO:0008233"	"peptidase activity"	329	6.2820982422458815	4.179264618999701	0.8604950694354052	0.53142893	null
"GO:0008234"	"cysteine-type peptidase activity"	335	5.443647813101882	0.6062449086243148	0.8751871071803565	0.61855931	null
"GO:0008237"	"metallopeptidase activity"	384	5.794448310033199	1.359719944079094	0.8671040469805424	0.67389601	null
"GO:0004175"	"endopeptidase activity"	117	5.990244703038512	2.1342540476661793	0.8621087118369652	0.74705035	8237
"GO:0008242"	"omega peptidase activity"	1	4.497150888262362	0.06857075304481755	0.8927126882246035	0.50636993	null
"GO:0008253"	"5'-nucleotidase activity"	29	4.485905891492268	0.06681801343969297	0.8815034708366987	0.6634799	null
"GO:0008254"	"3'-nucleotidase activity"	3	3.8377146682849115	0.015019428671061263	0.8916609453037839	0.84904988	8253
"GO:0008441"	"3'(2'),5'-bisphosphate nucleotidase activity"	1	3.942950070077099	0.0191382576061423	0.8901330423419062	0.86201361	8253
"GO:0008270"	"zinc ion binding"	1737	6.245500823257672	3.8415140981053537	0.9799195845670359	0.6961774	null
"GO:0008289"	"lipid binding"	15	5.752489436297913	1.2344983769478466	0.9929814040909898	0.05650019	null
"GO:0008312"	"7S RNA binding"	1	4.414789569118668	0.05672502722039531	0.9852612148615764	0.43952671	null
"GO:0008320"	"protein transmembrane transporter activity"	61	5.010778943150474	0.2237569643842221	0.947946939664809	0.4469494	null
"GO:0009977"	"proton motive force dependent protein transmembrane transporter activity"	15	3.9652957958116564	0.02014886587161263	0.945188239523942	0.83173361	8320
"GO:0015450"	"protein-transporting ATPase activity"	20	4.425941588018896	0.05820055894276668	0.9327763368646288	0.89683827	8320
"GO:0015648"	"lipid-linked peptidoglycan transporter activity"	53	4.468110915337237	0.06413542692076632	0.9523241802685625	0.84890913	8320
"GO:0008324"	"monoatomic cation transmembrane transporter activity"	67	6.118996092927394	2.870764833792156	0.928833201931036	0.48095196	null
"GO:0015075"	"monoatomic ion transmembrane transporter activity"	13	6.188713110254052	3.3706579559655494	0.9308060514806135	0.86781705	8324
"GO:0015078"	"proton transmembrane transporter activity"	4	5.7310421288094915	1.1750143673353248	0.9274572386676553	0.81951401	8324
"GO:0022857"	"transmembrane transporter activity"	4260	6.655210971305204	9.86762712431549	0.9362961865581352	0.70361002	8324
"GO:0046873"	"metal ion transmembrane transporter activity"	8	5.839245439567267	1.5074630146296133	0.927599290399598	0.8458757	8324
"GO:0008331"	"high voltage-gated calcium channel activity"	2	3.9711830408561615	0.020423891015131555	0.9406993246082007	0.54384427	null
"GO:0005219"	"ryanodine-sensitive calcium-release channel activity"	1	3.694868327982456	0.010808924688140587	0.9380436480262099	0.70610968	8331
"GO:0008336"	"gamma-butyrobetaine dioxygenase activity"	2	2.910090545594068	0.0017723842582330685	0.8810719655582785	0.56693078	null
"GO:0008373"	"sialyltransferase activity"	3	4.227552503379864	0.03685773471000443	0.8858749811891866	0.58334914	null
"GO:0008374"	"O-acyltransferase activity"	43	5.226836962706955	0.36799019024602375	0.8617827863386273	0.67353095	null
"GO:0008375"	"acetylglucosaminyltransferase activity"	6	4.823128481857082	0.1452525650842091	0.8720187267922779	0.68335268	null
"GO:0016906"	"sterol 3-beta-glucosyltransferase activity"	1	3.7149999674120426	0.011321868408195723	0.8893087178510849	0.79421168	8375
"GO:0035251"	"UDP-glucosyltransferase activity"	1	4.8856269179141405	0.16773477919726404	0.8700066260844956	0.79273315	8375
"GO:0008381"	"mechanosensitive monoatomic ion channel activity"	30	4.60612329172563	0.08812809658394107	0.9417513872938025	0.6189664	null
"GO:0008395"	"steroid hydroxylase activity"	122	4.361085360488826	0.0501266065151754	0.8704161396699563	0.6219874	null
"GO:0008410"	"CoA-transferase activity"	95	4.516257653941758	0.0716549635828512	0.8871712603867399	0.22448438	null
"GO:0004076"	"biotin synthase activity"	1	3.8767949762007006	0.016433843694872875	0.8961064737261052	0.74766632	8410
"GO:0004792"	"thiosulfate sulfurtransferase activity"	60	4.552595219308609	0.07790851148905532	0.8860635280025425	0.72439226	8410
"GO:0008146"	"sulfotransferase activity"	15	4.868861825059408	0.16138300802551744	0.8811958845838394	0.76768123	8410
"GO:0016783"	"sulfurtransferase activity"	11	5.077549580451794	0.26094429271860237	0.8773482017056823	0.84265046	8410
"GO:0016992"	"lipoate synthase activity"	3	4.053347392169267	0.024678049782737778	0.8834314486122747	0.76732306	8410
"GO:0031071"	"cysteine desulfurase activity"	20	4.372267444095654	0.05143406731650743	0.8889301574680621	0.80557908	8410
"GO:0103016"	"tRNA-uridine 2-sulfurtransferase activity"	3	3.8897497752640375	0.016931508240288072	0.8517962128981095	0.74907439	8410
"GO:0008428"	"ribonuclease inhibitor activity"	3	3.5282737771670436	0.007364562176451199	0.9919915940208752	0.66115204	null
"GO:0008430"	"selenium binding"	1	3.6201360549737576	0.009099839867701555	0.9914934365302357	0.0827794	null
"GO:0008442"	"3-hydroxyisobutyrate dehydrogenase activity"	7	3.821513528404773	0.014469378384023414	0.8704813188671529	0.59605375	null
"GO:0008446"	"GDP-mannose 4,6-dehydratase activity"	3	3.872505899345925	0.016272320991536363	0.8969549106618253	0.57987278	null
"GO:0008460"	"dTDP-glucose 4,6-dehydratase activity"	29	4.111228898234156	0.028196625428392588	0.8937119370377631	0.60074243	null
"GO:0008476"	"protein-tyrosine sulfotransferase activity"	14	3.7297315952870354	0.011712578731131337	0.8839171693934973	0.6401473	null
"GO:0001517"	"N-acetylglucosamine 6-O-sulfotransferase activity"	3	3.752969865029084	0.012356486805243106	0.8979802582779046	0.71118134	8476
"GO:0008482"	"sulfite oxidase activity"	25	3.985022082109535	0.021085261003117542	0.8793468463918823	0.68505956	null
"GO:0008483"	"transaminase activity"	741	5.498555895327498	0.6879492036417783	0.8635806585410426	0.28081585	null
"GO:0003992"	"N2-acetyl-L-ornithine:2-oxoglutarate 5-aminotransferase activity"	5	3.922829219666649	0.018271710130134258	0.891648517804205	0.72417747	8483
"GO:0004015"	"adenosylmethionine-8-amino-7-oxononanoate transaminase activity"	10	3.9682026681428497	0.020284195704137815	0.8910022452744734	0.72978986	8483
"GO:0004021"	"L-alanine:2-oxoglutarate aminotransferase activity"	1	3.7450747915820575	0.012133847403346833	0.8941075759041155	0.70299693	8483
"GO:0004069"	"L-aspartate:2-oxoglutarate aminotransferase activity"	15	4.291057894434276	0.04266163833394745	0.8861688271624885	0.77238152	8483
"GO:0004084"	"branched-chain-amino-acid transaminase activity"	15	4.232284402080395	0.03726154146834571	0.8870806991691031	0.76426194	8483
"GO:0004360"	"glutamine-fructose-6-phosphate transaminase (isomerizing) activity"	21	4.236738743506645	0.03764570357357849	0.8867296315692851	0.76487133	8483
"GO:0004400"	"histidinol-phosphate transaminase activity"	20	4.140288011811867	0.03014799430383638	0.8884787684153808	0.75188967	8483
"GO:0004587"	"ornithine aminotransferase activity"	3	3.7885925559203595	0.013412932594633258	0.8935160154328039	0.7080671	8483
"GO:0004648"	"O-phospho-L-serine:2-oxoglutarate aminotransferase activity"	2	4.030882953109667	0.023433888419199782	0.8900965559911146	0.73768753	8483
"GO:0004760"	"L-serine-pyruvate transaminase activity"	10	4.040364955860061	0.023951197617723477	0.8899582223220825	0.73889715	8483
"GO:0004838"	"L-tyrosine-2-oxoglutarate transaminase activity"	3	3.74350976472843	0.012090192618661288	0.8941287267264582	0.70281594	8483
"GO:0008453"	"alanine-glyoxylate transaminase activity"	10	4.161218219691016	0.03163662246161342	0.8881637733846637	0.75466919	8483
"GO:0008793"	"aromatic-amino-acid transaminase activity"	8	3.8737854608182007	0.01632034125469046	0.8923384266799734	0.71820729	8483
"GO:0016212"	"kynurenine-oxoglutarate transaminase activity"	18	3.968623020956989	0.02030384035724631	0.8909962216370492	0.72984226	8483
"GO:0046820"	"4-amino-4-deoxychorismate synthase activity"	36	3.9652957958116564	0.02014886587161263	0.8910438822440553	0.7294277	8483
"GO:0047310"	"glutamine-scyllo-inositol transaminase activity"	2	2.4955443375464483	0.0006810146410944796	0.9083819965596448	0.79495207	8483
"GO:0052654"	"L-leucine-2-oxoglutarate transaminase activity"	18	4.077404246398098	0.026083733849612278	0.8887296700817149	0.95639256	8483
"GO:0052655"	"L-valine-2-oxoglutarate transaminase activity"	18	4.077186154085897	0.026070637414206614	0.8887328968440614	0.95636345	8483
"GO:0052656"	"L-isoleucine-2-oxoglutarate transaminase activity"	18	4.077186154085897	0.026070637414206614	0.8887328968440614	0.74363229	8483
"GO:0008484"	"sulfuric ester hydrolase activity"	8	4.6517624473801105	0.09789367191809717	0.8862949039244701	0.48509135	null
"GO:0008519"	"ammonium channel activity"	6	4.421077190017022	0.05755228539018636	0.9391991560054604	0.53781669	null
"GO:0008531"	"riboflavin kinase activity"	3	4.1157768761589635	0.028493477964254284	0.8788261249465951	0.48057052	null
"GO:0008556"	"P-type potassium transmembrane transporter activity"	41	4.412930708529595	0.056482743165390537	0.9231925671652407	0.67602724	null
"GO:0005245"	"voltage-gated calcium channel activity"	1	4.458169313632835	0.062683905329972	0.9362997397897109	0.85549296	8556
"GO:0005249"	"voltage-gated potassium channel activity"	21	4.993616965207799	0.21508712414567313	0.9302281208144959	0.87808654	8556
"GO:0005262"	"calcium channel activity"	2	4.95268591405336	0.1957415063122745	0.9320263528430573	0.84313728	8556
"GO:0005267"	"potassium channel activity"	37	5.078395185915747	0.26145287096018893	0.9302372284541044	0.79063486	8556
"GO:0005388"	"P-type calcium transporter activity"	5	4.371548092683851	0.05134894048637061	0.9238231257025203	0.81362932	8556
"GO:0005391"	"P-type sodium:potassium-exchanging transporter activity"	2	3.963835030702148	0.02008120095535004	0.9270464022503655	0.76586307	8556
"GO:0008553"	"P-type proton-exporting transporter activity"	1	3.8716313045375537	0.016239579903022206	0.9308036411304123	0.7558277	8556
"GO:0015079"	"potassium ion transmembrane transporter activity"	6	5.3448420562423165	0.48288303532067156	0.9297995213378026	0.91576929	8556
"GO:0043682"	"P-type divalent copper transporter activity"	24	4.407152869670635	0.05573624634726775	0.9230544453867068	0.81808495	8556
"GO:0046961"	"proton-transporting ATPase activity, rotational mechanism"	26	4.961577696625092	0.1997904875918587	0.9188298964763765	0.78606376	8556
"GO:0008609"	"alkylglycerone-phosphate synthase activity"	9	3.5374412834079476	0.007521719401319156	0.8960805864065489	0.59323905	null
"GO:0008660"	"1-aminocyclopropane-1-carboxylate deaminase activity"	1	3.119585774961784	0.0028724848323087664	0.9042223773572702	0.4429129	null
"GO:0008662"	"1-phosphofructokinase activity"	5	3.433609843323718	0.005921771542593985	0.8803148795376726	0.66443588	null
"GO:0003872"	"6-phosphofructokinase activity"	5	4.32166055684867	0.04577640722126098	0.8559388771692422	0.82675268	8662
"GO:0047334"	"diphosphate-fructose-6-phosphate 1-phosphotransferase activity"	2	3.9143431571194407	0.017918106374181356	0.872794897243181	0.88285379	8662
"GO:0008664"	"RNA 2',3'-cyclic 3'-phosphodiesterase activity"	34	3.703463341883293	0.011025015872334027	0.8923565935332163	0.57315029	null
"GO:0008667"	"2,3-dihydro-2,3-dihydroxybenzoate dehydrogenase activity"	27	3.2113875529368587	0.0035491339949346914	0.8842549323003682	0.57547503	null
"GO:0008668"	"2,3-dihydroxybenzoate--[aryl-carrier protein] ligase"	3	2.5921767573958667	0.0008512683013680994	0.9336778400770516	0.61613583	null
"GO:0008670"	"2,4-dienoyl-CoA reductase (NADPH) activity"	11	3.884228769632604	0.016717599795328907	0.8744209822488658	0.67128705	null
"GO:0008673"	"2-dehydro-3-deoxygluconokinase activity"	5	3.3961993470957363	0.005432837954115897	0.8811091546192563	0.66130411	null
"GO:0008675"	"2-dehydro-3-deoxy-phosphogluconate aldolase activity"	5	3.6405808064896528	0.009538570453791268	0.8995052648000489	0.68728025	null
"GO:0008676"	"3-deoxy-8-phosphooctulonate synthase activity"	1	3.71281800020785	0.011265117188104516	0.8937591054674447	0.60911735	null
"GO:0008677"	"2-dehydropantoate 2-reductase activity"	26	4.058388059993333	0.024966171361662362	0.8665290948927182	0.62235884	null
"GO:0008679"	"2-hydroxy-3-oxopropionate reductase activity"	6	3.459241664878082	0.006281923516249719	0.8760889692515145	0.55985899	null
"GO:0008684"	"2-oxopent-4-enoate hydratase activity"	34	3.7826875682349663	0.013231765238188255	0.898124089147145	0.57239091	null
"GO:0008686"	"3,4-dihydroxy-2-butanone-4-phosphate synthase activity"	5	4.167966813395621	0.03213210426779434	0.8936893453570769	0.68593697	null
"GO:0008687"	"3,4-dihydroxyphenylacetate 2,3-dioxygenase activity"	1	2.813580988568192	0.0014187805022801657	0.8888262435536222	0.61345123	null
"GO:0008688"	"3-(3-hydroxyphenyl)propionate hydroxylase activity"	41	3.3941013020400446	0.00540664508330457	0.8762931643359368	0.64803933	null
"GO:0008691"	"3-hydroxybutyryl-CoA dehydrogenase activity"	39	3.8377146682849115	0.015019428671061263	0.8702185500784875	0.5977819	null
"GO:0008694"	"3-octaprenyl-4-hydroxybenzoate carboxy-lyase activity"	6	3.510813010512496	0.007074257858292334	0.9000635957404721	0.61545105	null
"GO:0008703"	"5-amino-6-(5-phosphoribosylamino)uracil reductase activity"	169	4.472858796225402	0.06484045169343786	0.8589934131809247	0.67443564	null
"GO:0008704"	"5-carboxymethyl-2-hydroxymuconate delta-isomerase activity"	31	3.364926033789976	0.005055224066585945	0.9258905203583015	0.62069574	null
"GO:0004165"	"delta(3)-delta(2)-enoyl-CoA isomerase activity"	7	3.961231197044663	0.019961150297464793	0.9201398638755712	0.79510656	8704
"GO:0004452"	"isopentenyl-diphosphate delta-isomerase activity"	5	3.924795995797912	0.01835465422103679	0.9205167285836476	0.85498555	8704
"GO:0004769"	"steroid delta-isomerase activity"	1	3.3564083270389813	0.004957000801043472	0.9259666709523073	0.73918159	8704
"GO:0016159"	"muconolactone delta-isomerase activity"	5	2.8998205024270964	0.0017309122127818024	0.9298322501165949	0.70189244	8704
"GO:0034017"	"trans-2-decenoyl-acyl-carrier-protein isomerase activity"	18	3.3370597263205246	0.004740909616850031	0.92613907327103	0.73752174	8704
"GO:0051750"	"delta(3,5)-delta(2,4)-dienoyl-CoA isomerase activity"	2	3.4446692309385245	0.006074563288993387	0.9251699301589396	0.80311906	8704
"GO:0008706"	"6-phospho-beta-glucosidase activity"	1	3.06595298031387	0.0025385257294643585	0.9047782515242855	0.52256755	null
"GO:0008710"	"8-amino-7-oxononanoate synthase activity"	9	3.6774244377012475	0.010383290537456536	0.8891134591902883	0.48789668	null
"GO:0008713"	"ADP-heptose-lipopolysaccharide heptosyltransferase activity"	25	4.049528122277718	0.024461958598544335	0.888593399708905	0.56462551	null
"GO:0008715"	"CDP-diacylglycerol diphosphatase activity"	6	2.569373909615046	0.0008076135166825559	0.9286483856343952	0.35897259	null
"GO:0008716"	"D-alanine-D-alanine ligase activity"	31	4.150695051142714	0.03087921194731924	0.9144442642741385	0.69358566	null
"GO:0004326"	"tetrahydrofolylpolyglutamate synthase activity"	5	4.306210508167761	0.04417645936253581	0.9047337204797771	0.70965958	8716
"GO:0008841"	"dihydrofolate synthase activity"	2	4.043833654133147	0.024143278670339868	0.9024070087773762	0.75424715	8716
"GO:0008720"	"D-lactate dehydrogenase activity"	45	4.186956335465412	0.03356834668394872	0.863168116530756	0.63763176	null
"GO:0004458"	"D-lactate dehydrogenase (cytochrome) activity"	42	4.092018470752797	0.026976474196431646	0.8658835956860982	0.88146795	8720
"GO:0004459"	"L-lactate dehydrogenase activity"	10	4.263801707916311	0.04006636138439188	0.8617800708634795	0.90350625	8720
"GO:0004460"	"L-lactate dehydrogenase (cytochrome) activity"	1	3.4101020766428607	0.005609639832092348	0.8767237888320826	0.88885508	8720
"GO:0008726"	"alkanesulfonate monooxygenase activity"	150	4.196977135375119	0.03435195006905423	0.8660996550382098	0.60531622	null
"GO:0004392"	"heme oxygenase (decyclizing) activity"	7	3.794139355767774	0.013585368994141159	0.8727685784674568	0.79191243	8726
"GO:0070330"	"aromatase activity"	8	3.6158448828747023	0.009010347559096191	0.8755111664147984	0.77310621	8726
"GO:0008732"	"L-allo-threonine aldolase activity"	26	3.9086458389071135	0.0176845532761137	0.8960543891380947	0.65627914	null
"GO:0004139"	"deoxyribose-phosphate aldolase activity"	2	3.982225991674675	0.020949931170592354	0.8950651338351165	0.76095748	8732
"GO:0004150"	"dihydroneopterin aldolase activity"	3	4.019199401055288	0.02281180773743079	0.8945608656107069	0.76498677	8732
"GO:0004332"	"fructose-bisphosphate aldolase activity"	18	4.319501639056495	0.045549402340896154	0.8902773692323872	0.75306372	8732
"GO:0008733"	"L-arabinose isomerase activity"	2	3.4456042032735974	0.00608765972439905	0.9257240421586478	0.68382284	null
"GO:0008736"	"L-fucose isomerase activity"	2	3.3027637084729817	0.004380757643194296	0.926999149464675	0.67118129	null
"GO:0008740"	"L-rhamnose isomerase activity"	2	3.3690302218091532	0.005103244329740042	0.9264130912811764	0.67698755	null
"GO:0008741"	"ribulokinase activity"	4	3.2342641243787895	0.0037412150475510837	0.8834211598861175	0.64808025	null
"GO:0008742"	"L-ribulose-phosphate 4-epimerase activity"	1	3.0507663112330423	0.002451216160093271	0.9293513166676511	0.59476483	null
"GO:0008743"	"L-threonine 3-dehydrogenase activity"	5	3.729812507160936	0.011714761470365615	0.8719486190307896	0.58645723	null
"GO:0008745"	"N-acetylmuramoyl-L-alanine amidase activity"	300	4.527977712627404	0.07361506341523211	0.8830950734496524	0.22549592	null
"GO:0003796"	"lysozyme activity"	50	4.2523189329416535	0.03902082929117311	0.8889341577631124	0.83374616	8745
"GO:0008932"	"lytic endotransglycosylase activity"	72	4.145569297792989	0.030516877234429227	0.8915915013442602	0.87350491	8745
"GO:0008933"	"lytic transglycosylase activity"	66	4.522822283327583	0.0727463331999898	0.8859047888759958	0.86971053	8745
"GO:0030570"	"pectate lyase activity"	43	4.191003634067977	0.033882661133684634	0.8924422863190696	0.87951104	8745
"GO:0008752"	"FMN reductase (NAD(P)H) activity"	11	3.1209028176145273	0.002881215789245875	0.8912990698945292	0.66109462	null
"GO:0008758"	"UDP-2,3-diacylglucosamine hydrolase activity"	43	4.2033593015223	0.03486052831064081	0.9122812434148626	0.47994106	null
"GO:0008760"	"UDP-N-acetylglucosamine 1-carboxyvinyltransferase activity"	5	4.060811119791346	0.025105866672656102	0.8888285215348364	0.64327799	null
"GO:0008762"	"UDP-N-acetylmuramate dehydrogenase activity"	6	3.98109342314593	0.020895362689735426	0.8678452674374053	0.61352381	null
"GO:0008763"	"UDP-N-acetylmuramate-L-alanine ligase activity"	1	3.9561203863930197	0.019727597199397134	0.9166604397429905	0.67488926	null
"GO:0008764"	"UDP-N-acetylmuramoylalanine-D-glutamate ligase activity"	3	3.965906915495192	0.020177241481658236	0.9165517288338324	0.67580554	null
"GO:0008765"	"UDP-N-acetylmuramoylalanyl-D-glutamate-2,6-diaminopimelate ligase activity"	3	3.888179493918325	0.01687039154172831	0.9174073744479301	0.66859594	null
"GO:0008766"	"UDP-N-acetylmuramoylalanyl-D-glutamyl-2,6-diaminopimelate-D-alanyl-D-alanine ligase activity"	4	3.865340905624584	0.016006026804954547	0.9176554504869148	0.66650666	null
"GO:0008767"	"UDP-galactopyranose mutase activity"	4	3.645422269349092	0.009645524676270851	0.9256966207795273	0.60980248	null
"GO:0008768"	"UDP-sugar diphosphatase activity"	13	3.735359333001711	0.01186537047753074	0.9176974598642467	0.43771818	null
"GO:0008773"	"[protein-PII] uridylyltransferase activity"	8	3.9299805905155147	0.018575110883698783	0.8652648897796495	0.48547157	null
"GO:0003977"	"UDP-N-acetylglucosamine diphosphorylase activity"	3	4.0853262624239886	0.026563936481153256	0.8765979766713922	0.84572549	8773
"GO:0003983"	"UTP:glucose-1-phosphate uridylyltransferase activity"	5	4.11790073206452	0.028633173275248024	0.8760569153802006	0.82766264	8773
"GO:0008108"	"UDP-glucose:hexose-1-phosphate uridylyltransferase activity"	7	3.8217754671834636	0.014478109340960521	0.8808065570280889	0.7952839	8773
"GO:0008774"	"acetaldehyde dehydrogenase (acetylating) activity"	16	3.6413749451921253	0.009556032367665486	0.8814750137488196	0.68203544	null
"GO:0008780"	"acyl-[acyl-carrier-protein]-UDP-N-acetylglucosamine O-acyltransferase activity"	1	3.7555699806288	0.01243069993920853	0.8854400031479437	0.68674361	null
"GO:0008781"	"N-acylneuraminate cytidylyltransferase activity"	9	3.5939502952639875	0.008567251494537924	0.8831966365713969	0.44169863	null
"GO:0004306"	"ethanolamine-phosphate cytidylyltransferase activity"	1	3.5129510799724906	0.00710918168604077	0.8843720348408679	0.71153786	8781
"GO:0004605"	"phosphatidate cytidylyltransferase activity"	8	4.215267343431722	0.03582966453065988	0.8733121914822903	0.77806338	8781
"GO:0004810"	"CCA tRNA nucleotidyltransferase activity"	4	3.861773296718693	0.015875062450897915	0.8365397620648979	0.80683104	8781
"GO:0008690"	"3-deoxy-manno-octulosonate cytidylyltransferase activity"	3	3.739809599021359	0.011987603874650261	0.8810182802982167	0.79347155	8781
"GO:0047343"	"glucose-1-phosphate cytidylyltransferase activity"	4	3.3981136917305026	0.005456848085692945	0.8859982956345376	0.70172541	8781
"GO:0050518"	"2-C-methyl-D-erythritol 4-phosphate cytidylyltransferase activity"	3	3.9611837098124356	0.01995896755823052	0.8775512428904979	0.81805712	8781
"GO:0008782"	"adenosylhomocysteine nucleosidase activity"	51	3.8570911546735136	0.015704808790624296	0.8944625973172506	0.6565917	null
"GO:0008790"	"arabinose isomerase activity"	2	3.074450718954591	0.002588728731852733	0.928948838334327	0.65191375	null
"GO:0008792"	"arginine decarboxylase activity"	5	3.729083757043612	0.01169511681725712	0.8973311559574866	0.63720106	null
"GO:0008794"	"arsenate reductase (glutaredoxin) activity"	4	3.711047603867034	0.011219279664184695	0.8911028536134791	0.29163044	null
"GO:0008800"	"beta-lactamase activity"	151	4.1973357031300615	0.034380325679099835	0.8910918920195354	0.51529479	null
"GO:0004038"	"allantoinase activity"	13	4.206798900381547	0.03513773619339401	0.890950349616872	0.81927909	8800
"GO:0004151"	"dihydroorotase activity"	2	4.176872286409177	0.03279783973424888	0.8913967017842808	0.79577297	8800
"GO:0004157"	"dihydropyrimidinase activity"	1	3.473924693416157	0.00649801470044316	0.9009150666371184	0.72264706	8800
"GO:0017168"	"5-oxoprolinase (ATP-hydrolyzing) activity"	45	4.36674038984291	0.050783611024692824	0.8885006182809014	0.81813178	8800
"GO:0033971"	"hydroxyisourate hydrolase activity"	10	3.7501225267834	0.012275725453574849	0.8973828830067907	0.74971862	8800
"GO:0050480"	"imidazolonepropionase activity"	3	3.775173385424787	0.013004760357823426	0.8970499264176498	0.75227446	8800
"GO:0008802"	"betaine-aldehyde dehydrogenase (NAD+) activity"	1	3.4616485680634552	0.006316847343998153	0.8831150700879862	0.69417007	null
"GO:0008806"	"carboxymethylenebutenolidase activity"	1	2.979548374704095	0.002080150490266151	0.9021098206677579	0.4921705	null
"GO:0008807"	"carboxyvinyl-carboxyphosphonate phosphorylmutase activity"	4	2.296665190261531	0.0004299996291526041	0.9023388645111593	0.57112406	null
"GO:0008810"	"cellulase activity"	66	4.352317610936827	0.049124729206642175	0.8895565085291418	0.65402542	null
"GO:0008812"	"choline dehydrogenase activity"	6	3.5538830266438746	0.007812023719478021	0.8757505810705203	0.56888434	null
"GO:0008817"	"corrinoid adenosyltransferase activity"	3	4.128173014749728	0.029318553394811056	0.8878202413036023	0.65033766	null
"GO:0008818"	"cobalamin 5'-phosphate synthase activity"	13	3.743352951409556	0.012085827140192736	0.8842773596218848	0.68537188	null
"GO:0008824"	"cyanate hydratase activity"	3	3.425697213362591	0.005814817320114403	0.9062597695280535	0.69047553	null
"GO:0008825"	"cyclopropane-fatty-acyl-phospholipid synthase activity"	1	3.205745540942662	0.003503296471014871	0.8924892358743195	0.50207884	null
"GO:0008829"	"dCTP deaminase activity"	17	3.8706964579892498	0.01620465607527377	0.8938010292860985	0.67294749	null
"GO:0008830"	"dTDP-4-dehydrorhamnose 3,5-epimerase activity"	48	3.9685296443748395	0.020299474878777757	0.9208747731565449	0.67070764	null
"GO:0003978"	"UDP-glucose 4-epimerase activity"	26	4.311329952303793	0.044700316778762336	0.9171612837185179	0.78297318	8830
"GO:0004034"	"aldose 1-epimerase activity"	30	4.0790002523038495	0.026179774375920475	0.9197150403993272	0.74607421	8830
"GO:0004750"	"D-ribulose-phosphate 3-epimerase activity"	2	4.131875187972593	0.02956956840675293	0.9191478092783503	0.78899206	8830
"GO:0008761"	"UDP-N-acetylglucosamine 2-epimerase activity"	3	3.974373507081423	0.02057450002229668	0.9208142656004318	0.7466741	8830
"GO:0047938"	"glucose-6-phosphate 1-epimerase activity"	1	3.734239604435455	0.01183481212825086	0.9232265473938048	0.71231153	8830
"GO:0008831"	"dTDP-4-dehydrorhamnose reductase activity"	20	3.936564005135266	0.01885886698415482	0.8685916759129972	0.60854684	null
"GO:0008832"	"dGTPase activity"	4	4.124634624019139	0.02908063481827484	0.8888157240294404	0.61847623	null
"GO:0008834"	"di-trans,poly-cis-undecaprenyl-diphosphate synthase activity"	24	3.8523579836678272	0.015534555130350677	0.8900603009660113	0.62237048	null
"GO:0008835"	"diaminohydroxyphosphoribosylaminopyrimidine deaminase activity"	15	3.974971994298069	0.020602875632342282	0.8923280011619866	0.68271866	null
"GO:0008836"	"diaminopimelate decarboxylase activity"	86	4.191674531959229	0.03393504687530729	0.8910128951029621	0.68878257	null
"GO:0008839"	"4-hydroxy-tetrahydrodipicolinate reductase"	9	4.069557104582695	0.025616627653476963	0.8714094300871785	0.69430614	null
"GO:0008840"	"4-hydroxy-tetrahydrodipicolinate synthase activity"	75	4.43713196609433	0.0597197454498236	0.8889376742185966	0.63178254	null
"GO:0008843"	"endochitinase activity"	16	3.3684728384403617	0.0050966961120372115	0.9029777673229922	0.54850402	null
"GO:0008849"	"enterochelin esterase activity"	22	2.7442929831226763	0.0012092375357895568	0.9114648101967638	0.34708606	null
"GO:0008864"	"formyltetrahydrofolate deformylase activity"	7	3.8870543780509568	0.016826736757042767	0.8949913107426455	0.59375603	null
"GO:0008867"	"galactarate dehydratase activity"	1	3.0530784434834195	0.002464312595498934	0.9067177124395973	0.45608427	null
"GO:0008869"	"galactonate dehydratase activity"	4	3.385606273598312	0.005301873600059266	0.9029886730681052	0.47540242	null
"GO:0008874"	"gluconate 5-dehydrogenase activity"	1	3.083860800866573	0.00264547995194394	0.8814062983949447	0.52670738	null
"GO:0008879"	"glucose-1-phosphate thymidylyltransferase activity"	17	3.9154526016884788	0.017963943898101176	0.8803389286927964	0.36828993	null
"GO:0008887"	"glycerate kinase activity"	15	3.9952841076892596	0.02158947376623557	0.8807688132669079	0.46988176	null
"GO:0008889"	"glycerophosphodiester phosphodiesterase activity"	17	4.106836587366795	0.027912869327936553	0.8864057369465815	0.65964141	null
"GO:0004112"	"cyclic-nucleotide phosphodiesterase activity"	1	4.627673031766616	0.09261144297114639	0.8776605553949599	0.72307461	8889
"GO:0008892"	"guanine deaminase activity"	3	3.756940236046724	0.01246998924542552	0.8953623122014555	0.66260167	null
"GO:0008893"	"guanosine-3',5'-bis(diphosphate) 3'-diphosphatase activity"	5	3.9093420383613084	0.0177129288861593	0.8920214403228751	0.59444652	null
"GO:0008897"	"holo-[acyl-carrier-protein] synthase activity"	351	4.336159426484781	0.047330517556066334	0.8747790237764959	0.39881086	null
"GO:0003882"	"CDP-diacylglycerol-serine O-phosphatidyltransferase activity"	2	3.7389390312034796	0.011963593743073214	0.8841440755925537	0.87783819	8897
"GO:0008444"	"CDP-diacylglycerol-glycerol-3-phosphate 3-phosphatidyltransferase activity"	9	4.176235999760872	0.03274981947109478	0.8772953202898226	0.72894531	8897
"GO:0008963"	"phospho-N-acetylmuramoyl-pentapeptide-transferase activity"	2	3.9733587998863977	0.020526479759142582	0.880769905122122	0.70785468	8897
"GO:0030572"	"phosphatidyltransferase activity"	7	4.166222834572085	0.03200332265297198	0.8776590991560939	0.72787494	8897
"GO:0008901"	"ferredoxin hydrogenase activity"	3	3.8915374576725643	0.017001355895784942	0.8879603260716139	0.30095208	null
"GO:0050583"	"hydrogen dehydrogenase (NADP+) activity"	2	2.7867514221455614	0.001333653672143356	0.90170845886719	0.85886286	8901
"GO:0008902"	"hydroxymethylpyrimidine kinase activity"	1	4.04590946703501	0.024258963849756558	0.879960319664425	0.47431424	null
"GO:0008903"	"hydroxypyruvate isomerase activity"	11	3.0874264570362855	0.002667307344286712	0.9288408200392275	0.65297928	null
"GO:0008909"	"isochorismate synthase activity"	17	3.656960182742849	0.009905270645149835	0.9255886031098922	0.61075943	null
"GO:0008914"	"leucyl-tRNA--protein transferase activity"	5	3.8944822150100906	0.01711704107520163	0.8739795934037621	0.50749353	null
"GO:0008917"	"lipopolysaccharide N-acetylglucosaminyltransferase activity"	1	1.3010299956639813	4.1472045451266386E-05	0.9072103761559807	0.37653969	null
"GO:0008925"	"maltose O-acetyltransferase activity"	2	2.7015679850559273	0.0010957350956071433	0.8960491809872001	0.59751024	null
"GO:0008927"	"mannonate dehydratase activity"	3	3.640779477344857	0.009542935932259824	0.8999178991460277	0.56095508	null
"GO:0008930"	"methylthioadenosine nucleosidase activity"	51	3.8758133888397577	0.016396737127890165	0.8942028776578328	0.59828496	null
"GO:0000701"	"purine-specific mismatch base pair DNA N-glycosylase activity"	3	4.006637159068586	0.02216135144561619	0.855197886137022	0.91082512	8930
"GO:0000703"	"oxidized pyrimidine nucleobase lesion DNA N-glycosylase activity"	11	3.904931827395653	0.017533944268948574	0.8572163942019455	0.89134259	8930
"GO:0003905"	"alkylbase DNA N-glycosylase activity"	7	4.384281712885585	0.05287685795036465	0.8476890592590628	0.81306182	8930
"GO:0004844"	"uracil DNA N-glycosylase activity"	30	4.344038405543933	0.048197065032074375	0.8485499087109881	0.70161314	8930
"GO:0008263"	"pyrimidine-specific mismatch base pair DNA N-glycosylase activity"	5	3.630834517828051	0.009326844748066382	0.8621253292063003	0.72953755	8930
"GO:0008477"	"purine nucleosidase activity"	15	4.245413953304825	0.03840529682710695	0.8887978091366469	0.74013322	8930
"GO:0008725"	"DNA-3-methyladenine glycosylase activity"	29	4.298263432540114	0.04337539406355609	0.8493574817634125	0.80244053	8930
"GO:0019104"	"DNA N-glycosylase activity"	5	4.975418021164005	0.2062601266822562	0.83424315196423	0.83575068	8930
"GO:0034039"	"8-oxo-7,8-dihydroguanine DNA N-glycosylase activity"	12	4.345275684620778	0.048334577603833834	0.8483986528883058	0.80812844	8930
"GO:0043916"	"DNA-7-methylguanine glycosylase activity"	23	4.04296907339318	0.02409525840718577	0.854530972214534	0.93828501	8930
"GO:0097506"	"deaminated base DNA N-glycosylase activity"	2	4.378706703528953	0.052202391526972994	0.8478089043562187	0.81720612	8930
"GO:0008934"	"inositol monophosphate 1-phosphatase activity"	56	4.31726918670662	0.04531584924282849	0.8845942379920749	0.64168472	null
"GO:0052834"	"inositol monophosphate phosphatase activity"	2	4.318313817223999	0.045424986204542356	0.8845772084686757	0.93682987	8934
"GO:0008939"	"nicotinate-nucleotide-dimethylbenzimidazole phosphoribosyltransferase activity"	68	3.8003045775561985	0.013779632785991825	0.8891124843744207	0.54034474	null
"GO:0008940"	"nitrate reductase activity"	18	3.988692702549817	0.02126424562032827	0.8825091907859854	0.30622059	null
"GO:0003920"	"GMP reductase activity"	1	3.5984622004741507	0.00865674380314329	0.8878946497007941	0.80017449	8940
"GO:0004846"	"urate oxidase activity"	6	3.585347911094591	0.008399180573498581	0.8882740826709487	0.79881978	8940
"GO:0009703"	"nitrate reductase (NADH) activity"	1	2.5888317255942073	0.0008447200836652679	0.9000403466481202	0.76397581	8940
"GO:0043798"	"glycerate 2-kinase activity"	1	2.305351369446624	0.0004387305860897128	0.8404794564742493	0.81501901	8940
"GO:0050421"	"nitrite reductase (NO-forming) activity"	4	3.3475251599986895	0.0048565947962667215	0.8911238601875999	0.77502279	8940
"GO:0098809"	"nitrite reductase activity"	6	3.9706722426897194	0.020399880883554506	0.8827795049964693	0.84063281	8940
"GO:0106316"	"nitrite reductase NADH activity"	1	2.635483746814912	0.0009407606099734638	0.8997189472011119	0.79005244	8940
"GO:0160182"	"nitrate reductase (quinone) activity"	3	3.1228709228644354	0.0028943122246515383	0.8941065823394067	0.75380505	8940
"GO:0008941"	"nitric oxide dioxygenase NAD(P)H activity"	48	3.770041554319669	0.012851968611424024	0.8681874788439417	0.54671927	null
"GO:0008695"	"3-phenylpropionate dioxygenase activity"	3	2.531478917042255	0.0007399486004199635	0.8855630001464447	0.84242757	8941
"GO:0018618"	"anthranilate 1,2-dioxygenase (deaminating, decarboxylating) activity"	1	2.416640507338281	0.0005675122009120663	0.8869465846725985	0.83180382	8941
"GO:0018619"	"benzene 1,2-dioxygenase activity"	1	1.6434526764861874	9.385778707391866E-05	0.8955096267627662	0.76626419	8941
"GO:0018687"	"biphenyl 2,3-dioxygenase activity"	1	2.0086001717619175	0.000220456662661995	0.8916149984741597	0.79602749	8941
"GO:0008948"	"oxaloacetate decarboxylase activity"	54	4.033745336013975	0.023588862904833464	0.8932560842688804	0.67025963	null
"GO:0008949"	"oxalyl-CoA decarboxylase activity"	3	2.5888317255942073	0.0008447200836652679	0.9101626165253045	0.44035578	null
"GO:0008955"	"peptidoglycan glycosyltransferase activity"	101	4.534685935349745	0.07476100151322763	0.8781111445928688	0.61874699	null
"GO:0008957"	"phenylacetaldehyde dehydrogenase (NAD+) activity"	2	3.311753861055754	0.0044724326910339385	0.8851804404962701	0.68100458	null
"GO:0008959"	"phosphate acetyltransferase activity"	2	3.585686278452497	0.008405728791201413	0.8867872476316616	0.6015899	null
"GO:0008961"	"phosphatidylglycerol-prolipoprotein diacylglyceryl transferase activity"	8	4.054881054862772	0.024765359352108864	0.8736839906296259	0.56517097	null
"GO:0008964"	"phosphoenolpyruvate carboxylase activity"	3	3.8696423446515946	0.01616536676905678	0.8952100361467896	0.65203871	null
"GO:0004613"	"phosphoenolpyruvate carboxykinase (GTP) activity"	1	3.6961815871685237	0.010841665776654743	0.8974716440627112	0.86747363	8964
"GO:0008965"	"phosphoenolpyruvate-protein phosphotransferase activity"	4	3.9240207004740677	0.018321913132522634	0.8861969860388876	0.36886487	null
"GO:0008967"	"phosphoglycolate phosphatase activity"	156	4.259641653428861	0.039684382018393374	0.8859182526831679	0.63456129	null
"GO:0008972"	"phosphomethylpyrimidine kinase activity"	1	4.047742018180641	0.024361552593767585	0.8777603492362178	0.68998142	null
"GO:0008977"	"prephenate dehydrogenase (NAD+) activity"	37	4.045009860905824	0.024208760847368182	0.8718166609055045	0.65985616	null
"GO:0008984"	"protein-glutamate methylesterase activity"	7	4.061716293159897	0.02515825241427876	0.8733044841960566	0.57312568	null
"GO:0008987"	"quinolinate synthetase A activity"	2	3.8643924051505887	0.015971102977206112	0.8830168527848271	0.65031159	null
"GO:0008993"	"rhamnulokinase activity"	6	3.3248994970523134	0.0046099452627934	0.8821383713812972	0.65541605	null
"GO:0008999"	"peptide-alanine-alpha-N-acetyltransferase activity"	344	4.473880940928732	0.06499324343983726	0.8712840094093336	0.56843301	null
"GO:0004042"	"L-glutamate N-acetyltransferase activity"	6	4.151124590050682	0.030909770296599116	0.8770569498919651	0.73097833	8999
"GO:0004358"	"glutamate N-acetyltransferase activity"	5	3.929674317948588	0.018562014448293123	0.8806239239763027	0.70757873	8999
"GO:0008080"	"N-acetyltransferase activity"	81	5.204716727400483	0.3497162973766552	0.8569844540077121	0.8245543	8999
"GO:0019134"	"glucosamine-1-phosphate N-acetyltransferase activity"	3	3.8869417059834155	0.01682237127857421	0.8812883209028151	0.70323462	8999
"GO:1990189"	"peptide-serine-alpha-N-acetyltransferase activity"	265	4.317729133728952	0.0453638695059826	0.8740571973036038	0.92943709	8999
"GO:0009011"	"alpha-1,4-glucan glucosyltransferase (ADP-glucose donor) activity"	4	3.6917885244026984	0.010732528814940885	0.8898591034876505	0.65555172	null
"GO:0004373"	"alpha-1,4-glucan glucosyltransferase (UDP-glucose donor) activity"	2	4.000173683058465	0.02183394056047461	0.8848964364056457	0.95380637	9011
"GO:0009014"	"succinyl-diaminopimelate desuccinylase activity"	7	3.9335885101966532	0.018730085369332468	0.8943442245892449	0.59778392	null
"GO:0009016"	"succinyldiaminopimelate transaminase activity"	1	3.262213705476417	0.003990047320258682	0.9002531474588947	0.65124601	null
"GO:0009022"	"tRNA nucleotidyltransferase activity"	2	3.8260748027008264	0.014622170130422815	0.839281516110871	0.45522652	null
"GO:0009024"	"tagatose-6-phosphate kinase activity"	2	3.3380578754197563	0.0047518233130214175	0.8903473278176074	0.41903759	null
"GO:0009028"	"tartronate-semialdehyde synthase activity"	6	3.0588054866759067	0.0024970536840130918	0.9052826687767791	0.57480799	null
"GO:0009030"	"thiamine-phosphate kinase activity"	6	3.8818979735730115	0.016628107486723543	0.8804078686069914	0.67436986	null
"GO:0009032"	"thymidine phosphorylase activity"	3	3.847140617413406	0.015349022295437116	0.8881054550451895	0.6045519	null
"GO:0004850"	"uridine phosphorylase activity"	1	3.84210976344061	0.015172220417460667	0.8881782794568711	0.93207485	9032
"GO:0009039"	"urease activity"	39	4.113308149918387	0.028331955260917772	0.8917675621761337	0.61386649	null
"GO:0009042"	"valine-pyruvate transaminase activity"	5	2.823474229170301	0.0014515215907943235	0.9052477513640487	0.61039282	null
"GO:0009055"	"electron transfer activity"	340	5.682808200714831	1.0514997022852821	1	-0	null
"GO:0009374"	"biotin binding"	5	3.355643050220869	0.004948269844106363	0.9796772453019186	0.65858936	null
"GO:0009675"	"high-affinity sulfate:proton symporter activity"	13	3.318272080211627	0.004540097607296531	0.9393479243147607	0.63441214	null
"GO:0008271"	"secondary active sulfate transmembrane transporter activity"	1	4.081563320980385	0.026334748861554156	0.9386951907175578	0.79163186	9675
"GO:0009678"	"diphosphate hydrolysis-driven proton transmembrane transporter activity"	2	3.858537197569639	0.01575719453224695	0.9408915398930986	0.53238034	null
"GO:0009881"	"photoreceptor activity"	5	4.477569793978903	0.06554765920534365	0.9974979021608127	0.5496897	null
"GO:0009927"	"histidine phosphotransfer kinase activity"	3	4.635000929108816	0.09418738069829452	0.8517144554698333	0.58556603	null
"GO:0009975"	"cyclase activity"	6	4.888853166982936	0.16898548877850486	0.9569262401634999	0.04129736	null
"GO:0010011"	"auxin binding"	1	2.639486489268586	0.0009494915669105725	0.9958358329400631	0.02955742	null
"GO:0010181"	"FMN binding"	764	5.330732274444419	0.46744670345586337	0.9810052905080773	0.26619029	null
"GO:0010285"	"L,L-diaminopimelate aminotransferase activity"	1	3.3242824552976926	0.004603397045090569	0.8995036572347218	0.65746856	null
"GO:0010308"	"acireductone dioxygenase (Ni2+-requiring) activity"	5	3.544811911757776	0.00765050101614151	0.8790359210838342	0.66950916	null
"GO:0010309"	"acireductone dioxygenase [iron(II)-requiring] activity"	7	3.6534054906645013	0.009824509293481578	0.8774323961190329	0.67871538	null
"GO:0010333"	"terpene synthase activity"	120	4.081059123001319	0.026304190512274277	0.8943804964650788	0.43325185	null
"GO:0003856"	"3-dehydroquinate synthase activity"	35	4.133634698058928	0.029689619064638177	0.8936479090712701	0.81946404	10333
"GO:0004107"	"chorismate synthase activity"	1	4.0435980300301235	0.024130182234934204	0.8948963255745732	0.80921205	10333
"GO:0004795"	"threonine synthase activity"	9	4.030032704936171	0.023388050895279965	0.8950818707659843	0.80768961	10333
"GO:0008929"	"methylglyoxal synthase activity"	3	3.691435152144062	0.010723797858003776	0.8995090944053625	0.77145996	10333
"GO:0010420"	"3,4-dihydroxy-5-polyprenylbenzoic acid O-methyltransferase activity"	14	3.7956715059460215	0.013633389257295254	0.8770583799149135	0.55630078	null
"GO:0010487"	"thermospermine synthase activity"	16	2.9489017609702137	0.0019382724400381344	0.9031771962009557	0.54550084	null
"GO:0010945"	"coenzyme A diphosphatase activity"	8	4.144543074272788	0.03044484683969808	0.9130014323727677	0.47419276	null
"GO:0015066"	"alpha-amylase inhibitor activity"	36	2.4149733479708178	0.0005653294616777891	0.9930202216704402	0.5696844	null
"GO:0015067"	"amidinotransferase activity"	13	3.1815577738627865	0.0033133981576327566	0.8961558822191307	0.50007975	null
"GO:0015068"	"glycine amidinotransferase activity"	6	2.9556877503135057	0.0019688307893180146	0.898355615146247	0.48214884	null
"GO:0015069"	"scyllo-inosamine-4-phosphate amidinotransferase activity"	1	1.6532125137753437	9.604052630819583E-05	0.9117243372130392	0.83548207	15068
"GO:0015087"	"cobalt ion transmembrane transporter activity"	41	4.23809630768141	0.037763571492229454	0.9409194235659887	0.57308353	null
"GO:0005381"	"iron ion transmembrane transporter activity"	1	4.575153192389757	0.08206226425188479	0.9377140881451541	0.80309956	15087
"GO:0005384"	"manganese ion transmembrane transporter activity"	23	4.493471992809347	0.0679923271477341	0.9386138685993318	0.73979099	15087
"GO:0005385"	"zinc ion transmembrane transporter activity"	18	4.699299942781531	0.10921772306552717	0.9365162537482564	0.78704138	15087
"GO:0015086"	"cadmium ion transmembrane transporter activity"	27	4.30783820415656	0.044342347544340875	0.9403072254123329	0.71190878	15087
"GO:0015093"	"ferrous iron transmembrane transporter activity"	16	4.21648259735246	0.03593007053543663	0.9408597484251893	0.70243798	15087
"GO:0015408"	"ABC-type ferric iron transporter activity"	11	3.8818409683249273	0.016625924747489265	0.9283481446440273	0.85366231	15087
"GO:0015095"	"magnesium ion transmembrane transporter activity"	69	4.706196999420264	0.11096609719218319	0.9379140237661435	0.63274141	null
"GO:0015444"	"P-type magnesium transporter activity"	16	3.3100557377508912	0.004454970777159721	0.9349240038857727	0.79357139	15095
"GO:0015098"	"molybdate ion transmembrane transporter activity"	10	4.11852925753174	0.02867464532069929	0.9449601248509636	0.60982146	null
"GO:0015099"	"nickel cation transmembrane transporter activity"	40	3.8972971220594967	0.017228360776149768	0.9437383012922447	0.67123748	null
"GO:0015104"	"antimonite transmembrane transporter activity"	5	3.8926510338773004	0.017045010680470485	0.9462565396080856	0.59408157	null
"GO:0042960"	"antimonite secondary active transmembrane transporter activity"	1	2.7193312869837265	0.0011415726195269642	0.9492250585508997	0.85307299	15104
"GO:0015105"	"arsenite transmembrane transporter activity"	14	4.0984014222700775	0.027375915476304368	0.9448133144006216	0.60165854	null
"GO:0008490"	"arsenite secondary active transmembrane transporter activity"	1	2.7193312869837265	0.0011415726195269642	0.9493434548912225	0.81880892	15105
"GO:0015109"	"chromate transmembrane transporter activity"	7	4.04883008652835	0.024422669292327344	0.9455067033316976	0.60389693	null
"GO:0015112"	"nitrate transmembrane transporter activity"	16	4.21045229296202	0.03543458872925571	0.9413493550870516	0.620715	null
"GO:0015113"	"nitrite transmembrane transporter activity"	1	3.331832044436249	0.0046841583967588245	0.9480798095500116	0.3799186	null
"GO:0015123"	"acetate transmembrane transporter activity"	50	4.073974819866659	0.025878556361590224	0.9491398022770117	0.66012161	null
"GO:0015129"	"lactate transmembrane transporter activity"	12	3.634578022853888	0.009407606099734638	0.9517511601901099	0.71532125	15123
"GO:0015254"	"glycerol channel activity"	11	4.07059193151204	0.02567774435203672	0.9493257540999874	0.7999052	15123
"GO:0015360"	"acetate:proton symporter activity"	5	3.14674801363064	0.0030580176672223265	0.9366204198335226	0.87237359	15123
"GO:0015499"	"formate transmembrane transporter activity"	5	3.624488362513449	0.009191514915541196	0.9523727062863583	0.71437432	15123
"GO:0015128"	"gluconate transmembrane transporter activity"	22	3.908806599405674	0.01769110149381653	0.9509031345988616	0.66969461	null
"GO:0015137"	"citrate transmembrane transporter activity"	8	3.9116369331294423	0.017806786673233217	0.9516040910193304	0.64373148	null
"GO:0015171"	"amino acid transmembrane transporter activity"	102	5.433228828459711	0.5918737535058339	0.944591134450496	0.3586052	null
"GO:0015192"	"L-phenylalanine transmembrane transporter activity"	16	4.255561938290895	0.03931331634856625	0.9432871500503388	0.75309213	15171
"GO:0015424"	"ABC-type amino acid transporter activity"	36	4.454250155300345	0.06212075860752849	0.9320681540376091	0.78062664	15171
"GO:0015220"	"choline transmembrane transporter activity"	1	3.8048206787211623	0.013923693575454121	0.9549090002355868	0.67643453	null
"GO:0015226"	"carnitine transmembrane transporter activity"	20	3.7294887691795613	0.011706030513428506	0.9546654547090067	0.36173911	null
"GO:0015199"	"amino-acid betaine transmembrane transporter activity"	1	3.3832766504076504	0.0052734979900136624	0.956686447900912	0.84624983	15226
"GO:0015558"	"secondary active p-aminobenzoyl-glutamate transmembrane transporter activity"	11	3.3224260524059526	0.004583752391982074	0.9416053862318418	0.79816056	15226
"GO:0015250"	"water channel activity"	16	4.406063046057575	0.055596551036274006	0.9433826422104299	0.29805181	null
"GO:0015297"	"antiporter activity"	186	5.409791151737474	0.5607784503743213	0.9363360206076333	0.66502592	null
"GO:0005247"	"voltage-gated chloride channel activity"	1	4.382413313126267	0.05264985306999982	0.9369447400618716	0.86191176	15297
"GO:0005254"	"chloride channel activity"	7	4.9091868290137874	0.17708563407690744	0.9326222668049726	0.9469256	15297
"GO:0005315"	"phosphate transmembrane transporter activity"	22	4.845829520066491	0.1530471268898129	0.9324698643342247	0.72755584	15297
"GO:0015108"	"chloride transmembrane transporter activity"	16	5.072003445562608	0.2576330773002039	0.9339181041167958	0.80176238	15297
"GO:0015293"	"symporter activity"	139	5.441657437557718	0.6034728297967829	0.9359743950542203	0.82452407	15297
"GO:0015379"	"potassium:chloride symporter activity"	1	4.216060285923142	0.035895146707688196	0.930228228762521	0.83814813	15297
"GO:0015341"	"zinc efflux active transmembrane transporter activity"	3	1.3010299956639813	4.1472045451266386E-05	0.9541043019997374	0.51307621	null
"GO:0015366"	"malate:proton symporter activity"	19	3.5749567757645067	0.008200551303179359	0.9334259050378038	0.61220406	null
"GO:0015138"	"fumarate transmembrane transporter activity"	19	4.078782960196963	0.026166677940514815	0.9493964818332977	0.91522936	15366
"GO:0015141"	"succinate transmembrane transporter activity"	19	4.2576785748691846	0.03950539740118265	0.9480823110700584	0.85365127	15366
"GO:0015385"	"sodium:proton antiporter activity"	51	4.6313016868314865	0.09338849813854908	0.9303326173434618	0.69799963	null
"GO:0005248"	"voltage-gated sodium channel activity"	11	4.239724804286466	0.037905449542457476	0.9387880431519913	0.73408691	15385
"GO:0008273"	"calcium, potassium:sodium antiporter activity"	2	4.070000903802345	0.02564282052428829	0.9344250178849023	0.84011092	15385
"GO:0015386"	"potassium:proton antiporter activity"	17	4.381782712635187	0.05257345719680011	0.9326646323143534	0.91810903	15385
"GO:0015416"	"ABC-type phosphonate transporter activity"	7	3.934599438218073	0.018773740154018007	0.930452264113021	0.63019028	null
"GO:0015415"	"ATPase-coupled phosphate ion transmembrane transporter activity"	3	3.9042285163400785	0.01750556865890297	0.9290933132914939	0.86354021	15416
"GO:0015417"	"ABC-type polyamine transporter activity"	4	3.8627870982353443	0.015912169017880628	0.9389491560981053	0.54466695	null
"GO:0015594"	"ABC-type putrescine transporter activity"	4	3.4768316285122607	0.006541669485128704	0.9387496996339243	0.85980106	15417
"GO:0015420"	"ABC-type vitamin B12 transporter activity"	9	4.037426497940624	0.023789674914386966	0.937293697667538	0.4400352	null
"GO:0015225"	"biotin transmembrane transporter activity"	4	3.819214799882384	0.014392982510823714	0.9458622187544785	0.81993306	15420
"GO:0015421"	"ABC-type oligopeptide transporter activity"	322	4.233046902098183	0.037327023645374026	0.9338602622402391	0.65378578	null
"GO:0015204"	"urea transmembrane transporter activity"	16	3.9148189804474733	0.01793775102728985	0.9559262328933843	0.74594906	15421
"GO:0035673"	"oligopeptide transmembrane transporter activity"	4	4.800593369198384	0.1379076475608664	0.9496006199913215	0.90516405	15421
"GO:0071916"	"dipeptide transmembrane transporter activity"	34	4.373867870327068	0.05162396562988954	0.9526712068345913	0.85075611	15421
"GO:0015423"	"ABC-type maltose transporter activity"	6	4.073718350346122	0.025863277186950286	0.9361824245841883	0.66383292	null
"GO:0015528"	"lactose:proton symporter activity"	1	3.447623097760286	0.006116035334444653	0.9394573734718821	0.84175257	15423
"GO:0015611"	"ABC-type D-ribose transporter activity"	5	3.4382258076045296	0.005985070980388023	0.941252330949688	0.88371488	15423
"GO:0015562"	"efflux transmembrane transporter activity"	22	4.963698126830986	0.20076835476881486	0.9539022238698166	0.36813239	null
"GO:0015565"	"threonine efflux transmembrane transporter activity"	3	2.9508514588885464	0.0019470033969752427	0.9512549123804209	0.61142908	null
"GO:0015616"	"DNA translocase activity"	2	4.13640344813399	0.029879517378020293	0.9026064514049414	0.63237788	null
"GO:0015643"	"toxic substance binding"	2	3.3805730030668872	0.005240756901499505	0.9953934802940031	0.03334588	null
"GO:0015649"	"2-keto-3-deoxygluconate:proton symporter activity"	2	2.9169800473203824	0.0018007598682786721	0.9359806113359842	0.67616035	null
"GO:0015658"	"branched-chain amino acid transmembrane transporter activity"	94	4.871502882399199	0.16236742342017646	0.9413636297307455	0.36136766	null
"GO:0005304"	"L-valine transmembrane transporter activity"	16	4.313656346618031	0.04494041809453282	0.9422150924892223	0.87549252	15658
"GO:0008514"	"organic anion transmembrane transporter activity"	3	5.621531468340076	0.9131293140067489	0.9388418021542875	0.88837035	15658
"GO:0015179"	"L-amino acid transmembrane transporter activity"	2	5.128056609652328	0.2931265999887851	0.9372040675015393	0.90379407	15658
"GO:0015188"	"L-isoleucine transmembrane transporter activity"	16	4.315676520348013	0.04514996106102343	0.942198004041876	0.87578083	15658
"GO:0015190"	"L-leucine transmembrane transporter activity"	12	4.050573076755148	0.02452089255786982	0.9443572693854233	0.83950126	15658
"GO:0046943"	"carboxylic acid transmembrane transporter activity"	53	5.540285667662619	0.7573319356817468	0.937398775881641	0.85657127	15658
"GO:0015666"	"restriction endodeoxyribonuclease activity"	119	4.202515561781529	0.03479286339437822	0.8479061169060228	0.49554624	null
"GO:0000014"	"single-stranded DNA endodeoxyribonuclease activity"	2	4.22909282945599	0.03698869906406106	0.8473425014537632	0.7670914	15666
"GO:0004520"	"DNA endonuclease activity"	8	5.091719702710245	0.26959885378251136	0.8270207298933441	0.79383413	15666
"GO:0008821"	"crossover junction DNA endonuclease activity"	2	4.2706089708231785	0.040699355762332266	0.8464535853004851	0.77188844	15666
"GO:0008833"	"deoxyribonuclease IV (phage-T4-induced) activity"	3	3.6051972673883776	0.008792073635668474	0.8585029781279591	0.76708676	15666
"GO:0009035"	"type I site-specific deoxyribonuclease activity"	34	3.896250562461638	0.017186888730698503	0.8421101731493511	0.70946818	15666
"GO:0009036"	"type II site-specific deoxyribonuclease activity"	30	3.4756711883244296	0.006524207571254486	0.8607014570327294	0.86973256	15666
"GO:0009381"	"excinuclease ABC activity"	12	4.412242085209914	0.056393250856785176	0.843340673174095	0.76405165	15666
"GO:0017108"	"5'-flap endonuclease activity"	3	4.349277527467955	0.048782039146860655	0.8435969331432116	0.84775354	15666
"GO:0043737"	"deoxyribonuclease V activity"	10	3.2920344359947364	0.004273803420714714	0.8639542879761368	0.73754277	15666
"GO:0015927"	"trehalase activity"	12	3.9279859470994287	0.018489984053561975	0.8957795318274226	0.6039207	null
"GO:0015929"	"hexosaminidase activity"	35	4.499975600182359	0.06901821458784438	0.8872106312882145	0.67346786	null
"GO:0016018"	"cyclosporin A binding"	2	3.215373152783422	0.003581875083448849	0.9931452677918099	0.64582824	null
"GO:0016041"	"glutamate synthase (ferredoxin) activity"	1	2.801403710017355	0.0013794911960631766	0.8949457371726784	0.59791341	null
"GO:0016151"	"nickel cation binding"	102	4.673389578188305	0.1028921447645919	0.9855007468188444	0.46927573	null
"GO:0016153"	"urocanate hydratase activity"	1	3.7736401932600256	0.012958922833903607	0.8982403820045736	0.57164794	null
"GO:0016158"	"3-phytase activity"	6	3.49220145139254	0.006777405322430638	0.8970142284310298	0.55282532	null
"GO:0016162"	"cellulose 1,4-beta-cellobiosidase activity"	2	2.558708570533166	0.0007879688635740613	0.9117885681117401	0.48414309	null
"GO:0016174"	"NAD(P)H oxidase H2O2-forming activity"	1	3.761927838420529	0.012614050034887811	0.8862799875230511	0.55659993	null
"GO:0016208"	"AMP binding"	7	4.556965499896942	0.07869648035262938	0.9814154925242354	0.25073912	null
"GO:0016210"	"naringenin-chalcone synthase activity"	2	2.69284691927723	0.0010739077032643717	0.9014544544322243	0.41513588	null
"GO:0016410"	"N-acyltransferase activity"	93	5.323600633759776	0.45983330900670455	0.8596141849917541	0.68992378	null
"GO:0016423"	"tRNA (guanine) methyltransferase activity"	7	4.590930957392608	0.08509845452676434	0.8256366415946342	0.67395762	null
"GO:0002935"	"tRNA (adenine(37)-C2)-methyltransferase activity"	1	3.9408152086508013	0.01904439981906838	0.8394122572906677	0.8909518	16423
"GO:0008176"	"tRNA (guanine(46)-N7)-methyltransferase activity"	6	4.078311787334996	0.026138302330469206	0.8302546026962909	0.80256891	16423
"GO:0052906"	"tRNA (guanine(37)-N1)-methyltransferase activity"	1	4.075181854618692	0.02595058675632137	0.8375783984913517	0.85580901	16423
"GO:0070043"	"rRNA (guanine-N7-)-methyltransferase activity"	1	4.156609718165699	0.03130266335876901	0.8306521126244819	0.85106428	16423
"GO:0160107"	"tRNA (adenine(58)-N1)-methyltransferase activity"	1	3.809761665107125	0.014083033539556353	0.8430758622455834	0.77142558	16423
"GO:0016491"	"oxidoreductase activity"	5228	6.705334884838153	11.074819433442528	0.9397187714834853	0.10680852	null
"GO:0016509"	"long-chain-3-hydroxyacyl-CoA dehydrogenase activity"	7	2.1335389083702174	0.00029466979662741904	0.8930388512370242	0.22941197	null
"GO:0016594"	"glycine binding"	6	4.1673468775856355	0.03208626674387452	0.9822760895291072	0.68153079	null
"GO:0034618"	"arginine binding"	1	3.7218930162149575	0.011503035764640727	0.9834015351553604	0.74955699	16594
"GO:0016597"	"amino acid binding"	32	4.870801728740439	0.1621054947120632	0.994132692954917	0.04490943	null
"GO:0016603"	"glutaminyl-peptide cyclotransferase activity"	3	3.758609142659744	0.012518009508579616	0.8761995686182362	0.49504678	null
"GO:0016614"	"oxidoreductase activity, acting on CH-OH group of donors"	144	5.956898046912602	1.9765118486834359	0.8484664504154548	0.48988668	null
"GO:0016615"	"malate dehydrogenase activity"	1	4.62325963061961	0.09167504783964149	0.8572652082747969	0.69555492	null
"GO:0016616"	"oxidoreductase activity, acting on the CH-OH group of donors, NAD or NADP as acceptor"	483	5.895621966287966	1.716418824266202	0.8264153565012381	0.47429504	null
"GO:0003939"	"L-iditol 2-dehydrogenase (NAD+) activity"	3	3.8631443462526676	0.01592526545328629	0.8687895931886432	0.77980983	16616
"GO:0004022"	"alcohol dehydrogenase (NAD+) activity"	88	4.752447968653242	0.12343608643760871	0.8523695459578927	0.89917221	16616
"GO:0004033"	"aldo-keto reductase (NADPH) activity"	142	4.759290033024304	0.1253961862699896	0.8522264343134054	0.71582848	16616
"GO:0008106"	"alcohol dehydrogenase (NADP+) activity"	3	4.539778434945227	0.07564282816387562	0.8566825197827085	0.86742183	16616
"GO:0050112"	"inositol 2-dehydrogenase (NAD+) activity"	11	3.4733409641859354	0.00648928374350605	0.8749022494466547	0.73692398	16616
"GO:0016618"	"hydroxypyruvate reductase [NAD(P)H] activity"	47	4.164650215934297	0.031887637473555296	0.8646757988667094	0.63492847	null
"GO:0016620"	"oxidoreductase activity, acting on the aldehyde or oxo group of donors, NAD or NADP as acceptor"	246	5.3641925310598335	0.5048850468021855	0.8504379556775836	0.40711461	null
"GO:0003842"	"1-pyrroline-5-carboxylate dehydrogenase activity"	9	4.074084689028243	0.025885104579293057	0.8748132635823823	0.73220169	16620
"GO:0003863"	"3-methyl-2-oxobutanoate dehydrogenase (2-methylpropanoyl-transferring) activity"	1	3.5833121519830775	0.008359891267281592	0.8826173137193181	0.80454125	16620
"GO:0003942"	"N-acetyl-gamma-glutamyl-phosphate reductase activity"	10	4.025018972282759	0.02311957396946387	0.8756063791122846	0.72614569	16620
"GO:0004029"	"aldehyde dehydrogenase (NAD+) activity"	177	4.690612448549997	0.10705462848435848	0.8629161965900104	0.81791001	16620
"GO:0004030"	"aldehyde dehydrogenase [NAD(P)+] activity"	13	4.728970285928123	0.11694025447639982	0.8631579028003301	0.82391016	16620
"GO:0004073"	"aspartate-semialdehyde dehydrogenase activity"	6	4.067331280208168	0.02548566329942033	0.8749230331092801	0.73136216	16620
"GO:0004350"	"glutamate-5-semialdehyde dehydrogenase activity"	7	4.062732363205394	0.02521718637360424	0.8749976725509528	0.73079156	16620
"GO:0004365"	"glyceraldehyde-3-phosphate dehydrogenase (NAD+) (phosphorylating) activity"	9	4.314077991779213	0.044984072879218365	0.870782087078896	0.76333967	16620
"GO:0004491"	"methylmalonate-semialdehyde dehydrogenase (acylating, NAD) activity"	7	4.008557591784247	0.02225957471115866	0.8758702003370328	0.72413629	16620
"GO:0004591"	"oxoglutarate dehydrogenase (succinyl-transferring) activity"	5	4.140822180109311	0.030185100870819097	0.8740526271054921	0.87038291	16620
"GO:0004739"	"pyruvate dehydrogenase (acetyl-transferring) activity"	28	4.367821652418537	0.050910209900280896	0.8701935319194569	0.77067894	16620
"GO:0004777"	"succinate-semialdehyde dehydrogenase (NAD+) activity"	41	4.281078840728938	0.04169250211392838	0.8710876210403979	0.75890212	16620
"GO:0008863"	"formate dehydrogenase (NAD+) activity"	14	4.063333358951749	0.025252110201352675	0.8749879236238371	0.73086608	16620
"GO:0008883"	"glutamyl-tRNA reductase activity"	10	3.8885725968576	0.01688567071636825	0.8305387368238184	0.70981908	16620
"GO:0008911"	"lactaldehyde dehydrogenase (NAD+) activity"	10	3.623456048069934	0.009169687523198425	0.8808001118149498	0.83578496	16620
"GO:0016624"	"oxidoreductase activity, acting on the aldehyde or oxo group of donors, disulfide as acceptor"	23	4.692679511860825	0.10756538946517934	0.8646777501738453	0.81823112	16620
"GO:0016625"	"oxidoreductase activity, acting on the aldehyde or oxo group of donors, iron-sulfur protein as acceptor"	7	4.095796793604802	0.02721221003373358	0.8752189752446986	0.73491388	16620
"GO:0036243"	"succinate-semialdehyde dehydrogenase (NADP+) activity"	5	3.2667019668840878	0.004031519365709948	0.8864257015676665	0.86628543	16620
"GO:0080019"	"alcohol-forming very long-chain fatty acyl-CoA reductase activity"	15	3.935809453809933	0.01882612589564066	0.8770227211085164	0.71538757	16620
"GO:0016627"	"oxidoreductase activity, acting on the CH-CH group of donors"	343	5.606346964185251	0.8817546202532488	0.8572358873287579	0.43218252	null
"GO:0016629"	"12-oxophytodienoate reductase activity"	2	2.7075701760979363	0.0011110142702470838	0.890663981218085	0.53719157	null
"GO:0016651"	"oxidoreductase activity, acting on NAD(P)H"	183	5.511090216773934	0.7080937040349223	0.859443053928272	0.42196189	null
"GO:0016652"	"oxidoreductase activity, acting on NAD(P)H as acceptor"	37	3.8897497752640375	0.016931508240288072	0.8844270502733413	0.30085683	null
"GO:0016679"	"oxidoreductase activity, acting on diphenols and related substances as donors"	1	4.690293563766482	0.10697604987192451	0.875927834406611	0.35053189	null
"GO:0016682"	"oxidoreductase activity, acting on diphenols and related substances as donors, oxygen as acceptor"	38	4.516654342389052	0.07172044575987951	0.8773889958349923	0.33841271	null
"GO:0004097"	"catechol oxidase activity"	1	3.27207378750001	0.004081722368098323	0.8854800501486904	0.78782243	16682
"GO:0008121"	"ubiquinol-cytochrome-c reductase activity"	19	4.124993020025895	0.02910464494985189	0.8262693444657705	0.88843118	16682
"GO:0016705"	"oxidoreductase activity, acting on paired donors, with incorporation or reduction of molecular oxygen"	1783	5.842845042414387	1.5200093997482385	0.8514377861674716	0.45983527	null
"GO:0016706"	"2-oxoglutarate-dependent dioxygenase activity"	152	5.073557063377881	0.2585563759963031	0.8445022168656882	0.6825624	null
"GO:0004656"	"procollagen-proline 4-dioxygenase activity"	1	4.175482820774772	0.03269306825100358	0.8430122438247354	0.76058535	16706
"GO:0010436"	"carotenoid dioxygenase activity"	29	4.071292733834574	0.02571921639748799	0.8708405428347187	0.80997154	16706
"GO:0016702"	"oxidoreductase activity, acting on single donors with incorporation of molecular oxygen, incorporation of two atoms of oxygen"	104	4.974778727061279	0.20595672592869171	0.8544415487021882	0.8076838	16706
"GO:0018580"	"nitronate monooxygenase activity"	36	4.316892503761295	0.045276559936611505	0.8618650386511565	0.84296161	16706
"GO:0031543"	"peptidyl-proline dioxygenase activity"	1	4.360328288072052	0.050039296945804314	0.8391052299852958	0.72339678	16706
"GO:0016709"	"oxidoreductase activity, acting on paired donors, with incorporation or reduction of molecular oxygen, NAD(P)H as one donor, and incorporation of one atom of oxygen"	337	5.001988850743265	0.21927361799701675	0.851961113057037	0.37461364	null
"GO:0016712"	"oxidoreductase activity, acting on paired donors, with incorporation or reduction of molecular oxygen, reduced flavin or flavoprotein as one donor, and incorporation of one atom of oxygen"	61	4.754654069255432	0.12406471533708054	0.857134370783074	0.66597405	null
"GO:0016714"	"oxidoreductase activity, acting on paired donors, with incorporation or reduction of molecular oxygen, reduced pteridine as one donor, and incorporation of one atom of oxygen"	9	4.076786033508079	0.02604662728262957	0.8696029592736101	0.59366222	null
"GO:0016717"	"oxidoreductase activity, acting on paired donors, with oxidation of a pair of donors resulting in the reduction of molecular oxygen to two molecules of water"	42	4.612900359123793	0.08951413599770708	0.8620709369655459	0.62746779	null
"GO:0016722"	"oxidoreductase activity, acting on metal ions"	12	4.6989091988520695	0.10911949979998468	0.8757752260143519	0.35115586	null
"GO:0016740"	"transferase activity"	1534	6.970537570542658	20.395735861748616	0.9359134675398177	0.12785535	null
"GO:0016743"	"carboxyl- or carbamoyltransferase activity"	38	4.633023833706238	0.09375956380837619	0.8742941405591487	0.65698246	null
"GO:0016746"	"acyltransferase activity"	274	6.235965299068024	3.758087621832046	0.8627147344840109	0.36351172	null
"GO:0016747"	"acyltransferase activity, transferring groups other than amino-acyl groups"	2406	6.022657212533596	2.2996336512296582	0.8461030596349075	0.32422473	null
"GO:0004842"	"ubiquitin-protein transferase activity"	16	5.637629801915565	0.9476122284298598	0.8361230039483996	0.74909201	16747
"GO:0016407"	"acetyltransferase activity"	153	5.462538746404047	0.6331973726891694	0.8563766513053764	0.71490737	16747
"GO:0016755"	"aminoacyltransferase activity"	70	5.7043049814756674	1.1048567628671877	0.8546271354783491	0.76298504	16747
"GO:0019787"	"ubiquitin-like protein transferase activity"	1	5.6648026911753195	1.0087965919058834	0.8353671827606913	0.96282807	16747
"GO:0061630"	"ubiquitin protein ligase activity"	13	5.481998399005596	0.6622147080696502	0.8404171491010407	0.9404496	16747
"GO:0016756"	"glutathione gamma-glutamylcysteinyltransferase activity"	2	3.1981069988734014	0.0034421797724551095	0.8974064024739735	0.44955416	null
"GO:0016757"	"glycosyltransferase activity"	625	6.055236474360304	2.4787797911437233	0.8673761539432802	0.34301189	null
"GO:0016758"	"hexosyltransferase activity"	634	5.7256143817364284	1.1604205728149475	0.8562652764714013	0.29810715	null
"GO:0008194"	"UDP-glycosyltransferase activity"	276	5.423152449604138	0.5782992982078641	0.8634378334277495	0.7504777	16758
"GO:0016763"	"pentosyltransferase activity"	159	5.4156793375458365	0.5684333168689313	0.8636058775122417	0.7491362	16758
"GO:0016765"	"transferase activity, transferring alkyl or aryl (other than methyl) groups"	162	5.645496937999086	0.9649344469930834	0.876829222437476	0.29176797	null
"GO:0016772"	"transferase activity, transferring phosphorus-containing groups"	45	6.5612178162308625	7.947298983522348	0.853417242491802	0.43538747	null
"GO:0016773"	"phosphotransferase activity, alcohol group as acceptor"	108	6.326354707261492	4.627605805937937	0.8338878285184486	0.65594709	null
"GO:0016301"	"kinase activity"	1381	6.425638868946679	5.816216455963574	0.8305821325223252	0.78784155	16773
"GO:0016774"	"phosphotransferase activity, carboxyl group as acceptor"	3	4.825744094451458	0.14613002625638852	0.8715550939719084	0.44137479	null
"GO:0016776"	"phosphotransferase activity, phosphate group as acceptor"	5	5.181028521427331	0.3311521001891278	0.8642972418406616	0.47842859	null
"GO:0016779"	"nucleotidyltransferase activity"	211	5.904770707450465	1.752960061787236	0.8465766582985613	0.57712457	null
"GO:0016780"	"phosphotransferase activity, for other substituted phosphate groups"	125	5.171012278523061	0.32360200517776305	0.8645132869201296	0.47729894	null
"GO:0016787"	"hydrolase activity"	5571	7.005607044515442	22.11102402709146	0.9353722036420786	0.08394051	null
"GO:0016788"	"hydrolase activity, acting on ester bonds"	76	6.425156820293157	5.809764278787051	0.8790505412287057	0.38813581	null
"GO:0016791"	"phosphatase activity"	1409	5.87097478517927	1.6217206825870867	0.8533399757861775	0.32059238	null
"GO:0004721"	"phosphoprotein phosphatase activity"	78	5.460215058232384	0.6298184923545084	0.8447119524779606	0.82546286	16791
"GO:0004722"	"protein serine/threonine phosphatase activity"	15	5.099932583098006	0.274745752896937	0.8534438592965323	0.84258046	16791
"GO:0004725"	"protein tyrosine phosphatase activity"	21	5.031056846415667	0.23445238663218027	0.8550464875455757	0.74531383	16791
"GO:0008081"	"phosphoric diester hydrolase activity"	141	5.269650682451084	0.4061160964511432	0.867897717672837	0.78784257	16791
"GO:0016798"	"hydrolase activity, acting on glycosyl bonds"	215	5.954792267676311	1.966951450837302	0.8898602935966891	0.32925838	null
"GO:0016810"	"hydrolase activity, acting on carbon-nitrogen (but not peptide) bonds"	504	5.9292528401881315	1.8546167761452272	0.890390450593207	0.3265686	null
"GO:0016811"	"hydrolase activity, acting on carbon-nitrogen (but not peptide) bonds, in linear amides"	262	5.592777245682465	0.8546297197888862	0.8677980976939774	0.65354552	null
"GO:0016812"	"hydrolase activity, acting on carbon-nitrogen (but not peptide) bonds, in cyclic amides"	14	4.891838404750743	0.17015107152960887	0.8819802251488493	0.70270518	16811
"GO:0016814"	"hydrolase activity, acting on carbon-nitrogen (but not peptide) bonds, in cyclic amidines"	36	5.2007000551822395	0.34649675700609633	0.8761304711186944	0.75063266	16811
"GO:0019239"	"deaminase activity"	70	5.135727211738726	0.29834989497641035	0.8774094371460618	0.74001524	16811
"GO:0016813"	"hydrolase activity, acting on carbon-nitrogen (but not peptide) bonds, in linear amidines"	17	4.725258066359961	0.11594492538556941	0.8849084479057499	0.67931202	null
"GO:0016817"	"hydrolase activity, acting on acid anhydrides"	10	6.430880624395314	5.886841166627846	0.8789054359739288	0.41401939	null
"GO:0016829"	"lyase activity"	712	6.207799114948391	3.5220920385612318	0.9457159160684203	0.06042437	null
"GO:0016831"	"carboxy-lyase activity"	167	5.415180423655755	0.5677806778378823	0.8725261878080036	0.54575399	null
"GO:0004049"	"anthranilate synthase activity"	19	4.2900791521022015	0.04256559780763925	0.8899327318826814	0.70085061	16831
"GO:0004419"	"hydroxymethylglutaryl-CoA lyase activity"	8	3.999782798454136	0.021814295907366117	0.8940736727586402	0.80499911	16831
"GO:0004451"	"isocitrate lyase activity"	3	3.841672250073634	0.015156941242820725	0.8962001166211025	0.78729558	16831
"GO:0008696"	"4-amino-4-deoxychorismate lyase activity"	12	3.388988785124714	0.005343345645510532	0.901840419773152	0.74065419	16831
"GO:0008700"	"(R,S)-4-hydroxy-2-oxoglutarate aldolase activity"	1	3.205475036740891	0.0035011137317805937	0.9039557829791479	0.72327921	16831
"GO:0008701"	"4-hydroxy-2-oxovalerate aldolase activity"	10	3.3220124385824006	0.0045793869135135196	0.9026231732020163	0.73421744	16831
"GO:0008747"	"N-acetylneuraminate lyase activity"	9	3.510545010206612	0.0070698923798237796	0.900387118886973	0.75262824	16831
"GO:0008935"	"1,4-dihydroxy-2-naphthoyl-CoA synthase activity"	2	3.649529565947819	0.009737199724110492	0.8986716783073995	0.76680112	16831
"GO:0016832"	"aldehyde-lyase activity"	86	4.984279717426286	0.21051210271062817	0.8807350532037036	0.79969046	16831
"GO:0016833"	"oxo-acid-lyase activity"	18	4.826398782187618	0.1463504829190505	0.8834828461046376	0.77483871	16831
"GO:0046421"	"methylisocitrate lyase activity"	1	3.6502103546603593	0.009752478898750432	0.8986631297033433	0.76687185	16831
"GO:0047443"	"4-hydroxy-4-methyl-2-oxoglutarate aldolase activity"	7	3.6906390117159673	0.010704153204895282	0.8981528629679394	0.77109588	16831
"GO:0016835"	"carbon-oxygen lyase activity"	29	5.769445271598116	1.2836492990253	0.8759575663709664	0.6777326	null
"GO:0016830"	"carbon-carbon lyase activity"	6	5.672331574832283	1.0264374903973117	0.8779837051358605	0.72264762	16835
"GO:0016840"	"carbon-nitrogen lyase activity"	12	5.123570728140037	0.2901144198454826	0.8882867226900761	0.5862191	null
"GO:0016846"	"carbon-sulfur lyase activity"	17	4.953817658206996	0.19625226729309536	0.891127572952907	0.56612758	null
"GO:0016852"	"sirohydrochlorin cobaltochelatase activity"	1	3.1835545336188615	0.0033286773322726967	0.9139029516630526	0.38047532	null
"GO:0016853"	"isomerase activity"	781	6.044417842934899	2.417794056938019	0.9474231557027432	0.05714581	null
"GO:0016862"	"intramolecular oxidoreductase activity, interconverting keto- and enol-groups"	2	3.806044235748088	0.01396298288167111	0.9230489020382354	0.65859403	null
"GO:0016866"	"intramolecular transferase activity"	18	5.402759889900228	0.5517724682936936	0.9098281965807843	0.66507429	null
"GO:0016872"	"intramolecular lyase activity"	6	4.215584694181615	0.0358558574014712	0.9244229389776532	0.53194767	null
"GO:0016874"	"ligase activity"	602	6.165057863043812	3.1919745567691513	0.9461735995232401	0.05953088	null
"GO:0016877"	"ligase activity, forming carbon-sulfur bonds"	78	5.321055481989764	0.4571463570093094	0.9086430070177828	0.59956095	null
"GO:0016878"	"acid-thiol ligase activity"	209	5.170109098629233	0.32292972149360566	0.906877612285149	0.04428677	null
"GO:0003987"	"acetate-CoA ligase activity"	14	4.206798900381547	0.03513773619339401	0.9187594340433541	0.78358333	16878
"GO:0004467"	"long-chain fatty acid-CoA ligase activity"	85	4.645196220189033	0.09642468841342863	0.8873808703404797	0.89088033	16878
"GO:0004775"	"succinate-CoA ligase (ADP-forming) activity"	9	4.403360775765525	0.05525167823725822	0.9163584550902364	0.97896782	16878
"GO:0004776"	"succinate-CoA ligase (GDP-forming) activity"	9	4.285692301854088	0.04213778091772093	0.9177328235810613	0.79412216	16878
"GO:0008641"	"ubiquitin-like modifier activating enzyme activity"	78	4.633539148927338	0.09387088350932432	0.8784947412713621	0.84418099	16878
"GO:0015645"	"fatty acid ligase activity"	20	4.935003151453655	0.18793166533203076	0.8945415086077192	0.89296376	16878
"GO:0016405"	"CoA-ligase activity"	53	5.103071300403562	0.27673859381783206	0.9078662170886981	0.92268955	16878
"GO:0030729"	"acetoacetate-CoA ligase activity"	13	3.8188195075475364	0.014379886075418048	0.9229001755996733	0.73557478	16878
"GO:0031956"	"medium-chain fatty acid-CoA ligase activity"	176	4.465278727276416	0.06371852372701937	0.9014521870700081	0.81920198	16878
"GO:0043758"	"acetate-CoA ligase (ADP-forming) activity"	17	3.502836638621003	0.006945476243469981	0.9260596050625147	0.70061099	16878
"GO:0047475"	"phenylacetate-CoA ligase activity"	9	3.622628426129325	0.009152225609324207	0.9248369079890327	0.71346836	16878
"GO:0050218"	"propionate-CoA ligase activity"	5	3.7063763558396903	0.011099229006299451	0.9112134657103335	0.72274049	16878
"GO:0016879"	"ligase activity, forming carbon-nitrogen bonds"	25	5.7039693799881235	1.1040033118265853	0.9024854857482002	0.67405128	null
"GO:0016881"	"acid-amino acid ligase activity"	88	5.216263574559313	0.3591391826510298	0.9025155317883617	0.67009081	null
"GO:0016884"	"carbon-nitrogen ligase activity, with glutamine as amido-N-donor"	1	5.161936705245781	0.3169097266854692	0.9033603446511363	0.78296991	16881
"GO:0016887"	"ATP hydrolysis activity"	3789	6.266433504976146	4.031207233999447	0.8551305346547075	0	null
"GO:0003924"	"GTPase activity"	121	5.7677241600377736	1.2785722475663712	0.8873217365545292	0.7362476	16887
"GO:0016462"	"pyrophosphatase activity"	20	6.4248403277101716	5.8055319474117875	0.8719575457018762	0.88133297	16887
"GO:0016818"	"hydrolase activity, acting on acid anhydrides, in phosphorus-containing anhydrides"	19	6.429464484753099	5.867676716150893	0.8718495336337133	0.93828784	16887
"GO:0017111"	"ribonucleoside triphosphate phosphatase activity"	1	6.383259580160806	5.2754711862814485	0.8730136372592694	0.92229039	16887
"GO:0016894"	"endonuclease activity, active with either ribo- or deoxyribonucleic acids and producing 3'-phosphomonoesters"	1	4.456001437208452	0.06237177361947037	0.8841095027015047	0.64174668	null
"GO:0016899"	"oxidoreductase activity, acting on the CH-OH group of donors, oxygen as acceptor"	10	4.1591459278540475	0.0314860134544483	0.8659295354103483	0.63426492	null
"GO:0016903"	"oxidoreductase activity, acting on the aldehyde or oxo group of donors"	33	5.492246192885036	0.6780264710827542	0.8598714694501839	0.41999702	null
"GO:0016920"	"pyroglutamyl-peptidase activity"	2	3.6268534146667255	0.009241717917929573	0.9035385380012207	0.30616324	null
"GO:0016977"	"chitosanase activity"	54	3.361727836017593	0.005018117499603233	0.9030584330339873	0.54789782	null
"GO:0016984"	"ribulose-bisphosphate carboxylase activity"	1	3.7315887651867388	0.011762781733519712	0.8972989252488731	0.63745958	null
"GO:0016987"	"sigma factor activity"	1070	5.250727315490201	0.3888004261056224	0.9951514969066116	-0	null
"GO:0016989"	"sigma factor antagonist activity"	65	4.37372095067685	0.05160650371601532	0.9952462591873973	0.38495409	null
"GO:0003714"	"transcription corepressor activity"	10	5.0314044242841645	0.2346401022063281	0.9947608829266847	0.726726	16989
"GO:0016993"	"precorrin-8X methylmutase activity"	5	3.621072371143626	0.00911948452081005	0.9259235546911817	0.60779271	null
"GO:0016994"	"precorrin-6A reductase activity"	9	3.5441921107650325	0.007639587319970123	0.8795922624779048	0.60388252	null
"GO:0017040"	"N-acylsphingosine amidohydrolase activity"	3	3.8590181438888944	0.015774656446121166	0.895377321197916	0.59135535	null
"GO:0017056"	"structural constituent of nuclear pore"	2	4.643916334364099	0.09614093231297259	0.968150534848184	0.62361787	null
"GO:0017057"	"6-phosphogluconolactonase activity"	49	4.2473102774556555	0.03857336774814629	0.8847934900111012	0.58975731	null
"GO:0017061"	"S-methyl-5-thioadenosine phosphorylase activity"	8	4.103564280050957	0.027703326361445946	0.8845939082201252	0.66134184	null
"GO:0017075"	"syntaxin-1 binding"	1	3.913442954859396	0.017880999807198643	0.9872539992798801	0.34971233	null
"GO:0017128"	"phospholipid scramblase activity"	6	3.765668554759014	0.01272318699660167	0.9515627639630629	0.26662239	null
"GO:0017136"	"NAD-dependent histone deacetylase activity"	12	4.262664624676256	0.03996158990114658	0.8653900134635261	0.68719125	null
"GO:0004099"	"chitin deacetylase activity"	2	3.6224212739756703	0.009147860130855653	0.8971014326702976	0.72818305	17136
"GO:0004407"	"histone deacetylase activity"	3	4.668842338347539	0.10182041980056179	0.8573473386843689	0.92974692	17136
"GO:0008448"	"N-acetylglucosamine-6-phosphate deacetylase activity"	9	3.9912260756924947	0.02138866175668207	0.8920542276422818	0.76618447	17136
"GO:0008777"	"acetylornithine deacetylase activity"	6	4.018950021500975	0.022798711302025126	0.8916545524191097	0.76920185	17136
"GO:0017147"	"Wnt-protein binding"	1	4.367654046647408	0.050890565247172406	0.9863105484207042	0.38011894	null
"GO:0017154"	"semaphorin receptor activity"	16	4.027349607774757	0.02324399010581767	0.9906813557457901	0.50894834	null
"GO:0017171"	"serine hydrolase activity"	1	5.772223392452853	1.291886956895462	0.8935377980611112	0.31095007	null
"GO:0017172"	"cysteine dioxygenase activity"	2	3.571708831808688	0.008139434604619597	0.8786427000447945	0.6717661	null
"GO:0017174"	"glycine N-methyltransferase activity"	2	3.1072099696478683	0.0027917234806405108	0.8924852252769178	0.49403298	null
"GO:0018112"	"proline racemase activity"	1	2.359835482339888	0.0004976645454151966	0.9340672126939482	0.57143912	null
"GO:0018169"	"ribosomal S6-glutamic acid ligase activity"	63	3.847140617413406	0.015349022295437116	0.898627064600405	0.66485101	null
"GO:0018449"	"1-phenylethanol dehydrogenase activity"	2	1.9344984512435677	0.00018553283491356013	0.8961170047419654	0.29664051	null
"GO:0018462"	"4-(hydroxymethyl)benzenesulfonate dehydrogenase activity"	1	0.47712125471966244	4.365478468554356E-06	0.9099540601538877	0.26919943	null
"GO:0018467"	"formaldehyde dehydrogenase (NAD+) activity"	1	2.635483746814912	0.0009407606099734638	0.8936584513389214	0.58827039	null
"GO:0018479"	"benzaldehyde dehydrogenase (NAD+) activity"	1	2.9175055095525466	0.0018029426075129493	0.8902792326130091	0.65150577	null
"GO:0018480"	"5-carboxymethyl-2-hydroxymuconic-semialdehyde dehydrogenase activity"	1	3.010723865391773	0.0022351249758998304	0.8899993931421645	0.62009266	null
"GO:0018489"	"vanillate monooxygenase activity"	1	2.369215857410143	0.0005085782415865825	0.8879495188859153	0.65172444	null
"GO:0018506"	"maleylacetate reductase activity"	10	3.1815577738627865	0.0033133981576327566	0.8846552180186172	0.57305829	null
"GO:0018509"	"cis-2,3-dihydrobiphenyl-2,3-diol dehydrogenase activity"	1	1.5314789170422551	7.203039473114687E-05	0.9032647152534743	0.46441314	null
"GO:0018529"	"nitrilotriacetate monooxygenase activity"	2	2.401400540781544	0.0005478675478035717	0.8914453673092045	0.66535745	null
"GO:0018576"	"catechol 1,2-dioxygenase activity"	15	3.674401812845282	0.01031126014272539	0.8771174079480507	0.6805246	null
"GO:0018577"	"catechol 2,3-dioxygenase activity"	3	2.949877704036875	0.0019426379185066888	0.8871233826343182	0.62318266	null
"GO:0018578"	"protocatechuate 3,4-dioxygenase activity"	10	3.5900612308037427	0.008490855621338222	0.8783729162832096	0.6733148	null
"GO:0018579"	"protocatechuate 4,5-dioxygenase activity"	1	2.7323937598229686	0.001176496447275399	0.8898165535184588	0.60779558	null
"GO:0018640"	"dibenzothiophene monooxygenase activity"	1	1.9030899869919435	0.00017243639950789707	0.8947452635164607	0.45945318	null
"GO:0018658"	"salicylate 1-monooxygenase activity"	6	2.5599066250361124	0.0007901516028083385	0.887325608927224	0.58805703	null
"GO:0018659"	"4-hydroxybenzoate 3-monooxygenase activity"	10	3.205475036740891	0.0035011137317805937	0.8789725747464582	0.63344005	null
"GO:0018662"	"phenol 2-monooxygenase activity"	1	2.780317312140151	0.0013140090190348612	0.8846055841435349	0.60281331	null
"GO:0018663"	"2,6-dihydroxypyridine 3-monooxygenase activity"	1	1.146128035678238	2.8375610045603316E-05	0.9023592230430657	0.40805856	null
"GO:0018666"	"2,4-dichlorophenol 6-monooxygenase activity"	1	2.1789769472931693	0.0003274108851415767	0.8917433919266348	0.56413648	null
"GO:0018669"	"3-hydroxybenzoate 6-monooxygenase activity"	6	2.5477747053878224	0.0007683242104655667	0.8874716686117406	0.58726525	null
"GO:0018677"	"pentachlorophenol monooxygenase activity"	12	2.5646660642520893	0.0007988825597454471	0.8872682072936607	0.58836821	null
"GO:0018775"	"2-hydroxymuconate-semialdehyde hydrolase activity"	1	2.167317334748176	0.000318679928204468	0.9322555616316625	0.67399133	null
"GO:0018818"	"acetylene hydratase activity"	2	2.722633922533812	0.0011503035764640727	0.9101504417480439	0.43837001	null
"GO:0018822"	"nitrile hydratase activity"	7	3.4234097277330933	0.005784258970834522	0.9025457372868413	0.47770218	null
"GO:0018826"	"methionine gamma-lyase activity"	3	3.187520720836463	0.0033592356815525773	0.9124146991735188	0.64503552	null
"GO:0018836"	"alkylmercury lyase activity"	9	2.797959643737196	0.0013685774998917907	0.9176496952923411	0.36153929	null
"GO:0018845"	"2-hydroxychromene-2-carboxylate isomerase activity"	17	3.490800952010855	0.0067555779300878666	0.9260351013937628	0.63105911	null
"GO:0019120"	"hydrolase activity, acting on acid halide bonds, in C-halide compounds"	21	3.8310374856400253	0.014790241051462158	0.9197400980179729	0.19541342	null
"GO:0018785"	"haloacetate dehalogenase activity"	2	2.667452952889954	0.0010127910047046107	0.9303850433647027	0.86791459	19120
"GO:0018786"	"haloalkane dehalogenase activity"	10	3.060697840353612	0.0025079673801844775	0.9271182430879272	0.90845528	19120
"GO:0019139"	"cytokinin dehydrogenase activity"	14	3.4260230156898763	0.005819182798582957	0.8878084911482055	0.63901079	null
"GO:0019145"	"aminobutyraldehyde dehydrogenase (NAD+) activity"	2	3.296445794206396	0.004317458205400258	0.8853872531691808	0.64670809	null
"GO:0019148"	"D-cysteine desulfhydrase activity"	18	3.7573960287930244	0.012483085680831181	0.9061257484125206	0.41261474	null
"GO:0004462"	"lactoylglutathione lyase activity"	13	4.1076847196558415	0.02796743780879348	0.9017893622511461	0.72465153	19148
"GO:0019150"	"D-ribulokinase activity"	4	3.7502769151539925	0.012280090932043403	0.875718026313887	0.69217955	null
"GO:0019152"	"acetoin dehydrogenase (NAD+) activity"	1	3.192846115188842	0.003400707727003843	0.879910304306398	0.5359225	null
"GO:0019156"	"isoamylase activity"	3	3.123524980942732	0.0028986777031200926	0.9058231697523947	0.52731367	null
"GO:0019159"	"nicotinamide-nucleotide amidase activity"	1	2.7041505168397992	0.0011022833133099749	0.9091242040174352	0.50688722	null
"GO:0019163"	"pyridoxamine-phosphate transaminase activity"	1	1.0413926851582251	2.1827392342771783E-05	0.9215270118772689	0.48429268	null
"GO:0019166"	"trans-2-enoyl-CoA reductase (NADPH) activity"	2	3.6447339274471924	0.00963024550163091	0.8781084294778996	0.62650746	null
"GO:0019171"	"(3R)-hydroxyacyl-[acyl-carrier-protein] dehydratase activity"	48	4.283007075553755	0.04187803494884194	0.8912482256096842	0.61671307	null
"GO:0019172"	"glyoxalase III activity"	36	3.8815558297933115	0.01661501105131788	0.8822904354669189	0.60081364	null
"GO:0019180"	"dTDP-4-amino-4,6-dideoxygalactose transaminase activity"	1	3.022840610876528	0.0022984244136938685	0.903041576131947	0.62830758	null
"GO:0019202"	"amino acid kinase activity"	11	4.645019230042717	0.09638539910721163	0.8716248141381924	0.48803739	null
"GO:0019213"	"deacetylase activity"	7	4.947987265993787	0.19363516295119704	0.907421074909696	0.24855383	null
"GO:0019806"	"bromide peroxidase activity"	6	2.2380461031287955	0.00037543114829567464	0.8908851075612533	0.56232051	null
"GO:0016691"	"chloride peroxidase activity"	2	2.747411807886423	0.0012179684927266653	0.884780167081638	0.88664373	19806
"GO:0019808"	"polyamine binding"	9	4.014856420044506	0.022584802857065964	0.9949313767574872	0.03745064	null
"GO:0019825"	"oxygen binding"	76	4.544749971447908	0.07651374111835221	0.9901308943186683	0.09572414	null
"GO:0019843"	"rRNA binding"	95	5.701949444043812	1.098880422843737	0.9812260531667928	0.31588132	null
"GO:0019874"	"6-aminohexanoate-cyclic-dimer hydrolase activity"	2	2.290034611362518	0.0004234514114497726	0.9136545785087677	0.62566235	null
"GO:0019875"	"6-aminohexanoate-dimer hydrolase activity"	1	2.503790683057181	0.0006941110765001427	0.9111502245260085	0.49460787	null
"GO:0019888"	"protein phosphatase regulator activity"	1	4.899535984652174	0.17319381002219125	0.9908094651487255	0.672877	null
"GO:0019894"	"kinesin binding"	5	4.216007468108312	0.03589078122921964	0.9855610756497265	0.36939601	null
"GO:0019992"	"diacylglycerol binding"	1	3.678245151927042	0.010402935190565031	0.9916048706527245	0.4901638	null
"GO:0020037"	"heme binding"	1539	5.829499322166181	1.4740103531250812	0.9877313749444484	0.14897693	null
"GO:0031419"	"cobalamin binding"	222	4.756871825857871	0.1246998924542552	0.9818735529936847	0.74209331	20037
"GO:0022841"	"potassium ion leak channel activity"	2	4.297454099619072	0.043294632711887826	0.9381929195358284	0.69724612	null
"GO:0015271"	"outward rectifier potassium channel activity"	1	4.385945712730184	0.05307985269915242	0.9366262361592809	0.77601911	22841
"GO:0022877"	"protein-N(PI)-phosphohistidine-fructose phosphotransferase system transporter activity"	19	3.590395947184013	0.008497403839041054	0.8438792827803954	0.62104016	null
"GO:0030020"	"extracellular matrix structural constituent conferring tensile strength"	28	4.313044233082023	0.04487711865673878	0.9984499216436307	0.58252443	null
"GO:0030145"	"manganese ion binding"	83	5.123685075055211	0.29019081571868227	0.9842499034260421	0.51759562	null
"GO:0030151"	"molybdenum ion binding"	91	4.613514128230588	0.08964073487329514	0.9856520407457987	0.46352185	null
"GO:0030246"	"carbohydrate binding"	694	5.660979252046847	0.9999543152678265	0.9931224119054312	0.05502619	null
"GO:0030247"	"polysaccharide binding"	107	4.8370009860625265	0.1499672818302478	0.9892885991463639	0.04455899	null
"GO:0048029"	"monosaccharide binding"	16	4.958372732478607	0.19832150408719013	0.9845957355390265	0.71653765	30247
"GO:0030248"	"cellulose binding"	15	4.262213705476417	0.03992011785569531	0.9899603453149806	0.63637489	null
"GO:2001070"	"starch binding"	8	4.0563330349511615	0.024848303443011394	0.9902521138965507	0.80524418	30248
"GO:0030267"	"glyoxylate reductase (NADPH) activity"	48	4.151339200296363	0.030925049471239058	0.8645199042460836	0.63332619	null
"GO:0047964"	"glyoxylate reductase (NADH) activity"	1	2.6085260335771943	0.0008840093898822572	0.8871226276673094	0.81866455	30267
"GO:0030272"	"5-formyltetrahydrofolate cyclo-ligase activity"	11	4.054191576796431	0.024726070045891876	0.9169720684582242	0.55786278	null
"GO:0004141"	"dethiobiotin synthase activity"	4	3.860697274052039	0.015835773144680928	0.9190801404804864	0.85633754	30272
"GO:0004641"	"phosphoribosylformylglycinamidine cyclo-ligase activity"	1	4.083681747274301	0.02646353047637651	0.9166410809633304	0.88291957	30272
"GO:0030340"	"hyaluronate lyase activity"	1	1.8692317197309762	0.000159339964102234	0.9178061242365327	0.51750559	null
"GO:0030429"	"kynureninase activity"	18	3.8208579894397	0.014447550991680642	0.9175390287890971	0.19503336	null
"GO:0004334"	"fumarylacetoacetase activity"	8	3.787672964687493	0.013384556984587657	0.9178970308628409	0.81582598	30429
"GO:0016823"	"hydrolase activity, acting on acid carbon-carbon bonds, in ketonic substances"	4	4.512297413660174	0.0710045072910366	0.9092910245848086	0.95387839	30429
"GO:0018773"	"acetylpyruvate hydrolase activity"	10	4.212507212770084	0.03560265965029505	0.9130630219526624	0.86338257	30429
"GO:0102481"	"3D-(3,5/4)-trihydroxycyclohexane-1,2-dione hydrolase activity"	2	2.8312296938670634	0.0014777144616056497	0.9270223169021427	0.72577972	30429
"GO:0030527"	"structural constituent of chromatin"	21	4.953194112779582	0.1959706939318736	0.9983112398198423	0.66764114	null
"GO:0030596"	"alpha-L-rhamnosidase activity"	34	3.617210094557434	0.009038723169141795	0.8999055398624165	0.57183309	null
"GO:0030598"	"rRNA N-glycosylase activity"	36	3.252124552505644	0.00389837227241904	0.8653348937303674	0.60810273	null
"GO:0030599"	"pectinesterase activity"	18	4.328644584943907	0.04651853856091522	0.8834683912575068	0.59735389	null
"GO:0030600"	"feruloyl esterase activity"	14	3.871981353843369	0.01625267633842787	0.8905330162795895	0.55706488	null
"GO:0030604"	"1-deoxy-D-xylulose-5-phosphate reductoisomerase activity"	5	3.9280884596649708	0.01849434953203053	0.868732780440388	0.60760867	null
"GO:0030621"	"U4 snRNA binding"	2	3.574147064150723	0.008185272128539417	0.9865690330449315	0.37840739	null
"GO:0017070"	"U6 snRNA binding"	2	4.146128035678238	0.030556166540646218	0.9853928142850624	0.79552406	30621
"GO:0030731"	"guanidinoacetate N-methyltransferase activity"	3	2.8898617212581885	0.001691622906564813	0.8964064674774004	0.47716102	null
"GO:0030743"	"23S rRNA (adenosine(1067)-2'-O)-methyltransferase activity"	1	1.462397997898956	6.111669855976098E-05	0.8758630141085694	0.64084011	null
"GO:0030788"	"precorrin-2 C20-methyltransferase activity"	6	3.583765368285	0.008368622224218702	0.8873920277515989	0.53552899	null
"GO:0030789"	"precorrin-3B C17-methyltransferase activity"	1	3.0285712526925375	0.002328982762973749	0.8947220799563399	0.4877935	null
"GO:0030791"	"arsenite methyltransferase activity"	1	2.9253120914996495	0.0018356836960271069	0.895981120940452	0.47983441	null
"GO:0030798"	"trans-aconitate 2-methyltransferase activity"	16	3.45178643552429	0.0061749692937701365	0.8892259927734938	0.52335688	null
"GO:0030848"	"threo-3-hydroxyaspartate ammonia-lyase activity"	1	2.225309281725863	0.00036451745212428877	0.917646792841717	0.65627266	null
"GO:0030955"	"potassium ion binding"	6	4.412460547429961	0.05642162646683078	0.9870965287578337	0.23439871	null
"GO:0031402"	"sodium ion binding"	4	3.4924810101288766	0.006781770800899192	0.9887374831566178	0.86225531	30955
"GO:0030973"	"molybdate ion binding"	13	3.17260293120986	0.0032457332413701637	0.9897951923692836	0.17901498	null
"GO:0030975"	"thiamine binding"	27	4.184946823051894	0.03341337219831504	0.9790280450200118	0.6566552	null
"GO:0015485"	"cholesterol binding"	2	4.347427598618541	0.04857467891960432	0.9837188269915399	0.83619655	30975
"GO:0032934"	"sterol binding"	1	4.692952617038325	0.10763305438144194	0.9865098315006394	0.91899092	30975
"GO:0030983"	"mismatched DNA binding"	2	4.760844509051386	0.1258458305522507	0.9855129367166252	0.6323417	null
"GO:0031072"	"heat shock protein binding"	6	4.869202374517823	0.16150960690110552	0.9850917329723351	0.42048752	null
"GO:0031132"	"serine 3-dehydrogenase activity"	1	2.5118833609788744	0.0007072075119058057	0.8886858631265401	0.48307112	null
"GO:0031151"	"histone H3K79 methyltransferase activity"	1	3.533136288278639	0.0074475062673537325	0.8678934204913753	0.61720957	null
"GO:0031176"	"endo-1,4-beta-xylanase activity"	36	4.083753377570011	0.026467895954845062	0.893168330661215	0.62139639	null
"GO:0009044"	"xylan 1,4-beta-xylosidase activity"	16	3.9419584165308135	0.019094602821456752	0.8951744918057019	0.91500858	31176
"GO:0031177"	"phosphopantetheine binding"	3316	4.863929258997284	0.159560420764896	0.9842659636444602	0.04483773	null
"GO:0000062"	"fatty-acyl-CoA binding"	6	4.444918753773256	0.06080020137079079	0.9772808134570342	0.777911	31177
"GO:0005504"	"fatty acid binding"	42	4.6144964683222165	0.08984372962208292	0.9794268079607301	0.87755638	31177
"GO:0008658"	"penicillin binding"	172	4.702094345148495	0.10992274783819869	0.9760108268003594	0.81266875	31177
"GO:0030170"	"pyridoxal phosphate binding"	1106	5.6758864437228365	1.034873777537793	0.9779882615752684	0.73511612	31177
"GO:0030976"	"thiamine pyrophosphate binding"	214	4.966390500477683	0.2020168816108214	0.9763895597612111	0.75121148	31177
"GO:0031405"	"lipoic acid binding"	58	4.172194128466931	0.032446418717530255	0.9766099584774514	0.81735525	31177
"GO:0031267"	"small GTPase binding"	6	5.0687052196919415	0.25568389116399437	0.9831252772705933	0.66798533	null
"GO:0031386"	"protein tag activity"	1	4.452307889568104	0.061843550724775286	1	-0	null
"GO:0031491"	"nucleosome binding"	18	4.718534903236294	0.11416381017039924	0.9898219349240468	0.66313701	null
"GO:0032131"	"alkylated DNA binding"	23	4.0033743540197495	0.021995463263811126	0.9873641324193114	0.31110596	null
"GO:0032267"	"tRNA(Ile)-lysidine synthase activity"	5	3.9364131997114797	0.018852318766451985	0.8799440164929321	0.54855068	null
"GO:0032357"	"oxidized purine DNA binding"	3	4.016657344822202	0.02267866064413988	0.9873385055561372	0.67814123	null
"GO:0032451"	"demethylase activity"	1	4.636768642669032	0.0945715428035273	0.9585502635120607	0.03894138	null
"GO:0032549"	"ribonucleoside binding"	1	4.312579294906139	0.04482909839358468	0.9850929781560436	0.2208358	null
"GO:0032791"	"lead ion binding"	33	3.503245771465113	0.006952024461172813	0.9894303222955779	0.19883771	null
"GO:0033094"	"putrescine--2-oxoglutarate transaminase activity"	3	2.622214022966295	0.0009123849999278605	0.9073760194575655	0.59330335	null
"GO:0033232"	"ABC-type D-methionine transporter activity"	4	3.612889769287485	0.008949230860536431	0.9308071143638413	0.67596433	null
"GO:0033294"	"ectoine binding"	6	3.0269416279590295	0.0023202518060366404	0.9840613211734088	0.58447368	null
"GO:0033592"	"RNA strand annealing activity"	9	3.9408649759667216	0.019046582558302657	0.9863383853978026	0.40284622	null
"GO:0033608"	"formyl-CoA transferase activity"	5	3.279894980011638	0.004155935502063748	0.903286623899786	0.60187297	null
"GO:0008260"	"succinyl-CoA:3-oxo-acid CoA-transferase activity"	2	3.674769314015426	0.010319991099662498	0.8984508500670987	0.75110686	33608
"GO:0008775"	"acetate CoA-transferase activity"	1	3.871222556759707	0.016224300728382265	0.8958592410560811	0.80824018	33608
"GO:0033712"	"1,5-anhydro-D-fructose reductase (1,5-anhydro-D-mannitol-forming) activity"	4	2.9003671286564705	0.0017330949520160796	0.8838425181553567	0.51188383	null
"GO:0033735"	"aspartate dehydrogenase activity"	1	3.1889284837608534	0.003370149377723963	0.8904039709230643	0.62645493	null
"GO:0033736"	"L-lysine 6-oxidase activity"	1	1.9822712330395684	0.00020736022725633194	0.9031531736416618	0.63194775	null
"GO:0033754"	"indoleamine 2,3-dioxygenase activity"	3	3.5330090224954853	0.0074453235281194555	0.8792076658717399	0.66852354	null
"GO:0033758"	"clavaminate synthase activity"	2	1.3617278360175928	4.8020263154097916E-05	0.8986886439817895	0.39888607	null
"GO:0033765"	"steroid dehydrogenase activity, acting on the CH-CH group of donors"	43	4.137354111370733	0.02994499955504861	0.8703889520106602	0.66212082	null
"GO:0008709"	"cholate 7-alpha-dehydrogenase activity"	1	2.9360107957152097	0.0018815212199469276	0.8815997181326622	0.78264546	33765
"GO:0044594"	"17-beta-hydroxysteroid dehydrogenase (NAD+) activity"	10	3.5737995822157407	0.008178723910836586	0.8724972679266199	0.84826976	33765
"GO:0047044"	"androstan-3-alpha,17-beta-diol dehydrogenase activity"	1	2.727541257028556	0.001163400011869736	0.8843001082641384	0.76332626	33765
"GO:0047571"	"3-oxosteroid 1-dehydrogenase activity"	1	2.6148972160331345	0.0008971058252879203	0.8918285833497025	0.75327258	33765
"GO:0033767"	"4-hydroxyacetophenone monooxygenase activity"	2	2.462397997898956	0.0006308116387061045	0.8884891844719013	0.58175114	null
"GO:0033785"	"heptose 7-phosphate kinase activity"	1	3.522574632691177	0.007268521650143004	0.8807214212832527	0.67200357	null
"GO:0033786"	"heptose-1-phosphate adenylyltransferase activity"	1	3.5327543789924976	0.0074409580496509	0.8844143078492495	0.6819717	null
"GO:0033806"	"fluorothreonine transaldolase activity"	1	1.3424226808222062	4.583752391982074E-05	0.9271604883803312	0.580968	null
"GO:0033816"	"diaminobutyrate acetyltransferase activity"	13	3.2035767749779724	0.0034858345571406536	0.8919611194012523	0.57150825	null
"GO:0033818"	"beta-ketoacyl-acyl-carrier-protein synthase III activity"	58	4.049528122277718	0.024461958598544335	0.8835975414164892	0.52248315	null
"GO:0033819"	"lipoyl(octanoyl) transferase activity"	4	3.9979103673467433	0.021720438120292198	0.8701452561148486	0.51739551	null
"GO:0033850"	"Z-farnesyl diphosphate synthase activity"	35	3.587486465410964	0.008440652618949848	0.895428616728865	0.59768517	null
"GO:0033904"	"dextranase activity"	1	1.5563025007672873	7.639587319970123E-05	0.9207662631649879	0.42221707	null
"GO:0033916"	"beta-agarase activity"	1	2.380211241711606	0.0005216746769922455	0.9135215849085714	0.47191052	null
"GO:0033922"	"peptidoglycan beta-N-acetylmuramidase activity"	4	3.5039268041935103	0.0069629381573441985	0.9013287133671277	0.56096737	null
"GO:0033925"	"mannosyl-glycoprotein endo-beta-N-acetylglucosaminidase activity"	12	3.422589839851482	0.005773345274663136	0.9023256378646701	0.55341657	null
"GO:0033926"	"endo-alpha-N-acetylgalactosaminidase activity"	8	3.520483532740792	0.007233597822394569	0.8874028122009859	0.56252965	null
"GO:0033939"	"xylan alpha-1,2-glucuronosidase activity"	4	3.0318122713303706	0.0023464446768479666	0.9068459048835485	0.51979296	null
"GO:0033942"	"4-alpha-D-(1->4)-alpha-D-glucanotrehalose trehalohydrolase activity"	4	3.3736474722092176	0.005157812810596972	0.9029157904945028	0.54896999	null
"GO:0033958"	"DNA-deoxyinosine glycosylase activity"	8	3.3803921600570273	0.0052385741622652275	0.8669551553116185	0.61777759	null
"GO:0033969"	"gamma-glutamyl-gamma-aminobutyrate hydrolase activity"	29	3.749504423876142	0.012258263539700632	0.8968580670547696	0.58216083	null
"GO:0033973"	"dCTP deaminase (dUMP-forming) activity"	1	3.348888723071438	0.004871873970906661	0.900601507383647	0.62807098	null
"GO:0033980"	"phosphonopyruvate decarboxylase activity"	8	2.7331972651065692	0.0011786791865096762	0.9087173858972565	0.54868659	null
"GO:0033982"	"3-dehydro-L-gulonate-6-phosphate decarboxylase activity"	1	3.1702617153949575	0.003228271327495946	0.9040470799483735	0.58432509	null
"GO:0033983"	"diaminobutyrate decarboxylase activity"	3	2.593286067020457	0.0008534510406023766	0.9101186966947978	0.43878699	null
"GO:0033990"	"ectoine synthase activity"	8	3.284881714655453	0.004203955765217845	0.904149364783337	0.46938118	null
"GO:0033999"	"chondroitin B lyase activity"	1	1.5440680443502757	7.421313396542406E-05	0.9204755301383317	0.50265333	null
"GO:0034000"	"chondroitin-sulfate-ABC endolyase activity"	1	2.113943352306837	0.000281573361221756	0.9156969330050531	0.52915595	null
"GO:0034023"	"5-(carboxyamino)imidazole ribonucleotide mutase activity"	2	3.9546765869186435	0.019662115022368823	0.9226881431265616	0.63653246	null
"GO:0034026"	"L-amino-acid alpha-ligase activity"	12	1.7853298350107671	0.00013096435405663068	0.9353705249367017	0.42203567	null
"GO:0034027"	"(carboxyethyl)arginine beta-lactam-synthase activity"	1	0.9030899869919435	1.5279174639940246E-05	0.9419975728077946	0.60857943	null
"GO:0034028"	"5-(carboxyamino)imidazole ribonucleotide synthase activity"	1	3.859258417467307	0.015783387403058277	0.9199745075499168	0.54261703	null
"GO:0034069"	"aminoglycoside N-acetyltransferase activity"	69	3.777644277696485	0.01307897349178885	0.8829541833121688	0.69236234	null
"GO:0034256"	"chlorophyll(ide) b reductase activity"	1	2.9283958522567137	0.0018487801314327698	0.8834768712284077	0.51409434	null
"GO:0034257"	"nicotinamide riboside transmembrane transporter activity"	7	3.7280289544205183	0.011666741207211517	0.9582006087994428	0.36166054	null
"GO:0034338"	"short-chain carboxylesterase activity"	2	4.1591459278540475	0.0314860134544483	0.8861958065496056	0.58173798	null
"GO:0034386"	"4-aminobutyrate:2-oxoglutarate transaminase activity"	3	3.486430478854434	0.006687913013825274	0.8974912024942179	0.67429779	null
"GO:0034480"	"phosphatidylcholine phospholipase C activity"	26	3.4474681309497557	0.006113852595210376	0.8886479230624299	0.61080578	null
"GO:0004435"	"phosphatidylinositol phospholipase C activity"	7	4.281714970027296	0.041753618812488145	0.8756848128164204	0.87056715	34480
"GO:0034784"	"pivalyl-CoA mutase activity"	1	3.2889196056617265	0.004243245071434834	0.9288859492992793	0.58164059	null
"GO:0035243"	"protein-arginine omega-N symmetric methyltransferase activity"	16	3.9216344610537055	0.018221507127745885	0.8660566045480197	0.65047817	null
"GO:0016274"	"protein-arginine N-methyltransferase activity"	9	4.407458890457392	0.05577553565348474	0.856907882855989	0.93000275	35243
"GO:0035312"	"5'-3' DNA exonuclease activity"	19	4.350306178879111	0.04889772432627734	0.8444157156265231	0.68228979	null
"GO:0008297"	"single-stranded DNA exodeoxyribonuclease activity"	2	4.007790437445979	0.022220285404941673	0.8517466667599467	0.78476362	35312
"GO:0008311"	"double-stranded DNA 3'-5' DNA exonuclease activity"	7	4.289120518067948	0.04247174002056533	0.8458837922832915	0.81780364	35312
"GO:0008854"	"exodeoxyribonuclease V activity"	1	3.7760470711817797	0.013030953228634755	0.8562484194748041	0.75948651	35312
"GO:0008855"	"exodeoxyribonuclease VII activity"	11	4.229477058873163	0.03702144015257522	0.8471655526831293	0.81056877	35312
"GO:0035368"	"selenocysteine insertion sequence binding"	3	3.2258259914618934	0.0036691846528199364	0.9872841595567451	0.46248982	null
"GO:0035447"	"mycothiol synthase activity"	9	3.346744054604849	0.004847863839329613	0.8935905952265965	0.46078524	null
"GO:0035485"	"adenine/guanine mispair binding"	3	4.003158833950862	0.02198454956763974	0.9872366189402603	0.53958547	null
"GO:0035516"	"broad specificity oxidative DNA demethylase activity"	12	3.682776646314434	0.01051207215227889	0.8274742590855435	0.61954179	null
"GO:0032453"	"histone H3K4 demethylase activity"	7	3.9216344610537055	0.018221507127745885	0.9317377935407559	0.86515019	35516
"GO:0033749"	"histone H4R3 demethylase activity"	1	3.1189257528257768	0.002868119353840212	0.854861863041168	0.70918453	35516
"GO:0035515"	"oxidative RNA demethylase activity"	12	3.7309436934277356	0.011745319819645494	0.8267962602813387	0.76408921	35516
"GO:0051864"	"histone H3K36 demethylase activity"	7	3.766040860381389	0.012734100692773058	0.8431678305504012	0.77222109	35516
"GO:0035527"	"3-hydroxypropionate dehydrogenase (NADP+) activity"	2	2.5563025007672873	0.000783603385105507	0.8881523219265838	0.48620307	null
"GO:0035529"	"NADH pyrophosphatase activity"	7	4.053001570400308	0.024658405129629284	0.914098715343299	0.46551492	null
"GO:0035539"	"8-oxo-7,8-dihydrodeoxyguanosine triphosphate pyrophosphatase activity"	16	3.9728967844365446	0.02050465236679981	0.912442854796082	0.45817757	null
"GO:0004170"	"dUTP diphosphatase activity"	3	4.089481202687437	0.02681931697156369	0.9110401638979122	0.78353599	35539
"GO:0008413"	"8-oxo-7,8-dihydroguanosine triphosphate pyrophosphatase activity"	11	3.961516011448949	0.01997424673287046	0.9125773909426084	0.76996274	35539
"GO:0035870"	"dITP diphosphatase activity"	1	3.9393694700746598	0.01898110038127434	0.9128379986447289	0.76766121	35539
"GO:0036220"	"ITP diphosphatase activity"	1	3.9379690029514527	0.01891998368271458	0.9128544257417406	0.76751613	35539
"GO:0036222"	"XTP diphosphatase activity"	1	3.9379690029514527	0.01891998368271458	0.9128544257417406	0.76751613	35539
"GO:0035595"	"N-acetylglucosaminylinositol deacetylase activity"	12	3.1789769472931693	0.003293753504524262	0.9025746984746947	0.53853033	null
"GO:0035597"	"N6-isopentenyladenosine methylthiotransferase activity"	3	2.110589710299249	0.0002793906219874788	0.9017262292981038	0.52074786	null
"GO:0035731"	"dinitrosyl-iron complex binding"	103	4.006466042249231	0.02215262048867908	0.9890536715758479	0.56473055	null
"GO:0035888"	"isoguanine deaminase activity"	2	3.28397928423848	0.004195224808280737	0.9013866583664962	0.62278691	null
"GO:0035925"	"mRNA 3'-UTR AU-rich region binding"	47	3.7147487607250596	0.01131532019049289	0.9863743648328955	0.38741898	null
"GO:0036009"	"protein-glutamine N-methyltransferase activity"	14	4.171141151028382	0.032367840105096274	0.8617560073536754	0.67380106	null
"GO:0036121"	"double-stranded DNA helicase activity"	2	2.184691430817599	0.0003317763636101311	0.9203018226302061	0.40436701	null
"GO:0036199"	"cholest-4-en-3-one 26-monooxygenase activity"	122	3.739809599021359	0.011987603874650261	0.8710593674136113	0.56325691	null
"GO:0004499"	"N,N-dimethylaniline monooxygenase activity"	36	4.538435481499883	0.07540927506580794	0.8570728377318438	0.75333398	36199
"GO:0036200"	"3-ketosteroid 9-alpha-monooxygenase activity"	1	2.0043213737826426	0.0002182739234277178	0.8966771736337206	0.69325697	null
"GO:0036380"	"UDP-N-acetylglucosamine-undecaprenyl-phosphate N-acetylglucosaminephosphotransferase activity"	2	2.9237619608287004	0.0018291354783242753	0.8952490083195288	0.61566422	null
"GO:0036382"	"flavin reductase (NADH) activity"	9	2.625312450961674	0.000918933217630692	0.8971764003857386	0.6222413	null
"GO:0036383"	"3-hydroxy-9,10-secoandrosta-1,3,5(10)-triene-9,17-dione monooxygenase activity"	3	2.4313637641589874	0.0005871568540205609	0.8911009742681925	0.66765904	null
"GO:0036397"	"formate dehydrogenase (quinone) activity"	5	3.336259552014193	0.004732178659912922	0.8918162690488913	0.69635805	null
"GO:0036424"	"L-phosphoserine phosphatase activity"	13	3.99056082999402	0.02135592066816791	0.8900741505656903	0.60328923	null
"GO:0036524"	"protein deglycase activity"	1	2.907411360774586	0.0017614705620616828	0.8943763651642673	0.51997092	null
"GO:0042242"	"cobyrinic acid a,c-diamide synthase activity"	8	3.6953941082911097	0.010822021123546249	0.9202239170635861	0.68273392	null
"GO:0042277"	"peptide binding"	37	5.189986927670516	0.33805392164791226	0.9937639666892543	0.04851225	null
"GO:0042286"	"glutamate-1-semialdehyde 2,1-aminomutase activity"	9	3.913124790389559	0.017867903371792983	0.9231065098045912	0.63280568	null
"GO:0042301"	"phosphate ion binding"	21	3.964259630196849	0.020100845608458533	0.9885392530622278	0.20307283	null
"GO:0042393"	"histone binding"	4	5.222929665203122	0.3646942540022652	0.9840930930499581	0.45453118	null
"GO:0042562"	"hormone binding"	2	4.589983093181969	0.08491292169185077	0.9944218446485853	0.04215502	null
"GO:0042578"	"phosphoric ester hydrolase activity"	21	5.97889234061877	2.0791879022638344	0.8579840308289364	0.69440334	null
"GO:0042586"	"peptide deformylase activity"	23	4.237970785416336	0.037752657796058076	0.8899042975622847	0.62553982	null
"GO:0042602"	"riboflavin reductase (NADPH) activity"	269	4.253265293690157	0.039105956121309925	0.8749608529712529	0.32154912	null
"GO:0004146"	"dihydrofolate reductase activity"	5	4.0433229735745755	0.024114903060294263	0.8783535401604105	0.74792131	42602
"GO:0004488"	"methylenetetrahydrofolate dehydrogenase (NADP+) activity"	10	4.256405018334166	0.03938971222176596	0.8749086655724113	0.80886029	42602
"GO:0004489"	"methylenetetrahydrofolate reductase (NAD(P)H) activity"	3	4.139627248480638	0.030102156779916567	0.8768205920551485	0.75831707	42602
"GO:0004735"	"pyrroline-5-carboxylate reductase activity"	11	4.2024883170600935	0.034790680655143943	0.8757987934813883	0.76525995	42602
"GO:0004753"	"saccharopine dehydrogenase activity"	4	3.8178957571617955	0.01434932772613817	0.8817957589807064	0.7246661	42602
"GO:0008115"	"sarcosine oxidase activity"	51	4.2309085193207645	0.03714367354969474	0.8752777014622416	0.71424154	42602
"GO:0016646"	"oxidoreductase activity, acting on the CH-NH group of donors, NAD or NADP as acceptor"	60	5.027626815293221	0.23260797197921604	0.8611697708665709	0.80843988	42602
"GO:0018530"	"(R)-6-hydroxynicotine oxidase activity"	5	2.1398790864012365	0.0002990352750959734	0.9022737291466228	0.73972244	42602
"GO:0050131"	"N-methyl-L-amino-acid oxidase activity"	2	2.3541084391474008	0.000491116327712365	0.9000512275707441	0.7579606	42602
"GO:0102317"	"4-methylaminobutyrate oxidase (demethylating) activity"	1	2.6314437690131722	0.0009320296530363552	0.8970259289335294	0.78288754	42602
"GO:0106312"	"methylenetetrahydrofolate reductase (NADH) activity"	4	3.777499319590365	0.013074608013320298	0.8823919702732459	0.72065056	42602
"GO:0042781"	"3'-tRNA processing endoribonuclease activity"	20	4.3457069212784285	0.04838259786698793	0.8341834825225084	0.55084972	null
"GO:0004525"	"ribonuclease III activity"	3	4.429865278734561	0.05872878183746175	0.8477773110458757	0.74462716	42781
"GO:0004526"	"ribonuclease P activity"	2	4.328644584943907	0.04651853856091522	0.8448329117608139	0.73328865	42781
"GO:0042802"	"identical protein binding"	127	5.33465677657078	0.4716899485272982	0.9837494279709756	0.46645967	null
"GO:0042803"	"protein homodimerization activity"	30	4.868996902487136	0.16143321102790584	0.9847447102884865	0.42046922	null
"GO:0046982"	"protein heterodimerization activity"	10	5.13753450236695	0.29959405633994834	0.9839987486672824	0.71804241	42803
"GO:0042813"	"Wnt receptor activity"	1	4.070555015835032	0.025675561612802447	0.9906242856283209	0.51259436	null
"GO:0042834"	"peptidoglycan binding"	14	4.31987606673915	0.04558869164711314	0.9918960773405866	0.22109503	null
"GO:0005540"	"hyaluronic acid binding"	1	4.052578525044658	0.02463439499805223	0.9922105575395499	0.79717568	42834
"GO:0042907"	"xanthine transmembrane transporter activity"	23	4.0258381642297	0.023163228754149414	0.9556811235283613	0.37842714	null
"GO:0005345"	"purine nucleobase transmembrane transporter activity"	8	4.40866387406381	0.055930510139118414	0.9531401335602061	0.92858466	42907
"GO:0015205"	"nucleobase transmembrane transporter activity"	7	4.60182106365178	0.08725936636869874	0.9518171007307262	0.95059863	42907
"GO:0015209"	"cytosine transmembrane transporter activity"	10	3.5376931943673906	0.00752608487978771	0.958588460218682	0.78790142	42907
"GO:0042910"	"xenobiotic transmembrane transporter activity"	57	5.058285539361334	0.24962242431040665	0.9526945121747928	0.37534098	null
"GO:0042925"	"benzoate transmembrane transporter activity"	6	3.376576957056512	0.005192736638345407	0.9538146944946844	0.73203066	42910
"GO:0042970"	"homoserine transmembrane transporter activity"	8	3.305136318943639	0.004404767774771346	0.951270184540062	0.64435603	null
"GO:0015193"	"L-proline transmembrane transporter activity"	4	3.7780064614235083	0.013089887187960237	0.9465876084148422	0.70649451	42970
"GO:0042972"	"licheninase activity"	1	2.574031267727719	0.0008163444736196645	0.9116366365746544	0.48522202	null
"GO:0043024"	"ribosomal small subunit binding"	51	4.590540910873103	0.08502205865356464	0.9895444024575081	0.04216016	null
"GO:0043022"	"ribosome binding"	18	5.381039230559582	0.5248549280565874	0.9880716098715325	0.82050691	43024
"GO:0043023"	"ribosomal large subunit binding"	11	4.724505247609918	0.11574411337601594	0.9893160822307512	0.84157887	43024
"GO:0043115"	"precorrin-2 dehydrogenase activity"	2	3.8715729355458786	0.01623739716378793	0.8746214589489815	0.67013969	null
"GO:0043130"	"ubiquitin binding"	1	4.990769383290282	0.21368144007879863	0.9847629296661521	0.43159714	null
"GO:0043138"	"3'-5' DNA helicase activity"	197	4.986767256980466	0.21172134024641773	0.8847963627143952	0.56837435	null
"GO:0003678"	"DNA helicase activity"	90	5.383382650604397	0.5276946718003821	0.8771431173565014	0.88232688	43138
"GO:0003724"	"RNA helicase activity"	66	5.182229138827818	0.33206885066752423	0.8861231990798858	0.72759973	43138
"GO:0009378"	"four-way junction helicase activity"	20	4.684001077025963	0.1054372187117591	0.8900964191174262	0.80180557	43138
"GO:0017116"	"single-stranded DNA helicase activity"	10	4.627591139628175	0.09259398105727218	0.8910300371279567	0.79388098	43138
"GO:0043139"	"5'-3' DNA helicase activity"	42	4.337299491406797	0.04745493369242013	0.8955922952204204	0.75545709	43138
"GO:0043169"	"cation binding"	19	6.935587114255789	18.818669658416372	0.9821918238519414	0.24087335	null
"GO:0043365"	"[formate-C-acetyltransferase]-activating enzyme activity"	7	3.7172543127625497	0.011380802367521207	0.8910185090306776	0.2919414	null
"GO:0043531"	"ADP binding"	692	5.053689100888162	0.24699440627233693	0.9816685518862742	0.28603787	null
"GO:0043546"	"molybdopterin cofactor binding"	86	4.614116471181783	0.08976515100964895	0.9909020335350186	0.10922232	null
"GO:0043565"	"sequence-specific DNA binding"	1179	6.301428929011041	4.369488160527723	0.9807862363832741	0.56045648	null
"GO:0043714"	"(R)-citramalate synthase activity"	5	3.5094713521025485	0.007052430465949562	0.8914338831201465	0.47374042	null
"GO:0043715"	"2,3-diketo-5-methylthiopentyl-1-phosphate enolase activity"	8	3.313445370426414	0.004489894604908155	0.9276152444599787	0.61655438	null
"GO:0043716"	"2-hydroxy-3-keto-5-methylthiopentenyl-1-phosphate phosphatase activity"	8	3.3089910290001643	0.004444057080988335	0.899348399541746	0.53632908	null
"GO:0043718"	"2-hydroxymethylglutarate dehydrogenase activity"	1	2.3443922736851106	0.0004802026315409792	0.8906539500399571	0.31985199	null
"GO:0043720"	"3-keto-5-aminohexanoate cleavage activity"	20	3.750199727829182	0.012277908192809127	0.8880766099732907	0.49429644	null
"GO:0043731"	"6-hydroxynicotinate 3-monooxygenase activity"	3	2.214843848047698	0.00035578649518718	0.89134158694965	0.56630971	null
"GO:0043743"	"LPPG:FO 2-phospho-L-lactate transferase activity"	2	3.862489166905897	0.015901255321709242	0.8838774402559123	0.45863897	null
"GO:0043748"	"O-succinylbenzoate synthase activity"	6	3.4429498695778618	0.006050553157416338	0.9023151940572202	0.47889962	null
"GO:0043750"	"phosphatidylinositol alpha-mannosyltransferase activity"	2	2.6483600109809315	0.0009691362200190672	0.9039407117588049	0.45070048	null
"GO:0043752"	"adenosylcobinamide kinase activity"	4	3.7545776560447304	0.012402324329162925	0.8844669744389001	0.44989122	null
"GO:0043754"	"dihydrolipoyllysine-residue (2-methylpropanoyl)transferase activity"	1	1.9030899869919435	0.00017243639950789707	0.9095535519215647	0.37058427	null
"GO:0043770"	"demethylmenaquinone methyltransferase activity"	14	3.9414120403735495	0.019070592689879706	0.8851481184721027	0.57154652	null
"GO:0043774"	"coenzyme F420-2 alpha-glutamyl ligase activity"	3	2.6665179805548807	0.0010106082654703335	0.9288683591726152	0.57253818	null
"GO:0043780"	"cobalt-precorrin-5B C1-methyltransferase activity"	2	3.2650537885040145	0.004016240191070008	0.8945388237073733	0.50704862	null
"GO:0043785"	"cinnamoyl-CoA:phenyllactate CoA-transferase activity"	2	2.2041199826559246	0.00034705553825007133	0.9143999566815758	0.63865908	null
"GO:0043802"	"hydrogenobyrinic acid a,c-diamide synthase (glutamine-hydrolysing) activity"	8	3.2764618041732443	0.00412319441354959	0.9243073958081345	0.64565603	null
"GO:0043814"	"phospholactate guanylyltransferase activity"	14	3.2962262872611605	0.004315275466165981	0.8883689690950509	0.4254788	null
"GO:0004475"	"mannose-1-phosphate guanylyltransferase (GTP) activity"	1	4.1758306041622495	0.032719261121814905	0.8750661411399441	0.8354121	43814
"GO:0008193"	"tRNA guanylyltransferase activity"	1	3.485579476984679	0.006674816578419611	0.8401226210396538	0.76449804	43814
"GO:0008820"	"cobinamide phosphate guanylyltransferase activity"	4	3.70372115992702	0.011031564090036859	0.882578888866599	0.74709678	43814
"GO:0043817"	"phosphosulfolactate synthase activity"	1	2.113943352306837	0.000281573361221756	0.9222423532097042	0.57157768	null
"GO:0043818"	"precorrin-3B synthase activity"	5	2.3541084391474008	0.000491116327712365	0.8897543783455154	0.57489906	null
"GO:0043819"	"precorrin-6A synthase (deacetylating) activity"	7	3.140193678578631	0.003012180143302506	0.8961059045726029	0.49669752	null
"GO:0043837"	"valine dehydrogenase (NAD+) activity"	11	2.57978359661681	0.0008272581697910506	0.8973134862899923	0.58271511	null
"GO:0043856"	"anti-sigma factor antagonist activity"	406	4.2155318184912955	0.03585149192300265	0.9957514173493636	0.37455432	null
"GO:0043874"	"acireductone synthase activity"	8	3.496514518697745	0.00684507023869323	0.8969579626667681	0.55322587	null
"GO:0043876"	"D-threonine aldolase activity"	1	2.3384564936046046	0.00047365441383814767	0.9134635623683697	0.47219739	null
"GO:0043880"	"crotonyl-CoA reductase activity"	16	3.251638220448212	0.0038940067939504854	0.8969999716077426	0.27031504	null
"GO:0043885"	"anaerobic carbon-monoxide dehydrogenase activity"	4	3.4099331233312946	0.00560745709285807	0.8854561864458049	0.65792149	null
"GO:0043904"	"isochorismate pyruvate lyase activity"	1	1.8920946026904804	0.0001680709210393427	0.9190068689988578	0.32354494	null
"GO:0043908"	"Ser(Gly)-tRNA(Ala) hydrolase activity"	2	3.831997677235896	0.014822982139976317	0.8538473680603342	0.55379438	null
"GO:0043957"	"acryloyl-CoA reductase (NADPH) activity"	5	3.531095546870028	0.007412582439605297	0.8797828745269883	0.60271188	null
"GO:0043958"	"acryloyl-CoA reductase (NADH) activity"	4	2.790988475088816	0.0013467501075490188	0.8896520532346545	0.54317826	null
"GO:0044668"	"sodium:malonate symporter activity"	1	2.4099331233312946	0.0005587812439749576	0.9410006094844744	0.65898925	null
"GO:0044686"	"cysteate synthase activity"	1	1.5440680443502757	7.421313396542406E-05	0.9168201417926253	0.45701509	null
"GO:0044716"	"8-oxo-GDP phosphatase activity"	11	3.8766796104192003	0.01642947821640432	0.9155472301407792	0.44966429	null
"GO:0044715"	"8-oxo-dGDP phosphatase activity"	11	3.9883359558560505	0.021246783706454053	0.9142697916988308	0.91622475	44716
"GO:0044875"	"gamma-glutamyl hercynylcysteine sulfoxide synthase activity"	3	2.8926510338773004	0.0017025366027361988	0.8756338418046006	0.4821049	null
"GO:0044877"	"protein-containing complex binding"	22	5.887403475810974	1.6842430652137217	0.992762098193768	0.05882327	null
"GO:0045127"	"N-acetylglucosamine kinase activity"	5	3.285782273779395	0.004212686722154954	0.8841355018083	0.65222983	null
"GO:0045156"	"electron transporter, transferring electrons within the cyclic electron transport pathway of photosynthesis activity"	98	4.030518764843542	0.02341424376609129	0.9976574816501894	-0	null
"GO:0045300"	"stearoyl-[ACP] desaturase activity"	17	3.586024382386976	0.008412277008904245	0.8787127731769169	0.53177636	null
"GO:0042284"	"sphingolipid delta-4 desaturase activity"	1	3.750431248660202	0.01228445641051196	0.87625803106577	0.7627054	45300
"GO:0045303"	"diaminobutyrate-2-oxoglutarate transaminase activity"	8	3.2650537885040145	0.004016240191070008	0.9002190981376212	0.65152817	null
"GO:0045340"	"mercury ion binding"	1	3.3066394410242617	0.004420046949411285	0.988306574270618	0.36565291	null
"GO:0045437"	"uridine nucleosidase activity"	3	3.3042750504771283	0.004396036817834237	0.9015916812461316	0.61199967	null
"GO:0045439"	"isopenicillin-N epimerase activity"	3	2.2576785748691846	0.00039289306216989207	0.9349480868334022	0.54165105	null
"GO:0045484"	"L-lysine 6-transaminase activity"	3	2.7067177823367587	0.0011088315310128067	0.9064940360250976	0.60036268	null
"GO:0045547"	"dehydrodolichyl diphosphate synthase activity"	20	3.747644819328248	0.01220587779807798	0.8915300463758941	0.67318134	null
"GO:0046026"	"precorrin-4 C11-methyltransferase activity"	5	3.5919545550467356	0.008527962188320935	0.8872762132956542	0.53630291	null
"GO:0046316"	"gluconokinase activity"	21	3.832508912706236	0.014840444053850535	0.8832953021954848	0.45617474	null
"GO:0046353"	"aminoglycoside 3-N-acetyltransferase activity"	24	3.090610707828407	0.0026869519973952063	0.8921495012029742	0.63102205	null
"GO:0047663"	"aminoglycoside 6'-N-acetyltransferase activity"	2	2.595496221825574	0.0008578165190709311	0.8980806264712775	0.80580661	46353
"GO:0046403"	"polynucleotide 3'-phosphatase activity"	2	3.5079907248196913	0.007028420334372514	0.8968079482847273	0.55429448	null
"GO:0046404"	"ATP-dependent polydeoxyribonucleotide 5'-hydroxyl-kinase activity"	2	3.5559404378185113	0.007849130286460733	0.8832713979978005	0.66238954	null
"GO:0046406"	"magnesium protoporphyrin IX methyltransferase activity"	1	2.99563519459755	0.002158729102700129	0.8942991047505195	0.6401368	null
"GO:0046428"	"1,4-dihydroxy-2-naphthoate polyprenyltransferase activity"	2	3.546542663478131	0.00768105936542139	0.8940944841989096	0.65609132	null
"GO:0008412"	"4-hydroxybenzoate polyprenyltransferase activity"	1	3.782472624166286	0.013225217020485422	0.8908957870807585	0.80646829	46428
"GO:0046522"	"S-methyl-5-thioribose kinase activity"	2	3.092018470752797	0.002695682954332315	0.8935461003359636	0.402718	null
"GO:0046556"	"alpha-L-arabinofuranosidase activity"	97	4.336539780753539	0.047371989601517596	0.8898013422318125	0.65201408	null
"GO:0046558"	"arabinan endo-1,5-alpha-L-arabinosidase activity"	5	3.3705130895985924	0.00512070624361426	0.9029533406558315	0.54868765	null
"GO:0046559"	"alpha-glucuronidase activity"	4	3.2626883443016963	0.003994412798727236	0.9042275266404065	0.53914811	null
"GO:0046565"	"3-dehydroshikimate dehydratase activity"	7	3.0402066275747113	0.0023922822007677873	0.9068563046098223	0.4553678	null
"GO:0046570"	"methylthioribulose 1-phosphate dehydratase activity"	10	3.5581083016305497	0.007888419592677722	0.9009339394509693	0.48608	null
"GO:0046583"	"monoatomic cation efflux transmembrane transporter activity"	40	3.550228353055094	0.007746541542449705	0.9518184026666311	0.50333846	null
"GO:0046872"	"metal ion binding"	5124	6.929372070476243	18.551279736738948	0.9785703672593469	0.47256826	null
"GO:0046906"	"tetrapyrrole binding"	1	5.874642401587303	1.6354741225022669	0.9882527892451156	0.15101858	null
"GO:0046912"	"acyltransferase activity, acyl groups converted into alkyl on transfer"	7	4.78850775210288	0.13412277772862977	0.8745455004644845	0.60808163	null
"GO:0046914"	"transition metal ion binding"	15	6.454241915208814	6.212174084018391	0.98122865163676	0.60761832	null
"GO:0046917"	"triphosphoribosyl-dephospho-CoA synthase activity"	6	3.219060332448861	0.00361243343272873	0.8915450258393247	0.63909162	null
"GO:0046983"	"protein dimerization activity"	1516	5.729996121186026	1.172187720026936	0.9824061177955493	0.05613061	null
"GO:0046990"	"N-hydroxyarylamine O-acetyltransferase activity"	1	2.187520720836463	0.0003339591028444083	0.901741784351763	0.47110887	null
"GO:0046992"	"oxidoreductase activity, acting on X-H and Y-H to form an X-Y bond"	2	3.694166295933198	0.010791462774266368	0.8913315918072826	0.29078799	null
"GO:0047001"	"2-dehydro-3-deoxy-D-gluconate 5-dehydrogenase activity"	2	2.788875115775417	0.0013402018898461875	0.8852746462552081	0.50327414	null
"GO:0047004"	"UDP-N-acetylglucosamine 6-dehydrogenase activity"	2	2.5888317255942073	0.0008447200836652679	0.8877584113449385	0.48852198	null
"GO:0047061"	"glucose-fructose oxidoreductase activity"	2	2.8887409606828927	0.0016872574280962587	0.8849979820157343	0.51097244	null
"GO:0047070"	"3-carboxyethylcatechol 2,3-dioxygenase activity"	3	2.574031267727719	0.0008163444736196645	0.8916989626110912	0.59705278	null
"GO:0047074"	"4-hydroxycatechol 1,2-dioxygenase activity"	1	2.2068258760318495	0.0003492382774843485	0.8958318753634733	0.57350203	null
"GO:0047091"	"L-lysine 6-monooxygenase (NADPH) activity"	59	3.248463717551032	0.0038656311839048822	0.8701269674239038	0.6367094	null
"GO:0047126"	"N5-(carboxyethyl)ornithine synthase activity"	3	2.591064607026499	0.0008490855621338224	0.8975593904279767	0.61972171	null
"GO:0047134"	"protein-disulfide reductase (NAD(P)H) activity"	123	4.714346527548247	0.11306807507479211	0.8459253474728766	0.35411641	null
"GO:0004148"	"dihydrolipoyl dehydrogenase activity"	17	4.355604750958804	0.04949797761570356	0.8727871518412859	0.86129315	47134
"GO:0004783"	"sulfite reductase (NADPH) activity"	3	3.657342736814626	0.009914001602086943	0.8837404207485798	0.77475523	47134
"GO:0004791"	"thioredoxin-disulfide reductase (NADPH) activity"	14	4.557362814089654	0.07876851074736053	0.8432044561030284	0.89001549	47134
"GO:0008785"	"alkyl hydroperoxide reductase activity"	3	3.5177235948337358	0.007187760298474748	0.8857065475140206	0.75949462	47134
"GO:0015035"	"protein-disulfide reductase activity"	67	5.076243463475504	0.2601606893334969	0.8380954236022435	0.88802704	47134
"GO:0015036"	"disulfide oxidoreductase activity"	3	5.196518841143546	0.3431768106307608	0.8572728197253122	0.86099569	47134
"GO:0016668"	"oxidoreductase activity, acting on a sulfur group of donors, NAD(P) as acceptor"	6	4.963159534327588	0.20051952249610724	0.8621905342447299	0.78744571	47134
"GO:0047265"	"poly(glycerol-phosphate) alpha-glucosyltransferase activity"	2	2.1760912590556813	0.00032522814590729953	0.9074371090228004	0.57354911	null
"GO:0047298"	"(S)-3-amino-2-methylpropionate transaminase activity"	2	2.8555191556678	0.0015628412917424593	0.9048999124812838	0.61320379	null
"GO:0047304"	"2-aminoethylphosphonate-pyruvate transaminase activity"	2	3.059941888061955	0.0025036019017159235	0.9026196540057618	0.63175711	null
"GO:0047307"	"diaminobutyrate-pyruvate transaminase activity"	6	3.2638726768652235	0.004005326494898622	0.9002332611383862	0.65141079	null
"GO:0047324"	"phosphoenolpyruvate-glycerone phosphotransferase activity"	10	3.423081958297231	0.005779893492365968	0.8891965027644215	0.42498783	null
"GO:0047349"	"D-ribitol-5-phosphate cytidylyltransferase activity"	1	2.9057958803678687	0.0017549223443588512	0.8924802089574054	0.66254001	null
"GO:0047355"	"CDP-glycerol glycerophosphotransferase activity"	111	3.752893154884594	0.012354304066008827	0.8841360178157295	0.68627603	null
"GO:0047360"	"undecaprenyl-phosphate galactose phosphotransferase activity"	2	2.837588438235511	0.0014995418539484214	0.8962827719362436	0.60914506	null
"GO:0047388"	"[glutamine synthetase]-adenylyl-L-tyrosine phosphorylase activity"	4	3.4824447919182653	0.006626796315265513	0.8737252253583743	0.43548153	null
"GO:0047400"	"phosphonoacetate hydrolase activity"	2	2.724275869600789	0.0011546690549326271	0.9313525486768331	0.16123462	null
"GO:0047407"	"ADP-ribosyl-[dinitrogen reductase] hydrolase activity"	2	2.4927603890268375	0.0006766491626259253	0.9104669805226595	0.47955242	null
"GO:0047411"	"2-(acetamidomethylene)succinate hydrolase activity"	2	1.9294189257142926	0.00018335009567928295	0.9165043627518056	0.46236836	null
"GO:0047421"	"N-acyl-D-glutamate deacylase activity"	1	2.155336037465062	0.0003099489712673593	0.9144723649992811	0.47456777	null
"GO:0047429"	"nucleoside triphosphate diphosphatase activity"	15	4.812846536967071	0.14185404009643954	0.9040339919283554	0.54888919	null
"GO:0047437"	"4-oxalocrotonate decarboxylase activity"	1	2.303196057420489	0.0004365478468554356	0.912894476490628	0.42658476	null
"GO:0047441"	"5-dehydro-2-deoxyphosphogluconate aldolase activity"	2	1.6812412373755872	0.00010258874401102738	0.9191763545930118	0.35469013	null
"GO:0047444"	"N-acylneuraminate-9-phosphate synthase activity"	4	3.7007037171450192	0.010955168216837157	0.8939228183847704	0.60799332	null
"GO:0047448"	"5-dehydro-4-deoxyglucarate dehydratase activity"	15	3.2281436075977417	0.003688829305928431	0.9047910077932483	0.46605579	null
"GO:0047449"	"2-dehydro-3-deoxy-L-arabinonate dehydratase activity"	1	2.0253058652647704	0.0002291876195991037	0.9166410581649087	0.36504123	null
"GO:0047456"	"2-methylisocitrate dehydratase activity"	11	3.8062478271957905	0.01396953109937394	0.8978199923507956	0.57433476	null
"GO:0047462"	"phenylalanine racemase (ATP-hydrolyzing) activity"	1	2.346352974450639	0.00048238537077525636	0.9341632478419688	0.5471275	null
"GO:0047464"	"heparosan-N-sulfate-glucuronate 5-epimerase activity"	1	3.090610707828407	0.0026869519973952063	0.9290211852656047	0.59770441	null
"GO:0047465"	"N-acylglucosamine-6-phosphate 2-epimerase activity"	4	3.241048150671644	0.003800149006876567	0.9277465066159198	0.60906819	null
"GO:0047470"	"(1,4)-alpha-D-glucan 1-alpha-D-glucosylmutase activity"	23	3.410608542568368	0.0056161880497951795	0.9278285920665059	0.59095723	null
"GO:0047471"	"maltose alpha-D-glucosyltransferase activity"	2	3.3100557377508912	0.004454970777159721	0.9287045278275385	0.58323774	null
"GO:0047474"	"long-chain fatty acid--protein ligase activity"	5	3.1166077439882485	0.002852840179200272	0.9176264990136136	0.66213058	null
"GO:0047480"	"UDP-N-acetylmuramoyl-tripeptide-D-alanyl-D-alanine ligase activity"	9	3.956936413844196	0.019764703766379847	0.9166513859978828	0.67496556	null
"GO:0047492"	"xanthan lyase activity"	4	2.230448921378274	0.00036888293059284314	0.9146578622262151	0.33681272	null
"GO:0047512"	"(S,S)-butanediol dehydrogenase activity"	1	1.8976270912904414	0.0001702536602736199	0.8955958001860036	0.30710475	null
"GO:0047527"	"2,3-dihydroxybenzoate-serine ligase activity"	195	2.0043213737826426	0.0002182739234277178	0.9338596135217233	0.35530178	null
"GO:0047536"	"2-aminoadipate transaminase activity"	5	3.5381965783494542	0.007534815836724819	0.8968315343104738	0.67985299	null
"GO:0047545"	"2-hydroxyglutarate dehydrogenase activity"	12	3.932423026376739	0.01867988236694409	0.869786778672146	0.60808811	null
"GO:0047547"	"2-methylcitrate dehydratase activity"	1	3.315130317183602	0.004507356518782373	0.9038037335428017	0.4711734	null
"GO:0047569"	"3-oxoadipate CoA-transferase activity"	2	2.9885589568786157	0.002123805274951694	0.9065685325202663	0.6941518	null
"GO:0047570"	"3-oxoadipate enol-lactonase activity"	15	3.4169731726030363	0.005699132140697712	0.8967605846656168	0.52198161	null
"GO:0047575"	"4-carboxymuconolactone decarboxylase activity"	3	3.0224283711854865	0.002296241674459591	0.9056790948925827	0.57176811	null
"GO:0047585"	"4-pyridoxolactonase activity"	1	1.2787536009528289	3.928930621698921E-05	0.9186680203184803	0.13088678	null
"GO:0047589"	"5-aminovalerate transaminase activity"	1	2.2430380486862944	0.000379796626764229	0.9111415542239876	0.5635222	null
"GO:0047590"	"5-dehydro-2-deoxygluconokinase activity"	3	3.0802656273398448	0.002623652559601168	0.8936942191062563	0.40197005	null
"GO:0047602"	"acetoacetate decarboxylase activity"	2	2.5599066250361124	0.0007901516028083385	0.9104467997642564	0.43910013	null
"GO:0047605"	"acetolactate decarboxylase activity"	3	3.144885418287142	0.0030449212318166634	0.9043312207835911	0.5821308	null
"GO:0047617"	"fatty acyl-CoA hydrolase activity"	78	4.724906367842255	0.1158510675984955	0.8820094724975336	0.49259902	null
"GO:0003860"	"3-hydroxyisobutyryl-CoA hydrolase activity"	14	3.9245377177754897	0.018343740524865405	0.8946275749576011	0.83786047	47617
"GO:0003986"	"acetyl-CoA hydrolase activity"	1	3.5553363279952666	0.007838216590289347	0.8996145196660775	0.79392375	47617
"GO:0004416"	"hydroxyacylglutathione hydrolase activity"	2	3.9470414052552205	0.019319424962587303	0.8945864549498502	0.76778703	47617
"GO:0016289"	"acyl-CoA hydrolase activity"	22	4.86120572810222	0.15856290893483133	0.8798092138476747	0.8901596	47617
"GO:0016297"	"fatty acyl-[ACP] hydrolase activity"	15	3.7878853509409245	0.013391105202290487	0.8967919895082334	0.7498388	47617
"GO:0052816"	"long-chain fatty acyl-CoA hydrolase activity"	4	2.798650645445269	0.0013707602391260679	0.9084055637382702	0.71683788	47617
"GO:0061522"	"1,4-dihydroxy-2-naphthoyl-CoA thioesterase activity"	19	3.8996563803056357	0.017322218563223687	0.8950077758587088	0.83474742	47617
"GO:0047631"	"ADP-ribose diphosphatase activity"	2	3.975615597966895	0.020633433981622165	0.9150046106852099	0.45842282	null
"GO:0047646"	"alkanal monooxygenase (FMN-linked) activity"	7	2.7315887651867388	0.0011743137080411218	0.8875288963115402	0.69160222	null
"GO:0047670"	"anhydrotetracycline monooxygenase activity"	4	1.8808135922807914	0.00016370544257078836	0.8949811955087661	0.43888817	null
"GO:0047680"	"aryl-acylamidase activity"	4	2.3636119798921444	0.000502030023883751	0.9125159805230756	0.48635497	null
"GO:0047693"	"ATP diphosphatase activity"	1	2.7505083948513462	0.001226699449663774	0.924849257210265	0.66146823	null
"GO:0047700"	"beta-glucoside kinase activity"	1	1.9590413923210936	0.00019644653108494604	0.9061729892483901	0.34130645	null
"GO:0047705"	"bilirubin oxidase activity"	2	2.0170333392987803	0.00022482214113054937	0.8992219397902811	0.65896016	null
"GO:0047727"	"isobutyryl-CoA mutase activity"	1	3.2893659515200318	0.004247610549903388	0.9288821276476279	0.58167422	null
"GO:0047728"	"carnitine 3-dehydrogenase activity"	5	2.9253120914996495	0.0018356836960271069	0.8835172125339787	0.51385021	null
"GO:0047739"	"cephalosporin-C deacetylase activity"	1	2.292256071356476	0.0004256341506840497	0.9062386282899799	0.54961688	null
"GO:0047746"	"chlorophyllase activity"	1	3.0773679052841563	0.0026061906457269506	0.9009624635368212	0.49853941	null
"GO:0047748"	"cholestanetetraol 26-dehydrogenase activity"	1	1.9590413923210936	0.00019644653108494604	0.8971510622340411	0.44304221	null
"GO:0047789"	"creatininase activity"	1	2.8937617620579434	0.0017069020812047532	0.9075930881719706	0.67167826	null
"GO:0047794"	"cyclohexadienyl dehydrogenase activity"	2	2.367355921026019	0.0005063955023523053	0.8946089624989487	0.51405679	null
"GO:0047804"	"cysteine-S-conjugate beta-lyase activity"	1	3.624797578960761	0.00919806313324403	0.9076685827624043	0.68057397	null
"GO:0047808"	"D(-)-tartrate dehydratase activity"	1	2.7611758131557314	0.0012572577989436546	0.9097630276326254	0.44036591	null
"GO:0047834"	"D-threo-aldose 1-dehydrogenase activity"	4	2.5550944485783194	0.0007814206458712297	0.8881668986018967	0.48611737	null
"GO:0047876"	"endoglycosylceramidase activity"	1	1.3979400086720377	5.2385741622652274E-05	0.9220477921078544	0.41366223	null
"GO:0047879"	"erythronolide synthase activity"	47	2.745855195173729	0.0012136030142581111	0.9008604151435512	0.41849976	null
"GO:0047919"	"GDP-mannose 6-dehydrogenase activity"	1	2.419955748489758	0.0005718776793806207	0.8897744523808077	0.4767127	null
"GO:0047929"	"gluconate dehydratase activity"	1	1.9344984512435677	0.00018553283491356013	0.9174220294167561	0.3619982	null
"GO:0047936"	"glucose 1-dehydrogenase [NAD(P)+] activity"	25	3.62879748556671	0.00928318996338084	0.8730313893480603	0.57623704	null
"GO:0008876"	"quinoprotein glucose dehydrogenase activity"	1	3.3836358683618797	0.005277863468482217	0.8773431461123972	0.92322371	47936
"GO:0047952"	"glycerol-3-phosphate dehydrogenase [NAD(P)+] activity"	7	3.975247941240681	0.020615972067747946	0.8679437383452222	0.61286584	null
"GO:0047974"	"guanosine deaminase activity"	8	3.557988148224913	0.007886236853443444	0.8979844880771244	0.64525103	null
"GO:0047975"	"guanosine phosphorylase activity"	1	3.2095150145426308	0.0035338548202947513	0.8969649531721635	0.49034772	null
"GO:0047988"	"hydroxyacid-oxoacid transhydrogenase activity"	2	3.2111205412580492	0.0035469512557004144	0.8806949430664596	0.53749917	null
"GO:0047989"	"hydroxybutyrate-dimer hydrolase activity"	7	2.709269960975831	0.001115379748715638	0.9051463179241186	0.3452798	null
"GO:0048038"	"quinone binding"	141	5.092766246718483	0.270249310074326	0.9890878782285442	0.12852536	null
"GO:0048039"	"ubiquinone binding"	7	4.284611182369772	0.04203300943447562	0.990557528300382	0.09169035	null
"GO:0048040"	"UDP-glucuronate decarboxylase activity"	24	3.898286278589123	0.017267650082366755	0.8951074128387863	0.65514749	null
"GO:0048244"	"phytanoyl-CoA dioxygenase activity"	3	3.3884564527002667	0.005336797427807701	0.8743878203809025	0.62555934	null
"GO:0048270"	"methionine adenosyltransferase regulator activity"	1	3.448087666692341	0.006122583552147485	0.9925768879970726	0.46773017	null
"GO:0048472"	"threonine-phosphate decarboxylase activity"	5	3.8748875108461123	0.016361813300141727	0.8954206843543018	0.65260577	null
"GO:0050022"	"L-arabinose 1-dehydrogenase (NAD+) activity"	1	1.7853298350107671	0.00013096435405663068	0.8967756769987573	0.30403886	null
"GO:0050023"	"L-fuconate dehydratase activity"	4	3.377306251068199	0.0052014675952825155	0.9030853825067336	0.47490044	null
"GO:0050032"	"L-rhamnonate dehydratase activity"	2	3.0557604646877348	0.0024795917701388743	0.9066887830082128	0.45623384	null
"GO:0050040"	"lactate 2-monooxygenase activity"	1	2.1789769472931693	0.0003274108851415767	0.892268780111602	0.6587236	null
"GO:0050043"	"lactate racemase activity"	3	3.3827372657613304	0.005266949772310831	0.9268299934906964	0.62017127	null
"GO:0018838"	"mandelate racemase activity"	3	2.225309281725863	0.00036451745212428877	0.9358224924102243	0.82426969	50043
"GO:0050053"	"levansucrase activity"	3	2.7075701760979363	0.0011110142702470838	0.903297831414612	0.45458197	null
"GO:0050062"	"long-chain-fatty-acyl-CoA reductase activity"	8	2.606381365110605	0.0008796439114137028	0.8948485419632926	0.58593634	null
"GO:0050071"	"phosphatidylglycerol lysyltransferase activity"	4	3.307496037913213	0.004428777906348394	0.8960413027915872	0.45776567	null
"GO:0050076"	"maleate isomerase activity"	6	2.8609366207000937	0.0015824859448509542	0.9359521034806937	0.66955778	null
"GO:0050080"	"malonyl-CoA decarboxylase activity"	1	3.388988785124714	0.005343345645510532	0.901526115398465	0.60394391	null
"GO:0050097"	"methylaspartate mutase activity"	30	2.9395192526186187	0.0018968003945868679	0.9317567961104329	0.55644379	null
"GO:0050104"	"L-gulonate 3-dehydrogenase activity"	2	3.6251065754034677	0.009204611350946862	0.8735835239582058	0.57587034	null
"GO:0050109"	"morphine 6-dehydrogenase activity"	1	1.7558748556724915	0.00012223339711952197	0.8970814967654104	0.30324277	null
"GO:0050111"	"mycocerosate synthase activity"	2	2.123851640967086	0.0002881215789245875	0.9074190622974866	0.3820933	null
"GO:0050114"	"myo-inosose-2 dehydratase activity"	3	3.0729847446279304	0.0025799977749156244	0.9065025667945361	0.45719671	null
"GO:0050118"	"N-acetyldiaminopimelate deacetylase activity"	3	2.946452265013073	0.0019273587438667483	0.9052175756132135	0.58881384	null
"GO:0050124"	"N-acylneuraminate-9-phosphatase activity"	2	3.060697840353612	0.0025079673801844775	0.9023469756994271	0.51547767	null
"GO:0050126"	"N-carbamoylputrescine amidase activity"	19	3.7839750034126713	0.013271054544405244	0.8963965713857974	0.58502396	null
"GO:0050129"	"N-formylglutamate deformylase activity"	2	2.615950051656401	0.0008992885645221975	0.9100271616182709	0.50140915	null
"GO:0050135"	"NADP+ nucleosidase activity"	18	3.3109056293761414	0.00446370173409683	0.9015119204192477	0.6124987	null
"GO:0050138"	"nicotinate dehydrogenase activity"	5	2.4638929889859074	0.0006329943779403817	0.9018023332421308	0.62792191	null
"GO:0004854"	"xanthine dehydrogenase activity"	5	3.7764105888073423	0.013041866924806139	0.8857130040615263	0.77058782	50138
"GO:0050149"	"o-aminophenol oxidase activity"	1	0.6989700043360189	8.730956937108712E-06	0.9202559047312523	0.58168179	null
"GO:0050151"	"oleate hydratase activity"	6	3.2242740142942576	0.0036560882174142733	0.9048344552028059	0.46583071	null
"GO:0050188"	"phosphoenolpyruvate mutase activity"	3	2.7134905430939424	0.001126293444887024	0.9328664520567086	0.66489575	null
"GO:0050201"	"fucokinase activity"	2	3.3201462861110542	0.004559742260405025	0.8905867044352066	0.4178052	null
"GO:0050208"	"polysialic-acid O-acetyltransferase activity"	1	0.8450980400142568	1.3096435405663068E-05	0.9144890058540164	0.1273047	null
"GO:0050232"	"putrescine oxidase activity"	1	2.3180633349627615	0.0004518270214953758	0.8999014758003374	0.65569983	null
"GO:0050235"	"pyridoxal 4-dehydrogenase activity"	1	2.4712917110589387	0.0006439080741117676	0.8891691061511349	0.48024326	null
"GO:0050242"	"pyruvate, phosphate dikinase activity"	16	3.778585327862962	0.013107349101834455	0.8878081703523543	0.35934272	null
"GO:0004756"	"selenide, water dikinase activity"	5	3.740046724051494	0.011994152092353093	0.8854462124866386	0.88066534	50242
"GO:0008986"	"pyruvate, water dikinase activity"	10	3.711132072306842	0.011221462403418973	0.8858684175696585	0.87741361	50242
"GO:0050262"	"ribosylnicotinamide kinase activity"	1	3.7056926965377035	0.011081767092425233	0.8851898898524174	0.44603718	null
"GO:0050300"	"aminoglycoside 6-kinase activity"	2	2.0755469613925306	0.000257563229644707	0.9043410423988951	0.34677571	null
"GO:0008910"	"kanamycin kinase activity"	1	2.387389826338729	0.0005304056339293543	0.901090102847603	0.92474704	50300
"GO:0050308"	"sugar-phosphatase activity"	44	4.696199070491402	0.1084406678981245	0.8774085091055507	0.69282456	null
"GO:0004331"	"fructose-2,6-bisphosphate 2-phosphatase activity"	6	4.045479453110779	0.02423495371817951	0.8882576944497116	0.89605673	50308
"GO:0004805"	"trehalose-phosphatase activity"	11	4.142420754219559	0.030296420571767232	0.8867650235844131	0.90945583	50308
"GO:0042132"	"fructose 1,6-bisphosphate 1-phosphatase activity"	1	4.190891716922169	0.03387393017674753	0.8860034787954345	0.91630674	50308
"GO:0050311"	"sulfite reductase (ferredoxin) activity"	9	3.9197577805018944	0.018142928515311903	0.8805578681585499	0.66458903	null
"GO:0050332"	"thiamine pyridinylase activity"	1	1.3222192947339193	4.3654784685543565E-05	0.9186815563652733	0.44526815	null
"GO:0050343"	"trans-2-enoyl-CoA reductase (NADH) activity"	6	3.1583624920952498	0.0031409617581248596	0.8849645635171832	0.57119297	null
"GO:0050348"	"trehalose O-mycolyltransferase activity"	11	2.866877814337499	0.0016043133371937259	0.8994771742525236	0.4263852	null
"GO:0050357"	"tropinesterase activity"	4	2.450249108319361	0.000613349724831887	0.9078863533427157	0.37109175	null
"GO:0050361"	"tryptophan 2-monooxygenase activity"	2	2.173186268412274	0.00032304540667302235	0.8923331936565972	0.65833585	null
"GO:0050380"	"undecaprenyl-diphosphatase activity"	16	4.061716293159897	0.02515825241427876	0.913995467809718	0.46632735	null
"GO:0050388"	"uronate dehydrogenase activity"	2	2.03342375548695	0.00023355309806765808	0.894137568352021	0.31088195	null
"GO:0050416"	"formimidoylglutamate deiminase activity"	3	2.8068580295188172	0.001396953109937394	0.9082572576898427	0.67979592	null
"GO:0050446"	"azobenzene reductase activity"	1	2.2624510897304293	0.00039725854063844644	0.9035718837769938	0.68215113	null
"GO:0050451"	"CoA-disulfide reductase (NADPH) activity"	1	2.651278013998144	0.0009756844377218985	0.8965000483323092	0.6767161	null
"GO:0050467"	"pentalenene synthase activity"	3	1.146128035678238	2.8375610045603316E-05	0.923904449081312	0.57511774	null
"GO:0050468"	"reticuline oxidase activity"	1	1.414973347970818	5.456848085692945E-05	0.915421866451643	0.20877355	null
"GO:0050479"	"glyceryl-ether monooxygenase activity"	15	3.687707279624819	0.010632122810164134	0.8754112655191532	0.55883126	null
"GO:0004505"	"phenylalanine 4-monooxygenase activity"	2	3.4584867637982066	0.0062710098200783335	0.866276478798031	0.87654019	50479
"GO:0050501"	"hyaluronan synthase activity"	11	3.4945719842301988	0.006814511889413351	0.8931238207692012	0.53352338	null
"GO:0050511"	"undecaprenyldiphospho-muramoylpentapeptide beta-N-acetylglucosaminyltransferase activity"	6	3.9757533890362873	0.020639982199324995	0.8860707356429626	0.56672101	null
"GO:0051991"	"UDP-N-acetyl-D-glucosamine:N-acetylmuramoyl-L-alanyl-D-glutamyl-meso-2,6-diaminopimelyl-D-alanyl-D-alanine-diphosphoundecaprenol 4-beta-N-acetylglucosaminlytransferase activity"	4	3.8925398046586355	0.01704064520200193	0.8873055611632703	0.76035105	50511
"GO:0050515"	"4-(cytidine 5'-diphospho)-2-C-methyl-D-erythritol kinase activity"	5	3.939069749923424	0.01896800394586868	0.8816537501382801	0.46505596	null
"GO:0050532"	"2-phosphosulfolactate phosphatase activity"	15	3.3925210899319325	0.005387000430196075	0.898297555350484	0.54372667	null
"GO:0050537"	"mandelamide amidase activity"	1	1.8388490907372552	0.0001484262679308481	0.9172950203259719	0.45763348	null
"GO:0050538"	"N-carbamoyl-L-amino-acid hydrolase activity"	2	2.858537197569639	0.0015737549879138455	0.9074997220736275	0.51676449	null
"GO:0050545"	"sulfopyruvate decarboxylase activity"	13	3.361160995195026	0.005011569281900401	0.9018541898450645	0.60137534	null
"GO:0050549"	"cyclohexyl-isocyanide hydratase activity"	3	2.385606273598312	0.0005282228946950771	0.9134040312568122	0.34868747	null
"GO:0050560"	"aspartate-tRNA(Asn) ligase activity"	2	3.71357453777207	0.011284761841213011	0.8875969154279844	0.57970334	null
"GO:0050570"	"4-hydroxythreonine-4-phosphate dehydrogenase activity"	1	3.6405808064896528	0.009538570453791268	0.8733445618851113	0.57741085	null
"GO:0050573"	"dTDP-4-dehydro-6-deoxyglucose reductase activity"	1	1.462397997898956	6.111669855976098E-05	0.9000556361595217	0.29547019	null
"GO:0050575"	"2-(S)-hydroxypropyl-CoM dehydrogenase activity"	1	1.9138138523837167	0.00017680187797645142	0.8954238388741326	0.30755086	null
"GO:0050577"	"GDP-L-fucose synthase activity"	6	3.7501225267834	0.012275725453574849	0.8510121782068194	0.58855597	null
"GO:0050580"	"2,5-didehydrogluconate reductase activity"	1	2.761927838420529	0.0012594405381779318	0.8856155396373706	0.50123599	null
"GO:0050585"	"4-hydroxymandelate synthase activity"	2	1.3010299956639813	4.1472045451266386E-05	0.9049279435877379	0.2057612	null
"GO:0050606"	"4-carboxy-2-hydroxymuconate semialdehyde hemiacetal dehydrogenase activity"	1	2.4216039268698313	0.0005740604186148978	0.8897551168653834	0.47682526	null
"GO:0050607"	"mycothiol-dependent formaldehyde dehydrogenase activity"	1	2.8457180179666586	0.0015279174639940246	0.8920308595921714	0.6056902	null
"GO:0050622"	"glycine dehydrogenase (cyanide-forming) activity"	2	2.630427875025024	0.0009298469138020779	0.8970893241940864	0.58612115	null
"GO:0050627"	"mycothione reductase activity"	4	2.330413773349191	0.00046492345690103893	0.9000774374708759	0.65040296	null
"GO:0050641"	"6-methylsalicylic acid synthase activity"	1	1.3617278360175928	4.8020263154097916E-05	0.9144617413779045	0.34472626	null
"GO:0050660"	"flavin adenine dinucleotide binding"	1162	5.877320656022554	1.6455911188531416	0.9798822266564811	0.30275236	null
"GO:0050661"	"NADP binding"	344	5.492309102811401	0.6781246943482966	0.9820494614358366	0.34765155	null
"GO:0050695"	"benzoylformate decarboxylase activity"	4	2.552668216112193	0.0007770551674026755	0.910517641002956	0.35043247	null
"GO:0050839"	"cell adhesion molecule binding"	13	5.142001306282736	0.3026913633133877	0.9843331435841516	0.44626496	null
"GO:0050897"	"cobalt ion binding"	46	4.661301450066921	0.10006768019543723	0.9855315518535709	0.46810261	null
"GO:0051015"	"actin filament binding"	22	5.34445711824617	0.48245521843075323	0.9777961388754709	0.64738069	null
"GO:0003779"	"actin binding"	3	5.532345363784474	0.7436112368550806	0.9818065204149654	0.80549563	51015
"GO:0003785"	"actin monomer binding"	1	4.08188713942355	0.02635439351466265	0.9857490842537533	0.7167355	51015
"GO:0008017"	"microtubule binding"	2	5.397748877047959	0.5454425245142898	0.9822749785235422	0.81526963	51015
"GO:0051060"	"pullulanase activity"	7	3.2830749747354715	0.004186493851343628	0.9039892004672246	0.54092634	null
"GO:0051073"	"adenosylcobinamide-GDP ribazoletransferase activity"	13	3.74350976472843	0.012090192618661288	0.8842750391815034	0.68538672	null
"GO:0051075"	"S-adenosylmethionine:tRNA ribosyltransferase-isomerase activity"	12	3.912912551176097	0.01785917241485587	0.8153705961557827	0.55105211	null
"GO:0051082"	"unfolded protein binding"	86	5.426034414345588	0.582149650217129	0.9834572272741806	0.47669119	null
"GO:0051087"	"protein-folding chaperone binding"	31	5.096899589815412	0.27283367332771014	0.9844638236392552	0.44178732	null
"GO:0051116"	"cobaltochelatase activity"	5	3.725421550074259	0.011596893551714648	0.92764373670837	0.45068986	null
"GO:0051117"	"ATPase binding"	22	4.553470372213122	0.07806566871392327	0.9845531635077254	0.39413783	null
"GO:0051213"	"dioxygenase activity"	441	5.515912240002036	0.7159995855414742	0.859332996721722	0.42246764	null
"GO:0051266"	"sirohydrochlorin ferrochelatase activity"	5	3.540579716504454	0.007576287882176086	0.9101160618364755	0.39985463	null
"GO:0051287"	"NAD binding"	398	5.58804973965771	0.8453770881747855	0.9816778334863187	0.31507052	null
"GO:0051537"	"2 iron, 2 sulfur cluster binding"	744	5.367881229997107	0.5091915913114144	0.9861122388758499	0.13708891	null
"GO:0051536"	"iron-sulfur cluster binding"	389	5.948164446942327	1.937161425767887	0.9843292416595244	0.91128593	51537
"GO:0051539"	"4 iron, 4 sulfur cluster binding"	643	5.688004017435276	1.0641552243656212	0.9851796061447562	0.78743977	51537
"GO:0051538"	"3 iron, 4 sulfur cluster binding"	193	4.533377990569801	0.07453617937209708	0.9880756667116409	0.61971252	null
"GO:0051745"	"4-hydroxy-3-methylbut-2-enyl diphosphate reductase activity"	22	3.9698816437465	0.020362774316571793	0.8827385807253022	0.30518617	null
"GO:0004748"	"ribonucleoside-diphosphate reductase activity, thioredoxin disulfide as acceptor"	21	4.5328435212032385	0.07444450432425744	0.8738423394050433	0.81856675	51745
"GO:0008998"	"ribonucleoside-triphosphate reductase (thioredoxin) activity"	4	3.6824158616773586	0.01050334119534178	0.8871049130172809	0.87274766	51745
"GO:0016726"	"oxidoreductase activity, acting on CH or CH2 groups, NAD or NADP as acceptor"	3	4.160198326116569	0.03156240932764799	0.8801049204136477	0.84206961	51745
"GO:0046429"	"4-hydroxy-3-methylbut-2-en-1-yl diphosphate synthase activity (ferredoxin)"	8	3.9535664142570064	0.019611912019980447	0.882983040908406	0.90904694	51745
"GO:0052592"	"oxidoreductase activity, acting on CH or CH2 groups, with an iron-sulfur protein as acceptor"	1	4.296709056175604	0.04322041957792241	0.8779133010812462	0.859776	51745
"GO:0141197"	"4-hydroxy-3-methylbut-2-enyl-diphosphate synthase activity (flavodoxin)"	3	3.820004306808318	0.014419175381635039	0.884946378691134	0.89292553	51745
"GO:0051879"	"Hsp90 protein binding"	1	4.33963029007408	0.04771031418283056	0.9863727912168376	0.37809076	null
"GO:0051903"	"S-(hydroxymethyl)glutathione dehydrogenase [NAD(P)+] activity"	16	4.152104800892868	0.030979617952095986	0.8648973052733183	0.63341813	null
"GO:0051912"	"CoB--CoM heterodisulfide reductase activity"	1	2.737987326333431	0.0011917756219153393	0.8961927149807795	0.5647366	null
"GO:0051920"	"peroxiredoxin activity"	208	4.895422546039408	0.17156112107495194	0.8651034312658985	0.36601659	null
"GO:0004096"	"catalase activity"	21	4.3560067248562	0.049543815139623394	0.8750067459839174	0.7587392	51920
"GO:0004601"	"peroxidase activity"	130	5.34677728018441	0.48503958168413747	0.8555200433471886	0.90388016	51920
"GO:0004602"	"glutathione peroxidase activity"	10	4.189490313699367	0.033764793215033666	0.8777737654098355	0.73848155	51920
"GO:0004784"	"superoxide dismutase activity"	12	4.352992445447028	0.04920112507984187	0.8718015196305581	0.70486825	51920
"GO:0008379"	"thioredoxin peroxidase activity"	26	4.601310186453887	0.08715677762468772	0.8706916863188009	0.7906909	51920
"GO:0016209"	"antioxidant activity"	46	5.505388774621988	0.6988585343346956	0.9885420172806331	0.93320998	51920
"GO:0051989"	"coproporphyrinogen dehydrogenase activity"	2	3.634779458145952	0.009411971578203192	0.880203547288904	0.61210563	null
"GO:0051992"	"UDP-N-acetylmuramoyl-L-alanyl-D-glutamyl-meso-2,6-diaminopimelyl-D-alanyl-D-alanine:undecaprenyl-phosphate transferase activity"	1	3.8886287253852263	0.01688785345560253	0.8820866609112972	0.69940305	null
"GO:0051996"	"squalene synthase [NAD(P)H] activity"	13	4.026165408839252	0.023180690668023633	0.887530132264027	0.69837349	null
"GO:0004311"	"farnesyltranstransferase activity"	10	3.9635989625972416	0.020070287259178653	0.8884543370791583	0.70897005	51996
"GO:0008318"	"protein prenyltransferase activity"	6	4.177449920971825	0.03284149451893442	0.8699218287007978	0.7302706	51996
"GO:0008495"	"protoheme IX farnesyltransferase activity"	2	4.009280884255359	0.022296681278141373	0.8877810602452771	0.71341524	51996
"GO:0051997"	"2-oxo-4-hydroxy-4-carboxy-5-ureidoimidazoline decarboxylase activity"	49	3.6317480743965693	0.009346489401174878	0.8985679773329772	0.62731521	null
"GO:0052381"	"tRNA dimethylallyltransferase activity"	1	4.14863349848935	0.030732968418622667	0.8416565253823881	0.65251273	null
"GO:0052588"	"diacetyl reductase ((S)-acetoin forming) (NAD+) activity"	3	2.906335041805091	0.0017571050835931284	0.883764855884064	0.51235291	null
"GO:0052601"	"limonene 1,2-monooxygenase activity"	4	2.640481436970422	0.0009516743061448497	0.8863460343467886	0.5933688	null
"GO:0052614"	"uracil oxygenase activity"	1	2.6127838567197355	0.0008927403468193658	0.904209655122045	0.2453541	null
"GO:0052618"	"coenzyme F420-0:L-glutamate ligase activity"	4	3.3386556655787003	0.004758371530724248	0.9225865856816338	0.62169907	null
"GO:0052619"	"coenzyme F420-1:gamma-L-glutamate ligase activity"	3	2.851869600729766	0.0015497448563367966	0.9269349638469253	0.9450904	52618
"GO:0052621"	"diguanylate cyclase activity"	22	4.668730605958722	0.10179422692975049	0.8671786423614044	0.62934696	null
"GO:0052684"	"L-serine hydro-lyase (adding indole, L-tryptophan-forming) activity"	7	3.258876629372131	0.003959488970978801	0.9044445245892577	0.46785119	null
"GO:0052689"	"carboxylic ester hydrolase activity"	154	5.751433081819347	1.2314992932399496	0.8638188282853592	0.62928167	null
"GO:0052691"	"UDP-arabinopyranose mutase activity"	1	3.2182728535714475	0.0036058852150258986	0.9294856993688382	0.57636477	null
"GO:0052706"	"L-histidine N(alpha)-methyltransferase activity"	4	3.0982975364946976	0.0027349722605493044	0.8938545309852031	0.49331787	null
"GO:0052737"	"pyruvate dehydrogenase (quinone) activity"	1	2.928907690243953	0.001850962870667047	0.8916836810510346	0.61286756	null
"GO:0052745"	"inositol phosphate phosphatase activity"	1	4.526675208639435	0.07339460675257012	0.8814665313213954	0.6689731	null
"GO:0052749"	"glucose-6-phosphate dehydrogenase (coenzyme F420) activity"	1	2.9237619608287004	0.0018291354783242753	0.884545608708552	0.51372758	null
"GO:0052761"	"exo-1,4-beta-D-glucosaminidase activity"	4	2.816241299991783	0.0014275114592172747	0.9091645745041674	0.50292687	null
"GO:0052851"	"ferric-chelate reductase (NADPH) activity"	9	4.022222104507706	0.022971147701533023	0.884868616709198	0.30808186	null
"GO:0004322"	"ferroxidase activity"	9	4.186617351853637	0.033542153813137396	0.8826270865695214	0.83193343	52851
"GO:0008823"	"cupric reductase (NADH) activity"	9	3.587598729721245	0.008442835358184126	0.8909750725197751	0.90148042	52851
"GO:0016152"	"mercury (II) reductase (NADP+) activity"	1	3.1528995963937474	0.00310167245190787	0.8964649248616104	0.85336009	52851
"GO:0052855"	"ADP-dependent NAD(P)H-hydrate dehydratase activity"	9	3.9502674680135885	0.0194634857520496	0.8959206420937984	0.58650993	null
"GO:0052856"	"NAD(P)HX epimerase activity"	9	4.0986783295764395	0.027393377390178587	0.9202042655663153	0.68307271	null
"GO:0052861"	"endo-1,3(4)-beta-glucanase activity"	4	3.5272431163880884	0.0073471002625769815	0.9010391372628148	0.56316997	null
"GO:0052873"	"FMN reductase (NADPH) activity"	4	2.887617300335736	0.0016828919496277043	0.8941466728730028	0.64222587	null
"GO:0052881"	"4-hydroxyphenylacetate 3-monooxygenase activity"	1	2.3710678622717363	0.0005107609808208597	0.8917918736644687	0.66304295	null
"GO:0052912"	"23S rRNA (guanine(748)-N(1))-methyltransferase activity"	1	1.6532125137753437	9.604052630819583E-05	0.8736639019973523	0.5846239	null
"GO:0052916"	"23S rRNA (guanine(1835)-N(2))-methyltransferase activity"	3	2.8254261177678233	0.001458069808497155	0.8566304429833078	0.47237658	null
"GO:0052923"	"all-trans-nonaprenyl-diphosphate synthase (geranyl-diphosphate specific) activity"	2	2.27415784926368	0.00040817223680983226	0.908702637318465	0.49933714	null
"GO:0055041"	"cyclopentanol dehydrogenase activity"	3	2.432969290874406	0.0005893395932548381	0.8896216058294768	0.47760291	null
"GO:0061503"	"tRNA threonylcarbamoyladenosine dehydratase"	20	3.885134966063434	0.016752523623077345	0.8492985809681378	0.58094048	null
"GO:0061513"	"glucose 6-phosphate:phosphate antiporter activity"	3	3.6405808064896528	0.009538570453791268	0.9347306631131225	0.65180375	null
"GO:0061595"	"6-deoxy-6-sulfofructose-1-phosphate aldolase activity"	3	2.9148718175400505	0.0017920289113415634	0.9077904755377794	0.56296383	null
"GO:0061599"	"molybdopterin molybdotransferase activity"	44	4.194653071952934	0.034168599973374944	0.9015124987565832	0.21064927	null
"GO:0061710"	"L-threonylcarbamoyladenylate synthase"	3	3.744918542441353	0.012129481924878279	0.8829607056258297	0.4504038	null
"GO:0061711"	"N(6)-L-threonylcarbamoyladenine synthase activity"	1	4.062995401186467	0.02523246554824418	0.8833874784848296	0.52382702	null
"GO:0061749"	"forked DNA-dependent helicase activity"	2	1.9395192526186185	0.00018771557414783732	0.9224049200148835	0.36156951	null
"GO:0061798"	"GTP 3',8'-cyclase activity"	6	4.016071816734024	0.02264810229486	0.8957934856731398	0.66824853	null
"GO:0062054"	"fluoride channel activity"	64	4.022139570398392	0.022966782223064468	0.9409160650682309	0.54919377	null
"GO:1903425"	"fluoride transmembrane transporter activity"	1	4.090504941424044	0.026882616409357726	0.9430224442806564	0.97574723	62054
"GO:0062101"	"peptidyl-aspartic acid 3-dioxygenase activity"	3	3.1189257528257768	0.002868119353840212	0.8621176388835902	0.58025369	null
"GO:0062147"	"L-lysine 4-chlorinase activity"	1	0.3010299956639812	2.182739234277178E-06	0.9156876960332239	0.17817799	null
"GO:0062192"	"L-rhamnose mutarotase activity"	1	2.9439888750737717	0.0019164450476953623	0.9302211401624731	0.58702668	null
"GO:0062193"	"D-ribose pyranase activity"	11	3.4305587695227575	0.005880299497142718	0.9276522332308912	0.59251309	null
"GO:0062213"	"peroxynitrite isomerase activity"	3	3.0707764628434346	0.0025669013395099617	0.9346088993971678	0.44586147	null
"GO:0070005"	"cysteine-type aminopeptidase activity"	1	3.5747255835940734	0.008196185824710803	0.9019346607462516	0.61370777	null
"GO:0070007"	"glutamic-type endopeptidase activity"	5	3.343802333161655	0.004815122750815455	0.9077198691173605	0.51320175	null
"GO:0070012"	"oligopeptidase activity"	13	3.8274985081334587	0.014670190393576915	0.9017351259129788	0.55537033	null
"GO:0070025"	"carbon monoxide binding"	3	3.4122925093230463	0.005638015442137951	0.9917485664920106	0.0803368	null
"GO:0070063"	"RNA polymerase binding"	9	4.797869732706836	0.13704546556332692	0.9839066263014037	0.61034111	null
"GO:0070095"	"fructose-6-phosphate binding"	2	4.195567580659728	0.034240630368106095	0.9871145918350918	0.21137073	null
"GO:0070180"	"large ribosomal subunit rRNA binding"	3	4.6427908604235375	0.095892100040265	0.9841549241815454	0.64713002	null
"GO:0070181"	"small ribosomal subunit rRNA binding"	12	4.691178777341954	0.10719432379535222	0.9840233911671536	0.46417408	null
"GO:0070205"	"2-succinyl-6-hydroxy-2,4-cyclohexadiene-1-carboxylate synthase activity"	3	3.111598524880394	0.0028200990906861144	0.9074711773055697	0.45937002	null
"GO:0070224"	"sulfide:quinone oxidoreductase activity"	4	3.570893036218392	0.008124155429979657	0.8856448935878174	0.63163487	null
"GO:0070225"	"sulfide dehydrogenase activity"	1	2.2095150145426308	0.0003514210167186257	0.901939877532479	0.52908328	null
"GO:0070260"	"5'-tyrosyl-DNA phosphodiesterase activity"	14	3.508395033133053	0.0070349685520753455	0.8631369484600773	0.58730773	null
"GO:0070273"	"phosphatidylinositol-4-phosphate binding"	111	3.952792443044092	0.01957698819223201	0.991270506153832	0.03700497	null
"GO:0070401"	"NADP+ binding"	17	4.227398169873655	0.036844638274598766	0.9845809993329953	0.66495676	null
"GO:0070402"	"NADPH binding"	149	4.616065707908696	0.09016895776799023	0.9835580110717181	0.2532845	null
"GO:0070403"	"NAD+ binding"	160	4.883984906626505	0.16710178481932364	0.9832058924301015	0.24227599	null
"GO:0070497"	"6-carboxy-5,6,7,8-tetrahydropterin synthase activity"	13	3.8158432906632664	0.014281662809875577	0.8976956177623817	0.57513022	null
"GO:0070566"	"adenylyltransferase activity"	113	5.094726110067771	0.2714716440455212	0.8583497978190804	0.68236021	null
"GO:0070568"	"guanylyltransferase activity"	1	4.54979996418455	0.07740866420440584	0.8694479633269139	0.61598608	null
"GO:0070628"	"proteasome binding"	1	4.446148675696183	0.060972637770298696	0.9902608928110257	0.55485476	null
"GO:0070967"	"coenzyme F420 binding"	270	4.284949321403674	0.042065750522989775	0.9803497762454132	0.21476166	null
"GO:0005536"	"D-glucose binding"	3	4.192678939534541	0.03401362548774127	0.9859830877395828	0.81166591	70967
"GO:0031418"	"L-ascorbic acid binding"	24	4.483102099521368	0.06638801381054038	0.973704549920793	0.71436691	70967
"GO:0042806"	"fucose binding"	3	3.7096091210726487	0.011182173097201984	0.9869329314081127	0.75666292	70967
"GO:0071111"	"cyclic-guanylate-specific phosphodiesterase activity"	10	3.4671639659690903	0.006397608695666409	0.8955592380979508	0.58433614	null
"GO:0071713"	"para-aminobenzoyl-glutamate hydrolase activity"	22	3.670709595223797	0.010223950573354302	0.8978975549261526	0.57572007	null
"GO:0071771"	"aldehyde oxygenase (deformylating) activity"	1	2.9390197764486663	0.0018946176553525907	0.90860945618425	0.56491703	null
"GO:0071949"	"FAD binding"	1342	5.465228143669651	0.6371306687893369	0.9816248006029448	0.15302725	null
"GO:0072572"	"poly-ADP-D-ribose binding"	4	3.374198257929083	0.005164361028299804	0.9935079204210268	0.03330918	null
"GO:0072590"	"N-acetyl-L-aspartate-L-glutamate ligase activity"	7	2.929929560084588	0.0018553283491356013	0.9287064176470343	0.40102355	null
"GO:0080030"	"methyl indole-3-acetate esterase activity"	13	3.5873741720730656	0.00843846987971557	0.8945139675967464	0.53459128	null
"GO:0080031"	"methyl salicylate esterase activity"	8	3.625209525381881	0.009206794090181138	0.8940016820773318	0.53747399	null
"GO:0080032"	"methyl jasmonate esterase activity"	13	3.587037117743456	0.00843192166201274	0.8945185088029941	0.53456573	null
"GO:0080049"	"L-gulono-1,4-lactone dehydrogenase activity"	17	3.398287305357401	0.005459030824927223	0.8835807094845124	0.59109158	null
"GO:0089702"	"undecaprenyl-phosphate glucose phosphotransferase activity"	4	3.3443922736851106	0.0048216709685182865	0.8898924330113505	0.64957896	null
"GO:0090499"	"pimelyl-[acyl-carrier protein] methyl ester esterase activity"	2	2.863322860120456	0.001591216901788063	0.9034389846134568	0.38889219	null
"GO:0090563"	"protein-phosphocysteine-sugar phosphotransferase activity"	33	4.232919911693493	0.03731610994920264	0.830597728503906	0.49143863	null
"GO:0005283"	"amino acid:sodium symporter activity"	8	4.499604613811262	0.06895928062851889	0.9271594682940677	0.80018061	90563
"GO:0005298"	"proline:sodium symporter activity"	4	3.6339731557896737	0.009394509664328974	0.9313240847762149	0.87461645	90563
"GO:0005351"	"carbohydrate:proton symporter activity"	24	4.889492189917091	0.16923432105121244	0.9256731651090355	0.79303191	90563
"GO:0005412"	"D-glucose:sodium symporter activity"	3	3.9472376078706666	0.01932815591952441	0.9334894060861141	0.83848434	90563
"GO:0008982"	"protein-N(PI)-phosphohistidine-sugar phosphotransferase activity"	27	4.560038209488536	0.07925526159660434	0.8226081609503082	0.71328119	90563
"GO:0015144"	"carbohydrate transmembrane transporter activity"	2	5.321755800045419	0.457884122870495	0.9459300949717737	0.86309439	90563
"GO:0015295"	"solute:proton symporter activity"	12	4.981637424655769	0.209235200258576	0.9279364292716392	0.87094367	90563
"GO:0015501"	"glutamate:sodium symporter activity"	2	3.9434945159061026	0.019162267737719348	0.928360895162796	0.91397668	90563
"GO:0090588"	"protein-phosphocysteine-N-acetylmuramate phosphotransferase system transporter activity"	9	2.910624404889201	0.0017745669974673457	0.856408521228377	0.56939239	null
"GO:0090589"	"protein-phosphocysteine-trehalose phosphotransferase system transporter activity"	1	3.5836521085420436	0.008366439484984424	0.8442474447980495	0.77632124	90588
"GO:0090729"	"toxin activity"	73	4.350112280098364	0.04887589693393457	1	-0	null
"GO:0097063"	"cadmium ion sensor activity"	33	3.491921712586151	0.006773039843962083	0.9930808855825561	0.39074095	null
"GO:0097266"	"phenylacetyl-CoA 1,2-epoxidase activity"	4	3.4765418090274287	0.006537304006660149	0.8750842892991223	0.65463262	null
"GO:0097351"	"toxin sequestering activity"	1	3.382197210377454	0.005260401554608	1	-0	null
"GO:0097367"	"carbohydrate derivative binding"	122	6.848664424657691	15.405160165803492	0.990648612005875	0.0831957	null
"GO:0099620"	"UDP-4-amino-4-deoxy-L-arabinose aminotransferase"	2	2.673941998634088	0.0010280701793445508	0.9068380823655654	0.59760514	null
"GO:0099621"	"undecaprenyl-phosphate 4-deoxy-4-formamido-L-arabinose transferase activity"	1	3.749427099121749	0.012256080800466355	0.8898358410611455	0.57448259	null
"GO:0101006"	"protein histidine phosphatase activity"	13	3.4163075870598827	0.005690401183760603	0.8845447608160902	0.54587061	null
"GO:0102007"	"acyl-L-homoserine-lactone lactonohydrolase activity"	2	2.760422483423212	0.0012550750597093774	0.9045860948148191	0.38280236	null
"GO:0102009"	"proline dipeptidase activity"	2	3.0644579892269186	0.0025297947725272493	0.9086875687178588	0.26207375	null
"GO:0102043"	"isopentenyl phosphate kinase activity"	3	2.7535830588929064	0.0012354304066008828	0.8979975878398376	0.58436797	null
"GO:0102082"	"demethylrebeccamycin--D-glucose O-methyltransferase activity"	10	2.6720978579357175	0.0010237047008759966	0.9015881353474275	0.46136419	null
"GO:0102096"	"decaprenyl-N-acetyl-alpha-D-glucosaminyl-pyrophosphate:dTDP-alpha-L-rhamnose rhamnosyltransferase activity"	2	2.582063362911709	0.0008316236482596049	0.9046506138078648	0.44643095	null
"GO:0102099"	"FAD-dependent urate hydroxylase activity"	8	2.387389826338729	0.0005304056339293543	0.8893684955426624	0.57698844	null
"GO:0102130"	"malonyl-CoA methyltransferase activity"	3	3.2116544005531824	0.0035513167341689688	0.8952147950563033	0.50256962	null
"GO:0102208"	"2-polyprenyl-6-hydroxyphenol methylase activity"	12	3.378579576115775	0.005216746769922456	0.893072182140259	0.51684028	null
"GO:0102209"	"trans-permethrin hydrolase activity"	3	2.0644579892269186	0.0002510150119418755	0.9116948396722188	0.35744744	null
"GO:0102210"	"rhamnogalacturonan endolyase activity"	2	3.3577443251803754	0.004972279975683412	0.9031532756051867	0.59692513	null
"GO:0102223"	"4,4'-diapophytoene desaturase (4,4'-diaponeurosporene-forming)"	2	2.0827853703164503	0.00026192870811326136	0.8987575992787523	0.63811954	null
"GO:0102276"	"2-oxoglutarate oxygenase/decarboxylase (ethylene-forming) activity"	1	2.4099331233312946	0.0005587812439749576	0.8896390094710999	0.67454495	null
"GO:0102285"	"1-deoxy-11-oxopentalenate oxygenase activity"	1	1.2304489213782739	3.492382774843485E-05	0.9015400339252566	0.40658544	null
"GO:0102296"	"4,5-9,10-diseco-3-hydroxy-5,9,17-trioxoandrosta-1(10),2-diene-4-oate hydrolase activity"	2	2.3138672203691533	0.00044746154302682155	0.9311639364334603	0.68480232	null
"GO:0102307"	"erythromycin 3''-o-methyltransferase activity"	1	1.6334684555795864	9.167504783964147E-05	0.9119599001153819	0.39805527	null
"GO:0102318"	"2-deoxystreptamine glucosyltransferase activity"	1	2.060697840353612	0.0002488322727075983	0.9098983119717743	0.41540244	null
"GO:0102319"	"2-deoxystreptamine N-acetyl-D-glucosaminyltransferase activity"	1	1.4471580313422192	5.893395932548381E-05	0.9154483501469058	0.38357749	null
"GO:0102334"	"N,N'-diacetylbacilliosaminyl-1-phosphate transferase activity"	1	2.146128035678238	0.0003034007535645278	0.9039044762605829	0.56134241	null
"GO:0102335"	"N,N'-diacetylbacillosaminyl-diphospho-undecaprenol alpha-1,3-N-acetylgalactosaminyltransferase activity"	1	2.03342375548695	0.00023355309806765808	0.9101578806805963	0.41389163	null
"GO:0102482"	"5-deoxy-D-glucuronate isomerase activity"	2	2.781755374652469	0.0013183744975034156	0.9313016683885024	0.62876139	null
"GO:0102523"	"2-chloroacrylate reductase activity"	3	2.2810333672477277	0.0004147204545126639	0.8955664165244278	0.50849054	null
"GO:0102527"	"8-demethylnovobiocate synthase activity"	1	1.146128035678238	2.8375610045603316E-05	0.9406281415195139	0.32046892	null
"GO:0102546"	"mannosylglycerate hydrolase activity"	1	0.3010299956639812	2.182739234277178E-06	0.9459260023518742	0.582332	null
"GO:0102559"	"protein-(glutamine-N5) methyltransferase activity"	1	3.9022749204745018	0.01742699004646899	0.8857373093207133	0.56737103	null
"GO:0102571"	"[protein]-3-O-(N-acetyl-D-glucosaminyl)-L-serine/L-threonine O-N-acetyl-alpha-D-glucosaminase activity"	3	2.0170333392987803	0.00022482214113054937	0.9053987844482668	0.44876819	null
"GO:0102573"	"aminodeoxyfutalosine synthase activity"	1	3.09377178149873	0.002706596650503701	0.9015220189013586	0.55652828	null
"GO:0102682"	"cytokinin riboside 5'-monophosphate phosphoribohydrolase activity"	11	3.5070458724273257	0.007013141159732573	0.899092250193195	0.62763637	null
"GO:0102710"	"D-inositol-3-phosphate glycosyltransferase activity"	11	3.3613500243522663	0.005013752021134678	0.8955846528498331	0.50229449	null
"GO:0102810"	"glutarate-semialdehyde dehydrogenase (NADP+) activity"	2	2.6972293427597176	0.0010848213994357576	0.8937962767272591	0.59328339	null
"GO:0102943"	"trans-2,3-dihydro-3-hydroxy-anthranilate isomerase activity"	1	2.3541084391474008	0.000491116327712365	0.9339592248381523	0.6619137	null
"GO:0102971"	"phosphinothricin N-acetyltransferase activity"	2	2.681241237375587	0.0010455320932187683	0.9015835754027027	0.41440649	null
"GO:0103011"	"mannosylfructose-phosphate synthase activity"	1	2.271841606536499	0.0004059894975755552	0.9078409664521683	0.42745642	null
"GO:0103039"	"protein methylthiotransferase activity"	1	3.7172543127625497	0.011380802367521207	0.8836847250861928	0.693852	null
"GO:0035599"	"aspartic acid methylthiotransferase activity"	1	3.841359470454855	0.015146027546649338	0.8913558037149365	0.84883304	103039
"GO:0102100"	"mycothiol-arsenate ligase activity"	1	2.2624510897304293	0.00039725854063844644	0.9139630783986298	0.70330307	103039
"GO:0103068"	"leukotriene C4 gamma-glutamyl transferase activity"	3	3.9103575572728775	0.017754400931610567	0.8878087951912559	0.51502404	null
"GO:0103074"	"glucose-6-phosphate 3-dehydrogenase activity"	1	1.9867717342662448	0.0002095429664906091	0.8946425833671949	0.30957532	null
"GO:0106140"	"P-TEFb complex binding"	1	3.1405080430381798	0.003014362882536783	0.9919355874969896	0.45940216	null
"GO:0106141"	"flavin prenyltransferase activity"	10	3.569373909615046	0.008095779819934054	0.8939432969643986	0.65798787	null
"GO:0106310"	"protein serine kinase activity"	6	4.609477016473619	0.08881129396426982	0.854537842027415	0.58245459	null
"GO:0106350"	"octaprenyl pyrophosphate synthase activity"	4	2.8512583487190755	0.0015475621171025195	0.9026631983192218	0.53830939	null
"GO:0106408"	"diadenylate cyclase activity"	3	3.715334683792313	0.011330599365132832	0.8834037696554135	0.44867105	null
"GO:0106435"	"carboxylesterase activity"	8	3.4050046650503694	0.005544157655064033	0.8969147601395562	0.5211182	null
"GO:0120147"	"formylglycine-generating oxidase activity"	58	1.8195439355418688	0.00014187805022801658	0.9055986966188655	0.50538589	null
"GO:0140078"	"class I DNA-(apurinic or apyrimidinic site) endonuclease activity"	24	4.388740444524611	0.05342254275893393	0.8455413067084065	0.58754519	null
"GO:0140098"	"catalytic activity, acting on RNA"	16	6.221979105254421	3.6389886382529464	0.8884613904030869	0.53793006	null
"GO:0140097"	"catalytic activity, acting on DNA"	1	6.101447018509672	2.757074678035595	0.8910844506643152	0.73574463	140098
"GO:0140282"	"carbon-nitrogen ligase activity on lipid II"	2	3.630427875025024	0.009318113791129274	0.9208858521629728	0.67670824	null
"GO:0140359"	"ABC-type transporter activity"	611	5.621161735783243	0.9123522588393462	0.9231077615784388	0.64295735	null
"GO:0003954"	"NADH dehydrogenase activity"	57	5.039763001054312	0.23919984446673315	0.8645344396979593	0.80561643	140359
"GO:0003955"	"NAD(P)H dehydrogenase (quinone) activity"	115	4.429784568354671	0.05871786814129037	0.8756448082858838	0.80836113	140359
"GO:0003960"	"NADPH:quinone reductase activity"	56	4.076057595762826	0.026002972497944025	0.8813921448995748	0.76270501	140359
"GO:0004129"	"cytochrome-c oxidase activity"	24	4.698274576674367	0.10896015983588246	0.8134590198598407	0.85518364	140359
"GO:0005230"	"extracellular ligand-gated monoatomic ion channel activity"	4	4.869108456508746	0.1614746830733571	0.9390298848417445	0.9204369	140359
"GO:0005261"	"monoatomic cation channel activity"	1	5.6315147926766596	0.9343630012777974	0.9300828547374845	0.91783803	140359
"GO:0005324"	"long-chain fatty acid transmembrane transporter activity"	8	4.309545003295436	0.04451696668308305	0.9456900345013806	0.86322332	140359
"GO:0005548"	"phospholipid transporter activity"	3	4.703394564548142	0.11025234146257454	0.9550159102232739	0.79773782	140359
"GO:0008137"	"NADH dehydrogenase (ubiquinone) activity"	158	4.982732425961215	0.20976342315327112	0.8005643594427213	0.71277999	140359
"GO:0008750"	"proton-translocating NAD(P)+ transhydrogenase activity"	5	4.034989216287685	0.023656527821096056	0.9389517219224277	0.76520444	140359
"GO:0015252"	"proton channel activity"	25	5.125058151172073	0.291109748936313	0.9310458334260424	0.78802576	140359
"GO:0015267"	"channel activity"	22	5.88473533996407	1.673927439592528	0.9381822146767806	0.81004004	140359
"GO:0015276"	"ligand-gated monoatomic ion channel activity"	14	5.262638531591902	0.39961153353299717	0.9348277852798104	0.83673617	140359
"GO:0016653"	"oxidoreductase activity, acting on NAD(P)H, heme protein as acceptor"	10	4.410439786210347	0.05615969775871752	0.8762035586331519	0.72010171	140359
"GO:0016655"	"oxidoreductase activity, acting on NAD(P)H, quinone or similar compound as acceptor"	42	5.262906504093203	0.3998581830664706	0.8598440464503823	0.85058546	140359
"GO:0019829"	"ATPase-coupled monoatomic cation transmembrane transporter activity"	15	5.3129048038849245	0.448646770431034	0.9176036804330663	0.81468408	140359
"GO:0034040"	"ATPase-coupled lipid transmembrane transporter activity"	184	4.721703470530691	0.1149997992971274	0.9323845892605663	0.71795106	140359
"GO:0042626"	"ATPase-coupled transmembrane transporter activity"	43	5.845828281311532	1.530486548072769	0.9205541273872926	0.87236468	140359
"GO:0046933"	"proton-transporting ATP synthase activity, rotational mechanism"	24	5.094264938315593	0.2711835224665966	0.8235304892948471	0.72727437	140359
"GO:0050136"	"NADH:ubiquinone reductase (non-electrogenic) activity"	28	4.6819463931246785	0.1049395541663439	0.8711918154418474	0.84439289	140359
"GO:0050664"	"oxidoreductase activity, acting on NAD(P)H, oxygen as acceptor"	20	4.435127379609151	0.059444720306304676	0.8757841868451783	0.72311286	140359
"GO:0140640"	"catalytic activity, acting on a nucleic acid"	1	6.4800525271047675	6.5925622331151095	0.9425981069439945	0.09370522	null
"GO:0140643"	"hydroxymethylglutaryl-CoA reductase (NADH) activity"	1	3.018284308426531	0.0022744142821168197	0.8822885857288679	0.52131293	null
"GO:0140662"	"ATP-dependent protein folding chaperone"	80	5.124514006131383	0.2907452314841887	0.963067155226471	0.56172599	null
"GO:0044183"	"protein folding chaperone"	3	5.2554895980755365	0.39308732596174273	0.9808307877004783	0.76916339	140662
"GO:0140741"	"tRNA-uracil-4 sulfurtransferase activity"	3	3.3861421089308186	0.005308421817762097	0.8609647924535017	0.61049546	null
"GO:0141093"	"5-amino-6-(D-ribitylamino)uracil--L-tyrosine 4-hydroxyphenyl transferase activity"	3	3.0989896394011773	0.0027393377390178587	0.9014613474998233	0.55693372	null
"GO:0170056"	"cholesterol 7-desaturase (NAD(P)H) activity"	1	1.0413926851582251	2.1827392342771783E-05	0.9060198488884339	0.56731667	null
"GO:1901982"	"maltose binding"	90	4.481127184644075	0.06608679579621013	0.9895554282454411	0.65957936	null
"GO:0030395"	"lactose binding"	1	3.4743619760326307	0.006504562918145992	0.9909168225639058	0.85152648	1901982
"GO:1902670"	"carbon dioxide binding"	9	3.4730488050885375	0.0064849182650374955	0.9916756118353331	0.08103581	null
"GO:1904047"	"S-adenosyl-L-methionine binding"	31	4.394469192347434	0.05413193301007402	0.9845524506933402	0.23082775	null
"GO:1904680"	"peptide transmembrane transporter activity"	364	4.83285365675278	0.1485419531102648	0.9548908431034813	-0	null
"GO:1990107"	"thiazole synthase activity"	3	3.6349808000512285	0.009416337056671746	0.8906181857667995	0.63168709	null
"GO:1990594"	"L-altrarate dehydratase activity"	1	2.5575072019056577	0.0007857861243397841	0.9117738328457208	0.38385655	null
"GO:1990610"	"acetolactate synthase regulator activity"	3	4.020899672862536	0.022901300046036153	0.9919646285926441	0.50927123	null
