TermID	Name	Value	LogSize	Frequency	Uniqueness	Dispensability	Representative
"GO:0000028"	"ribosomal small subunit assembly"	47	4.884092676933343	0.1884781016628359	0.9377622597208578	0.59547831	null
"GO:0000027"	"ribosomal large subunit assembly"	4	5.042996609308023	0.27174813310071255	0.9364397405434349	0.86065111	28
"GO:0000455"	"enzyme-directed rRNA pseudouridine synthesis"	14	4.625816434004728	0.10398723916489053	0.7477708649960749	0.7342355	28
"GO:0006364"	"rRNA processing"	40	5.790004224727385	1.5176702250774354	0.7025055732757646	0.7069936	28
"GO:0030490"	"maturation of SSU-rRNA"	2	5.073714685398322	0.2916654011210281	0.7381614862738456	0.84304094	28
"GO:0031119"	"tRNA pseudouridine synthesis"	5	4.48753429415712	0.075629991900672	0.7698980525182243	0.83556431	28
"GO:0042254"	"ribosome biogenesis"	4	5.965342835560622	2.27256471155331	0.9365295678705537	0.8843483	28
"GO:0042256"	"cytosolic ribosome assembly"	2	4.347583686308583	0.05479463923236112	0.9455757936048954	0.76066427	28
"GO:0042274"	"ribosomal small subunit biogenesis"	20	5.378566861327505	0.5884897980120243	0.9430533693421776	0.79333234	28
"GO:1990481"	"mRNA pseudouridine synthesis"	2	4.3048565939970285	0.04966025699182994	0.8437843980016967	0.81128486	28
"GO:0000052"	"citrulline metabolic process"	8	4.242591115900052	0.04302691080859333	0.7427900028253054	0.64083452	null
"GO:0000103"	"sulfate assimilation"	19	4.645127399258391	0.10871549816971335	0.8671169147385724	0.65967361	null
"GO:0000160"	"phosphorelay signal transduction system"	2291	5.924751582914166	2.069783687934709	0.9078748874035947	-0	null
"GO:0000255"	"allantoin metabolic process"	1	4.063746061613443	0.028502467087896045	0.9270755110443121	0.48817638	null
"GO:0000271"	"polysaccharide biosynthetic process"	404	5.492254581401757	0.7645872943681143	0.7662143299691231	0.31253891	null
"GO:0000272"	"polysaccharide catabolic process"	368	5.421692750748088	0.6499276288393968	0.7651779138433089	0.83488301	271
"GO:0005978"	"glycogen biosynthetic process"	37	4.5430617980146195	0.08594552208766443	0.782340526674042	0.75430437	271
"GO:0005980"	"glycogen catabolic process"	8	4.3327211642891275	0.052951085877539515	0.7662910613778875	0.87684863	271
"GO:0009103"	"lipopolysaccharide biosynthetic process"	274	4.98664187423491	0.2386773949493333	0.6869204379219177	0.8030062	271
"GO:0009244"	"lipopolysaccharide core region biosynthetic process"	27	4.394766780226321	0.06108339600348154	0.7111082457221164	0.89285401	271
"GO:0009250"	"glucan biosynthetic process"	3	4.911104317804036	0.20057319002811405	0.7863915074550366	0.85911119	271
"GO:0009251"	"glucan catabolic process"	36	5.031852631395629	0.2648637289172198	0.7778797370359698	0.821113	271
"GO:0010411"	"xyloglucan metabolic process"	22	4.2133849249163875	0.04022835251162116	0.8655235876780977	0.87323855	271
"GO:0016998"	"cell wall macromolecule catabolic process"	60	4.723824952641037	0.1303138702505672	0.8212113600781293	0.86034887	271
"GO:0030245"	"cellulose catabolic process"	151	4.667013766583133	0.11433476694015086	0.7901363425964391	0.71032273	271
"GO:0030979"	"alpha-glucan biosynthetic process"	9	3.690727543870367	0.012072936188784984	0.8212497608748296	0.92060422	271
"GO:0030980"	"alpha-glucan catabolic process"	23	3.4260230156898763	0.0065619669478696775	0.823303809584773	0.72146769	271
"GO:0045490"	"pectin catabolic process"	40	4.587475237383664	0.09520020915592774	0.794073625105698	0.72877855	271
"GO:0045493"	"xylan catabolic process"	100	4.5067349717157965	0.0790488111394533	0.7845418085657061	0.71904258	271
"GO:0071966"	"fungal-type cell wall polysaccharide metabolic process"	8	4.096075366085106	0.030705377972495958	0.8695410343760601	0.81781183	271
"GO:0000716"	"transcription-coupled nucleotide-excision repair, DNA damage recognition"	1	3.9451730461739003	0.02169190349271398	0.8075425910108134	0.50221501	null
"GO:0000731"	"DNA synthesis involved in DNA repair"	23	4.816035707382992	0.1611398545173038	0.7397377721874823	0.56732931	null
"GO:0042276"	"error-prone translesion synthesis"	7	4.473107252633461	0.07315879354521021	0.7534076638217667	0.70751272	731
"GO:0000902"	"cell morphogenesis"	18	5.360402160724579	0.5643833072815533	0.9987828137992785	0.68061426	null
"GO:0000917"	"division septum assembly"	129	4.592731766393962	0.09635950639240434	0.9455077018084247	0.3155496	null
"GO:0043093"	"FtsZ-dependent cytokinesis"	32	4.611468390479829	0.1006078015732082	0.9789547940880111	0.82217502	917
"GO:0090529"	"cell septum assembly"	28	4.649879819144556	0.10991171570034525	0.9449994135911889	0.93014925	917
"GO:0000949"	"aromatic amino acid family catabolic process to alcohol via Ehrlich pathway"	15	3.692935002531138	0.01213447001237716	0.6758659140517649	0.65597802	null
"GO:0001508"	"action potential"	20	4.398599635095352	0.06162489365109269	0.9724486180367408	0.54744578	null
"GO:0030322"	"stabilization of membrane potential"	1	4.298809426529585	0.048973539520541245	0.9728759624953437	0.73665767	1508
"GO:0001514"	"selenocysteine incorporation"	10	3.985695859689842	0.023813589730172214	0.8107776176493418	0.6414207	null
"GO:0001522"	"pseudouridine synthesis"	5	5.051465101959226	0.27709911440028817	0.8272473360674769	0.57920809	null
"GO:0001561"	"fatty acid alpha-oxidation"	4	3.7649229846498886	0.014322612779314948	0.6960071557717361	0.59025716	null
"GO:0001666"	"response to hypoxia"	28	4.481442628502305	0.07457653284077395	0.9479719764629728	0.67516644	null
"GO:0071453"	"cellular response to oxygen levels"	2	4.062243441026478	0.028404012970148565	0.9344261356187809	0.90935915	1666
"GO:0001717"	"conversion of seryl-tRNAsec to selenocys-tRNAsec"	4	3.0835026198302673	0.0029806984148050184	0.8113675057574234	0.47725123	null
"GO:0002099"	"tRNA wobble guanine modification"	12	4.2165089781866	0.040518792158976226	0.7790205876344831	0.55326086	null
"GO:0002098"	"tRNA wobble uridine modification"	4	4.883967887817329	0.1884239518980748	0.7549299398883683	0.83980065	2099
"GO:0002100"	"tRNA wobble adenosine to inosine editing"	11	4.122346966255079	0.03262031056268448	0.7820408057821024	0.74681534	2099
"GO:0002143"	"tRNA wobble position uridine thiolation"	4	4.351545085306165	0.05529675523287328	0.7740454754728041	0.85875856	2099
"GO:0002181"	"cytoplasmic translation"	2	5.185799878745934	0.37754692803215667	0.8077184393897746	0.33968341	null
"GO:0002188"	"translation reinitiation"	1	3.875986771428488	0.018497067371808184	0.8429775473996083	0.42020861	null
"GO:0001732"	"formation of cytoplasmic translation initiation complex"	1	4.533911802994045	0.08415365714466026	0.7951765581789166	0.84692428	2188
"GO:0002937"	"tRNA 4-thiouridine biosynthesis"	4	3.4765418090274287	0.0073717520663427166	0.8010236884102496	0.50114093	null
"GO:0002939"	"tRNA N1-guanine methylation"	1	4.20828007854531	0.03975823409937693	0.7792980492337326	0.57957779	null
"GO:0002949"	"tRNA threonylcarbamoyladenosine modification"	11	4.542339840842044	0.08580276361693058	0.7687805858241082	0.64230022	null
"GO:0005975"	"carbohydrate metabolic process"	2501	6.322974310459075	5.177832504046095	0.9087522054657039	0.06912112	null
"GO:0005976"	"polysaccharide metabolic process"	23	5.784921691257273	1.5000124790594245	0.8503221803065536	0.67734405	null
"GO:0005996"	"monosaccharide metabolic process"	2	5.625798958668663	1.0398527008253557	0.7456769050184655	0.64867339	null
"GO:0006002"	"fructose 6-phosphate metabolic process"	23	4.649763099462267	0.109882179465021	0.8121709423940415	0.38251516	null
"GO:0006006"	"glucose metabolic process"	61	5.290513185087556	0.4804905535489239	0.748760547672765	0.69150941	null
"GO:0006000"	"fructose metabolic process"	8	4.3284407673684075	0.052431740406421554	0.7842190310097193	0.75399568	6006
"GO:0006004"	"fucose metabolic process"	44	4.45408227073109	0.0700230298949529	0.7801715112885301	0.77130533	6006
"GO:0006007"	"glucose catabolic process"	4	4.316117183498905	0.05096477405198407	0.7213892581060397	0.87054359	6006
"GO:0006012"	"galactose metabolic process"	40	4.695858018678371	0.12218648283051257	0.7719358548431037	0.80695388	6006
"GO:0006013"	"mannose metabolic process"	30	4.290190483970304	0.04801115051955961	0.7854216121833869	0.74887911	6006
"GO:0006094"	"gluconeogenesis"	41	5.016272658165155	0.25553027855475857	0.7114639164776106	0.85960511	6006
"GO:0019301"	"rhamnose catabolic process"	10	3.836893516376434	0.016904572017242662	0.7392192145288742	0.80963672	6006
"GO:0019316"	"D-allose catabolic process"	8	3.648652695131223	0.010957943305294749	0.7455793393180387	0.78797929	6006
"GO:0019388"	"galactose catabolic process"	1	4.535964669388424	0.08455239632153756	0.7124554399680242	0.94599215	6006
"GO:0033499"	"galactose catabolic process via UDP-galactose"	50	4.530673448440382	0.08352847349696375	0.7126780763677293	0.78225267	6006
"GO:0061621"	"canonical glycolysis"	2	4.120376479744434	0.032472629386063254	0.5852263033045867	0.84459257	6006
"GO:0006015"	"5-phosphoribose 1-diphosphate biosynthetic process"	4	4.400917723075448	0.06195471494554675	0.7802627390864284	0.5971985	null
"GO:0006020"	"inositol metabolic process"	56	4.6157817693790255	0.10161203357423251	0.7903564566593215	0.57849802	null
"GO:0006021"	"inositol biosynthetic process"	14	3.9947569445876283	0.024315705730684374	0.764986128518	0.69532604	null
"GO:0032958"	"inositol phosphate biosynthetic process"	2	4.2006863759696165	0.03906905527514455	0.7146357835875073	0.76604481	6021
"GO:0006040"	"amino sugar metabolic process"	9	5.163814115597508	0.3589095635425583	0.8678868960325337	0.57834547	null
"GO:0006053"	"N-acetylmannosamine catabolic process"	3	3.238297067875394	0.004258140592578598	0.8255354250627922	0.52156259	null
"GO:0006051"	"N-acetylmannosamine metabolic process"	1	3.5520595341878844	0.008772261891300648	0.8889263713253915	0.96267018	6053
"GO:0006080"	"substituted mannan metabolic process"	20	3.566555330883055	0.009070085597486783	0.8904969069895533	0.58339261	null
"GO:0006081"	"cellular aldehyde metabolic process"	11	5.362896967802544	0.5676347545201639	0.8940644422027766	0.12538923	null
"GO:0006083"	"acetate metabolic process"	6	4.4589247662340945	0.07080820148398907	0.7617651581465883	0.54812672	null
"GO:0006089"	"lactate metabolic process"	14	4.700002397142254	0.1233580868317076	0.7323406154696092	0.59490201	null
"GO:0006097"	"glyoxylate cycle"	12	4.278913574715962	0.046780474047716084	0.7344767204276293	0.68415028	null
"GO:0009436"	"glyoxylate catabolic process"	4	3.8654001181793016	0.01805156248900083	0.7133674652868929	0.90377143	6097
"GO:0006099"	"tricarboxylic acid cycle"	87	5.302270305083983	0.4936760212682554	0.8672169279249058	0.5842581	null
"GO:0006119"	"oxidative phosphorylation"	3	5.301336065396815	0.49261517814952627	0.873430193377712	0.84322775	6099
"GO:0009060"	"aerobic respiration"	18	5.6422408851035115	1.0799752151603983	0.8652321618792606	0.89085187	6099
"GO:0019646"	"aerobic electron transport chain"	69	5.05577192349387	0.27986075240310504	0.878030501132931	0.80061782	6099
"GO:0022900"	"electron transport chain"	16	5.5178896866418805	0.8110773287684753	0.8704463164051144	0.71650568	6099
"GO:0022904"	"respiratory electron transport chain"	62	5.426678765880336	0.6574322939646986	0.8699362905132638	0.87598225	6099
"GO:0042773"	"ATP synthesis coupled electron transport"	59	5.152022181008303	0.3492955189445167	0.8759483064784103	0.91664153	6099
"GO:0045333"	"cellular respiration"	15	5.735782478045267	1.3395396511898598	0.8630175600447643	0.93315281	6099
"GO:0006103"	"2-oxoglutarate metabolic process"	16	3.358315640082196	0.005614346064550162	0.7965575357272685	0.42535462	null
"GO:0006104"	"succinyl-CoA metabolic process"	2	4.11747016362012	0.0322560303270188	0.7037512739194746	0.66037308	null
"GO:0006106"	"fumarate metabolic process"	6	4.029708362514895	0.02635370596805725	0.777517480258849	0.59842078	null
"GO:0006107"	"oxaloacetate metabolic process"	41	4.411030146797094	0.06341429724115318	0.7650153851518332	0.63680195	null
"GO:0006108"	"malate metabolic process"	14	4.516773278301586	0.0808972872001623	0.7612935734793573	0.64833271	null
"GO:0006139"	"nucleobase-containing compound metabolic process"	20	6.873482138619112	18.39314412781983	0.8949613627734241	0.16383799	null
"GO:0006144"	"purine nucleobase metabolic process"	77	5.071171096656961	0.2899621448839967	0.7194835532206002	0.306384	null
"GO:0006145"	"purine nucleobase catabolic process"	13	4.483986464719332	0.07501465366475024	0.7001395364532366	0.89666266	6144
"GO:0006146"	"adenine catabolic process"	8	3.811373897053893	0.01593972166331734	0.7263704635641389	0.8113568	6144
"GO:0006147"	"guanine catabolic process"	1	3.6276730317666157	0.01044105918712047	0.7330439393486158	0.90089598	6144
"GO:0006168"	"adenine salvage"	4	4.01736728355353	0.025615300084951134	0.72400487532683	0.8653199	6144
"GO:0006178"	"guanine salvage"	1	3.9955913242523535	0.024362471436614425	0.7248779733262977	0.87482564	6144
"GO:0006206"	"pyrimidine nucleobase metabolic process"	2	5.089187756875502	0.3022442960729951	0.7136404769455462	0.87400194	6144
"GO:0006207"	"'de novo' pyrimidine nucleobase biosynthetic process"	21	4.804861519542023	0.15704662457195226	0.7082374373392389	0.82747971	6144
"GO:0006208"	"pyrimidine nucleobase catabolic process"	68	4.335878952134842	0.05333751828969839	0.7036698333727498	0.76069095	6144
"GO:0006210"	"thymine catabolic process"	7	4.080410007155637	0.02961745997138628	0.7137937166063465	0.84345443	6144
"GO:0006212"	"uracil catabolic process"	1	3.5352941200427703	0.008439979243902896	0.7333657798259821	0.86060873	6144
"GO:0009113"	"purine nucleobase biosynthetic process"	5	4.806295318137176	0.1575659700430702	0.7098842640321451	0.85746988	6144
"GO:0019856"	"pyrimidine nucleobase biosynthetic process"	11	4.968249394107917	0.22878029476276768	0.7006813336712311	0.92276685	6144
"GO:0032264"	"IMP salvage"	2	4.274504222655883	0.04630789428252817	0.6746628724511986	0.76394449	6144
"GO:0043103"	"hypoxanthine salvage"	20	3.916453948549925	0.02030370043247448	0.7281911999582259	0.70947533	6144
"GO:0046084"	"adenine biosynthetic process"	1	4.35289610469331	0.05546904993893137	0.7282531106470568	0.9179521	6144
"GO:0046098"	"guanine metabolic process"	2	4.186617351853637	0.03782361068563891	0.7536663181750871	0.74163891	6144
"GO:0046100"	"hypoxanthine metabolic process"	1	4.2878017299302265	0.04774778575458509	0.7500568052639037	0.75444833	6144
"GO:0046113"	"nucleobase catabolic process"	8	4.736635497686821	0.13421511466631117	0.7003710879034449	0.81704384	6144
"GO:0006167"	"AMP biosynthetic process"	43	4.7590556246240245	0.14132596332062308	0.6565169724529306	0.53423286	null
"GO:0006177"	"GMP biosynthetic process"	2	4.591554304100671	0.09609860298037351	0.6655079802809581	0.76288611	6167
"GO:0006188"	"IMP biosynthetic process"	2	5.169021620422475	0.36323908337050387	0.634254803292903	0.96661642	6167
"GO:0006189"	"'de novo' IMP biosynthetic process"	41	5.104217300599368	0.31288718620149786	0.6380468478445506	0.83593072	6167
"GO:0006196"	"AMP catabolic process"	1	3.2753113545418118	0.004637188945906403	0.6993058559128077	0.77234725	6167
"GO:0009156"	"ribonucleoside monophosphate biosynthetic process"	1	5.53150574028484	0.8369092279124709	0.6475073039344752	0.88767123	6167
"GO:0009168"	"purine ribonucleoside monophosphate biosynthetic process"	9	5.3582395081717715	0.5615798262786938	0.6567885993104279	0.94110266	6167
"GO:0032263"	"GMP salvage"	1	4.107243897578974	0.03150531767919425	0.6820509727062984	0.8818029	6167
"GO:0044208"	"'de novo' AMP biosynthetic process"	13	4.405517106976376	0.06261435753445488	0.6740211533146117	0.91658334	6167
"GO:0044209"	"AMP salvage"	10	4.3870337012823635	0.06000532341414661	0.6688296755004559	0.91379292	6167
"GO:0046040"	"IMP metabolic process"	4	5.209582030125189	0.39879824934795066	0.6564572179680828	0.94634576	6167
"GO:0006209"	"cytosine catabolic process"	2	3.28397928423848	0.004730720357766512	0.7420899542873054	0.64407162	null
"GO:0006235"	"dTTP biosynthetic process"	43	4.366236123718293	0.05719938105834337	0.6686988088600386	0.45389719	null
"GO:0006203"	"dGTP catabolic process"	14	4.353935455571521	0.05560196299789047	0.6523512704905281	0.83544725	6235
"GO:0006225"	"UDP biosynthetic process"	2	4.155639633759776	0.03521949927121801	0.6821650953885535	0.91256825	6235
"GO:0006226"	"dUMP biosynthetic process"	4	4.222300181173794	0.041062751159531063	0.6756654492786915	0.91116231	6235
"GO:0006227"	"dUDP biosynthetic process"	35	4.0893044518478705	0.030230336854364354	0.6831123337170109	0.99733593	6235
"GO:0006228"	"UTP biosynthetic process"	6	4.287398589234254	0.047703481401598725	0.6738529065617591	0.88494438	6235
"GO:0006229"	"dUTP biosynthetic process"	17	3.8073997127594854	0.015794501839639805	0.6931701177699856	0.88994271	6235
"GO:0006231"	"dTMP biosynthetic process"	19	4.159897901034096	0.03556655003627788	0.6784767470311965	0.8803324	6235
"GO:0006233"	"dTDP biosynthetic process"	36	4.104657791008797	0.031318254855474036	0.6824418552805654	0.87312407	6235
"GO:0006241"	"CTP biosynthetic process"	7	4.671885278830549	0.1156245158826429	0.655221134646467	0.94511094	6235
"GO:0009146"	"purine nucleoside triphosphate catabolic process"	1	4.499975600182359	0.07782798007938455	0.6776303826788601	0.90670274	6235
"GO:0009223"	"pyrimidine deoxyribonucleotide catabolic process"	1	4.362576712460539	0.0567194172343244	0.6493702165297044	0.97383496	6235
"GO:0009263"	"deoxyribonucleotide biosynthetic process"	11	4.8936119795139845	0.19265501760827283	0.6562521214640191	0.85052974	6235
"GO:0009264"	"deoxyribonucleotide catabolic process"	3	4.694999832747095	0.12194527024203125	0.6449603447270484	0.90020624	6235
"GO:0009265"	"2'-deoxyribonucleotide biosynthetic process"	1	4.69742987422858	0.12262952636037623	0.6650087574259692	0.94502056	6235
"GO:0044210"	"'de novo' CTP biosynthetic process"	8	4.340245761567932	0.053876554584365854	0.6715237072368704	0.83190718	6235
"GO:0046047"	"TTP catabolic process"	5	3.8649261915390056	0.01803187166545133	0.6702122571816563	0.99940808	6235
"GO:0046052"	"UTP catabolic process"	5	3.867997510344951	0.018159862018523057	0.6699441403181406	0.93028073	6235
"GO:0046061"	"dATP catabolic process"	5	3.86975959478241	0.01823370260683367	0.674573704966943	0.92996329	6235
"GO:0046076"	"dTTP catabolic process"	5	3.865044721693099	0.018036794371338708	0.6704800396356786	0.93019812	6235
"GO:0046081"	"dUTP catabolic process"	8	4.286344176409084	0.04758779781324544	0.6511011227063309	0.89697018	6235
"GO:0006259"	"DNA metabolic process"	9	6.3549130597720795	5.572970721566783	0.8050146523944091	0.44968745	null
"GO:0006260"	"DNA replication"	218	5.767837581402916	1.4421509940592292	0.8181622934718309	0.66164169	null
"GO:0006261"	"DNA-templated DNA replication"	41	5.552177685196805	0.8777086143070274	0.8229448402724596	0.62403964	null
"GO:0006269"	"DNA replication, synthesis of primer"	28	4.615950051656401	0.10165141522133152	0.7764916818581756	0.71865587	6261
"GO:0006270"	"DNA replication initiation"	12	4.893201199386462	0.19247287749043998	0.8421678959318395	0.76040776	6261
"GO:0006271"	"DNA strand elongation involved in DNA replication"	28	4.758995111589785	0.14130627249707356	0.8452763988141007	0.73960819	6261
"GO:0031297"	"replication fork processing"	7	4.490408001506012	0.07613210790118416	0.8518333690992869	0.70122154	6261
"GO:0033567"	"DNA replication, Okazaki fragment processing"	3	3.9230885154423993	0.020616292256322735	0.8640445656327873	0.87034397	6261
"GO:0045004"	"DNA replication proofreading"	3	4.297059824075058	0.04877663128504628	0.8173246197343569	0.89305124	6261
"GO:0006265"	"DNA topological change"	31	4.868685573948292	0.18190875065613515	0.8171227928135066	0.57709295	null
"GO:0006276"	"plasmid maintenance"	4	3.0674428427763805	0.002872398885282788	0.9890793766301168	0.01043055	null
"GO:0006282"	"regulation of DNA repair"	11	4.564121375515653	0.09021596944496146	0.966379493064395	0.44835074	null
"GO:0006275"	"regulation of DNA replication"	9	4.633054163298189	0.10573479975490832	0.9691844338786577	0.85331088	6282
"GO:0006284"	"base-excision repair"	51	5.116292201435749	0.3217086751516723	0.7948831890986858	0.56625461	null
"GO:0006285"	"base-excision repair, AP site formation"	33	4.633337137396425	0.10580371763733157	0.8104023865600752	0.51742318	null
"GO:0097510"	"base-excision repair, AP site formation via deaminated base removal"	8	4.01678271248684	0.025580841143739517	0.8274934793391561	0.75660043	6285
"GO:0006289"	"nucleotide-excision repair"	41	5.093498730574553	0.3052594534290117	0.7956999434846304	0.59876278	null
"GO:0006298"	"mismatch repair"	43	4.94711989693841	0.21791588286933303	0.8007919508535826	0.58175797	null
"GO:0006303"	"double-strand break repair via nonhomologous end joining"	42	4.598495042273587	0.09764679398195267	0.8115727796917164	0.51422397	null
"GO:0000724"	"double-strand break repair via homologous recombination"	13	5.210018718391943	0.3991994498777717	0.790608539148244	0.78400083	6303
"GO:0006304"	"DNA modification"	48	4.856807406626618	0.17700081288642316	0.840054352112857	0.48567405	null
"GO:0006307"	"DNA alkylation repair"	60	4.446925311242748	0.06887850077613843	0.8164064970139352	0.50075507	null
"GO:0006310"	"DNA recombination"	865	5.870739739053611	1.827734239452524	0.8143135270956697	0.61318739	null
"GO:0000725"	"recombinational repair"	147	5.3311862923975815	0.5276648440676299	0.7863571300831368	0.75837893	6310
"GO:0006281"	"DNA repair"	586	6.065400806810804	2.8613720240950697	0.7543045161758273	0.72163856	6310
"GO:0006302"	"double-strand break repair"	138	5.472820784475008	0.7311276624516326	0.7811868708156683	0.78757176	6310
"GO:0006974"	"DNA damage response"	51	6.1122197965247755	3.1870828591331772	0.913408580374473	0.85141174	6310
"GO:0033554"	"cellular response to stress"	3	6.254747656865193	4.425081855984172	0.915015627551541	0.76119231	6310
"GO:0006313"	"DNA transposition"	628	5.106235106667554	0.3143443071441606	0.8357843497626042	0.51185894	null
"GO:0006334"	"nucleosome assembly"	3	4.644399195891513	0.10853335805188048	0.9450729758810382	0.62422508	null
"GO:0006351"	"DNA-templated transcription"	47	5.918800159642457	2.0416135034942102	0.7294302049943128	0.58323997	null
"GO:0006396"	"RNA processing"	44	6.2525248812610785	4.402491558667012	0.7099787954383392	0.72753381	6351
"GO:0006352"	"DNA-templated transcription initiation"	1146	5.498863065954816	0.7763107184388958	0.7487625105887948	0.23036421	null
"GO:0006353"	"DNA-templated transcription termination"	16	4.865435641837405	0.1805525451841636	0.7749847651485587	0.68221702	null
"GO:0006354"	"DNA-templated transcription elongation"	9	4.903979379363818	0.19730943602478507	0.7735481833869949	0.68767839	null
"GO:0006355"	"regulation of DNA-templated transcription"	3948	6.655528356088988	11.135305937063894	0.9520240784277947	0.61193481	null
"GO:0009889"	"regulation of biosynthetic process"	1	6.757082570711665	14.06877837293839	0.9549667988412269	0.79797931	6355
"GO:0010468"	"regulation of gene expression"	11	6.7497482160021365	13.833180130521608	0.952263829270299	0.81405727	6355
"GO:0051252"	"regulation of RNA metabolic process"	3	6.6718271249427055	11.561147071204134	0.9535222881047152	0.86519182	6355
"GO:0080090"	"regulation of primary metabolic process"	1	6.766150778424015	14.365627383358822	0.9548501852688871	0.75285716	6355
"GO:0006388"	"tRNA splicing, via endonucleolytic cleavage and ligation"	5	4.330251389917909	0.052650800818409706	0.7820770079088556	0.52395278	null
"GO:0006412"	"translation"	216	6.255454388144548	4.432288697403288	0.7717773292742582	0.44459518	null
"GO:0006417"	"regulation of translation"	67	5.750705826677294	1.3863693522964495	0.954654520097104	0.39879044	null
"GO:0000398"	"mRNA splicing, via spliceosome"	3	5.500911275480265	0.7799805956779332	0.7447264012364581	0.86882747	6417
"GO:0006308"	"DNA catabolic process"	11	4.572813537559455	0.09203983197623357	0.7670870620603334	0.78770483	6417
"GO:0006397"	"mRNA processing"	10	5.689537048003264	1.2042316958165515	0.7360510106290598	0.8163752	6417
"GO:0006401"	"RNA catabolic process"	9	5.406224989697399	0.6271871889926721	0.7325616964745434	0.93137993	6417
"GO:0006402"	"mRNA catabolic process"	17	5.242163616633058	0.4298679075561123	0.7008006154595313	0.78580828	6417
"GO:0006446"	"regulation of translational initiation"	4	4.582427017512738	0.09409998439009963	0.9632386954387246	0.71978589	6417
"GO:0016075"	"rRNA catabolic process"	9	4.547627044770351	0.08685376132388495	0.7645886825244402	0.80649898	6417
"GO:0017148"	"negative regulation of translation"	39	4.9381643389305525	0.21346821810009053	0.950238230417372	0.77632624	6417
"GO:0043137"	"DNA replication, removal of RNA primer"	8	4.487689734941669	0.07565706678305256	0.7600648843467316	0.79769022	6417
"GO:0043488"	"regulation of mRNA stability"	2	4.982655594477174	0.23649663624122655	0.9501328251823823	0.7840287	6417
"GO:0061136"	"regulation of proteasomal protein catabolic process"	1	4.9919699430999955	0.2416236344229267	0.9603794987150847	0.78929189	6417
"GO:0006419"	"alanyl-tRNA aminoacylation"	9	4.261476988621374	0.044939382045838173	0.7433982200546759	0.6252442	null
"GO:0006420"	"arginyl-tRNA aminoacylation"	72	4.325063893564886	0.05202561717071319	0.7409880037252771	0.6315382	null
"GO:0006421"	"asparaginyl-tRNA aminoacylation"	19	4.017158598487815	0.0256029933202327	0.7522537601104254	0.60218444	null
"GO:0006422"	"aspartyl-tRNA aminoacylation"	4	4.23200448297183	0.04199068121930108	0.7445001130792728	0.62236927	null
"GO:0006423"	"cysteinyl-tRNA aminoacylation"	4	4.199782593968985	0.03898783062800288	0.7456939543279734	0.61925624	null
"GO:0006424"	"glutamyl-tRNA aminoacylation"	7	4.3858742739041965	0.059845335472806946	0.738640014529491	0.63767702	null
"GO:0006426"	"glycyl-tRNA aminoacylation"	2	4.265666699452483	0.04537504151687078	0.7432408018761893	0.62565505	null
"GO:0006427"	"histidyl-tRNA aminoacylation"	6	4.253168325901442	0.04408775392732245	0.7437098240411568	0.62443104	null
"GO:0006428"	"isoleucyl-tRNA aminoacylation"	3	4.205041879261369	0.039462871746134484	0.7454998615690064	0.61976223	null
"GO:0006429"	"leucyl-tRNA aminoacylation"	2	4.193402903062418	0.03841925809801117	0.7459289960254146	0.61864357	null
"GO:0006430"	"lysyl-tRNA aminoacylation"	10	4.224714304530398	0.04129165698329396	0.7447712048159364	0.62166222	null
"GO:0006431"	"methionyl-tRNA aminoacylation"	28	4.218194027092983	0.040676318747372195	0.7450131772596892	0.62103119	null
"GO:0006432"	"phenylalanyl-tRNA aminoacylation"	5	4.45006426282523	0.0693781554237069	0.7361145938955356	0.64914285	null
"GO:0006433"	"prolyl-tRNA aminoacylation"	5	4.203848463746235	0.03935457221661225	0.7455439304431771	0.61964734	null
"GO:0006434"	"seryl-tRNA aminoacylation"	7	4.191395117112106	0.0382420406860657	0.7460028768329282	0.61845101	null
"GO:0006435"	"threonyl-tRNA aminoacylation"	6	4.204337075628155	0.03939887656959862	0.7455258894843947	0.61969437	null
"GO:0006436"	"tryptophanyl-tRNA aminoacylation"	8	4.217852280259893	0.04064432115910427	0.7450258470139023	0.62099815	null
"GO:0006437"	"tyrosyl-tRNA aminoacylation"	5	4.190359716265324	0.03815097062714928	0.74604095974632	0.61835175	null
"GO:0006438"	"valyl-tRNA aminoacylation"	6	4.165333372596983	0.036014516272028924	0.7469579678160793	0.61596227	null
"GO:0006450"	"regulation of translational fidelity"	9	5.081995025272298	0.29727974718557826	0.9696078830291947	0.62709714	null
"GO:0006457"	"protein folding"	49	5.685286610314463	1.1925033490398829	0.7917572810585254	0.69754462	null
"GO:0016485"	"protein processing"	39	5.300927924466898	0.49215244379611317	0.802475905910824	0.76308322	6457
"GO:0006465"	"signal peptide processing"	176	4.7579120162872295	0.14095429902612633	0.8194271231381823	0.3103846	null
"GO:0016539"	"intein-mediated protein splicing"	71	3.905093968327871	0.01977943225546914	0.8415584863188638	0.70073053	6465
"GO:0071586"	"CAAX-box protein processing"	1	4.536709914228673	0.0846976161452151	0.8257462444808061	0.77545919	6465
"GO:0006487"	"protein N-linked glycosylation"	62	5.088536518542557	0.30179140713135666	0.7480757106547058	0.56713034	null
"GO:0006486"	"protein glycosylation"	3	5.479301720697723	0.742120064698139	0.7303744635216444	0.90879827	6487
"GO:0006488"	"dolichol-linked oligosaccharide biosynthetic process"	6	4.375736752135849	0.05846451647139851	0.7749824600728925	0.73477314	6487
"GO:0006493"	"protein O-linked glycosylation"	11	4.863459671077173	0.1797329146539158	0.7572475804458904	0.80283192	6487
"GO:0006516"	"glycoprotein catabolic process"	44	4.579577829439834	0.09348464615417787	0.7560423289395529	0.72024556	6487
"GO:0030259"	"lipid glycosylation"	49	4.313192063634804	0.05062264599281157	0.8230767856860713	0.70990819	6487
"GO:0035269"	"protein O-linked mannosylation"	9	4.407220892927397	0.06286049282882358	0.7739168323453388	0.73881631	6487
"GO:0036065"	"fucosylation"	3	4.317018101048111	0.051070612228562615	0.9494317149339913	0.71037554	6487
"GO:0006491"	"N-glycan processing"	1	4.1726613002015345	0.036627393155007	0.8466176880585344	0.67103995	null
"GO:0006506"	"GPI anchor biosynthetic process"	105	4.903361336255318	0.1970288417892047	0.6856541332744781	0.58820337	null
"GO:0006646"	"phosphatidylethanolamine biosynthetic process"	6	4.413467412985825	0.06377119341798779	0.7620015680796939	0.71324946	6506
"GO:0006650"	"glycerophospholipid metabolic process"	5	5.602752139185302	0.986109059299949	0.7551689510596977	0.9272262	6506
"GO:0006654"	"phosphatidic acid biosynthetic process"	73	4.63211295962501	0.10550589393114541	0.7539118060979465	0.74069547	6506
"GO:0006665"	"sphingolipid metabolic process"	2	5.167140035508358	0.36166874019243156	0.8341110211523028	0.80032517	6506
"GO:0006680"	"glucosylceramide catabolic process"	15	3.883377489748339	0.018814581901543816	0.7164168023117625	0.90694104	6506
"GO:0006683"	"galactosylceramide catabolic process"	12	3.072249897613515	0.0029043964735507195	0.7440218471477275	0.81669945	6506
"GO:0006688"	"glycosphingolipid biosynthetic process"	2	4.254064452914338	0.044178823986238874	0.7626390804959344	0.87074208	6506
"GO:0006689"	"ganglioside catabolic process"	36	3.9907383285075375	0.02409172261280885	0.7124274658708738	0.7101536	6506
"GO:0008654"	"phospholipid biosynthetic process"	79	5.742225365940581	1.3595602960338102	0.7170808508271816	0.75858128	6506
"GO:0009245"	"lipid A biosynthetic process"	71	4.878717069217877	0.1861595071898827	0.7172170650151338	0.84343982	6506
"GO:0009247"	"glycolipid biosynthetic process"	39	5.305086842261735	0.49688808685976704	0.722101876641578	0.89649416	6506
"GO:0032049"	"cardiolipin biosynthetic process"	7	4.329418220546588	0.05254988534771853	0.7649706291522081	0.70323248	6506
"GO:0045017"	"glycerolipid biosynthetic process"	9	5.533841936310152	0.841423349211193	0.7766968817703573	0.90194711	6506
"GO:0046474"	"glycerophospholipid biosynthetic process"	9	5.488371603598974	0.7577816534788197	0.716198324814038	0.86988665	6506
"GO:0046513"	"ceramide biosynthetic process"	1	4.673159195454186	0.11596418258887171	0.780857719730365	0.8225138	6506
"GO:0046514"	"ceramide catabolic process"	3	4.431251154695155	0.06643683865600086	0.746001707608027	0.88632082	6506
"GO:0046854"	"phosphatidylinositol phosphate biosynthetic process"	22	4.891314399382143	0.19163847884253007	0.7432632181039187	0.87822669	6506
"GO:0051999"	"mannosyl-inositol phosphorylceramide biosynthetic process"	6	3.579326203755255	0.009340834421292356	0.7639803650073547	0.79390879	6506
"GO:0006508"	"proteolysis"	3271	6.335491800413612	5.329242630377004	0.8676544794212163	0.44662344	null
"GO:0006515"	"protein quality control for misfolded or incompletely synthesized proteins"	24	4.790207730237464	0.15183594039016676	0.8120395099655685	0.49601643	null
"GO:0006518"	"peptide metabolic process"	3	5.210141876169784	0.3993126721131813	0.9489109576911113	0.04976538	null
"GO:0006520"	"amino acid metabolic process"	119	6.349827285704941	5.5080894579711925	0.908167425286367	0.12927537	null
"GO:0006524"	"alanine catabolic process"	7	4.370587100246676	0.05777533764716614	0.681846233617408	0.58261285	null
"GO:0006523"	"alanine biosynthetic process"	7	4.202352067809752	0.03921919780470946	0.7192779085147412	0.90478508	6524
"GO:0006525"	"arginine metabolic process"	8	5.214809420901087	0.40362742382346467	0.7103261539172219	0.60170209	null
"GO:0006526"	"L-arginine biosynthetic process"	68	5.008561849969881	0.25103338672664227	0.6766183415288004	0.60162701	null
"GO:0006537"	"glutamate biosynthetic process"	35	4.528067840594207	0.08302881884939528	0.6920284654292885	0.8000208	6526
"GO:0006541"	"glutamine metabolic process"	7	5.34329434258671	0.5425831042593171	0.696816782873837	0.79162733	6526
"GO:0006542"	"glutamine biosynthetic process"	39	4.48638796834179	0.07543062231223335	0.703071501443774	0.79419389	6526
"GO:0006561"	"proline biosynthetic process"	5	4.650472659655893	0.11006185822991016	0.6949365200704446	0.9366552	6526
"GO:0006562"	"proline catabolic process"	3	4.307003701163156	0.049906392286198635	0.6794311164265697	0.88586529	6526
"GO:0006592"	"ornithine biosynthetic process"	5	3.9857407410500745	0.0238160510831159	0.7204516651622954	0.8410407	6526
"GO:0010133"	"proline catabolic process to glutamate"	15	4.287376181552599	0.04770102004865504	0.6729736313497514	0.88312872	6526
"GO:0019546"	"arginine deiminase pathway"	20	3.8969669019331548	0.01941269066685977	0.695936033283744	0.75547762	6526
"GO:0019547"	"arginine catabolic process to ornithine"	16	3.96543689977626	0.022728133082006226	0.6873497266329305	0.85704608	6526
"GO:0042450"	"arginine biosynthetic process via ornithine"	41	4.5260160213407525	0.08263746373134903	0.6971284922228475	0.83910541	6526
"GO:0055129"	"L-proline biosynthetic process"	23	4.576295268770989	0.09278069921228338	0.6982980658281029	0.80687067	6526
"GO:0006528"	"asparagine metabolic process"	17	4.4989718321539875	0.07764830131449539	0.7349312050609897	0.66065663	null
"GO:0006529"	"asparagine biosynthetic process"	163	4.355604750958804	0.05581610070399124	0.709668764420442	0.64679048	null
"GO:0006534"	"cysteine metabolic process"	8	5.032916782799791	0.26551352609435325	0.691869964023729	0.86851424	6529
"GO:0006556"	"S-adenosylmethionine biosynthetic process"	4	4.27399611375928	0.04625374451776706	0.8332055241054285	0.90159637	6529
"GO:0009086"	"methionine biosynthetic process"	63	5.146431935463051	0.3448281633517247	0.6468169037506137	0.7441546	6529
"GO:0009090"	"homoserine biosynthetic process"	19	4.2473102774556555	0.043497029220837556	0.7115067417110806	0.87023356	6529
"GO:0019284"	"L-methionine salvage from S-adenosylmethionine"	56	4.097222592519901	0.03078660261963763	0.6878015615008839	0.81994199	6529
"GO:0019346"	"transsulfuration"	31	4.588798144825715	0.09549064880328281	0.697912474600615	0.79815691	6529
"GO:0019509"	"L-methionine salvage from methylthioadenosine"	33	4.444060417740776	0.06842561183450001	0.6734329118648333	0.92687493	6529
"GO:0033353"	"S-adenosylmethionine cycle"	12	4.404354702725426	0.062446985534284155	0.870643461188904	0.87786412	6529
"GO:0050667"	"homocysteine metabolic process"	21	4.808555300130965	0.1583880619262617	0.6953297622169992	0.83148677	6529
"GO:0071266"	"'de novo' L-methionine biosynthetic process"	2	4.250810204025981	0.04384900269178481	0.6908208301815156	0.84536013	6529
"GO:0071269"	"L-homocysteine biosynthetic process"	6	3.828079590556746	0.016564905311013848	0.7002437883192837	0.82220374	6529
"GO:0006531"	"aspartate metabolic process"	8	4.40246773080283	0.06217623671047859	0.7302365380245256	0.65038966	null
"GO:0006543"	"glutamine catabolic process"	15	3.957798774929998	0.02233185525807261	0.6949273382335908	0.65097818	null
"GO:0006567"	"threonine catabolic process"	76	4.605164928546119	0.09915806468937653	0.6657753409537913	0.64342373	null
"GO:0006535"	"cysteine biosynthetic process from serine"	34	4.588966022708684	0.09552756909743812	0.6737379734546141	0.8526799	6567
"GO:0006545"	"glycine biosynthetic process"	25	4.567872944364566	0.09099867968105395	0.6972959427248615	0.71571723	6567
"GO:0006564"	"L-serine biosynthetic process"	19	4.456669629423757	0.0704414598953797	0.702642499970107	0.8343197	6567
"GO:0006565"	"L-serine catabolic process"	51	4.6167485032003	0.10183847804505171	0.6637562053129853	0.7070443	6567
"GO:0009088"	"threonine biosynthetic process"	39	4.74033900005824	0.13536456649101303	0.6920441810404506	0.89657475	6567
"GO:0009092"	"homoserine metabolic process"	10	4.827498508133458	0.16544968352169986	0.7193877329605676	0.74790304	6567
"GO:0016260"	"selenocysteine biosynthetic process"	9	4.120442306873306	0.032477552091950634	0.7168840860052922	0.73530098	6567
"GO:0019264"	"glycine biosynthetic process from serine"	21	4.26979304386123	0.045808239634959697	0.7096162222960402	0.85130402	6567
"GO:0019265"	"glycine biosynthetic process, by transamination of glyoxylate"	10	4.041353202046975	0.027069959674670182	0.719061999311898	0.87979944	6567
"GO:0019344"	"cysteine biosynthetic process"	16	4.762693565004856	0.1425147967924239	0.6656514445240429	0.87591851	6567
"GO:0019464"	"glycine decarboxylation via glycine cleavage system"	18	4.487915731359767	0.07569644843015155	0.669547979465122	0.88144032	6567
"GO:0019518"	"L-threonine catabolic process to glycine"	3	3.651568738865792	0.011031783893605361	0.7016467279860279	0.82437596	6567
"GO:0006581"	"acetylcholine catabolic process"	7	3.518118947143153	0.008112619302392519	0.8849145511305061	0.27367178	null
"GO:0006598"	"polyamine catabolic process"	29	4.112906490253314	0.03191882497373367	0.8562500471668162	0.58582584	null
"GO:0009447"	"putrescine catabolic process"	2	3.074450718954591	0.002919164591212842	0.8740815969291157	0.81797452	6598
"GO:0033387"	"putrescine biosynthetic process from ornithine"	6	3.892261606915535	0.01920347566664637	0.727424670419263	0.75404595	6598
"GO:0006601"	"creatine biosynthetic process"	9	3.2938043599193367	0.004839019887288742	0.7512660415997324	0.60332012	null
"GO:0006629"	"lipid metabolic process"	361	6.385531203866832	5.980051423570241	0.9073776861218511	0.12789186	null
"GO:0006633"	"fatty acid biosynthetic process"	2538	5.530095916325892	0.8341968169685278	0.6336872959810412	0.17674047	null
"GO:0006631"	"fatty acid metabolic process"	277	5.856685398354459	1.7695330877461002	0.6569675292857485	0.74812237	6633
"GO:0006635"	"fatty acid beta-oxidation"	202	5.212576430258595	0.40155742599782385	0.6255436001510367	0.76922584	6633
"GO:0009062"	"fatty acid catabolic process"	15	5.315491728479956	0.5089364095191151	0.6210752539076067	0.8902962	6633
"GO:0009102"	"biotin biosynthetic process"	19	4.497275286357995	0.07734555490242188	0.6839229865486557	0.74323566	6633
"GO:0015940"	"pantothenate biosynthetic process"	46	4.546542663478131	0.0866371622648405	0.684622230407906	0.75035844	6633
"GO:0019752"	"carboxylic acid metabolic process"	103	6.517258199558676	8.099010481966873	0.6756518797604929	0.80487431	6633
"GO:0030497"	"fatty acid elongation"	57	4.4760341590784485	0.0736535254868913	0.6899365351215594	0.74020629	6633
"GO:0033539"	"fatty acid beta-oxidation using acyl-CoA dehydrogenase"	155	4.652835962028358	0.1106624283481698	0.6563339196169922	0.88567879	6633
"GO:0033540"	"fatty acid beta-oxidation using acyl-CoA oxidase"	42	4.008387230114159	0.02509103190794579	0.6860605829254022	0.79049302	6633
"GO:0043436"	"oxoacid metabolic process"	2	6.526826292968412	8.279422730033247	0.6763282437208749	0.90424573	6633
"GO:0046394"	"carboxylic acid biosynthetic process"	16	6.234378064251388	4.222325445895008	0.6433690763815313	0.76104729	6633
"GO:0046503"	"glycerolipid catabolic process"	79	4.751948510157766	0.13903198237710673	0.7543187184380599	0.78279124	6633
"GO:0046856"	"phosphatidylinositol dephosphorylation"	4	4.660277170153676	0.11257489958541463	0.7883508605450457	0.81089708	6633
"GO:0170034"	"L-amino acid biosynthetic process"	2	5.9504393402031726	2.1959009514162893	0.628512227289846	0.86652674	6633
"GO:0170038"	"proteinogenic amino acid biosynthetic process"	2	5.950504565664028	2.1962307727107437	0.634466392298955	0.86654537	6633
"GO:0006643"	"membrane lipid metabolic process"	15	5.53173430927655	0.8373498100893909	0.827882937919548	0.65072839	null
"GO:0006707"	"cholesterol catabolic process"	121	3.884455496070488	0.018861347607473867	0.7130261560901149	0.42544027	null
"GO:0006071"	"glycerol metabolic process"	65	4.863810423971668	0.17987813447759335	0.7464383793311521	0.93272843	6707
"GO:0006694"	"steroid biosynthetic process"	9	4.957947119978726	0.22341700669847356	0.8284534416400783	0.90896095	6707
"GO:0006696"	"ergosterol biosynthetic process"	1	4.329987387278803	0.052618803230141765	0.710831776480878	0.84224936	6707
"GO:0008203"	"cholesterol metabolic process"	46	4.630193882888373	0.10504069822478856	0.7473184399616668	0.78626313	6707
"GO:0016125"	"sterol metabolic process"	11	5.048375760906674	0.2751349547512259	0.8386236728979164	0.85517604	6707
"GO:0016126"	"sterol biosynthetic process"	6	4.786389359196785	0.15050680980057576	0.7983523278904023	0.88032117	6707
"GO:0019242"	"methylglyoxal biosynthetic process"	3	3.6356847625472226	0.010635506069671747	0.7747877128393714	0.86811301	6707
"GO:0019243"	"methylglyoxal catabolic process to D-lactate via S-lactoyl-glutathione"	37	4.2537982298682495	0.044151749103858315	0.6855542487927102	0.84426364	6707
"GO:0019310"	"inositol catabolic process"	24	4.003934206173708	0.02483505120180234	0.7432401647521834	0.85127618	6707
"GO:0019563"	"glycerol catabolic process"	76	4.623166559760084	0.10335467145836294	0.6921953010141881	0.80076551	6707
"GO:0046294"	"formaldehyde catabolic process"	16	4.319147716254982	0.05132167022881869	0.687737617378591	0.87134571	6707
"GO:0051596"	"methylglyoxal catabolic process"	11	4.348810920405178	0.05494970446781341	0.7230496814551847	0.96170883	6707
"GO:1903457"	"lactate catabolic process"	42	4.081599312732936	0.02969868461852795	0.6941939646291748	0.70349707	6707
"GO:0006730"	"one-carbon metabolic process"	36	5.140313163880555	0.3400039115820981	0.7842036891301055	0.31104268	null
"GO:0006777"	"Mo-molybdopterin cofactor biosynthetic process"	83	4.868897066699831	0.1819973593621079	0.7791898610897582	0.15369365	null
"GO:0051191"	"prosthetic group biosynthetic process"	6	3.17376882313665	0.003669877239037392	0.8664947483305379	0.75827943	6777
"GO:0006780"	"uroporphyrinogen III biosynthetic process"	6	3.9651546459869254	0.022713364964344104	0.7437742123840196	0.65100139	null
"GO:0006784"	"heme A biosynthetic process"	10	4.123721006440036	0.03272368738631933	0.8871812251204109	0.69694975	null
"GO:0019354"	"siroheme biosynthetic process"	4	4.232538717530598	0.04204236963111851	0.8853376855160032	0.72139095	6784
"GO:0006785"	"heme B biosynthetic process"	2	3.3265406685165617	0.005218068240616548	0.8990632824159601	0.62660101	null
"GO:0006788"	"heme oxidation"	7	3.781324455666988	0.014873955838700848	0.8624676364981257	0.65519248	null
"GO:0015996"	"chlorophyll catabolic process"	2	3.3577443251803754	0.0056069620057191015	0.8702350559282249	0.87308426	6788
"GO:0042167"	"heme catabolic process"	4	3.8427340189482697	0.017133477841005558	0.8612636025841997	0.9288604	6788
"GO:0006790"	"sulfur compound metabolic process"	69	5.985815233869408	2.3822573668416673	0.8800073834911878	0.10301336	null
"GO:0006793"	"phosphorus metabolic process"	32	6.713141707407333	12.714975181439863	0.8577459936900245	0.19260908	null
"GO:0006796"	"phosphate-containing compound metabolic process"	12	6.711039325075964	12.653571809553702	0.79498601819945	0.65954171	null
"GO:0006797"	"polyphosphate metabolic process"	6	4.266019908853498	0.04541196181102609	0.7700186080819623	0.36609993	null
"GO:0006799"	"polyphosphate biosynthetic process"	6	3.9264453478183894	0.020776280197662395	0.7624447413257835	0.34451949	null
"GO:0006808"	"regulation of nitrogen utilization"	7	4.429865278734561	0.06622516230284378	0.976855605186268	0.51579769	null
"GO:0006811"	"monoatomic ion transport"	32	6.300613307421874	4.917982551075166	0.9463439220695831	0.37989119	null
"GO:0006813"	"potassium ion transport"	66	5.424811425456997	0.6546115834912332	0.939693394073627	0.66400973	null
"GO:0000041"	"transition metal ion transport"	5	5.568094897962562	0.9104741446933896	0.9379655478150363	0.73448274	6813
"GO:0006814"	"sodium ion transport"	24	5.397333310001031	0.6144767623914722	0.9400138676083288	0.70594866	6813
"GO:0006816"	"calcium ion transport"	1	5.250861391984317	0.4385638675061586	0.9416664097210891	0.6831828	null
"GO:0006824"	"cobalt ion transport"	40	4.400434368009524	0.06188579706312351	0.9318633780278254	0.56899877	null
"GO:0006847"	"plasma membrane acetate transport"	44	3.725584972270694	0.013082090895696674	0.93641430241358	0.18920717	null
"GO:0006865"	"amino acid transport"	261	5.620749050094252	1.027831453048388	0.9537974631912438	0.270447	null
"GO:0006882"	"intracellular zinc ion homeostasis"	4	4.289633539009645	0.04794961669596743	0.9785027381019027	0.62052651	null
"GO:0006883"	"intracellular sodium ion homeostasis"	2	4.129818743848935	0.033186421739732505	0.9789999365668081	0.60539467	null
"GO:0006890"	"retrograde vesicle-mediated transport, Golgi to endoplasmic reticulum"	5	4.745309059940828	0.13692260290436695	0.9456334962384156	0.63065591	null
"GO:0006888"	"endoplasmic reticulum to Golgi vesicle-mediated transport"	1	5.228033157937835	0.416106483247958	0.9310212948538406	0.78972621	6890
"GO:0006913"	"nucleocytoplasmic transport"	6	5.358426007651987	0.5618210388671752	0.9301545855964314	0.62513153	null
"GO:0006405"	"RNA export from nucleus"	1	4.982212418346142	0.23625542365274524	0.9219075661104446	0.91763706	6913
"GO:0006406"	"mRNA export from nucleus"	1	4.834261708811771	0.1680464108772897	0.7755489840630968	0.9185852	6913
"GO:0006606"	"protein import into nucleus"	2	5.0042310655411635	0.248542497547631	0.9194896653762339	0.92179882	6913
"GO:0006935"	"chemotaxis"	7	5.29857800889311	0.48949664396987486	0.9393377475931158	0.69250618	null
"GO:0006950"	"response to stress"	850	6.428160883324095	6.596819705552286	0.9490052071118189	0.44706578	null
"GO:0006952"	"defense response"	15	5.6598135537959715	1.1245700077941203	0.9415184867143772	0.54266122	null
"GO:0006955"	"immune response"	71	5.410414467099877	0.6332667307635791	0.9591174200425341	0.32987283	null
"GO:0006979"	"response to oxidative stress"	71	5.493504057283511	0.7667902052527142	0.9434368657150047	0.46527793	null
"GO:0007017"	"microtubule-based process"	2	5.74006015726112	1.352798959497502	0.9830589212163481	0.018278	null
"GO:0007018"	"microtubule-based movement"	5	5.3836915205584415	0.5954751176662081	0.9827256298632023	0.01661175	null
"GO:0000226"	"microtubule cytoskeleton organization"	1	5.554980718698552	0.8833918782540008	0.9438302587122925	0.86164684	7018
"GO:0007030"	"Golgi organization"	5	4.918910621254013	0.20421106967888353	0.9529556786380167	0.40036322	null
"GO:0007059"	"chromosome segregation"	70	5.442440571042678	0.6817307702247771	0.9783783144985856	0.65643303	null
"GO:0007062"	"sister chromatid cohesion"	14	4.7588891934869215	0.14127181355586196	0.948483554322056	0.67817671	null
"GO:0007154"	"cell communication"	1	6.574350790896292	9.236864411598072	0.9794706300131776	0.02388731	null
"GO:0007155"	"cell adhesion"	367	5.620991303588418	1.0284049482842672	0.9834685992998499	0.0176853	null
"GO:0007163"	"establishment or maintenance of cell polarity"	2	4.964203040909922	0.22665860852530942	0.9854077396056158	0.01500192	null
"GO:0007229"	"integrin-mediated signaling pathway"	49	4.541629159983864	0.08566246649914042	0.9283097860104602	0.40400004	null
"GO:0007266"	"Rho protein signal transduction"	4	4.472361456582478	0.07303326454508217	0.9297779868261908	0.53871132	null
"GO:0008033"	"tRNA processing"	21	5.748722810452788	1.3800535206429487	0.7253667198852953	0.62428875	null
"GO:0001510"	"RNA methylation"	6	5.461833047775286	0.712861962256531	0.8130343644648846	0.86462941	8033
"GO:0006400"	"tRNA modification"	9	5.619912080410342	1.0258525252816637	0.7230714091683523	0.82212064	8033
"GO:0006418"	"tRNA aminoacylation for protein translation"	7	5.520456020001706	0.8158843510674961	0.6856516703747919	0.80141262	8033
"GO:0030488"	"tRNA methylation"	15	5.096162383353206	0.3071374657250449	0.7460824947438491	0.72365049	8033
"GO:0031167"	"rRNA methylation"	2	5.1868942082741425	0.3784994716213636	0.7235304061541685	0.88989674	8033
"GO:0043039"	"tRNA aminoacylation"	6	5.550927554535892	0.8751857275397482	0.7383421296273132	0.96217653	8033
"GO:0070475"	"rRNA base methylation"	8	4.911077669883678	0.20056088326339563	0.7360297966400828	0.81824078	8033
"GO:0008053"	"mitochondrial fusion"	8	4.091631790626808	0.0303927861486477	0.9588452949468808	0.34821664	null
"GO:0008153"	"para-aminobenzoic acid biosynthetic process"	41	3.5816083660320577	0.009390061480166098	0.7257971380734465	0.63176766	null
"GO:0010124"	"phenylacetate catabolic process"	33	4.469306445431168	0.07252130313279526	0.6513901366409073	0.71901533	8153
"GO:0018909"	"dodecyl sulfate metabolic process"	22	3.2725377773752373	0.0046076527105821585	0.7518848798802416	0.75640007	8153
"GO:0019380"	"3-phenylpropionate catabolic process"	17	3.425697213362591	0.006557044241982302	0.6963147854139622	0.84314846	8153
"GO:0043420"	"anthranilate metabolic process"	21	4.049566869164652	0.02758684379284446	0.7402110514438182	0.76925145	8153
"GO:0070189"	"kynurenine metabolic process"	3	4.5672969802876375	0.09087807338681328	0.7161251114533312	0.83368771	8153
"GO:0008202"	"steroid metabolic process"	36	5.230425928708833	0.41840538689736173	0.8749973929645372	0.51609009	null
"GO:0008218"	"bioluminescence"	13	3.6799726942774185	0.011777573835542537	0.9193555749342357	0.06915262	null
"GO:0008285"	"negative regulation of cell population proliferation"	1	4.705906455700312	0.12504657495107693	0.9669459920655066	0.54948422	null
"GO:0008299"	"isoprenoid biosynthetic process"	197	5.295448339918479	0.4859818319662897	0.7844927202178835	0.64071315	null
"GO:0008300"	"isoprenoid catabolic process"	6	4.291346646689625	0.04813914087263133	0.7685303833273585	0.7866631	8299
"GO:0009240"	"isopentenyl diphosphate biosynthetic process"	3	4.853862409738059	0.17580459535579127	0.7420531712059417	0.98007787	8299
"GO:0016094"	"polyprenol biosynthetic process"	44	4.32068622098333	0.05150381034665153	0.7038970851173526	0.79078366	8299
"GO:0016102"	"diterpenoid biosynthetic process"	5	4.061979947074878	0.028386783499542753	0.8219872006795654	0.75587157	8299
"GO:0016104"	"triterpenoid biosynthetic process"	13	3.869818207979328	0.018236163959777358	0.8267958778302853	0.73187046	8299
"GO:0016114"	"terpenoid biosynthetic process"	54	5.0322076383302115	0.2650803279762643	0.793069272859978	0.9058496	8299
"GO:0016116"	"carotenoid metabolic process"	2	4.375151301570279	0.058385753177200524	0.8508918610681145	0.99234864	8299
"GO:0016117"	"carotenoid biosynthetic process"	8	4.329092647195331	0.05251050370061954	0.8027126385761618	0.79197226	8299
"GO:0019287"	"isopentenyl diphosphate biosynthetic process, mevalonate pathway"	19	4.045674966769105	0.02734070849847576	0.663414236148599	0.75377416	8299
"GO:0019288"	"isopentenyl diphosphate biosynthetic process, methylerythritol 4-phosphate pathway"	61	4.751771641015894	0.13897537125940196	0.7154654267519146	0.85671722	8299
"GO:0045338"	"farnesyl diphosphate metabolic process"	4	4.110657037558031	0.03175391432650664	0.8049194839060921	0.76220318	8299
"GO:0051484"	"isopentenyl diphosphate biosynthetic process, methylerythritol 4-phosphate pathway involved in terpenoid biosynthetic process"	5	3.9232440186302764	0.020623676315153796	0.7473047722002378	0.75877863	8299
"GO:0008360"	"regulation of cell shape"	508	5.438573990218634	0.6756881487480254	0.9630442113034212	0.21832686	null
"GO:0008610"	"lipid biosynthetic process"	1763	6.1509841162172165	3.4846382778484486	0.7963570139150024	0.65042693	null
"GO:0006644"	"phospholipid metabolic process"	32	5.8443348728402045	1.7199195964602003	0.7525829403072923	0.71385608	8610
"GO:0008643"	"carbohydrate transport"	16	5.485315327452051	0.7524675924733993	0.9550398432726619	0.29033959	null
"GO:0008652"	"amino acid biosynthetic process"	164	6.048555994777868	2.752513767454623	0.7717533540865895	0.5749222	null
"GO:0170033"	"L-amino acid metabolic process"	121	6.149265619716052	3.4708768535402945	0.6564353951683625	0.81347288	8652
"GO:0170039"	"proteinogenic amino acid metabolic process"	121	6.14351473215828	3.4252187564348993	0.6658831148807899	0.78639558	8652
"GO:1901605"	"alpha-amino acid metabolic process"	48	6.204814027521744	3.9444608507292327	0.6617270547787518	0.83088656	8652
"GO:0009056"	"catabolic process"	199	6.565667808795279	9.05402280817628	0.9314597727703706	0.12452452	null
"GO:0009058"	"biosynthetic process"	1896	7.06378821024573	28.507692540195496	0.9213915594092195	0.10801817	null
"GO:0009061"	"anaerobic respiration"	29	4.614802335515781	0.1013831277504696	0.8877159137200825	0.69726331	null
"GO:0009063"	"amino acid catabolic process"	66	5.66589698238364	1.1404334275161834	0.7534011624083101	0.6791802	null
"GO:0009072"	"aromatic amino acid metabolic process"	13	5.6191465701964445	1.0240458922209974	0.6976101542954221	0.67023584	null
"GO:0009073"	"aromatic amino acid family biosynthetic process"	152	5.48127203050035	0.745494579583934	0.6629791906684726	0.64517806	null
"GO:0000105"	"L-histidine biosynthetic process"	70	5.04917148862561	0.27563953210468173	0.675403156757258	0.84028821	9073
"GO:0000162"	"tryptophan biosynthetic process"	160	4.933962827883625	0.21141298839211184	0.6701032416595945	0.82012975	9073
"GO:0006547"	"L-histidine metabolic process"	2	5.131268906868559	0.33299643975142107	0.7055055749367196	0.97947708	9073
"GO:0006559"	"L-phenylalanine catabolic process"	16	4.523486332343228	0.08215749990733005	0.6678739675828821	0.93480369	9073
"GO:0006569"	"tryptophan catabolic process"	3	4.5761339452331775	0.09274624027107176	0.6577663618127059	0.98815453	9073
"GO:0006570"	"tyrosine metabolic process"	5	4.644143050509919	0.10846936287534463	0.7268055150975121	0.79333876	9073
"GO:0006571"	"tyrosine biosynthetic process"	37	4.218614269745094	0.04071570039447119	0.7124030204715155	0.88028746	9073
"GO:0006572"	"tyrosine catabolic process"	45	4.270655548952985	0.04589930969387612	0.6796978624832994	0.72059848	9073
"GO:0006596"	"polyamine biosynthetic process"	34	4.801972791064626	0.15600547227677264	0.8714994293643227	0.87690526	9073
"GO:0008295"	"spermidine biosynthetic process"	21	4.228990310840723	0.04170024157194601	0.8822935334712656	0.87907813	9073
"GO:0009094"	"L-phenylalanine biosynthetic process"	13	4.198327117723478	0.03885737892198747	0.713236517125446	0.91481362	9073
"GO:0009446"	"putrescine biosynthetic process"	17	4.516244424751209	0.08079883308241481	0.8764696322273778	0.96070453	9073
"GO:0019441"	"tryptophan catabolic process to kynurenine"	123	4.509565403222792	0.07956569525762759	0.6449240730598512	0.86831204	9073
"GO:0033388"	"putrescine biosynthetic process from arginine"	19	4.301594211829356	0.04928859269733318	0.7176536257076743	0.88951757	9073
"GO:0033389"	"putrescine biosynthetic process from arginine, using agmatinase"	18	4.102090525511836	0.031133653384697504	0.7254641389995513	0.90698135	9073
"GO:0097053"	"L-kynurenine catabolic process"	18	3.754271868683459	0.013975562014255073	0.6888652611071	0.8739771	9073
"GO:0009097"	"isoleucine biosynthetic process"	185	5.030619958888762	0.26411301626939526	0.6814865670290758	0.56535585	null
"GO:0006552"	"L-leucine catabolic process"	36	4.447824471981958	0.06902125924687227	0.674638613751613	0.77262987	9097
"GO:0006574"	"valine catabolic process"	34	4.388047888828436	0.060145620531936776	0.6804429607598186	0.85519121	9097
"GO:0009082"	"branched-chain amino acid biosynthetic process"	6	5.210604744091466	0.3997384861724391	0.6813523032902499	0.89105939	9097
"GO:0009083"	"branched-chain amino acid catabolic process"	18	4.87495122818457	0.18455224371765505	0.662810524315924	0.83475576	9097
"GO:0009098"	"L-leucine biosynthetic process"	91	4.798981936147421	0.15493478374626876	0.6901001102784339	0.9032374	9097
"GO:0009099"	"L-valine biosynthetic process"	123	4.873384549440535	0.18388767842285955	0.6864473614256927	0.89905583	9097
"GO:0042853"	"L-alanine catabolic process"	2	4.13789189824736	0.033809144034485324	0.6881215927422374	0.90012791	9097
"GO:0009117"	"nucleotide metabolic process"	54	6.13588096544101	3.36553833160932	0.6407260332428338	0.61487388	null
"GO:0006164"	"purine nucleotide biosynthetic process"	24	5.761193877021937	1.420257259625133	0.6268133329285769	0.77421653	9117
"GO:0006753"	"nucleoside phosphate metabolic process"	23	6.262731985027961	4.507187667479684	0.6345592852893895	0.87477152	9117
"GO:0009190"	"cyclic nucleotide biosynthetic process"	18	4.744895100220962	0.13679215119835153	0.690369258405158	0.56963851	null
"GO:0006171"	"cAMP biosynthetic process"	5	4.342422680822207	0.05414730340817142	0.6799693563838997	0.90986451	9190
"GO:0009225"	"nucleotide-sugar metabolic process"	27	5.236418847199183	0.42421910255035056	0.6733986056973918	0.66855897	null
"GO:0009231"	"riboflavin biosynthetic process"	227	4.946467003263508	0.21758852292782263	0.735465114784979	0.47810885	null
"GO:0006066"	"alcohol metabolic process"	4	5.644477979471213	1.085552640930793	0.7560508530815959	0.74646965	9231
"GO:0006220"	"pyrimidine nucleotide metabolic process"	4	5.3476129465061275	0.5480054647942597	0.6726571370296114	0.88688553	9231
"GO:0006221"	"pyrimidine nucleotide biosynthetic process"	11	5.292462090783369	0.48265162143348117	0.6497892443502696	0.88326927	9231
"GO:0006222"	"UMP biosynthetic process"	1	4.935582832535788	0.2122030826870354	0.6424618203066281	0.97893086	9231
"GO:0006223"	"uracil salvage"	1	3.8572118423168926	0.017714357135715703	0.7285668571694628	0.9395675	9231
"GO:0006580"	"ethanolamine metabolic process"	4	3.7588362247469584	0.014123243190876296	0.8000708923424645	0.91395446	9231
"GO:0006747"	"FAD biosynthetic process"	4	4.092790799676886	0.03047401079578937	0.7177998559086346	0.85535424	9231
"GO:0006779"	"porphyrin-containing compound biosynthetic process"	23	5.235435013044649	0.4232591749023126	0.8693557863676264	0.95909868	9231
"GO:0006782"	"protoporphyrinogen IX biosynthetic process"	19	4.854099475027679	0.17590058812059509	0.8733827004253488	0.93122963	9231
"GO:0006783"	"heme biosynthetic process"	52	5.125770698888183	0.3288072170412657	0.867657095176683	0.84974592	9231
"GO:0009228"	"thiamine biosynthetic process"	59	4.869648207910003	0.18231241253889985	0.6657873248111048	0.72608005	9231
"GO:0009229"	"thiamine diphosphate biosynthetic process"	23	4.69769129793841	0.12270336694868685	0.6701826896210501	0.94924578	9231
"GO:0009236"	"cobalamin biosynthetic process"	202	4.980471520550195	0.2353102641223694	0.7238419526909436	0.74128923	9231
"GO:0009398"	"FMN biosynthetic process"	3	4.107786384315953	0.03154469932629324	0.6926567636044917	0.85743548	9231
"GO:0019251"	"anaerobic cobalamin biosynthetic process"	3	3.5576274884268266	0.008885484126710252	0.7751930012933677	0.78170282	9231
"GO:0033014"	"tetrapyrrole biosynthetic process"	4	5.422878616946142	0.6517047256647388	0.8660643831397798	0.91914943	9231
"GO:0044205"	"'de novo' UMP biosynthetic process"	26	4.83315348917113	0.16761813546508814	0.6480869513160492	0.7754301	9231
"GO:0044206"	"UMP salvage"	1	4.182443185957241	0.037461791802916915	0.6738076394108382	0.86021822	9231
"GO:0046148"	"pigment biosynthetic process"	3	5.25314165596348	0.44087261656733717	0.9328255814061283	0.95316154	9231
"GO:0046295"	"glycolate biosynthetic process"	2	3.5036545192429593	0.007846793184474317	0.7377497840526768	0.79281949	9231
"GO:0046336"	"ethanolamine catabolic process"	3	3.5451833682154064	0.008634426126454174	0.7461612060037147	0.88930214	9231
"GO:0070291"	"N-acylethanolamine metabolic process"	4	3.749968083509403	0.013837726249408598	0.8008389322660143	0.77017537	9231
"GO:0009234"	"menaquinone biosynthetic process"	79	4.5500448095649055	0.0873386478537913	0.7528851980668299	0.44121629	null
"GO:0000053"	"argininosuccinate metabolic process"	9	4.06310808299862	0.028460624087853367	0.7333370693040359	0.78393445	9234
"GO:0006102"	"isocitrate metabolic process"	5	4.255007021791755	0.04427481675104267	0.7537499067847877	0.83982762	9234
"GO:0006744"	"ubiquinone biosynthetic process"	12	4.930301944421756	0.20963835291971347	0.7378463486477259	0.86878601	9234
"GO:0018189"	"pyrroloquinoline quinone biosynthetic process"	52	3.763128376799137	0.014263540308666459	0.7538397154694416	0.7219144	9234
"GO:0042371"	"vitamin K biosynthetic process"	16	3.948070481518941	0.021837123316391514	0.766660420144517	0.7417863	9234
"GO:0009246"	"enterobacterial common antigen biosynthetic process"	8	3.8107700112343634	0.015917569486824157	0.7704381797603638	0.64335595	null
"GO:0009253"	"peptidoglycan catabolic process"	409	4.766472335432732	0.14376024138192958	0.76435936948223	0.0447674	null
"GO:0006027"	"glycosaminoglycan catabolic process"	1	4.807379411826214	0.15795978651406015	0.76294267467549	0.93070501	9253
"GO:0006032"	"chitin catabolic process"	39	4.484669899885333	0.07513279860604721	0.7677141290919869	0.88036516	9253
"GO:0006044"	"N-acetylglucosamine metabolic process"	3	4.497896742913221	0.0774563157848878	0.8729594305540205	0.89159881	9253
"GO:0006046"	"N-acetylglucosamine catabolic process"	11	4.2430876795053765	0.04307613786746707	0.8008935180086902	0.90104807	9253
"GO:0006096"	"glycolytic process"	54	5.226434919292073	0.4145779830699283	0.5360325227911028	0.72005379	9253
"GO:0006098"	"pentose-phosphate shunt"	38	4.939973277254615	0.21435922786570524	0.6595970887274762	0.77390956	9253
"GO:0006183"	"GTP biosynthetic process"	13	4.511509038309229	0.07992259143446222	0.6688399992841244	0.74308507	9253
"GO:0006532"	"aspartate biosynthetic process"	1	3.6947806360120614	0.012186158424194586	0.7267503319057785	0.8666181	9253
"GO:0006734"	"NADH metabolic process"	7	4.674263919692225	0.11625954494211416	0.704916427854065	0.86393559	9253
"GO:0006740"	"NADPH regeneration"	10	5.0338739015808995	0.26609932809495074	0.6755461774312341	0.9374459	9253
"GO:0006741"	"NADP biosynthetic process"	10	4.241247551263716	0.04289399774963423	0.6989977734291607	0.85724277	9253
"GO:0006742"	"NADP catabolic process"	7	3.8902533051545345	0.019114866960673636	0.6933703553652166	0.77110813	9253
"GO:0006754"	"ATP biosynthetic process"	45	5.159843802441808	0.3556433481862856	0.6339864680925505	0.86152075	9253
"GO:0008614"	"pyridoxine metabolic process"	2	4.537088362402535	0.08477145673352571	0.77653020269465	0.96734893	9253
"GO:0008615"	"pyridoxine biosynthetic process"	43	4.469998642218747	0.07263698672114854	0.7205553752192082	0.83281015	9253
"GO:0009051"	"pentose-phosphate shunt, oxidative branch"	15	4.354530998050397	0.055678264939144774	0.6882885321676635	0.86713816	9253
"GO:0009052"	"pentose-phosphate shunt, non-oxidative branch"	9	4.490253530765666	0.07610503301880361	0.6744805055782525	0.88747436	9253
"GO:0009143"	"nucleoside triphosphate catabolic process"	9	4.72007657276814	0.1291939546611896	0.6691129776883102	0.81017305	9253
"GO:0009166"	"nucleotide catabolic process"	21	5.4229639007171535	0.6518327160178106	0.628881005790608	0.93483015	9253
"GO:0009395"	"phospholipid catabolic process"	15	4.651045293898673	0.11020707805358769	0.7072217693650227	0.76516935	9253
"GO:0009435"	"NAD biosynthetic process"	45	4.929434253484342	0.20921992291928668	0.666962306952256	0.7722982	9253
"GO:0015986"	"proton motive force-driven ATP synthesis"	5	5.134639216262065	0.33559070575406724	0.6354319890654345	0.9549386	9253
"GO:0019363"	"pyridine nucleotide biosynthetic process"	4	5.0376137221717805	0.2684006930972981	0.668063611628158	0.9228424	9253
"GO:0019674"	"NAD metabolic process"	9	5.174815456482182	0.3681174849048916	0.681671705317695	0.81164479	9253
"GO:0019677"	"NAD catabolic process"	7	4.323561463462867	0.051845938405824035	0.6748016572005067	0.83006607	9253
"GO:0019805"	"quinolinate biosynthetic process"	18	4.231087120584823	0.04190207251332835	0.7228487125313521	0.79996028	9253
"GO:0034213"	"quinolinate catabolic process"	6	3.9921114877869495	0.02416802455406315	0.7061432727582173	0.90637462	9253
"GO:0034355"	"NAD salvage"	9	3.9789561652175913	0.023446848141562844	0.7039071998454525	0.82160258	9253
"GO:0034628"	"'de novo' NAD biosynthetic process from aspartate"	9	4.127849590187638	0.03303627921016759	0.6432481620834098	0.841462	9253
"GO:0042777"	"proton motive force-driven plasma membrane ATP synthesis"	2	4.275955981753744	0.04646295951798045	0.6798103054186014	0.72828073	9253
"GO:0042823"	"pyridoxal phosphate biosynthetic process"	3	4.4803519405777585	0.07438947001705373	0.6799855227897549	0.95742143	9253
"GO:0046496"	"nicotinamide nucleotide metabolic process"	8	5.633319962082531	1.058017485549766	0.6606857836882933	0.89387846	9253
"GO:0009254"	"peptidoglycan turnover"	119	4.544836685408386	0.08629749555861169	0.8561663437554643	0.69223778	null
"GO:0009255"	"Entner-Doudoroff pathway through 6-phosphogluconate"	1	3.4051755462179893	0.006254297829908795	0.6977209295618814	0.6752274	null
"GO:0009294"	"DNA-mediated transformation"	32	4.2689288224326125	0.04571716957604328	0.9870125304000431	0.01292574	null
"GO:0009303"	"rRNA transcription"	1	4.318522442141257	0.051247829640508086	0.7910443947296204	0.61312373	null
"GO:0009307"	"DNA restriction-modification system"	569	4.796761608337888	0.15414468945134524	0.7975784520815883	0.47976566	null
"GO:0042742"	"defense response to bacterium"	23	4.729812507160935	0.1321229646641772	0.9401418319898354	0.73580954	9307
"GO:0050830"	"defense response to Gram-positive bacterium"	1	4.095239112010478	0.03064630550184747	0.9458360635909125	0.83625653	9307
"GO:0051607"	"defense response to virus"	226	4.799085412686554	0.1549717040404241	0.9396663095964523	0.79924872	9307
"GO:0098542"	"defense response to other organism"	52	5.498673003926671	0.775971051732667	0.931931261810463	0.81569721	9307
"GO:0009308"	"amine metabolic process"	22	5.439788858197747	0.6775809291617207	0.9466279840862188	0.05281756	null
"GO:0009310"	"amine catabolic process"	1	4.345550157487743	0.05453865852621766	0.8542954904132906	0.65190846	null
"GO:0009311"	"oligosaccharide metabolic process"	19	5.154369188295109	0.35118829935821205	0.8842338427726532	0.533478	null
"GO:0009313"	"oligosaccharide catabolic process"	99	4.695884262944022	0.12219386688934362	0.8117958869917697	0.48484622	null
"GO:0005987"	"sucrose catabolic process"	10	3.9719249491841913	0.023070261141178723	0.8299804062126654	0.86991934	9313
"GO:0005990"	"lactose catabolic process"	31	3.8797837800904156	0.01865951666609153	0.8321313020027284	0.73647145	9313
"GO:0005992"	"trehalose biosynthetic process"	47	4.3949592284862	0.06111047088586209	0.8461423921492052	0.7984025	9313
"GO:0005993"	"trehalose catabolic process"	27	3.898121575541108	0.019464379078677197	0.8315541621902754	0.89169242	9313
"GO:0009312"	"oligosaccharide biosynthetic process"	7	4.81675816740793	0.16140814198816572	0.8364191195224413	0.85743362	9313
"GO:0009423"	"chorismate biosynthetic process"	126	4.860888761921942	0.1786720715351867	0.7084787116094735	0.54547475	null
"GO:0033585"	"L-phenylalanine biosynthetic process from chorismate via phenylpyruvate"	3	3.4413808849165113	0.006798256830463634	0.7336474283002138	0.76256921	9423
"GO:0046417"	"chorismate metabolic process"	62	4.966024339987432	0.2276111521145163	0.7440584263328881	0.70236409	9423
"GO:0009432"	"SOS response"	99	4.983851718991472	0.23714889477130363	0.9291082228418844	0.3439318	null
"GO:0009439"	"cyanate metabolic process"	3	3.428944290035574	0.0066062713008560444	0.8069651658324786	0.31402943	null
"GO:0009448"	"gamma-aminobutyric acid metabolic process"	5	4.394416655665352	0.061034168944607795	0.7301727794681379	0.65564464	null
"GO:0009450"	"gamma-aminobutyric acid catabolic process"	24	4.253459164339838	0.04411729016264669	0.679713075536023	0.52740098	null
"GO:0019478"	"D-amino acid catabolic process"	22	4.463937759305199	0.07163029336718055	0.6713938908390732	0.87531112	9450
"GO:0030632"	"D-alanine biosynthetic process"	7	4.017200343523835	0.02560545467317639	0.7170836397354104	0.88045157	9450
"GO:0036088"	"D-serine catabolic process"	11	3.8937062930647133	0.01926747084318223	0.6959084316734313	0.80471346	9450
"GO:0070179"	"D-serine biosynthetic process"	3	3.520614521878236	0.008159385008322572	0.7367587597860299	0.91262611	9450
"GO:1901053"	"sarcosine catabolic process"	1	3.035829825252828	0.00267056794390045	0.7167558792810528	0.71761035	9450
"GO:0009611"	"response to wounding"	2	4.806064599188238	0.15748228404298487	0.9501860251635275	0.4063487	null
"GO:0009636"	"response to toxic substance"	18	5.620163132442645	1.0264457113410923	0.9411445048698355	0.58535014	null
"GO:0009691"	"cytokinin biosynthetic process"	24	4.262806923000563	0.04507721781068465	0.8292395358911258	0.62974075	null
"GO:0009690"	"cytokinin metabolic process"	14	4.322136564096103	0.05167610505270963	0.910293590167461	0.81678895	9691
"GO:0009851"	"auxin biosynthetic process"	2	3.7005306569785916	0.012348607718477934	0.8577711786598933	0.82422905	9691
"GO:0009694"	"jasmonic acid metabolic process"	8	3.8109042806687006	0.01592249219271153	0.7487251130846857	0.66351121	null
"GO:0042759"	"long-chain fatty acid biosynthetic process"	3	4.134017645675983	0.03350885897535551	0.7040151362353404	0.741452	9694
"GO:0009695"	"jasmonic acid biosynthetic process"	13	3.279894980011638	0.004686416004780145	0.7353441793728325	0.60200983	null
"GO:0009734"	"auxin-activated signaling pathway"	1	4.500634350036307	0.07794612502068152	0.915413539946544	0.58220087	null
"GO:0009758"	"carbohydrate utilization"	2	2.710963118995276	0.001262674060111457	0.9673737700356086	0.54709492	null
"GO:0009820"	"alkaloid metabolic process"	20	3.8721562727482928	0.01833461807752484	0.9590515040716001	0.029746	null
"GO:0010038"	"response to metal ion"	33	5.011895936734436	0.25296801014038034	0.9473732011942384	0.51372888	null
"GO:0010041"	"response to iron(III) ion"	106	3.795045370421125	0.015351458309776134	0.9509122558685924	0.41460612	null
"GO:0071281"	"cellular response to iron ion"	2	4.020651268004342	0.025809746967502413	0.9341230173248509	0.90481894	10041
"GO:0010045"	"response to nickel cation"	32	3.5140161804006493	0.008036317361138221	0.9531151748278148	0.65505947	null
"GO:0010127"	"mycothiol-dependent detoxification"	6	3.2227164711475833	0.004107998063013687	0.9580547148347812	0.49835608	null
"GO:0010288"	"response to lead ion"	33	3.519827993775719	0.00814461689066045	0.9530784242224615	0.65554135	null
"GO:0010304"	"PSII associated light-harvesting complex II catabolic process"	1	2.9283958522567137	0.002084765943302932	0.8566240232124385	0.37323261	null
"GO:0010345"	"suberin biosynthetic process"	3	3.4026052419199146	0.006217377535753489	0.9042681092720162	0.69678235	null
"GO:0010438"	"cellular response to sulfur starvation"	11	3.4265112613645754	0.006569351006700738	0.940235275267511	0.59793941	null
"GO:0010506"	"regulation of autophagy"	6	4.910747099756023	0.20040827938088707	0.9659040670995096	0.62699465	null
"GO:0010757"	"negative regulation of plasminogen activation"	1	3.0342272607705505	0.002660722532125702	0.963531914359125	0.49325496	null
"GO:0010992"	"ubiquitin recycling"	1	3.5618166643189575	0.0089716314797393	0.9822417014926353	0.55138578	null
"GO:0014808"	"release of sequestered calcium ion into cytosol by sarcoplasmic reticulum"	1	3.703635237583896	0.012437216424450668	0.9134515719302028	0.49991231	null
"GO:0015012"	"heparan sulfate proteoglycan biosynthetic process"	1	4.204960614115603	0.03945548768730342	0.7552505731457028	0.69909646	null
"GO:0015031"	"protein transport"	71	6.082135596279315	2.9737820130332575	0.9048751600527724	0.61951519	null
"GO:0006605"	"protein targeting"	22	5.485150507652978	0.7521820755319316	0.9270889497291898	0.77928584	15031
"GO:0006886"	"intracellular protein transport"	2	5.793354475071429	1.529423185383541	0.9088236934588136	0.85114934	15031
"GO:0015074"	"DNA integration"	969	5.485018322449735	0.7519531697081687	0.8279530749294526	0.35729203	null
"GO:0015628"	"protein secretion by the type II secretion system"	80	4.543745305703089	0.08608089649956722	0.9212565216368972	0.44277323	null
"GO:0009306"	"protein secretion"	23	5.199500118868419	0.3896469391033222	0.9158183851475424	0.87619174	15628
"GO:0043952"	"protein transport by the Sec complex"	24	4.701127423330272	0.12367806271438692	0.9227290156067667	0.80831809	15628
"GO:0043953"	"protein transport by the Tat complex"	73	4.391058669254854	0.060564050532363564	0.9265084297397943	0.70476217	15628
"GO:0065002"	"intracellular protein transmembrane transport"	39	5.038576452162797	0.26899634050967036	0.9168202422819571	0.78574311	15628
"GO:0015677"	"copper ion import"	9	4.1941812087938475	0.038488175980434414	0.9481419047420296	0.61063781	null
"GO:0015679"	"plasma membrane copper ion transport"	1	2.0755469613925306	0.000290439647355072	0.9496686624919203	0.63124916	null
"GO:0015689"	"molybdate ion transport"	34	4.413567971273289	0.06378596153564992	0.9604636666216086	0.67112523	null
"GO:0015716"	"organic phosphonate transport"	2	4.0413137153458605	0.0270674983217265	0.9626800248541546	0.63227398	null
"GO:0015762"	"rhamnose transmembrane transport"	4	3.258397804095509	0.0044599715339609354	0.9508666041636901	0.57097192	null
"GO:1904659"	"D-glucose transmembrane transport"	1	4.311541958401195	0.05043066046320398	0.9429196253946474	0.78883718	15762
"GO:0015764"	"N-acetylglucosamine transport"	9	3.525044807036845	0.008243071008407933	0.9651158621226912	0.6088811	null
"GO:0015807"	"L-amino acid transport"	46	5.243645635749185	0.4313373352634935	0.9271429083742441	0.62470721	null
"GO:0006835"	"dicarboxylic acid transport"	3	4.988474229978329	0.23968654965624497	0.9397365018321696	0.7751057	15807
"GO:0046942"	"carboxylic acid transport"	2	5.654939497755384	1.1120195691342598	0.9319728626935501	0.96741279	15807
"GO:1905039"	"carboxylic acid transmembrane transport"	3	5.57433806077415	0.9236571510597773	0.9148158751849964	0.87831997	15807
"GO:0015833"	"peptide transport"	601	5.182890916676881	0.37502650261782117	0.9399511259377272	-0	null
"GO:0006857"	"oligopeptide transport"	16	4.898352142322824	0.19476931978689999	0.9428596900627636	0.85123997	15833
"GO:0015846"	"polyamine transport"	9	4.422524181905646	0.06511509212524091	0.9496726928763097	0.4332093	null
"GO:0015920"	"lipopolysaccharide transport"	5	4.504566002663273	0.07865499466846339	0.9483702797467819	0.6962774	null
"GO:0015936"	"coenzyme A metabolic process"	5	4.829303772831025	0.16613886234593223	0.6744385257234828	0.68597628	null
"GO:0015937"	"coenzyme A biosynthetic process"	40	4.765161706371938	0.14332704326384063	0.6483493999895994	0.67658124	null
"GO:0015942"	"formate metabolic process"	5	4.3958329201019835	0.061233538533046444	0.7639746290211977	0.54159132	null
"GO:0015944"	"formate oxidation"	9	3.5811528919662887	0.00938021606839135	0.7877618775610059	0.46932824	null
"GO:0019556"	"L-histidine catabolic process to glutamate and formamide"	5	4.24440083380137	0.04320658957348249	0.6586495109309283	0.9672063	15944
"GO:0019557"	"L-histidine catabolic process to glutamate and formate"	5	4.207661291196781	0.039701622981672124	0.66645402108703	0.86446421	15944
"GO:0042183"	"formate catabolic process"	1	3.2234959409623944	0.004115382121844749	0.7416859186620589	0.76331851	15944
"GO:0015949"	"nucleobase-containing small molecule interconversion"	14	4.136213065513025	0.033678692328469914	0.7706844786916959	0.41029804	null
"GO:0015969"	"guanosine tetraphosphate metabolic process"	17	4.2507126864591855	0.04383915728001006	0.7060710193936125	0.56732993	null
"GO:0015970"	"guanosine tetraphosphate biosynthetic process"	1	3.8328919447597904	0.01674950678179038	0.7010895935429781	0.90566696	15969
"GO:0050427"	"3'-phosphoadenosine 5'-phosphosulfate metabolic process"	1	3.7764105888073423	0.014706583838530128	0.6851958355287171	0.89855196	15969
"GO:0015976"	"carbon utilization"	28	4.084576277934331	0.02990297691285398	0.9606824745316285	0.24589838	null
"GO:0007584"	"response to nutrient"	5	4.507734468072263	0.07923095125728616	0.9444849926721072	0.81309478	15976
"GO:0009267"	"cellular response to starvation"	5	5.042481004718527	0.2714256958650895	0.9233048523770632	0.75660054	15976
"GO:0016036"	"cellular response to phosphate starvation"	2	4.475264300605003	0.07352307378087589	0.9302266924785759	0.8748515	15976
"GO:0019676"	"ammonia assimilation cycle"	2	3.9429005411402938	0.02157868125730437	0.6993992236095371	0.96102702	15976
"GO:0019740"	"nitrogen utilization"	3	4.215267343431722	0.04040310857062293	0.9403337398652636	0.77319266	15976
"GO:0042594"	"response to starvation"	2	5.107647436650064	0.3153682299687344	0.940553239059137	0.90935355	15976
"GO:0015977"	"carbon fixation"	4	4.238046103128795	0.04257894457284229	0.9567088700828442	0.0314785	null
"GO:0015979"	"photosynthesis"	4	4.917121984789631	0.20337174832508625	0.9022185404553777	0.11243455	null
"GO:0015990"	"electron transport coupled proton transport"	25	4.748908667832734	0.13806220931729404	0.9324651962859022	0.61124068	null
"GO:0016024"	"CDP-diacylglycerol biosynthetic process"	8	4.294378035587241	0.04847634622591646	0.7656954237881505	0.69913899	null
"GO:0046342"	"CDP-diacylglycerol catabolic process"	6	2.5118833609788744	0.0007974783537546043	0.7755723580648629	0.78588614	16024
"GO:0016042"	"lipid catabolic process"	307	5.6798029723004975	1.1775407844952093	0.7790461906894489	0.67917732	null
"GO:0016051"	"carbohydrate biosynthetic process"	5	5.683340673392301	1.1871720585638565	0.8189124620307882	0.65875673	null
"GO:0016052"	"carbohydrate catabolic process"	133	5.8325740519931975	1.673968598354507	0.7843081067265054	0.62642043	null
"GO:0016054"	"organic acid catabolic process"	95	5.920987401179975	2.051921649622372	0.6380420625950138	0.62007492	null
"GO:0016055"	"Wnt signaling pathway"	5	4.89116935003362	0.19157448366599422	0.9239449711114943	0.59746345	null
"GO:0016137"	"glycoside metabolic process"	134	4.5891226502058515	0.09556202803864973	0.8712109248617298	0.37556361	null
"GO:0006152"	"purine nucleoside catabolic process"	24	4.449771429797611	0.06933138971777683	0.6501094452455561	0.86147884	16137
"GO:0006154"	"adenosine catabolic process"	16	4.00039068924991	0.02463322026042	0.6706712737948527	0.90082557	16137
"GO:0006166"	"purine ribonucleoside salvage"	19	4.662086989741682	0.11304501799765886	0.6521192804296608	0.88722322	16137
"GO:0006213"	"pyrimidine nucleoside metabolic process"	2	4.485920077863703	0.07534939766509167	0.710192204043714	0.72258945	16137
"GO:0008616"	"queuosine biosynthetic process"	36	4.659202877464531	0.112296766702778	0.6739381772033427	0.84101367	16137
"GO:0009116"	"nucleoside metabolic process"	69	5.280778627725314	0.46984027936159006	0.6854413080739267	0.82999228	16137
"GO:0009972"	"cytidine deamination"	18	4.02530586526477	0.026087879850139047	0.6638078723686349	0.87393218	16137
"GO:0010125"	"mycothiol biosynthetic process"	21	3.7746629225378223	0.014647511367881639	0.7840853789011898	0.84797208	16137
"GO:0010126"	"mycothiol metabolic process"	7	3.88371820196396	0.018829350019205937	0.8177755197777654	0.86117295	16137
"GO:0016139"	"glycoside catabolic process"	41	4.327685809541024	0.052340670347505135	0.7967621504187258	0.7044423	16137
"GO:1990397"	"queuosine salvage"	2	3.685920792194535	0.011940023129825882	0.7042735038474176	0.85740726	16137
"GO:0016226"	"iron-sulfur cluster assembly"	23	5.117211617504696	0.3223904699170736	0.9456596096630164	0.51675589	null
"GO:0016259"	"selenocysteine metabolic process"	3	4.123753668755842	0.03272614873926302	0.7471531390622751	0.36501632	null
"GO:0016477"	"cell migration"	2	5.292579456000397	0.48278207313949656	0.9830541006784045	0.0162334	null
"GO:0071973"	"bacterial-type flagellum-dependent cell motility"	1	4.950179801611947	0.2194566898120811	0.9839974677217648	0.82796708	16477
"GO:0016567"	"protein ubiquitination"	17	5.705074768729961	1.2480954666259985	0.8703885663104525	0.27773572	null
"GO:0000209"	"protein polyubiquitination"	3	5.256708126945561	0.4445080348651629	0.8810738485719174	0.8573215	16567
"GO:0032446"	"protein modification by small protein conjugation"	2	5.758389517052789	1.4111157947922792	0.8691977457812825	0.9127289	16567
"GO:0017000"	"antibiotic biosynthetic process"	3233	4.696958914626985	0.12249661330141713	0.8880976186338768	0	null
"GO:0009239"	"enterobactin biosynthetic process"	283	3.3098430047160705	0.005021160005121583	0.8521630539085416	0.95980453	17000
"GO:0017001"	"antibiotic catabolic process"	25	4.355930187078868	0.05585794370403393	0.8638316796476115	0.88991885	17000
"GO:0019853"	"L-ascorbic acid biosynthetic process"	17	4.054881054862772	0.027926510499073274	0.7065956880310617	0.88210826	17000
"GO:0030639"	"polyketide biosynthetic process"	154	4.189321841020496	0.038059900568232864	0.8926703755798823	0.86519867	17000
"GO:0030649"	"aminoglycoside antibiotic catabolic process"	69	3.6388884247050757	0.010714269363869731	0.809428451174896	0.86188987	17000
"GO:0030655"	"beta-lactam antibiotic catabolic process"	140	4.034788831251184	0.026663836438961818	0.7558628642450597	0.8458531	17000
"GO:0033068"	"macrolide biosynthetic process"	542	3.640978057358332	0.01076595777568716	0.8907601327043895	0.797428	17000
"GO:0033072"	"vancomycin biosynthetic process"	41	3.2997251539756367	0.0049054764167682915	0.8233652653030972	0.75973075	17000
"GO:1901336"	"lactone biosynthetic process"	6	4.289678120899732	0.047954539401854804	0.8967825628233838	0.94098216	17000
"GO:0017004"	"cytochrome complex assembly"	78	5.0572932568752815	0.2808428322276361	0.9435361282019255	0.46807603	null
"GO:0017038"	"protein import"	1	4.507059384802115	0.0791078836101018	0.9288525607730184	0.4804024	null
"GO:0018104"	"peptidoglycan-protein cross-linking"	137	4.312008007838723	0.05048481022796509	0.7597269376592788	0.68500802	null
"GO:0019240"	"citrulline biosynthetic process"	20	4.166459717093484	0.03610804768388903	0.7142750049274057	0.63365709	null
"GO:0019294"	"keto-3-deoxy-D-manno-octulosonic acid biosynthetic process"	1	3.5691397254724593	0.009124235362247896	0.663531140598738	0.62268207	null
"GO:0019295"	"coenzyme M biosynthetic process"	4	2.4913616938342726	0.0007605580595992986	0.7789119093193352	0.3732377	null
"GO:0019305"	"dTDP-rhamnose biosynthetic process"	65	4.229784197840634	0.04177654351320031	0.6931882040320902	0.4167872	null
"GO:0006011"	"UDP-glucose metabolic process"	5	4.296840627340024	0.04875201775560941	0.712632218552306	0.75774828	19305
"GO:0006043"	"glucosamine catabolic process"	2	3.887392218971847	0.018989337960545596	0.8105430166503821	0.79103178	19305
"GO:0006047"	"UDP-N-acetylglucosamine metabolic process"	21	4.685670096490273	0.11935346559232878	0.6894026069225866	0.74968531	19305
"GO:0006048"	"UDP-N-acetylglucosamine biosynthetic process"	4	4.4985862088175175	0.07757938343207214	0.6748514862432377	0.8753059	19305
"GO:0006054"	"N-acetylneuraminate metabolic process"	7	4.237669383878425	0.04254202427868699	0.7210013755433039	0.77410402	19305
"GO:0006065"	"UDP-glucuronate biosynthetic process"	15	4.07459704459004	0.029223643500396353	0.659883784027282	0.73387524	19305
"GO:0009298"	"GDP-mannose biosynthetic process"	13	4.337638932181409	0.053554117348742845	0.6882133738574386	0.76290444	19305
"GO:0019262"	"N-acetylneuraminate catabolic process"	15	4.160768561861128	0.03563792927164481	0.6658697466186858	0.76476001	19305
"GO:0019277"	"UDP-N-acetylgalactosamine biosynthetic process"	5	4.05045709478573	0.027643454910549266	0.6948517948031622	0.75174335	19305
"GO:0033320"	"UDP-D-xylose biosynthetic process"	8	3.762753564933374	0.014251233543948022	0.7121849305612911	0.70219696	19305
"GO:0042351"	"'de novo' GDP-L-fucose biosynthetic process"	7	3.762453482363547	0.014241388132173275	0.7115682421328862	0.86441821	19305
"GO:0042352"	"GDP-L-fucose salvage"	2	3.3197304943302246	0.005136843593474875	0.7180099448727897	0.88816042	19305
"GO:0046348"	"amino sugar catabolic process"	6	4.769044830603547	0.14461433085338896	0.7857026439127817	0.84548297	19305
"GO:0046380"	"N-acetylneuraminate biosynthetic process"	2	3.089551882886454	0.003022541414847698	0.725486718331609	0.84585043	19305
"GO:0019324"	"L-lyxose metabolic process"	2	3.361538971269279	0.005656189064592842	0.8089162369584305	0.69691118	null
"GO:0019343"	"cysteine biosynthetic process via cystathionine"	13	3.550839605065785	0.008747648361863777	0.717259722633637	0.5772047	null
"GO:0019350"	"teichoic acid biosynthetic process"	104	3.833083334178343	0.01675689084062144	0.6828977503108468	0.62853201	null
"GO:0019353"	"protoporphyrinogen IX biosynthetic process from glutamate"	11	3.991934549718948	0.0241581791422884	0.7167256306848746	0.6210872	null
"GO:0019379"	"sulfate assimilation, phosphoadenylyl sulfate reduction by phosphoadenylyl-sulfate reductase (thioredoxin)"	10	4.071955610302981	0.029046426088450886	0.8776039503486759	0.45871329	null
"GO:0010134"	"sulfate assimilation via adenylyl sulfate reduction"	8	3.5861370252307934	0.00948851559791358	0.8856424896987958	0.78322764	19379
"GO:0019427"	"acetyl-CoA biosynthetic process from acetate"	2	4.0210238220315855	0.025831899143995595	0.6483583397617978	0.69743822	null
"GO:0019433"	"triglyceride catabolic process"	83	4.251589557275781	0.043927765985982796	0.7700205525959911	0.62415208	null
"GO:0019432"	"triglyceride biosynthetic process"	42	4.542613827964055	0.0858569133816917	0.8092930453148872	0.872582	19433
"GO:0046327"	"glycerol biosynthetic process from pyruvate"	1	3.6946929263314843	0.012183697071250901	0.6825333543540539	0.87637688	19433
"GO:0046464"	"acylglycerol catabolic process"	67	4.502959418949363	0.07836455502110833	0.7615465717301079	0.95331499	19433
"GO:0046475"	"glycerophospholipid catabolic process"	2	4.297475993324212	0.048823396990976334	0.7190147332374975	0.85562164	19433
"GO:0019442"	"tryptophan catabolic process to acetyl-CoA"	36	3.6829569263012085	0.01185879848268421	0.6211859261512223	0.65063204	null
"GO:0000256"	"allantoin catabolic process"	15	3.9536630637470913	0.022120178904915525	0.8519314141629494	0.74638591	19442
"GO:0019491"	"ectoine biosynthetic process"	26	3.7331169814420644	0.01331099671945957	0.7500052535048575	0.64784611	null
"GO:0019594"	"mannitol metabolic process"	7	3.72607487021537	0.013096859013358796	0.7848688711338909	0.66815168	null
"GO:0019622"	"3-(3-hydroxy)phenylpropionate catabolic process"	39	3.3573630306151427	0.005602039299831727	0.7202014540231776	0.67366596	null
"GO:0019628"	"urate catabolic process"	50	3.9146075677710805	0.020217553079445432	0.7495083704564305	0.45930039	null
"GO:0019631"	"quinate catabolic process"	10	3.9579901784068303	0.022341700669847357	0.717609333986582	0.50020141	null
"GO:0019632"	"shikimate metabolic process"	18	4.1596574112477045	0.035546859212728384	0.7526805265153781	0.53200272	null
"GO:0019634"	"organic phosphonate metabolic process"	7	4.079217435746567	0.029536235324244604	0.7760960990204789	0.35390514	null
"GO:0019645"	"anaerobic electron transport chain"	10	3.677333151419902	0.011706194600175612	0.9018233969774341	0.59246942	null
"GO:0019670"	"anaerobic glutamate catabolic process"	28	2.9585638832219674	0.002234908472867842	0.7117200344911417	0.41218755	null
"GO:0019652"	"lactate fermentation to propionate and acetate"	1	2.507855871695831	0.0007900942949235431	0.7729006373289641	0.81001967	19670
"GO:0019684"	"photosynthesis, light reaction"	98	4.522522477715504	0.08197535978949723	0.8910947250286919	0.0329715	null
"GO:0019695"	"choline metabolic process"	7	4.024977972095625	0.026068189026589552	0.9565347464222005	0.0304459	null
"GO:0019285"	"glycine betaine biosynthetic process from choline"	6	3.8043439184798657	0.015683740957173887	0.8672709416992683	0.92395015	19695
"GO:0019748"	"secondary metabolic process"	170	5.412868609276585	0.6368553833554749	0.9469064152155355	0.05244053	null
"GO:0019755"	"one-carbon compound transport"	2	4.041629508475138	0.02708718914527599	0.9650246419003943	0.19918617	null
"GO:0019878"	"lysine biosynthetic process via aminoadipic acid"	174	4.286052077773516	0.047555800224977504	0.7121426656310473	0.48742305	null
"GO:0009085"	"lysine biosynthetic process"	9	5.060920595168629	0.28319834699474467	0.6763912199085798	0.96755444	19878
"GO:0009089"	"lysine biosynthetic process via diaminopimelate"	158	4.967337329757503	0.2283003309387487	0.6461104540430411	0.85196852	19878
"GO:0019877"	"diaminopimelate biosynthetic process"	42	4.639057959965443	0.10720668881523318	0.6667937990661493	0.93766512	19878
"GO:0019953"	"sexual reproduction"	1	5.4535339045748765	0.6993688254192385	0.9986384087246993	-0	null
"GO:0030007"	"intracellular potassium ion homeostasis"	2	4.246498580795801	0.043415804573695885	0.9786391413876	0.61636834	null
"GO:0030026"	"intracellular manganese ion homeostasis"	4	4.228939042456542	0.04169531886605864	0.9786941958407144	0.61469153	null
"GO:0030048"	"actin filament-based movement"	1	4.51936852704	0.08138217373006863	0.9809360589251623	0.69308715	null
"GO:0030091"	"protein repair"	4	4.40679557266825	0.06279895900523141	0.908804590941062	0.19743389	null
"GO:0030153"	"bacteriocin immunity"	2	3.155336037465062	0.0035172733565287956	0.9149535905249042	0.64322629	null
"GO:0030163"	"protein catabolic process"	17	5.896636981524518	1.9400383902141334	0.7753350174723193	0.61974331	null
"GO:0006511"	"ubiquitin-dependent protein catabolic process"	9	5.690849688613356	1.2078769595261523	0.7798802031027935	0.97909202	30163
"GO:0010498"	"proteasomal protein catabolic process"	10	5.5433229006469125	0.8599942571713117	0.786152540945377	0.86825921	30163
"GO:0019941"	"modification-dependent protein catabolic process"	10	5.716693490243442	1.2819366082487518	0.7788078019050119	0.77904845	30163
"GO:0043161"	"proteasome-mediated ubiquitin-dependent protein catabolic process"	1	5.432234696253359	0.6658968867380383	0.78978220545214	0.91685914	30163
"GO:0051603"	"proteolysis involved in protein catabolic process"	4	5.85954056916535	1.7812048234050641	0.7731716915764281	0.92215275	30163
"GO:0030213"	"hyaluronan biosynthetic process"	11	3.479863113023098	0.007428363184047518	0.8118332363557388	0.5700096	null
"GO:0030261"	"chromosome condensation"	30	4.691894480036592	0.1210764126529097	0.9531636397553804	0.63190518	null
"GO:0030388"	"fructose 1,6-bisphosphate metabolic process"	3	4.531197812010173	0.08362938896765493	0.815643799067078	0.3747191	null
"GO:0030416"	"methylamine metabolic process"	41	3.749968083509403	0.013837726249408598	0.9399699972518003	0.02920911	null
"GO:0030435"	"sporulation resulting in formation of a cellular spore"	128	4.549542727884881	0.08723773238310013	0.9987828137992785	-0	null
"GO:0030574"	"collagen catabolic process"	3	4.225205865965902	0.04133842268922402	0.872997325428075	0.30475731	null
"GO:0030643"	"intracellular phosphate ion homeostasis"	1	4.069223957297052	0.02886428597061804	0.9793700889945564	0.59778156	null
"GO:0031032"	"actomyosin structure organization"	2	4.702723414104734	0.12413341300896903	0.9509336701493052	0.69051947	null
"GO:0031047"	"regulatory ncRNA-mediated gene silencing"	5	4.913220264207092	0.2015528084997015	0.9565795316557063	0.69699892	null
"GO:0031087"	"deadenylation-independent decapping of nuclear-transcribed mRNA"	1	3.9257245269360626	0.020741821256450774	0.7552261562430604	0.66011912	null
"GO:0031124"	"mRNA 3'-end processing"	1	4.571207881802855	0.09170016527000475	0.782295905038801	0.43055191	null
"GO:0031145"	"anaphase-promoting complex-dependent catabolic process"	2	4.512430894876464	0.08009242478757662	0.8194875539557933	0.58093589	null
"GO:0031221"	"arabinan metabolic process"	10	4.0979164092373255	0.030835829678511367	0.8819068106647687	0.63848629	null
"GO:0031222"	"arabinan catabolic process"	19	4.072984744627931	0.02911534397087412	0.8090900918930813	0.63566984	null
"GO:0031293"	"membrane protein intracellular domain proteolysis"	13	3.508798965403905	0.007940324596334425	0.916390782036183	0.34684533	null
"GO:0031388"	"organic acid phosphorylation"	15	3.766933093837284	0.014389069308794498	0.7863194363080668	0.33196075	null
"GO:0031408"	"oxylipin biosynthetic process"	5	3.719993826367604	0.012914718895525954	0.7632313579439156	0.44118384	null
"GO:0031412"	"gas vesicle organization"	183	3.6316466629584196	0.010537051951924264	0.9615234664168286	0.26509199	null
"GO:0031460"	"glycine betaine transport"	67	4.35191220632801	0.05534352093880333	0.940886011652472	0.68145371	null
"GO:0015740"	"C4-dicarboxylate transport"	1	4.808825169790207	0.1584865160440092	0.9396617216473979	0.8703378	31460
"GO:0015744"	"succinate transport"	5	4.401813957739848	0.06208270529861848	0.9432782779077623	0.85677192	31460
"GO:0015808"	"L-alanine transport"	16	4.340285439470468	0.05388147729025322	0.9305554033407658	0.97927728	31460
"GO:0015813"	"L-glutamate transmembrane transport"	2	4.271283865258768	0.04596576622335567	0.9213249639915062	0.78001152	31460
"GO:0015820"	"L-leucine transport"	6	3.788380515319563	0.015117629780125865	0.9362209018679711	0.7718288	31460
"GO:0015824"	"proline transport"	4	3.766040860381389	0.014359533073470253	0.9397222599603987	0.76937035	31460
"GO:0015871"	"choline transport"	20	4.119090852421722	0.03237663662125946	0.9445010860062613	0.70478504	31460
"GO:0015888"	"thiamine transport"	27	4.218640521413849	0.04071816174741488	0.941065571450389	0.71534083	31460
"GO:0015889"	"cobalamin transport"	2	4.2094882054138285	0.03986899498184285	0.9504950227123717	0.83618099	31460
"GO:0033228"	"cysteine export across plasma membrane"	1	3.5036545192429593	0.007846793184474317	0.9218480744025603	0.82373596	31460
"GO:0034775"	"glutathione transmembrane transport"	19	3.617210094557434	0.010192462539808078	0.9273128610641836	0.81176612	31460
"GO:0042883"	"cysteine transport"	18	3.928856533581911	0.020891963786015686	0.9340222467264366	0.78765498	31460
"GO:0042941"	"D-alanine transmembrane transport"	16	4.271562825432305	0.045995302458679915	0.9174715408828831	0.82912861	31460
"GO:0048473"	"D-methionine transmembrane transport"	7	4.001647191346038	0.02470459949578693	0.9209920560768075	0.90297293	31460
"GO:0070778"	"L-aspartate transmembrane transport"	19	4.24375714102993	0.04314259439694662	0.9214653003088127	0.74325655	31460
"GO:0071422"	"succinate transmembrane transport"	5	4.290056882303365	0.047996382401897485	0.9297942423843609	0.83651049	31460
"GO:1902604"	"p-aminobenzoyl-glutamate transmembrane transport"	11	3.3224260524059526	0.005168841181742806	0.9290768735977359	0.78003322	31460
"GO:1903785"	"L-valine transmembrane transport"	28	4.437020842585606	0.0673253870686719	0.9154551688048016	0.73964161	31460
"GO:1903805"	"L-valine import across plasma membrane"	10	4.054727932082198	0.02791666508729853	0.9160755300723306	0.94191306	31460
"GO:1903806"	"L-isoleucine import across plasma membrane"	16	4.253071336457255	0.04407790851554771	0.9138142252261188	0.82677972	31460
"GO:0031640"	"killing of cells of another organism"	9	4.3221572482330775	0.05167856640565331	0.9742352283055492	0.63990696	null
"GO:0001907"	"symbiont-mediated killing of host cell"	1	3.3951515915045425	0.006111539359174947	0.9757320928545896	0.87593467	31640
"GO:0019836"	"hemolysis by symbiont of host erythrocytes"	1	2.733999286538387	0.0013315919425346944	0.9776308703501873	0.80491617	31640
"GO:0032025"	"response to cobalt ion"	32	3.3246939138617746	0.005195916064123364	0.9542817167423734	0.63973939	null
"GO:0032196"	"transposition"	63	5.2016128522671305	0.39154710357584865	0.9847628506764889	0.01587246	null
"GO:0032259"	"methylation"	3071	6.033478038904545	2.6585910004764686	0.9396151554383723	0.04407388	null
"GO:0032784"	"regulation of DNA-templated transcription elongation"	12	4.868926432549143	0.1820096661268263	0.9677734857997927	0.36878809	null
"GO:0032787"	"monocarboxylic acid metabolic process"	104	6.126984864672973	3.2972997825985404	0.6999070699351374	0.56348336	null
"GO:0032790"	"ribosome disassembly"	32	4.774276029699728	0.14636681414929414	0.9515619231784553	0.3273172	null
"GO:0006415"	"translational termination"	1	4.785522021186003	0.15020652474144594	0.7938714211620529	0.81072704	32790
"GO:0072344"	"rescue of stalled ribosome"	2	4.398547595734928	0.06161750959226163	0.8062439425317016	0.91756241	32790
"GO:0032923"	"organic phosphonate biosynthetic process"	8	2.7259116322950483	0.0013069784130978238	0.7952286382550926	0.2850763	null
"GO:0019700"	"organic phosphonate catabolic process"	6	3.8265283063406517	0.01650583284036536	0.7520243717135959	0.81434664	32923
"GO:0033013"	"tetrapyrrole metabolic process"	8	5.448144929117498	0.6907442447045591	0.946540946069138	0.05293569	null
"GO:0033194"	"response to hydroperoxide"	3	3.757471947765668	0.01407893883788993	0.9445063756541482	0.66322115	null
"GO:0033214"	"siderophore-dependent iron import into cell"	137	4.908720867878593	0.19947542661522966	0.895570504199031	0.69444684	null
"GO:0006825"	"copper ion transport"	119	4.779293389362142	0.1480676090333819	0.9436633541472232	0.73138511	33214
"GO:0006826"	"iron ion transport"	67	5.293702784512662	0.4840324404348896	0.9382144719948983	0.80640352	33214
"GO:0006829"	"zinc ion transport"	17	4.807183120531617	0.15788840727869324	0.9433926240190448	0.73509274	33214
"GO:0006874"	"intracellular calcium ion homeostasis"	2	5.034492091614136	0.26647837644827854	0.9755232097329989	0.80228166	33214
"GO:0006879"	"intracellular iron ion homeostasis"	21	5.2105886991240284	0.399723718054777	0.9751441901336055	0.78248996	33214
"GO:0006885"	"regulation of pH"	16	4.8728086815567115	0.18364400448143453	0.9566646343608192	0.71005646	33214
"GO:0007035"	"vacuolar acidification"	3	4.369234416606825	0.05759565888227698	0.9522872921388483	0.92856371	33214
"GO:0033212"	"iron import into cell"	11	4.969425231878062	0.2294005557045768	0.8978844450729245	0.89470794	33214
"GO:0034755"	"iron ion transmembrane transport"	19	4.9803670261847754	0.2352536530046646	0.9243307041075745	0.88913408	33214
"GO:0051453"	"regulation of intracellular pH"	14	4.789961258086234	0.15174979303713773	0.9489492444621956	0.72285212	33214
"GO:0051480"	"regulation of cytosolic calcium ion concentration"	2	4.3310019048442046	0.05274187087732612	0.9780344272197602	0.87155688	33214
"GO:1901678"	"iron coordination entity transport"	87	5.054904018624125	0.27930202528488807	0.9403058577644396	0.87700935	33214
"GO:0033223"	"2-aminoethylphosphonate transport"	2	2.424881636631067	0.0006522585300770685	0.9618357246288637	0.31942138	null
"GO:0033356"	"UDP-L-arabinose metabolic process"	1	3.2362852774480286	0.004238449769029101	0.7506309686584791	0.60949125	null
"GO:0033528"	"S-methylmethionine cycle"	12	3.54703589974001	0.00867134642060948	0.872143463931101	0.49178119	null
"GO:0033543"	"fatty acid beta-oxidation, unsaturated, even number, reductase/isomerase pathway"	6	3.4219328132785085	0.0065004331242775005	0.7089661346204706	0.54937584	null
"GO:0033609"	"oxalate metabolic process"	2	3.549738731264899	0.008725496185370593	0.7914709929182216	0.55621917	null
"GO:0033627"	"cell adhesion mediated by integrin"	6	4.308329596317398	0.05005899616870724	0.983520093088068	0.62460033	null
"GO:0033993"	"response to lipid"	1	5.0331462008952395	0.26565382321214337	0.9471779039328533	0.51588263	null
"GO:0034079"	"butanediol biosynthetic process"	2	3.249931756634195	0.0043738241809318885	0.7845497765872146	0.68522315	null
"GO:0034077"	"butanediol metabolic process"	2	3.3571722577230334	0.00559957794688804	0.8211798919953094	0.94566296	34079
"GO:0034204"	"lipid translocation"	32	4.735590916270356	0.13389267743068817	0.8829558927882255	0.58402548	null
"GO:0006869"	"lipid transport"	4	5.554812489062661	0.8830497501948285	0.9410106187585906	0.81779987	34204
"GO:0034599"	"cellular response to oxidative stress"	30	5.1302340301621	0.33220388410355384	0.9119797520636443	0.53609275	null
"GO:0007234"	"osmosensory signaling via phosphorelay pathway"	16	3.5075860397630105	0.007918172419841243	0.9122181179756915	0.73334028	34599
"GO:0019430"	"removal of superoxide radicals"	5	4.556688368835234	0.08868500791398812	0.8401145738764952	0.87246062	34599
"GO:0042542"	"response to hydrogen peroxide"	10	4.679427896612119	0.11765020935529734	0.9353469181952266	0.77629525	34599
"GO:0070301"	"cellular response to hydrogen peroxide"	6	4.025141949625193	0.026078034438364303	0.9247362005282705	0.7959588	34599
"GO:0071500"	"cellular response to nitrosative stress"	19	3.706888394981618	0.012530747836310774	0.9307360396919796	0.75625231	34599
"GO:0034605"	"cellular response to heat"	36	4.7774558227219925	0.1474424253856854	0.9284408440658699	0.47436769	null
"GO:0009408"	"response to heat"	4	5.132054664397105	0.3335994712226244	0.9419629700117902	0.90210951	34605
"GO:0009409"	"response to cold"	9	4.38751440114948	0.06007177994362616	0.9488226768219783	0.79113933	34605
"GO:0009416"	"response to light stimulus"	7	5.013852202500837	0.2541100779062511	0.95594894345324	0.741412	34605
"GO:0009584"	"detection of visible light"	5	4.317582839780199	0.051137068758042165	0.9561270221659742	0.84391016	34605
"GO:0035435"	"phosphate ion transmembrane transport"	40	4.745590015265257	0.1370112116103397	0.9368418994399091	0.58083576	null
"GO:0006817"	"phosphate ion transport"	10	4.99412790513327	0.24282723601238967	0.9564319571674594	0.74225347	35435
"GO:0035513"	"oxidative RNA demethylation"	12	3.592398846115564	0.009626351362760055	0.8621481115113792	0.44522184	null
"GO:0035556"	"intracellular signal transduction"	42	6.25082994866753	4.385343312708344	0.9015776398976797	0.6309908	null
"GO:0007165"	"signal transduction"	282	6.555859777363872	8.851839893322994	0.8941188740648576	0.78117509	35556
"GO:0036211"	"protein modification process"	252	6.5265191621302225	8.273569632733158	0.8480537923009652	0.59617904	null
"GO:0036261"	"7-methylguanosine cap hypermethylation"	3	3.5554572172046495	0.008841179773723886	0.8045674277899121	0.44310647	null
"GO:0000967"	"rRNA 5'-end processing"	2	4.257606586392311	0.04454064286896087	0.768853437559375	0.75179982	36261
"GO:0001682"	"tRNA 5'-leader removal"	1	4.408850262912029	0.06309678271141754	0.7785269077034708	0.84974453	36261
"GO:0036297"	"interstrand cross-link repair"	23	4.495877215295425	0.07709695825510948	0.8149885346661574	0.50502729	null
"GO:0036503"	"ERAD pathway"	3	4.634618317387402	0.10611630946117982	0.7598401241498662	0.69114547	null
"GO:0030968"	"endoplasmic reticulum unfolded protein response"	3	4.617503579279065	0.10201569545699718	0.9135825507755504	0.86501927	36503
"GO:0038063"	"collagen-activated tyrosine kinase receptor signaling pathway"	1	3.5101426994025733	0.007964938125771296	0.9386670565894419	0.48231041	null
"GO:0040029"	"epigenetic regulation of gene expression"	3	4.81798822066788	0.1618659536356915	0.9261602331163474	0.33028288	null
"GO:0006338"	"chromatin remodeling"	1	5.785161068138012	1.5008394936485032	0.9463957725463384	0.75655761	40029
"GO:0042026"	"protein refolding"	19	4.8981709930144	0.19468809513975832	0.8188943448416758	0.59617125	null
"GO:0061077"	"chaperone-mediated protein folding"	10	5.015694988526518	0.2551906118485297	0.8152445100112867	0.71669504	42026
"GO:0042121"	"alginic acid biosynthetic process"	1	3.84279639517558	0.01713593919394925	0.7160146290187226	0.64685903	null
"GO:0042128"	"nitrate assimilation"	74	4.433369746856586	0.06676173724456755	0.7716155533019742	0.37776098	null
"GO:0000050"	"urea cycle"	9	4.19901427093462	0.03891891274557964	0.781211298564666	0.90132326	42128
"GO:0006809"	"nitric oxide biosynthetic process"	7	3.66228551572213	0.01130745542329831	0.9064644439842819	0.92254458	42128
"GO:0042126"	"nitrate metabolic process"	7	4.499577120728488	0.07775660084401761	0.771239911826789	0.95610702	42128
"GO:0043419"	"urea catabolic process"	47	4.260691365937476	0.044858157398696495	0.7413646994061125	0.81387259	42128
"GO:0046210"	"nitric oxide catabolic process"	19	3.692582562274909	0.012124624600602412	0.8779193796696143	0.84729912	42128
"GO:0042158"	"lipoprotein biosynthetic process"	40	4.8375631878223	0.16932877576095065	0.8307231209025916	0.27061957	null
"GO:0042245"	"RNA repair"	8	4.00702192557868	0.025012268613747807	0.8648211924954778	0.35112893	null
"GO:0042355"	"L-fucose catabolic process"	2	3.1212314551496214	0.003251447238610594	0.7618520416507797	0.50027406	null
"GO:0042558"	"pteridine-containing compound metabolic process"	1	5.286860485522373	0.4764662414859956	0.9481709343314868	0.05074502	null
"GO:0042619"	"poly-hydroxybutyrate biosynthetic process"	3	3.87453979707101	0.01843553354821601	0.9080471217334988	0.11725768	null
"GO:0042744"	"hydrogen peroxide catabolic process"	23	4.887425988613939	0.18993029989961127	0.796402123502291	0.64727024	null
"GO:0006801"	"superoxide metabolic process"	23	4.75721376909311	0.14072785455530712	0.902195959980612	0.88692267	42744
"GO:0042840"	"D-glucuronate catabolic process"	3	4.0651687517057455	0.028595998499756158	0.7129442783495299	0.58031518	null
"GO:0019698"	"D-galacturonate catabolic process"	2	4.136910727481376	0.03373284209323103	0.6814371528593565	0.95477324	42840
"GO:0042867"	"pyruvate catabolic process"	1	2.8959747323590648	0.0019346234137380216	0.7512002930555222	0.42195298	null
"GO:0042882"	"L-arabinose transmembrane transport"	1	2.6503075231319366	0.0010977634128844246	0.9545776926934605	0.62269156	null
"GO:0042918"	"alkanesulfonate transmembrane transport"	12	3.450864692379766	0.0069483993600285435	0.9375224476451692	0.50075374	null
"GO:0042952"	"beta-ketoadipate pathway"	12	3.5186455243303114	0.008122464714167266	0.884906514579748	0.27369258	null
"GO:0042956"	"maltodextrin transmembrane transport"	96	4.577238962268839	0.09298253015366571	0.9480477564523737	0.21873558	null
"GO:0009401"	"phosphoenolpyruvate-dependent sugar phosphotransferase system"	80	4.853144346172607	0.1755141557084362	0.9325471663759248	0.73493554	42956
"GO:0015768"	"maltose transport"	90	4.629236254508366	0.10480933104808199	0.9563953754432669	0.70120239	42956
"GO:0015771"	"trehalose transport"	1	3.5893910231369333	0.009559894833280505	0.9626735383361629	0.81340617	42956
"GO:0098703"	"calcium ion import across plasma membrane"	2	4.35403156606429	0.05561426976260891	0.9298256554119542	0.85010147	42956
"GO:0098719"	"sodium ion import across plasma membrane"	14	4.2610962581323335	0.044900000398739176	0.9311020974030025	0.75799792	42956
"GO:1990573"	"potassium ion import across plasma membrane"	2	4.580514424693191	0.0936864770955602	0.9274923053442345	0.8377101	42956
"GO:0042981"	"regulation of apoptotic process"	8	5.3014770887669	0.49277516609086597	0.9741936847020042	0.22804767	null
"GO:0043041"	"amino acid activation for nonribosomal peptide biosynthetic process"	1750	4.575591920370292	0.09263055668271845	0.8078660349773396	0.13108569	null
"GO:0006750"	"glutathione biosynthetic process"	21	4.389148357697377	0.060298224414445364	0.7948781631020808	0.8628306	43041
"GO:0019290"	"siderophore biosynthetic process"	355	4.22411851110638	0.04123504586558916	0.8856142634319673	0.84064295	43041
"GO:0031179"	"peptide modification"	184	3.9209577059554492	0.020515376785631565	0.950812896979719	0.71092086	43041
"GO:0043043"	"peptide biosynthetic process"	2	4.9623788076383075	0.22570852628904622	0.8828257788354161	0.8412802	43041
"GO:0043171"	"peptide catabolic process"	37	4.574991443977495	0.09250256632964673	0.8006418604557282	0.78756303	43041
"GO:0043094"	"cellular metabolic compound salvage"	1	5.166163593747834	0.3608564937210148	0.8978285100990168	0.11932175	null
"GO:0043164"	"Gram-negative-bacterium-type cell wall biogenesis"	11	3.690727543870367	0.012072936188784984	0.9520119383849525	0.61349626	null
"GO:0043200"	"response to amino acid"	207	4.768578908868907	0.14445926561793668	0.949510258072075	0.49029147	null
"GO:0043213"	"bacteriocin transport"	5	3.72956972630197	0.013202697189937338	0.9523488280547342	0.693439	null
"GO:0043335"	"protein unfolding"	1	4.2840244503226454	0.04733427846004567	0.9869815039086921	0.0129647	null
"GO:0043448"	"alkane catabolic process"	62	3.8507074853745373	0.017450992370741186	0.8244489129144481	0.40032948	null
"GO:0016121"	"carotene catabolic process"	29	4.071292733834574	0.029002121735464518	0.77354387490699	0.89726648	43448
"GO:0042214"	"terpene metabolic process"	9	4.306231964874957	0.049817783580225906	0.8506066400438415	0.85758759	43448
"GO:1901170"	"naphthalene catabolic process"	2	3.427972713608209	0.006591503183193922	0.8829583861256689	0.82454603	43448
"GO:0043571"	"maintenance of CRISPR repeat elements"	73	4.1546065392836224	0.035135813271132646	0.8366716056882189	0.42453225	null
"GO:0043686"	"co-translational protein modification"	18	2.3654879848909	0.0005685725299917087	0.9237867034808135	0.07864044	null
"GO:0043709"	"cell adhesion involved in single-species biofilm formation"	21	4.609669097185243	0.10019183292572509	0.9806077883823692	0.01386622	null
"GO:0007160"	"cell-matrix adhesion"	6	4.580788168466454	0.09374554956620869	0.9824225714754731	0.87503394	43709
"GO:0044010"	"single-species biofilm formation"	3	4.645117566806543	0.10871303681676966	0.9844513705808088	0.99093087	43709
"GO:0098609"	"cell-cell adhesion"	7	5.343546443188257	0.542898157436109	0.980516145980779	0.74742588	43709
"GO:0043937"	"regulation of sporulation"	3	4.3240971716876135	0.051909933582359895	0.9766140630330299	0.66672188	null
"GO:0044027"	"negative regulation of gene expression via chromosomal CpG island methylation"	90	2.957607287060095	0.0022299857669804677	0.9350599807643176	0.48744011	null
"GO:0044272"	"sulfur compound biosynthetic process"	76	5.769108393861636	1.4463771370635399	0.7902437157874942	0.60812473	null
"GO:0006729"	"tetrahydrobiopterin biosynthetic process"	41	4.442526802021039	0.06818439924601867	0.7420831659094705	0.88267448	44272
"GO:0006749"	"glutathione metabolic process"	64	5.115703683637	0.32127301568063965	0.8240004434739542	0.73131963	44272
"GO:0009396"	"folic acid-containing compound biosynthetic process"	41	4.973418825809898	0.23151978058909137	0.8421081878164448	0.86506251	44272
"GO:0035999"	"tetrahydrofolate interconversion"	44	4.806614051463206	0.15768165363142353	0.7759639898193771	0.73366634	44272
"GO:0042398"	"cellular modified amino acid biosynthetic process"	56	5.273785767516637	0.4623356142362882	0.838265176998237	0.80465629	44272
"GO:0046452"	"dihydrofolate metabolic process"	2	4.3173110202068115	0.051105071169774224	0.7529028937864296	0.77191988	44272
"GO:0046512"	"sphingosine biosynthetic process"	3	4.278136006715478	0.04669678804763072	0.7040441158952734	0.89829621	44272
"GO:0046653"	"tetrahydrofolate metabolic process"	33	5.149714726288552	0.34744458153086405	0.8725637913443346	0.92332244	44272
"GO:0046654"	"tetrahydrofolate biosynthetic process"	33	4.749280144148331	0.13818035425859101	0.8477305358969107	0.93195056	44272
"GO:0046655"	"folic acid metabolic process"	2	4.841716021249686	0.1709557300567278	0.7101247802307785	0.87068319	44272
"GO:0046656"	"folic acid biosynthetic process"	15	4.565292794584015	0.09045964338638648	0.6850688994269358	0.90175647	44272
"GO:0044281"	"small molecule metabolic process"	104	6.778861392387942	14.792283225323425	0.9275009113014441	0.14383199	null
"GO:0044283"	"small molecule biosynthetic process"	27	6.400638651157823	6.191735160786158	0.7132071469976574	0.43030815	null
"GO:0044550"	"secondary metabolite biosynthetic process"	2706	5.278154318435337	0.46700972347634995	0.8733299996650853	0.14865292	null
"GO:0009403"	"toxin biosynthetic process"	223	4.506613254304735	0.07902665896296013	0.8551968725232193	0.80324464	44550
"GO:0030638"	"polyketide metabolic process"	148	4.410996433516383	0.06340937453526581	0.9440104247278396	0.78935189	44550
"GO:0044780"	"bacterial-type flagellum assembly"	1	4.575557300060026	0.09262317262388739	0.9466415618701689	0.69401089	null
"GO:0044874"	"lipoprotein localization to outer membrane"	28	4.334895863011881	0.053216911995457715	0.9397061576832751	0.38778356	null
"GO:0045151"	"acetoin biosynthetic process"	3	3.1451964061141817	0.003436048709387123	0.7723953364279683	0.6625923	null
"GO:0045150"	"acetoin catabolic process"	2	3.531478917042255	0.008366138655592284	0.734845770397249	0.91912477	45151
"GO:0045227"	"capsule polysaccharide biosynthetic process"	7	3.253580289562183	0.004410744475087195	0.815024250298485	0.59292206	null
"GO:0045429"	"positive regulation of nitric oxide biosynthetic process"	8	3.5691397254724593	0.009124235362247896	0.9722590094898834	0.56748546	null
"GO:0045454"	"cell redox homeostasis"	201	5.117264665155044	0.32242985156417253	0.9775945547874667	-0	null
"GO:0045600"	"positive regulation of fat cell differentiation"	2	3.6744937172963503	0.011629892658921314	0.9746592843090164	0.66056531	null
"GO:0045820"	"negative regulation of glycolytic process"	6	3.706803097037338	0.012528286483367087	0.9569055908828905	0.61917137	null
"GO:0000820"	"regulation of glutamine family amino acid metabolic process"	5	4.00199317382353	0.02472429031933642	0.9681259097132273	0.73427672	45820
"GO:0006111"	"regulation of gluconeogenesis"	2	4.006594386184137	0.024987655084310934	0.9686574698078956	0.76667952	45820
"GO:0043456"	"regulation of pentose-phosphate shunt"	6	3.6501131644435714	0.010994863599450054	0.9657234684223649	0.96216193	45820
"GO:0045936"	"negative regulation of phosphate metabolic process"	1	4.865494841477892	0.18057715871360047	0.9572960070478169	0.82413658	45820
"GO:1900079"	"regulation of arginine biosynthetic process"	1	3.6463056802847587	0.01089887083464626	0.9693979386678105	0.94372504	45820
"GO:1905706"	"regulation of mitochondrial ATP synthesis coupled proton transport"	1	3.4212747912103465	0.006490587712502752	0.9687507058941003	0.90009905	45820
"GO:0045881"	"positive regulation of sporulation resulting in formation of a cellular spore"	30	4.03462845662532	0.026653991027187074	0.9745646802630109	0.63312306	null
"GO:0045892"	"negative regulation of DNA-templated transcription"	1363	5.754521101611824	1.3986022764265744	0.9496713656613209	0.25724632	null
"GO:0006449"	"regulation of translational termination"	1	4.2048522369282155	0.03944564227552867	0.961532372205611	0.79826446	45892
"GO:0031564"	"transcription antitermination"	4	4.506748493767075	0.079051272492397	0.9517481949662729	0.73744801	45892
"GO:0045727"	"positive regulation of translation"	1	4.732691230068507	0.13300166766507346	0.958766140454381	0.77059212	45892
"GO:0045905"	"positive regulation of translational termination"	2	3.847017097935354	0.017303311194119965	0.960972613224956	0.75664494	45892
"GO:0045893"	"positive regulation of DNA-templated transcription"	23	5.793807839906026	1.531020603443994	0.9571010687010968	0.46174448	null
"GO:0045900"	"negative regulation of translational elongation"	8	4.2070146586829	0.03964255051102364	0.9551472881543208	0.66841139	null
"GO:0045901"	"positive regulation of translational elongation"	1	3.719579857713723	0.01290241213080752	0.963839610908435	0.89758136	45900
"GO:0045926"	"negative regulation of growth"	3	4.494391164387891	0.07683359349013497	0.9693159897184027	0.5108185	null
"GO:0046103"	"inosine biosynthetic process"	16	4.036748629172203	0.026784442733202483	0.6926906779431484	0.67334894	null
"GO:0046498"	"S-adenosylhomocysteine metabolic process"	2	3.126780577012009	0.0032932902386532733	0.6837681753741677	0.7021319	46103
"GO:0046104"	"thymidine metabolic process"	3	3.9334872878487053	0.02111594690389121	0.7316819123554394	0.66296253	null
"GO:0046166"	"glyceraldehyde-3-phosphate biosynthetic process"	11	4.16172726971602	0.03571669256584279	0.7771796333878451	0.67208535	null
"GO:0046189"	"phenol-containing compound biosynthetic process"	110	4.458365857761262	0.07071713142507265	0.8554959829709977	0.51070462	null
"GO:0009696"	"salicylic acid metabolic process"	8	4.069112851387121	0.02885690191178698	0.7466019890098705	0.82683531	46189
"GO:0009697"	"salicylic acid biosynthetic process"	31	3.8726223790252883	0.018354308901074336	0.7191242555457146	0.83284139	46189
"GO:0009712"	"catechol-containing compound metabolic process"	15	4.465427468452574	0.07187642866154925	0.9092296896263921	0.87890252	46189
"GO:0019619"	"3,4-dihydroxybenzoate catabolic process"	18	3.732634967539196	0.013296228601797447	0.7007798127413892	0.84003446	46189
"GO:0042438"	"melanin biosynthetic process"	74	3.784902449886655	0.014997023485885198	0.8484438400402126	0.79313763	46189
"GO:0046278"	"3,4-dihydroxybenzoate metabolic process"	17	4.00650882777529	0.024982732378423564	0.7483146996703718	0.8191692	46189
"GO:0046279"	"3,4-dihydroxybenzoate biosynthetic process"	6	3.4743619760326307	0.007334831772187411	0.7326095317227221	0.89914204	46189
"GO:1901023"	"4-hydroxyphenylacetate catabolic process"	1	3.1420764610732848	0.0034114351799502517	0.7251385777570939	0.72618143	46189
"GO:1902000"	"homogentisate catabolic process"	8	3.7740057302582093	0.014625359191388455	0.6997850995986226	0.87279561	46189
"GO:0046281"	"cinnamic acid catabolic process"	6	2.9410142437055695	0.002146299766895108	0.737751149858505	0.62351169	null
"GO:0046306"	"alkanesulfonate catabolic process"	160	4.237970785416336	0.04257156051401123	0.6965971394495468	0.3606568	null
"GO:0006751"	"glutathione catabolic process"	3	4.342837036916425	0.05419899181998885	0.7566970201605998	0.85145188	46306
"GO:0019448"	"L-cysteine catabolic process"	2	3.880927865267085	0.018708743724965272	0.6750821123500891	0.97776355	46306
"GO:0019450"	"L-cysteine catabolic process to pyruvate"	3	3.71281800020785	0.01270304254236887	0.6750013654961773	0.77762667	46306
"GO:0043418"	"homocysteine catabolic process"	1	3.5482665451707454	0.008695959950046349	0.6882205213812178	0.89469505	46306
"GO:1902777"	"6-sulfoquinovose(1-) catabolic process"	3	3.4429498695778618	0.0068228703599005035	0.69415372549331	0.74977535	46306
"GO:0046359"	"butyrate catabolic process"	9	3.5281450782531065	0.008302143479056423	0.703562609477404	0.5588522	null
"GO:0019543"	"propionate catabolic process"	1	4.091596620810058	0.030390324795704016	0.6808853951427035	0.89774191	46359
"GO:0019605"	"butyrate metabolic process"	7	3.7420964023032446	0.013589129602096208	0.749059919463894	0.78381217	46359
"GO:0019629"	"propionate catabolic process, 2-methylcitrate cycle"	1	3.8681740408596386	0.01816724607735412	0.6902488489949621	0.93980887	46359
"GO:0019678"	"propionate metabolic process, methylmalonyl pathway"	5	3.868879446237088	0.018196782312678364	0.744652115745515	0.81892893	46359
"GO:0046373"	"L-arabinose metabolic process"	68	4.251443535033363	0.04391299786832067	0.7838319137458041	0.44547944	null
"GO:0005997"	"xylulose metabolic process"	3	3.966517176446792	0.022784744199711025	0.7928927040195418	0.75715823	46373
"GO:0005998"	"xylulose catabolic process"	5	3.5878231713189552	0.009525435892068886	0.7462944688292371	0.7865921	46373
"GO:0006014"	"D-ribose metabolic process"	1	4.235907027040692	0.04236972957262889	0.7848545958578136	0.78746678	46373
"GO:0019303"	"D-ribose catabolic process"	23	4.015820634262069	0.025524230026034718	0.7315427995489134	0.76252972	46373
"GO:0019323"	"pentose catabolic process"	35	4.611202692182174	0.10054626774961603	0.7083297420287807	0.85506553	46373
"GO:0019566"	"arabinose metabolic process"	7	4.312135025479961	0.05049957834562721	0.7824648869602521	0.81570618	46373
"GO:0019569"	"L-arabinose catabolic process to xylulose 5-phosphate"	6	3.690727543870367	0.012072936188784984	0.6749942772214611	0.905781	46373
"GO:0019571"	"D-arabinose catabolic process"	2	3.076276255404218	0.0029314713559312772	0.7614010476935854	0.83521249	46373
"GO:0042732"	"D-xylose metabolic process"	66	4.4082060347300205	0.06300325129955744	0.779375944592357	0.80815682	46373
"GO:0046487"	"glyoxylate metabolic process"	13	4.410439786210347	0.06332814988812413	0.7555080534860356	0.54309048	null
"GO:0046491"	"L-methylmalonyl-CoA metabolic process"	57	4.1615776110488705	0.03570438580112436	0.7019292743366823	0.4782553	null
"GO:0006084"	"acetyl-CoA metabolic process"	13	4.982415973744758	0.23636618453521116	0.6633898875060426	0.92963337	46491
"GO:0006085"	"acetyl-CoA biosynthetic process"	14	4.795059294355719	0.1535416579801419	0.6434307326901414	0.89559017	46491
"GO:0006086"	"acetyl-CoA biosynthetic process from pyruvate"	31	4.490337794344103	0.07611980113646573	0.6230478152551643	0.84524699	46491
"GO:0006637"	"acyl-CoA metabolic process"	43	5.306300619215061	0.4982787512729502	0.6452849939638109	0.79691544	46491
"GO:0035336"	"long-chain fatty-acyl-CoA metabolic process"	10	4.1891533029618895	0.03804513245057074	0.6796517542367826	0.80075607	46491
"GO:0046949"	"fatty-acyl-CoA biosynthetic process"	4	4.08429022853693	0.02988328608930448	0.6561363354381174	0.92347282	46491
"GO:2001295"	"malonyl-CoA biosynthetic process"	30	4.3304543597219975	0.05267541434784657	0.6671360628320752	0.82103121	46491
"GO:0046500"	"S-adenosylmethionine metabolic process"	2	4.6576103243042395	0.11188572076118225	0.8668524686348016	0.66139245	null
"GO:0046657"	"folic acid catabolic process"	22	3.6735737964230517	0.011605279129484444	0.6983642079726392	0.6935915	null
"GO:0006527"	"arginine catabolic process"	4	4.454692449239477	0.07012148401270038	0.6719024226694629	0.83601172	46657
"GO:0006538"	"glutamate catabolic process"	22	4.298612947759947	0.04895138734404807	0.6715026430002675	0.82191292	46657
"GO:0015941"	"pantothenate catabolic process"	4	3.926342446625655	0.02077135749177502	0.6894033625038791	0.90226291	46657
"GO:0019854"	"L-ascorbic acid catabolic process"	1	3.2113875529368587	0.004002159886435144	0.7156019609965203	0.82482766	46657
"GO:0033611"	"oxalate catabolic process"	4	3.060697840353612	0.002828094532296421	0.7482848629270834	0.70194959	46657
"GO:0042838"	"D-glucarate catabolic process"	14	3.3271545124094315	0.005225452299447608	0.7211324499507615	0.72472624	46657
"GO:0046677"	"response to antibiotic"	1738	5.115703683637	0.32127301568063965	0.9464051775677004	0.30659944	null
"GO:0046685"	"response to arsenic-containing substance"	19	4.280737673504682	0.04697738228321105	0.953309236639686	0.44920193	null
"GO:0046688"	"response to copper ion"	92	3.9962051061783246	0.024396930377826045	0.9498572327614101	0.69759905	null
"GO:0010043"	"response to zinc ion"	16	4.342027688087472	0.05409807634929769	0.947228192001415	0.75943763	46688
"GO:0046686"	"response to cadmium ion"	37	4.053884790394692	0.027862515322537414	0.9494370220669306	0.72279393	46688
"GO:0046689"	"response to mercury ion"	2	3.6924944075030846	0.012122163247658723	0.9519597309891423	0.67018743	null
"GO:0046938"	"phytochelatin biosynthetic process"	2	3.2052043639481447	0.0039455487687303425	0.8802208333516204	0.64799243	null
"GO:0046951"	"ketone body biosynthetic process"	8	4.00026049854739	0.024625836201588938	0.7316147883180364	0.4947978	null
"GO:0046952"	"ketone body catabolic process"	2	3.5996647787884166	0.0097888006570434	0.7233831018728077	0.90864565	46951
"GO:0048034"	"heme O biosynthetic process"	2	3.8902533051545345	0.019114866960673636	0.8909422817995194	0.67476584	null
"GO:0048194"	"Golgi vesicle budding"	5	3.9053100621160857	0.019789277667243886	0.923936551267231	0.33829225	null
"GO:0048511"	"rhythmic process"	1	4.754172441415161	0.13974577473077598	1	-0	null
"GO:0050482"	"arachidonate secretion"	28	4.1640255242878395	0.03590621674250669	0.9353043119157053	0.67071374	null
"GO:0044539"	"long-chain fatty acid import into cell"	8	3.643353961976863	0.01082503024633565	0.937742038514488	0.82058918	50482
"GO:0050804"	"modulation of chemical synaptic transmission"	2	5.00094573149735	0.24666940795748515	0.974388423654234	0.49843061	null
"GO:0050832"	"defense response to fungus"	10	4.367206781435987	0.0573273714114151	0.9438498113218734	0.69173465	null
"GO:0050992"	"dimethylallyl diphosphate biosynthetic process"	25	4.151584339359896	0.03489213932970763	0.7818897783709357	0.59753395	null
"GO:0051017"	"actin filament bundle assembly"	2	4.452384521206279	0.06974981971820364	0.9451006548660744	0.42220388	null
"GO:0030041"	"actin filament polymerization"	2	4.365413100076178	0.05709108152882114	0.9434565549559898	0.72270221	51017
"GO:0030042"	"actin filament depolymerization"	1	4.108362034955172	0.031586542326335926	0.9486000162939089	0.87642762	51017
"GO:0051085"	"chaperone cofactor-dependent protein refolding"	13	4.829766773388633	0.1663160797578777	0.8205476327381342	0.69242144	null
"GO:0051083"	"'de novo' cotranslational protein folding"	1	4.135418905027852	0.03361715850487773	0.8390372009832189	0.85765433	51085
"GO:0051131"	"chaperone-mediated protein complex assembly"	22	4.191730393362857	0.03827157692138995	0.951034670356025	0.52640084	null
"GO:0051156"	"glucose 6-phosphate metabolic process"	6	5.0823005563818535	0.2974889621857917	0.7982937745826095	0.56622076	null
"GO:0051205"	"protein insertion into membrane"	19	4.743070544670286	0.13621865596247243	0.905957834511301	0.67389409	null
"GO:0006614"	"SRP-dependent cotranslational protein targeting to membrane"	3	4.8208842300053645	0.16294894893091383	0.9329364767785334	0.79374776	51205
"GO:0043001"	"Golgi to plasma membrane protein transport"	5	4.277425832275861	0.046620486106376424	0.9266659707850766	0.87910125	51205
"GO:0061025"	"membrane fusion"	1	5.077007964085337	0.29388554147623386	0.9533759776666153	0.70521901	51205
"GO:0072659"	"protein localization to plasma membrane"	8	4.879588985522493	0.18653363283732313	0.9333792748270914	0.73950173	51205
"GO:0089705"	"protein localization to outer membrane"	1	3.4938761108528227	0.0076720371254725365	0.9462037019509413	0.77844543	51205
"GO:0051258"	"protein polymerization"	1	4.848423141732414	0.1736164525888535	0.94554703798056	0.59147964	null
"GO:0051259"	"protein complex oligomerization"	1	4.980952778597704	0.23557116753440024	0.9442879312531322	0.60661447	null
"GO:0051289"	"protein homotetramerization"	3	3.8003045775561985	0.015538521133496352	0.952752948870072	0.49400079	null
"GO:0051260"	"protein homooligomerization"	1	4.721975401585953	0.12976006583823763	0.9455687505400031	0.83442507	51289
"GO:0051262"	"protein tetramerization"	1	4.211894423300987	0.04009051674677468	0.9497908071881296	0.72768569	51289
"GO:0051301"	"cell division"	199	5.748023584395164	1.377833380287743	0.9830307754386285	0.01831906	null
"GO:0051302"	"regulation of cell division"	2	4.835049752339172	0.16835161864230688	0.9763643910526737	0.20418674	null
"GO:0051304"	"chromosome separation"	4	4.139249217571607	0.03391498221106387	0.9825332457248541	0.5245312	null
"GO:0051410"	"detoxification of nitrogen compound"	3	3.0863598306747484	0.0030003892383545145	0.957827487672303	0.56534931	null
"GO:0051470"	"ectoine transmembrane transport"	6	3.0269416279590295	0.002616418179139335	0.9357298490836374	0.58059487	null
"GO:0051604"	"protein maturation"	57	5.957500016962309	2.2318933155118255	0.785912083299083	0.51245829	null
"GO:0051701"	"biological process involved in interaction with host"	37	4.475540444554744	0.07356983948680594	0.9860322631279311	0.65641642	null
"GO:0019062"	"virion attachment to host cell"	1	3.718667735316211	0.012875337248426962	0.9869576444404403	0.94399163	51701
"GO:0046813"	"receptor-mediated virion attachment to host cell"	23	3.4915017662373264	0.007630194125429857	0.9873067862759322	0.84639362	51701
"GO:0051726"	"regulation of cell cycle"	1	5.5993895729336165	0.9785034787039558	0.9725763701016279	0.24644167	null
"GO:0051775"	"response to redox state"	2	3.61689542640076	0.010185078480977015	0.9696635164288007	0.22563468	null
"GO:0051782"	"negative regulation of cell division"	164	4.313972618860607	0.05071371605172799	0.9689814943338522	0.50765847	null
"GO:0051793"	"medium-chain fatty acid catabolic process"	2	3.726645720240912	0.013114088483964604	0.6984089353273465	0.59062751	null
"GO:0052645"	"F420-0 metabolic process"	15	3.4220971631317103	0.006502894477221188	0.7225188977031756	0.45741035	null
"GO:0006072"	"glycerol-3-phosphate metabolic process"	10	4.663191909160893	0.11333299629207023	0.8091264963079453	0.9151587	52645
"GO:0019521"	"D-gluconate metabolic process"	4	4.329275812236455	0.05253265587711273	0.7392806948846103	0.86482967	52645
"GO:0034194"	"D-galactonate catabolic process"	4	3.571941635074462	0.009183307832896385	0.7114996579163249	0.76941508	52645
"GO:0046167"	"glycerol-3-phosphate biosynthetic process"	5	4.131073048034346	0.0332824145045363	0.7938079957559137	0.85334378	52645
"GO:0046168"	"glycerol-3-phosphate catabolic process"	15	4.1906957924917325	0.038180506862473526	0.7520893918552702	0.76579213	52645
"GO:0052699"	"ergothioneine biosynthetic process"	29	3.7709256146389993	0.0145219823677536	0.724672065426704	0.4449823	null
"GO:0009437"	"carnitine metabolic process"	3	4.094436188017956	0.030589694384142666	0.8932164563249936	0.87363036	52699
"GO:0045329"	"carnitine biosynthetic process"	6	3.6901074394563307	0.012055706718179173	0.8708236193576651	0.86957557	52699
"GO:0052837"	"thiazole biosynthetic process"	4	3.6652056284346006	0.011383757364552608	0.8481739366430724	0.46599377	null
"GO:0052865"	"1-deoxy-D-xylulose 5-phosphate biosynthetic process"	19	3.961088719767896	0.022501688611187017	0.8012157552571118	0.39678128	null
"GO:0055070"	"copper ion homeostasis"	24	4.53378476429838	0.08412904361522339	0.978176761196644	0.60411045	null
"GO:0055085"	"transmembrane transport"	1597	6.721216453410256	12.953593503918547	0.9215327106163377	0.54364926	null
"GO:0055088"	"lipid homeostasis"	43	4.806295318137176	0.1575659700430702	0.9785904934826177	0.63520733	null
"GO:0055091"	"phospholipid homeostasis"	25	3.9367649976099415	0.021275934845230864	0.9812071277486644	0.54559204	null
"GO:0060003"	"copper ion export"	1	2.921166050637739	0.002050307002091313	0.9441994545404487	0.69737166	null
"GO:0060070"	"canonical Wnt signaling pathway"	1	4.631149404322859	0.10527206540149517	0.9272410320034243	0.6068547	null
"GO:0061044"	"negative regulation of vascular wound healing"	1	2.606381365110605	0.0009919252363058814	0.9718459256615904	0.57902454	null
"GO:0061504"	"cyclic threonylcarbamoyladenosine biosynthetic process"	20	3.885191540606848	0.0188933451957418	0.7901375547400638	0.37991728	null
"GO:0070060"	"'de novo' actin filament nucleation"	1	2.824125833916549	0.0016392610604955755	0.9622329013191515	0.58238794	null
"GO:0070085"	"glycosylation"	4	5.5271837789632015	0.8286218525510767	0.9457029609562672	0.0540798	null
"GO:0070221"	"sulfide oxidation, using sulfide:quinone oxidoreductase"	4	3.587935348636356	0.009527897245012573	0.8862277219872355	0.42867208	null
"GO:0070297"	"regulation of phosphorelay signal transduction system"	13	3.49373680227684	0.0076695757725288504	0.9781616694251366	0.15695599	null
"GO:0070478"	"nuclear-transcribed mRNA catabolic process, 3'-5' exonucleolytic nonsense-mediated decay"	1	3.7327956982893293	0.013301151307684823	0.7615807093271154	0.55341303	null
"GO:0070490"	"protein pupylation"	3	3.7074850119674734	0.012547977306916584	0.9074456661007717	0.62851661	null
"GO:0070507"	"regulation of microtubule cytoskeleton organization"	2	4.686636269262293	0.11961929171024697	0.9726357029399838	0.19760776	null
"GO:0030833"	"regulation of actin filament polymerization"	1	4.899316997918055	0.19520251790498894	0.9225077047883965	0.82242533	70507
"GO:0070681"	"glutaminyl-tRNAGln biosynthesis via transamidation"	2	4.3560067248562	0.05586778911580867	0.7851173613603476	0.63464705	null
"GO:0070813"	"hydrogen sulfide metabolic process"	13	4.363912685794346	0.056894173293326175	0.8728055778662835	0.62318815	null
"GO:0070814"	"hydrogen sulfide biosynthetic process"	9	4.134495855834674	0.033545779269510814	0.8377949626612736	0.49590422	null
"GO:0070929"	"trans-translation"	1	3.963740618857884	0.02263952437603349	0.8407887887520914	0.64401321	null
"GO:0070988"	"demethylation"	1	4.359114220414906	0.056268989645629666	0.9558724833024361	0.03209705	null
"GO:0071333"	"cellular response to glucose stimulus"	1	3.9568404901592333	0.022282628199198868	0.9194924696025896	0.58684542	null
"GO:0071555"	"cell wall organization"	682	5.575150882122251	0.9253874821791894	0.9383014880971063	0.01746724	null
"GO:0000270"	"peptidoglycan metabolic process"	60	5.546652457010185	0.8666128352368861	0.8293546852773602	0.92944859	71555
"GO:0009252"	"peptidoglycan biosynthetic process"	510	5.395560516915173	0.6119735664477425	0.7139904999255207	0.85978205	71555
"GO:0030198"	"extracellular matrix organization"	44	4.970964864234775	0.23021526352893723	0.9532279103671708	0.81092632	71555
"GO:0030203"	"glycosaminoglycan metabolic process"	37	5.602164209497939	0.9847750060044705	0.8277133142217935	0.95778838	71555
"GO:0042545"	"cell wall modification"	19	4.342600310415772	0.05416945558466461	0.9501055412314608	0.7147797	71555
"GO:0044038"	"cell wall macromolecule biosynthetic process"	21	5.4218111543335725	0.6501048462513422	0.7825517921878753	0.93411444	71555
"GO:0085029"	"extracellular matrix assembly"	11	3.9170851906405675	0.020333236667798727	0.952585190741451	0.83051033	71555
"GO:0071731"	"response to nitric oxide"	28	3.623456048069934	0.0103401437164293	0.9542652453793689	0.40362288	null
"GO:0071766"	"Actinobacterium-type cell wall biogenesis"	38	4.2746657690813885	0.04632512375313398	0.9476803985315715	0.68024243	null
"GO:0071770"	"DIM/DIP cell wall layer assembly"	334	4.253168325901442	0.04408775392732245	0.9445294202330127	0.67752888	null
"GO:0071897"	"DNA biosynthetic process"	8	5.4952986766316325	0.7699653505500705	0.7494759566744663	0.61482406	null
"GO:0080037"	"negative regulation of cytokinin-activated signaling pathway"	1	3.116275587580544	0.0032145269444552884	0.9713594640020221	0.41183981	null
"GO:0080120"	"CAAX-box protein maturation"	85	4.537264858754543	0.08480591567473733	0.8297197661756643	0.54519947	null
"GO:0085020"	"protein K6-linked ubiquitination"	14	3.5803546611065915	0.00936298659778554	0.9090645187303855	0.61504439	null
"GO:0090071"	"negative regulation of ribosome biogenesis"	2	4.0255106728525805	0.026100186614857485	0.9685301165169753	0.48072589	null
"GO:0090374"	"oligopeptide export from mitochondrion"	14	3.7617023675414125	0.014216774602736406	0.9387079745819011	0.69699162	null
"GO:0097171"	"ADP-L-glycero-beta-D-manno-heptose biosynthetic process"	1	3.4435758797502576	0.006832715771675253	0.7238678645233317	0.67248213	null
"GO:0097173"	"N-acetylmuramic acid catabolic process"	4	3.4987239707479048	0.007758184478501584	0.7444711621734535	0.44196752	null
"GO:0097175"	"1,6-anhydro-N-acetyl-beta-muramic acid catabolic process"	8	3.590618948206578	0.009586969715661062	0.7308772678584678	0.54440121	null
"GO:0097176"	"epoxide metabolic process"	51	4.030235296012244	0.026385703556325184	0.8346590810642112	0.25000838	null
"GO:0033494"	"ferulate metabolic process"	6	2.941511432634403	0.002148761119838795	0.7830805495338653	0.82839299	97176
"GO:0098795"	"global gene silencing by mRNA cleavage"	1	2.9111576087399764	0.0020035412961612593	0.9640720769868365	0.53624828	null
"GO:0106300"	"protein-DNA covalent cross-linking repair"	5	4.064832219738574	0.028573846323262972	0.8267624333847402	0.46973777	null
"GO:0110051"	"metabolite repair"	9	4.064233296034753	0.028534464676163978	0.9147228799118327	0.07316054	null
"GO:0140114"	"cellular detoxification of fluoride"	64	4.020154031638333	0.025780210732178167	0.937589101397374	0.42995396	null
"GO:0050787"	"detoxification of mercury ion"	1	3.586699801624049	0.009500822362632015	0.9501780049836499	0.87186708	140114
"GO:0140291"	"peptidyl-glutamate ADP-deribosylation"	7	3.5472823079633033	0.008676269126496853	0.9112059038295758	0.33283885	null
"GO:0140647"	"P450-containing electron transport chain"	7	4.053731315887608	0.027852669910762663	0.8976022861299899	0.4744191	null
"GO:0140673"	"transcription elongation-coupled chromatin remodeling"	19	4.302460807910379	0.049387046815080674	0.7742575426068602	0.61130549	null
"GO:0006367"	"transcription initiation at RNA polymerase II promoter"	4	4.892250475298266	0.1920519861370695	0.7736643051745874	0.75498476	140673
"GO:1900376"	"regulation of secondary metabolite biosynthetic process"	32	4.4017623021368255	0.062075321239787415	0.9708027195304342	0.28921468	null
"GO:2000762"	"regulation of phenylpropanoid metabolic process"	1	3.3736474722092176	0.005816177005932501	0.9757066713469001	0.84844909	1900376
"GO:1900753"	"doxorubicin transport"	82	3.8881233072979087	0.019021335548813526	0.9429822679868549	0.39554278	null
"GO:0015918"	"sterol transport"	1	4.479373734640201	0.07422209801688301	0.9502038233845456	0.77458419	1900753
"GO:0043215"	"daunorubicin transport"	82	3.885813374660489	0.018920420078122356	0.9440437651190279	0.99623402	1900753
"GO:1901052"	"sarcosine metabolic process"	2	3.3694014136966244	0.005759565888227698	0.7596929934818591	0.56714486	null
"GO:1901135"	"carbohydrate derivative metabolic process"	129	6.429946135493561	6.623993042050591	0.9337519181326124	0.11472087	null
"GO:1901136"	"carbohydrate derivative catabolic process"	7	5.704056953207529	1.245173840681842	0.7692176126923529	0.67399935	null
"GO:1901137"	"carbohydrate derivative biosynthetic process"	115	6.247150517744046	4.348346716611784	0.7784673064935239	0.52368292	null
"GO:0019693"	"ribose phosphate metabolic process"	23	5.9265178785086015	2.078218744472724	0.76417722125381	0.72325675	1901137
"GO:1901530"	"response to hypochlorite"	1	2.829303772831025	0.0016589518840450723	0.950354191366357	0.57836405	null
"GO:1902201"	"negative regulation of bacterial-type flagellum-dependent cell motility"	21	4.576525627065205	0.0928299262711571	0.9664256133104933	0.53493543	null
"GO:0030334"	"regulation of cell migration"	1	5.046436630136641	0.2739092009852698	0.9742027266714122	0.85711356	1902201
"GO:1902600"	"proton transmembrane transport"	150	5.774673137677676	1.4650292696708005	0.9183385994970397	0.31231947	null
"GO:0030001"	"metal ion transport"	31	6.016606351619008	2.557289097373141	0.9351549816293461	0.7786961	1902600
"GO:0034220"	"monoatomic ion transmembrane transport"	19	6.242153421106761	4.298600312266925	0.9133647910039551	0.84077071	1902600
"GO:0071805"	"potassium ion transmembrane transport"	1	5.353237054922488	0.5551483110368395	0.9221592686579826	0.70156261	1902600
"GO:0098662"	"inorganic cation transmembrane transport"	1	6.125479313810896	3.285888950351606	0.9208505483851607	0.82243129	1902600
"GO:1904380"	"endoplasmic reticulum mannose trimming"	4	3.714245911017894	0.012744885542411547	0.8488604338784558	0.62308145	null
"GO:1990961"	"xenobiotic detoxification by transmembrane export across the plasma membrane"	25	4.487095934203289	0.0755536899594177	0.8939606050418764	0.65632138	null
"GO:0036376"	"sodium ion export across plasma membrane"	2	4.271934493817765	0.046034684105778906	0.9311650881725918	0.86701491	1990961
"GO:0120029"	"proton export across plasma membrane"	1	3.9318137039591394	0.021034722256749537	0.9366251905450221	0.82363763	1990961
"GO:2000142"	"regulation of DNA-templated transcription initiation"	4	5.2998623467089185	0.49094638085370645	0.9650309009013042	0.40696129	null
"GO:2000143"	"negative regulation of DNA-templated transcription initiation"	1	3.8932622858879915	0.019247780019632735	0.9636028595403425	0.65621798	null
"GO:2000812"	"regulation of barbed-end actin filament capping"	1	3.305566313515304	0.004971932946247842	0.938067597194638	0.64100097	null
