,estimated_frequency
Strep_C0,0.11136757272179186
Strep_C10000,0.11136757272179186
Strep_C10001,0.99999999
Strep_C10002,0.11136757272179186
Strep_C10003,0.334259100712907
Strep_C10004,0.333266628208235
Strep_C10005,0.8889131171654778
Strep_C10006,0.11136757272179186
Strep_C10007,0.11136757272179186
Strep_C10008,0.11136757272179186
Strep_C10009,0.351325490499599
Strep_C1000,0.8673259655154397
Strep_C10010,0.351325490499599
Strep_C10011,0.23305302815717163
Strep_C10012,0.7778688864057204
Strep_C10013,0.4712762061295706
Strep_C10014,0.5936452796634148
Strep_C10015,0.23305302815717163
Strep_C10016,0.23305302815717163
Strep_C10017,0.2337017810381666
Strep_C10018,0.35245843672205746
Strep_C10019,0.2337017810381666
Strep_C1001,0.11136757272179186
Strep_C10020,0.2337017810381666
Strep_C10021,0.3524582818100281
Strep_C10022,0.11634201451864289
Strep_C10023,0.11634201451864289
Strep_C10024,0.5936452796634148
Strep_C10025,0.11634201451864289
Strep_C10026,0.11634201451864289
Strep_C10027,0.7198634438443039
Strep_C10028,0.23370228693111114
Strep_C10029,0.23370228693111114
Strep_C1002,0.11136757272179186
Strep_C10030,0.44444957634747156
Strep_C10031,0.1163415109155265
Strep_C10032,0.23370228693111114
Strep_C10033,0.1163415109155265
Strep_C10034,0.1163415109155265
Strep_C10035,0.99999999
Strep_C10036,0.99999999
Strep_C10037,0.8524331858472348
Strep_C10038,0.99999999
Strep_C10039,0.23370178103816636
Strep_C1003,0.351325490499599
Strep_C10040,0.47311651524910325
Strep_C10041,0.99999999
Strep_C10042,0.35245843672205746
Strep_C10043,0.47311830745470035
Strep_C10044,0.5936452796634148
Strep_C10045,0.99999999
Strep_C10046,0.8889223478224411
Strep_C10047,0.11634201451864289
Strep_C10048,0.23370178103816636
Strep_C10049,0.7778688864057204
Strep_C1004,0.35245843672205746
Strep_C10050,0.7256406595528874
Strep_C10051,0.5967214293920762
Strep_C10052,0.99999999
Strep_C10053,0.23370178103816636
Strep_C10054,0.351325490499599
Strep_C10055,0.11634201451864289
Strep_C10056,0.11136757272179186
Strep_C10057,0.333266628208235
Strep_C10058,0.333266628208235
Strep_C10059,0.11136757272179186
Strep_C1005,0.35245843672205746
Strep_C10060,0.44444957634747156
Strep_C10061,0.11136757272179186
Strep_C10062,0.99999999
Strep_C10063,0.99999999
Strep_C10064,0.23305302815717163
Strep_C10065,0.23305302815717163
Strep_C10066,0.1160600458814914
Strep_C10067,0.23305302815717163
Strep_C10068,0.8524313909199117
Strep_C10069,0.99999999
Strep_C1006,0.8889131171654778
Strep_C10070,0.47311830745470035
Strep_C10071,0.23370228693111114
Strep_C10072,0.3524582818100281
Strep_C10073,0.11634201451864289
Strep_C10074,0.11634201451864289
Strep_C10075,0.11634201451864289
Strep_C10076,0.670453025682897
Strep_C10077,0.2337017810381666
Strep_C10078,0.23370228693111114
Strep_C10079,0.2337017810381666
Strep_C1007,0.11634201451864289
Strep_C10080,0.11634201451864289
Strep_C10081,0.23370228693111114
Strep_C10082,0.1163415109155265
Strep_C10083,0.1163415109155265
Strep_C10084,0.5936427844819077
Strep_C10085,0.1163415109155265
Strep_C10086,0.1163415109155265
Strep_C10087,0.1163415109155265
Strep_C10088,0.99999999
Strep_C10089,0.23370228693111114
Strep_C1008,0.47311830745470035
Strep_C10090,0.11634201451864289
Strep_C10091,0.23370178103816636
Strep_C10092,0.334259100712907
Strep_C10093,0.11634201451864289
Strep_C10094,0.7847940789287989
Strep_C10095,0.11634201451864289
Strep_C10096,0.11634201451864289
Strep_C10097,0.35245843672205746
Strep_C10098,0.2337017810381666
Strep_C10099,0.35245843672205746
Strep_C1009,0.8889131171654778
Strep_C100,0.11634201451864289
Strep_C10100,0.5936452796634148
Strep_C10101,0.11634201451864289
Strep_C10102,0.5936427844819077
Strep_C10103,0.11634201451864289
Strep_C10104,0.11634201451864289
Strep_C10105,0.11634201451864289
Strep_C10106,0.11634201451864289
Strep_C10107,0.11634201451864289
Strep_C10108,0.11634201451864289
Strep_C10109,0.7256406595528874
Strep_C1010,0.99999999
Strep_C10110,0.8889131171654778
Strep_C10111,0.99999999
Strep_C10112,0.11136757272179186
Strep_C10113,0.8889131171654778
Strep_C10114,0.11136757272179186
Strep_C10115,0.23305302815717163
Strep_C10116,0.99999999
Strep_C10117,0.23305302815717163
Strep_C10118,0.8889131171654778
Strep_C10119,0.23305302815717163
Strep_C1011,0.11136757272179186
Strep_C10120,0.1160600458814914
Strep_C10121,0.47311830745470035
Strep_C10122,0.11634201451864289
Strep_C10123,0.2337017810381666
Strep_C10124,0.99999999
Strep_C10125,0.47311651524910325
Strep_C10126,0.5967214293920762
Strep_C10127,0.99999999
Strep_C10128,0.11634201451864289
Strep_C10129,0.3524582818100281
Strep_C1012,0.23305302815717163
Strep_C10130,0.11634201451864289
Strep_C10131,0.5936452796634148
Strep_C10132,0.11634201451864289
Strep_C10133,0.11634201451864289
Strep_C10134,0.11634201451864289
Strep_C10135,0.47311830745470035
Strep_C10136,0.47311830745470035
Strep_C10137,0.47311830745470035
Strep_C10138,0.11634201451864289
Strep_C10139,0.11634201451864289
Strep_C1013,0.8889223478224411
Strep_C10140,0.1163415109155265
Strep_C10141,0.1163415109155265
Strep_C10142,0.1163415109155265
Strep_C10143,0.99999999
Strep_C10144,0.1163415109155265
Strep_C10145,0.5936427844819077
Strep_C10146,0.1163415109155265
Strep_C10147,0.99999999
Strep_C10148,0.23370178103816636
Strep_C10149,0.99999999
Strep_C1014,0.23370178103816636
Strep_C10150,0.99999999
Strep_C10151,0.35245843672205746
Strep_C10152,0.35245843672205746
Strep_C10153,0.47311651524910325
Strep_C10154,0.99999999
Strep_C10155,0.11634201451864289
Strep_C10156,0.11634201451864289
Strep_C10157,0.11634201451864289
Strep_C10158,0.11634201451864289
Strep_C10159,0.471274539360154
Strep_C1015,0.1163415109155265
Strep_C10160,0.351325490499599
Strep_C10161,0.11634201451864289
Strep_C10162,0.11136757272179186
Strep_C10163,0.5555546390366239
Strep_C10164,0.99999999
Strep_C10165,0.11136757272179186
Strep_C10166,0.23305302815717163
Strep_C10167,0.23305302815717163
Strep_C10168,0.99999999
Strep_C10169,0.35245843672205746
Strep_C1016,0.23305302815717163
Strep_C10170,0.2337017810381666
Strep_C10171,0.2337017810381666
Strep_C10172,0.11634201451864289
Strep_C10173,0.11634201451864289
Strep_C10174,0.35245843672205746
Strep_C10175,0.11634201451864289
Strep_C10176,0.11634201451864289
Strep_C10177,0.35245843672205746
Strep_C10178,0.35245843672205746
Strep_C10179,0.23370178103816636
Strep_C1017,0.23370228693111114
Strep_C10180,0.47127620612957083
Strep_C10181,0.11634201451864289
Strep_C10182,0.2337017810381666
Strep_C10183,0.11634201451864289
Strep_C10184,0.1163415109155265
Strep_C10185,0.1163415109155265
Strep_C10186,0.3524582818100281
Strep_C10187,0.1163415109155265
Strep_C10188,0.1163415109155265
Strep_C10189,0.1163415109155265
Strep_C1018,0.2337017810381666
Strep_C10190,0.23370228693111114
Strep_C10191,0.1163415109155265
Strep_C10192,0.1163415109155265
Strep_C10193,0.1163415109155265
Strep_C10194,0.1163415109155265
Strep_C10195,0.1163415109155265
Strep_C10196,0.1163415109155265
Strep_C10197,0.5967242474384321
Strep_C10198,0.23370178103816636
Strep_C10199,0.11634201451864289
Strep_C1019,0.23370178103816636
Strep_C101,0.2337017810381666
Strep_C10200,0.99999999
Strep_C10201,0.11634201451864289
Strep_C10202,0.7256406595528874
Strep_C10203,0.6665403377533278
Strep_C10204,0.5967242474384321
Strep_C10205,0.11634201451864289
Strep_C10206,0.11634201451864289
Strep_C10207,0.23370228693111114
Strep_C10208,0.6665403377533278
Strep_C10209,0.5967214293920762
Strep_C1020,0.11634201451864289
Strep_C10210,0.5967214293920762
Strep_C10211,0.11634201451864289
Strep_C10212,0.11634201451864289
Strep_C10213,0.11634201451864289
Strep_C10214,0.11634201451864289
Strep_C10215,0.11634201451864289
Strep_C10216,0.2337017810381666
Strep_C10217,0.11634201451864289
Strep_C10218,0.7256406595528874
Strep_C10219,0.11136757272179186
Strep_C1021,0.23305302815717163
Strep_C10220,0.11136757272179186
Strep_C10221,0.11136757272179186
Strep_C10222,0.11136757272179186
Strep_C10223,0.7198634438443039
Strep_C10224,0.23305302815717163
Strep_C10225,0.23305302815717163
Strep_C10226,0.23305302815717163
Strep_C10227,0.23305302815717163
Strep_C10228,0.47311830745470035
Strep_C10229,0.35245843672205746
Strep_C1022,0.11634201451864289
Strep_C10230,0.35245843672205746
Strep_C10231,0.11634201451864289
Strep_C10232,0.11634201451864289
Strep_C10233,0.11634201451864289
Strep_C10234,0.47311830745470035
Strep_C10235,0.1163415109155265
Strep_C10236,0.1163415109155265
Strep_C10237,0.1163415109155265
Strep_C10238,0.23370228693111114
Strep_C10239,0.23370228693111114
Strep_C1023,0.11634201451864289
Strep_C10240,0.1163415109155265
Strep_C10241,0.1163415109155265
Strep_C10242,0.99999999
Strep_C10243,0.1163415109155265
Strep_C10244,0.99999999
Strep_C10245,0.99999999
Strep_C10246,0.5936427844819077
Strep_C10247,0.334259100712907
Strep_C10248,0.11634201451864289
Strep_C10249,0.23370228693111114
Strep_C1024,0.47311830745470035
Strep_C10250,0.99999999
Strep_C10251,0.7198643407720242
Strep_C10252,0.7256406595528874
Strep_C10253,0.23370228693111114
Strep_C10254,0.23370178103816636
Strep_C10255,0.11634201451864289
Strep_C10256,0.99999999
Strep_C10257,0.5967214293920762
Strep_C10258,0.23370228693111114
Strep_C10259,0.8524331858472348
Strep_C1025,0.7256406595528874
Strep_C10260,0.11634201451864289
Strep_C10261,0.11634201451864289
Strep_C10262,0.5967214293920762
Strep_C10263,0.11634201451864289
Strep_C10264,0.471274539360154
Strep_C10265,0.44444989529753154
Strep_C10266,0.6704550730094094
Strep_C10267,0.11136757272179186
Strep_C10268,0.11136757272179186
Strep_C10269,0.333266628208235
Strep_C1026,0.11634201451864289
Strep_C10270,0.11136757272179186
Strep_C10271,0.11136757272179186
Strep_C10272,0.11136757272179186
Strep_C10273,0.11136757272179186
Strep_C10274,0.351325490499599
Strep_C10275,0.8524313909199117
Strep_C10276,0.99999999
Strep_C10277,0.333266628208235
Strep_C10278,0.23305302815717163
Strep_C10279,0.23305302815717163
Strep_C1027,0.1163415109155265
Strep_C10280,0.6665403377533278
Strep_C10281,0.7778659244097796
Strep_C10282,0.2337017810381666
Strep_C10283,0.35245843672205746
Strep_C10284,0.23370228693111114
Strep_C10285,0.99999999
Strep_C10286,0.8889131171654778
Strep_C10287,0.47127620612957083
Strep_C10288,0.11634201451864289
Strep_C10289,0.47311830745470035
Strep_C1028,0.23370228693111114
Strep_C10290,0.23370178103816636
Strep_C10291,0.7256406595528874
Strep_C10292,0.99999999
Strep_C10293,0.35245843672205746
Strep_C10294,0.35132537846575046
Strep_C10295,0.1163415109155265
Strep_C10296,0.5967214293920762
Strep_C10297,0.1163415109155265
Strep_C10298,0.1163415109155265
Strep_C10299,0.1163415109155265
Strep_C1029,0.11634201451864289
Strep_C102,0.11634201451864289
Strep_C10300,0.3524582818100281
Strep_C10301,0.99999999
Strep_C10302,0.99999999
Strep_C10303,0.11634201451864289
Strep_C10304,0.7256406595528874
Strep_C10305,0.47311830745470035
Strep_C10306,0.99999999
Strep_C10307,0.11634201451864289
Strep_C10308,0.2337017810381666
Strep_C10309,0.11634201451864289
Strep_C1030,0.11136757272179186
Strep_C10310,0.2337017810381666
Strep_C10311,0.11634201451864289
Strep_C10312,0.47311651524910325
Strep_C10313,0.47311651524910325
Strep_C10314,0.2337017810381666
Strep_C10315,0.99999999
Strep_C10316,0.23370228693111114
Strep_C10317,0.11634201451864289
Strep_C10318,0.11634201451864289
Strep_C10319,0.11634201451864289
Strep_C1031,0.11634201451864289
Strep_C10320,0.11634201451864289
Strep_C10321,0.11136757272179186
Strep_C10322,0.11136757272179186
Strep_C10323,0.11136757272179186
Strep_C10324,0.11136757272179186
Strep_C10325,0.99999999
Strep_C10326,0.11136757272179186
Strep_C10327,0.11136757272179186
Strep_C10328,0.11136757272179186
Strep_C10329,0.23305302815717163
Strep_C1032,0.3524582818100281
Strep_C10330,0.351325490499599
Strep_C10331,0.23305302815717163
Strep_C10332,0.7198634438443039
Strep_C10333,0.351325490499599
Strep_C10334,0.23305302815717163
Strep_C10335,0.23305302815717163
Strep_C10336,0.333266628208235
Strep_C10337,0.1160600458814914
Strep_C10338,0.7256406595528874
Strep_C10339,0.11634201451864289
Strep_C1033,0.11634201451864289
Strep_C10340,0.5936452796634148
Strep_C10341,0.11634201451864289
Strep_C10342,0.99999999
Strep_C10343,0.47311651524910325
Strep_C10344,0.11634201451864289
Strep_C10345,0.47311830745470035
Strep_C10346,0.11634201451864289
Strep_C10347,0.35245843672205746
Strep_C10348,0.11634201451864289
Strep_C10349,0.47311830745470035
Strep_C1034,0.1163415109155265
Strep_C10350,0.1163415109155265
Strep_C10351,0.1163415109155265
Strep_C10352,0.1163415109155265
Strep_C10353,0.1163415109155265
Strep_C10354,0.1163415109155265
Strep_C10355,0.1163415109155265
Strep_C10356,0.1163415109155265
Strep_C10357,0.1163415109155265
Strep_C10358,0.99999999
Strep_C10359,0.1163415109155265
Strep_C1035,0.11634201451864289
Strep_C10360,0.35132537846575046
Strep_C10361,0.7256406595528874
Strep_C10362,0.99999999
Strep_C10363,0.35245843672205746
Strep_C10364,0.11634201451864289
Strep_C10365,0.11634201451864289
Strep_C10366,0.11634201451864289
Strep_C10367,0.35245843672205746
Strep_C10368,0.5967214293920762
Strep_C10369,0.99999999
Strep_C1036,0.8524331858472348
Strep_C10370,0.7198643407720242
Strep_C10371,0.35245843672205746
Strep_C10372,0.11634201451864289
Strep_C10373,0.23370178103816636
Strep_C10374,0.2337017810381666
Strep_C10375,0.11634201451864289
Strep_C10376,0.47311651524910325
Strep_C10377,0.11634201451864289
Strep_C10378,0.11634201451864289
Strep_C10379,0.99999999
Strep_C1037,0.11634201451864289
Strep_C10380,0.5967214293920762
Strep_C10381,0.11634201451864289
Strep_C10382,0.99999999
Strep_C10383,0.8889131171654778
Strep_C10384,0.11136757272179186
Strep_C10385,0.5555542629982061
Strep_C10386,0.11136757272179186
Strep_C10387,0.11136757272179186
Strep_C10388,0.11136757272179186
Strep_C10389,0.99999999
Strep_C1038,0.23370228693111114
Strep_C10390,0.23305302815717163
Strep_C10391,0.23305302815717163
Strep_C10392,0.23305302815717163
Strep_C10393,0.23305302815717163
Strep_C10394,0.23305302815717163
Strep_C10395,0.23305302815717163
Strep_C10396,0.23305302815717163
Strep_C10397,0.1160600458814914
Strep_C10398,0.351325490499599
Strep_C10399,0.1160600458814914
Strep_C1039,0.11634201451864289
Strep_C103,0.2337017810381666
Strep_C10400,0.2337017810381666
Strep_C10401,0.99999999
Strep_C10402,0.11634201451864289
Strep_C10403,0.11634201451864289
Strep_C10404,0.5967242474384321
Strep_C10405,0.2337017810381666
Strep_C10406,0.11634201451864289
Strep_C10407,0.11634201451864289
Strep_C10408,0.11634201451864289
Strep_C10409,0.11634201451864289
Strep_C1040,0.1163415109155265
Strep_C10410,0.11634201451864289
Strep_C10411,0.2337017810381666
Strep_C10412,0.35245843672205746
Strep_C10413,0.11634201451864289
Strep_C10414,0.99999999
Strep_C10415,0.1163415109155265
Strep_C10416,0.1163415109155265
Strep_C10417,0.11634201451864289
Strep_C10418,0.99999999
Strep_C10419,0.99999999
Strep_C1041,0.557982185216091
Strep_C10420,0.11634201451864289
Strep_C10421,0.2337017810381666
Strep_C10422,0.23370178103816636
Strep_C10423,0.47311651524910325
Strep_C10424,0.11634201451864289
Strep_C10425,0.23370178103816636
Strep_C10426,0.471274539360154
Strep_C10427,0.7198634438443039
Strep_C10428,0.333266628208235
Strep_C10429,0.11136757272179186
Strep_C1042,0.35132537846575046
Strep_C10430,0.11136757272179186
Strep_C10431,0.11136757272179186
Strep_C10432,0.11136757272179186
Strep_C10433,0.23305302815717163
Strep_C10434,0.23305302815717163
Strep_C10435,0.23305302815717163
Strep_C10436,0.23305302815717163
Strep_C10437,0.23305302815717163
Strep_C10438,0.1160600458814914
Strep_C10439,0.23305302815717163
Strep_C1043,0.23370178103816636
Strep_C10440,0.23305302815717163
Strep_C10441,0.1160600458814914
Strep_C10442,0.351325490499599
Strep_C10443,0.35245843672205746
Strep_C10444,0.2337017810381666
Strep_C10445,0.11634201451864289
Strep_C10446,0.3524582818100281
Strep_C10447,0.47311830745470035
Strep_C10448,0.2337017810381666
Strep_C10449,0.11634201451864289
Strep_C1044,0.23305302815717163
Strep_C10450,0.11634201451864289
Strep_C10451,0.11634201451864289
Strep_C10452,0.11634201451864289
Strep_C10453,0.47311651524910325
Strep_C10454,0.11634201451864289
Strep_C10455,0.47311830745470035
Strep_C10456,0.5967214293920762
Strep_C10457,0.23370178103816636
Strep_C10458,0.11634201451864289
Strep_C10459,0.5967214293920762
Strep_C1045,0.11634201451864289
Strep_C10460,0.11634201451864289
Strep_C10461,0.23370228693111114
Strep_C10462,0.1163415109155265
Strep_C10463,0.1163415109155265
Strep_C10464,0.47311651524910325
Strep_C10465,0.1163415109155265
Strep_C10466,0.99999999
Strep_C10467,0.1163415109155265
Strep_C10468,0.47311651524910325
Strep_C10469,0.1163415109155265
Strep_C1046,0.35245843672205746
Strep_C10470,0.99999999
Strep_C10471,0.11634201451864289
Strep_C10472,0.47311830745470035
Strep_C10473,0.2337017810381666
Strep_C10474,0.11634201451864289
Strep_C10475,0.47311830745470035
Strep_C10476,0.5967214293920762
Strep_C10477,0.35245843672205746
Strep_C10478,0.99999999
Strep_C10479,0.11634201451864289
Strep_C1047,0.11634201451864289
Strep_C10480,0.11634201451864289
Strep_C10481,0.11634201451864289
Strep_C10482,0.471274539360154
Strep_C10483,0.351325490499599
Strep_C10484,0.11634201451864289
Strep_C10485,0.23370228693111114
Strep_C10486,0.11634201451864289
Strep_C10487,0.44444989529753154
Strep_C10488,0.11634201451864289
Strep_C10489,0.5936427844819077
Strep_C1048,0.11136757272179186
Strep_C10490,0.99999999
Strep_C10491,0.99999999
Strep_C10492,0.334259100712907
Strep_C10493,0.11136757272179186
Strep_C10494,0.99999999
Strep_C10495,0.11136757272179186
Strep_C10496,0.7847940789287989
Strep_C10497,0.23305302815717163
Strep_C10498,0.1160600458814914
Strep_C10499,0.7778659244097796
Strep_C1049,0.4712762061295706
Strep_C104,0.11136757272179186
Strep_C10500,0.99999999
Strep_C10501,0.23305302815717163
Strep_C10502,0.11634201451864289
Strep_C10503,0.2337017810381666
Strep_C10504,0.47311830745470035
Strep_C10505,0.7198634438443039
Strep_C10506,0.11634201451864289
Strep_C10507,0.11634201451864289
Strep_C10508,0.99999999
Strep_C10509,0.11634201451864289
Strep_C1050,0.23305302815717163
Strep_C10510,0.11634201451864289
Strep_C10511,0.99999999
Strep_C10512,0.11634201451864289
Strep_C10513,0.11634201451864289
Strep_C10514,0.11634201451864289
Strep_C10515,0.11634201451864289
Strep_C10516,0.35245843672205746
Strep_C10517,0.11634201451864289
Strep_C10518,0.11634201451864289
Strep_C10519,0.1163415109155265
Strep_C1051,0.11634201451864289
Strep_C10520,0.3524582818100281
Strep_C10521,0.1163415109155265
Strep_C10522,0.1163415109155265
Strep_C10523,0.1163415109155265
Strep_C10524,0.1163415109155265
Strep_C10525,0.23370228693111114
Strep_C10526,0.1163415109155265
Strep_C10527,0.1163415109155265
Strep_C10528,0.1163415109155265
Strep_C10529,0.1163415109155265
Strep_C1052,0.11634201451864289
Strep_C10530,0.1163415109155265
Strep_C10531,0.1163415109155265
Strep_C10532,0.1163415109155265
Strep_C10533,0.11634201451864289
Strep_C10534,0.2337017810381666
Strep_C10535,0.11634201451864289
Strep_C10536,0.11634201451864289
Strep_C10537,0.99999999
Strep_C10538,0.7778659244097796
Strep_C10539,0.11634201451864289
Strep_C1053,0.11634201451864289
Strep_C10540,0.11634201451864289
Strep_C10541,0.11634201451864289
Strep_C10542,0.11634201451864289
Strep_C10543,0.23370228693111114
Strep_C10544,0.11634201451864289
Strep_C10545,0.11136757272179186
Strep_C10546,0.11136757272179186
Strep_C10547,0.11136757272179186
Strep_C10548,0.11136757272179186
Strep_C10549,0.99999999
Strep_C1054,0.99999999
Strep_C10550,0.5555546390366239
Strep_C10551,0.11136757272179186
Strep_C10552,0.22283322077504625
Strep_C10553,0.11136757272179186
Strep_C10554,0.11136757272179186
Strep_C10555,0.99999999
Strep_C10556,0.23305302815717163
Strep_C10557,0.333266628208235
Strep_C10558,0.5967214293920762
Strep_C10559,0.47311830745470035
Strep_C1055,0.11634201451864289
Strep_C10560,0.11634201451864289
Strep_C10561,0.5967242474384321
Strep_C10562,0.2337017810381666
Strep_C10563,0.8524331858472348
Strep_C10564,0.11634201451864289
Strep_C10565,0.11634201451864289
Strep_C10566,0.11634201451864289
Strep_C10567,0.11634201451864289
Strep_C10568,0.11634201451864289
Strep_C10569,0.23370228693111114
Strep_C1056,0.11634201451864289
Strep_C10570,0.11634201451864289
Strep_C10571,0.22283322077504625
Strep_C10572,0.11634201451864289
Strep_C10573,0.1163415109155265
Strep_C10574,0.1163415109155265
Strep_C10575,0.1163415109155265
Strep_C10576,0.1163415109155265
Strep_C10577,0.1163415109155265
Strep_C10578,0.1163415109155265
Strep_C10579,0.1163415109155265
Strep_C1057,0.11136757272179186
Strep_C10580,0.99999999
Strep_C10581,0.23370178103816636
Strep_C10582,0.47311830745470035
Strep_C10583,0.11634201451864289
Strep_C10584,0.11634201451864289
Strep_C10585,0.11634201451864289
Strep_C10586,0.5967214293920762
Strep_C10587,0.5967242474384321
Strep_C10588,0.47311830745470035
Strep_C10589,0.7256406595528874
Strep_C1058,0.11136757272179186
Strep_C10590,0.47127620612957083
Strep_C10591,0.47311651524910325
Strep_C10592,0.11634201451864289
Strep_C10593,0.5967242474384321
Strep_C10594,0.11634201451864289
Strep_C10595,0.11634201451864289
Strep_C10596,0.11634201451864289
Strep_C10597,0.99999999
Strep_C10598,0.11136757272179186
Strep_C10599,0.11136757272179186
Strep_C1059,0.1163415109155265
Strep_C105,0.23305302815717163
Strep_C10600,0.11136757272179186
Strep_C10601,0.6665426254504294
Strep_C10602,0.44444957634747156
Strep_C10603,0.11136757272179186
Strep_C10604,0.11136757272179186
Strep_C10605,0.23305302815717163
Strep_C10606,0.23305302815717163
Strep_C10607,0.23305302815717163
Strep_C10608,0.23305302815717163
Strep_C10609,0.23305302815717163
Strep_C1060,0.99999999
Strep_C10610,0.23305302815717163
Strep_C10611,0.23305302815717163
Strep_C10612,0.99999999
Strep_C10613,0.5555546390366239
Strep_C10614,0.99999999
Strep_C10615,0.11634201451864289
Strep_C10616,0.2337017810381666
Strep_C10617,0.11634201451864289
Strep_C10618,0.47311830745470035
Strep_C10619,0.11634201451864289
Strep_C1061,0.11136757272179186
Strep_C10620,0.47311830745470035
Strep_C10621,0.11634201451864289
Strep_C10622,0.11634201451864289
Strep_C10623,0.2337017810381666
Strep_C10624,0.351325490499599
Strep_C10625,0.8524331858472348
Strep_C10626,0.11634201451864289
Strep_C10627,0.11634201451864289
Strep_C10628,0.11634201451864289
Strep_C10629,0.23370178103816636
Strep_C1062,0.11634201451864289
Strep_C10630,0.11634201451864289
Strep_C10631,0.99999999
Strep_C10632,0.11634201451864289
Strep_C10633,0.47311830745470035
Strep_C10634,0.11634201451864289
Strep_C10635,0.7256406595528874
Strep_C10636,0.11634201451864289
Strep_C10637,0.23370228693111114
Strep_C10638,0.11634201451864289
Strep_C10639,0.47311830745470035
Strep_C1063,0.11634201451864289
Strep_C10640,0.11634201451864289
Strep_C10641,0.7198643407720242
Strep_C10642,0.1163415109155265
Strep_C10643,0.23370228693111114
Strep_C10644,0.1163415109155265
Strep_C10645,0.1163415109155265
Strep_C10646,0.1163415109155265
Strep_C10647,0.1163415109155265
Strep_C10648,0.23370228693111114
Strep_C10649,0.1163415109155265
Strep_C1064,0.23305302815717163
Strep_C10650,0.1163415109155265
Strep_C10651,0.1163415109155265
Strep_C10652,0.23370228693111114
Strep_C10653,0.1163415109155265
Strep_C10654,0.99999999
Strep_C10655,0.99999999
Strep_C10656,0.23370178103816636
Strep_C10657,0.47311830745470035
Strep_C10658,0.47311830745470035
Strep_C10659,0.99999999
Strep_C1065,0.333266628208235
Strep_C10660,0.47311830745470035
Strep_C10661,0.8524313909199117
Strep_C10662,0.99999999
Strep_C10663,0.99999999
Strep_C10664,0.11634201451864289
Strep_C10665,0.11634201451864289
Strep_C10666,0.11634201451864289
Strep_C10667,0.11634201451864289
Strep_C10668,0.99999999
Strep_C10669,0.11634201451864289
Strep_C1066,0.99999999
Strep_C10670,0.11634201451864289
Strep_C10671,0.11634201451864289
Strep_C10672,0.11136757272179186
Strep_C10673,0.3342595322757504
Strep_C10674,0.11136757272179186
Strep_C10675,0.99999999
Strep_C10676,0.11136757272179186
Strep_C10677,0.99999999
Strep_C10678,0.11136757272179186
Strep_C10679,0.11136757272179186
Strep_C1067,0.2337017810381666
Strep_C10680,0.11136757272179186
Strep_C10681,0.23305302815717163
Strep_C10682,0.351325490499599
Strep_C10683,0.23305302815717163
Strep_C10684,0.23305302815717163
Strep_C10685,0.351325490499599
Strep_C10686,0.7778659244097796
Strep_C10687,0.23305302815717163
Strep_C10688,0.11634201451864289
Strep_C10689,0.35245843672205746
Strep_C1068,0.47311651524910325
Strep_C10690,0.11634201451864289
Strep_C10691,0.11634201451864289
Strep_C10692,0.7778659244097796
Strep_C10693,0.11634201451864289
Strep_C10694,0.7198634438443039
Strep_C10695,0.11634201451864289
Strep_C10696,0.23370178103816636
Strep_C10697,0.11634201451864289
Strep_C10698,0.2337017810381666
Strep_C10699,0.35245843672205746
Strep_C1069,0.99999999
Strep_C106,0.11634201451864289
Strep_C10700,0.2337017810381666
Strep_C10701,0.1163415109155265
Strep_C10702,0.23370228693111114
Strep_C10703,0.1163415109155265
Strep_C10704,0.1163415109155265
Strep_C10705,0.1163415109155265
Strep_C10706,0.1163415109155265
Strep_C10707,0.1163415109155265
Strep_C10708,0.47311830745470035
Strep_C10709,0.11634201451864289
Strep_C1070,0.47311830745470035
Strep_C10710,0.351325490499599
Strep_C10711,0.7256406595528874
Strep_C10712,0.2337017810381666
Strep_C10713,0.11634201451864289
Strep_C10714,0.11634201451864289
Strep_C10715,0.11634201451864289
Strep_C10716,0.99999999
Strep_C10717,0.11634201451864289
Strep_C10718,0.11634201451864289
Strep_C10719,0.11634201451864289
Strep_C1071,0.471274539360154
Strep_C10720,0.23370228693111114
Strep_C10721,0.11634201451864289
Strep_C10722,0.11136757272179186
Strep_C10723,0.22283322077504625
Strep_C10724,0.11136757272179186
Strep_C10725,0.11136757272179186
Strep_C10726,0.99999999
Strep_C10727,0.99999999
Strep_C10728,0.22283322077504625
Strep_C10729,0.99999999
Strep_C1072,0.11136757272179186
Strep_C10730,0.23305302815717163
Strep_C10731,0.23305302815717163
Strep_C10732,0.23305302815717163
Strep_C10733,0.8889223478224411
Strep_C10734,0.23305302815717163
Strep_C10735,0.23305302815717163
Strep_C10736,0.1160600458814914
Strep_C10737,0.1160600458814914
Strep_C10738,0.11634201451864289
Strep_C10739,0.11634201451864289
Strep_C1073,0.99999999
Strep_C10740,0.47311830745470035
Strep_C10741,0.2337017810381666
Strep_C10742,0.7256406595528874
Strep_C10743,0.11634201451864289
Strep_C10744,0.11634201451864289
Strep_C10745,0.11634201451864289
Strep_C10746,0.11634201451864289
Strep_C10747,0.11634201451864289
Strep_C10748,0.5967214293920762
Strep_C10749,0.11634201451864289
Strep_C1074,0.11634201451864289
Strep_C10750,0.4712762061295706
Strep_C10751,0.11634201451864289
Strep_C10752,0.11634201451864289
Strep_C10753,0.11634201451864289
Strep_C10754,0.8524331858472348
Strep_C10755,0.11634201451864289
Strep_C10756,0.8524313909199117
Strep_C10757,0.11634201451864289
Strep_C10758,0.11634201451864289
Strep_C10759,0.1163415109155265
Strep_C1075,0.2337017810381666
Strep_C10760,0.1163415109155265
Strep_C10761,0.1163415109155265
Strep_C10762,0.1163415109155265
Strep_C10763,0.1163415109155265
Strep_C10764,0.1163415109155265
Strep_C10765,0.23370228693111114
Strep_C10766,0.99999999
Strep_C10767,0.2337017810381666
Strep_C10768,0.47311830745470035
Strep_C10769,0.2337017810381666
Strep_C1076,0.99999999
Strep_C10770,0.35245843672205746
Strep_C10771,0.2337017810381666
Strep_C10772,0.11634201451864289
Strep_C10773,0.11634201451864289
Strep_C10774,0.35245843672205746
Strep_C10775,0.11634201451864289
Strep_C10776,0.6665403377533278
Strep_C10777,0.11634201451864289
Strep_C10778,0.351325490499599
Strep_C10779,0.23370228693111114
Strep_C1077,0.11136757272179186
Strep_C10780,0.99999999
Strep_C10781,0.6665426254504294
Strep_C10782,0.4712762061295706
Strep_C10783,0.351325490499599
Strep_C10784,0.23305302815717163
Strep_C10785,0.471274539360154
Strep_C10786,0.23305302815717163
Strep_C10787,0.23305302815717163
Strep_C10788,0.1160600458814914
Strep_C10789,0.23305302815717163
Strep_C1078,0.23305302815717163
Strep_C10790,0.23305302815717163
Strep_C10791,0.23305302815717163
Strep_C10792,0.23305302815717163
Strep_C10793,0.1160600458814914
Strep_C10794,0.35245843672205746
Strep_C10795,0.35245843672205746
Strep_C10796,0.7256406595528874
Strep_C10797,0.35245843672205746
Strep_C10798,0.47311830745470035
Strep_C10799,0.11634201451864289
Strep_C1079,0.2337017810381666
Strep_C107,0.11634201451864289
Strep_C10800,0.2337017810381666
Strep_C10801,0.11634201451864289
Strep_C10802,0.7256406595528874
Strep_C10803,0.11634201451864289
Strep_C10804,0.8524331858472348
Strep_C10805,0.557982185216091
Strep_C10806,0.11634201451864289
Strep_C10807,0.2337017810381666
Strep_C10808,0.11634201451864289
Strep_C10809,0.1163415109155265
Strep_C1080,0.471274539360154
Strep_C10810,0.1163415109155265
Strep_C10811,0.1163415109155265
Strep_C10812,0.1163415109155265
Strep_C10813,0.1163415109155265
Strep_C10814,0.23370228693111114
Strep_C10815,0.3524582818100281
Strep_C10816,0.1163415109155265
Strep_C10817,0.23370228693111114
Strep_C10818,0.1163415109155265
Strep_C10819,0.1163415109155265
Strep_C1081,0.557982185216091
Strep_C10820,0.99999999
Strep_C10821,0.11634201451864289
Strep_C10822,0.11634201451864289
Strep_C10823,0.334259100712907
Strep_C10824,0.7256406595528874
Strep_C10825,0.35245843672205746
Strep_C10826,0.11634201451864289
Strep_C10827,0.35245843672205746
Strep_C10828,0.7256406595528874
Strep_C10829,0.11634201451864289
Strep_C1082,0.11634201451864289
Strep_C10830,0.5555542629982061
Strep_C10831,0.11634201451864289
Strep_C10832,0.99999999
Strep_C10833,0.2337017810381666
Strep_C10834,0.11634201451864289
Strep_C10835,0.11634201451864289
Strep_C10836,0.11634201451864289
Strep_C10837,0.99999999
Strep_C10838,0.22283322077504625
Strep_C10839,0.11634201451864289
Strep_C1083,0.23305302815717163
Strep_C10840,0.99999999
Strep_C10841,0.11136757272179186
Strep_C10842,0.11136757272179186
Strep_C10843,0.11136757272179186
Strep_C10844,0.11136757272179186
Strep_C10845,0.99999999
Strep_C10846,0.11136757272179186
Strep_C10847,0.11136757272179186
Strep_C10848,0.11136757272179186
Strep_C10849,0.11136757272179186
Strep_C1084,0.11634201451864289
Strep_C10850,0.23305302815717163
Strep_C10851,0.333266628208235
Strep_C10852,0.8524313909199117
Strep_C10853,0.99999999
Strep_C10854,0.23305302815717163
Strep_C10855,0.7778659244097796
Strep_C10856,0.23305302815717163
Strep_C10857,0.333266628208235
Strep_C10858,0.471274539360154
Strep_C10859,0.1160600458814914
Strep_C1085,0.11634201451864289
Strep_C10860,0.23305302815717163
Strep_C10861,0.1160600458814914
Strep_C10862,0.35245843672205746
Strep_C10863,0.11634201451864289
Strep_C10864,0.11634201451864289
Strep_C10865,0.11634201451864289
Strep_C10866,0.11634201451864289
Strep_C10867,0.11634201451864289
Strep_C10868,0.47311830745470035
Strep_C10869,0.5967214293920762
Strep_C1086,0.11634201451864289
Strep_C10870,0.1163415109155265
Strep_C10871,0.1163415109155265
Strep_C10872,0.1163415109155265
Strep_C10873,0.1163415109155265
Strep_C10874,0.99999999
Strep_C10875,0.1163415109155265
Strep_C10876,0.23370228693111114
Strep_C10877,0.23370228693111114
Strep_C10878,0.1163415109155265
Strep_C10879,0.1163415109155265
Strep_C1087,0.333266628208235
Strep_C10880,0.1163415109155265
Strep_C10881,0.3524582818100281
Strep_C10882,0.1163415109155265
Strep_C10883,0.1163415109155265
Strep_C10884,0.23370228693111114
Strep_C10885,0.5967214293920762
Strep_C10886,0.2337017810381666
Strep_C10887,0.11634201451864289
Strep_C10888,0.11634201451864289
Strep_C10889,0.35245843672205746
Strep_C1088,0.4712762061295706
Strep_C10890,0.2337017810381666
Strep_C10891,0.5967242474384321
Strep_C10892,0.99999999
Strep_C10893,0.47311830745470035
Strep_C10894,0.5967242474384321
Strep_C10895,0.11634201451864289
Strep_C10896,0.5936452796634148
Strep_C10897,0.3524582818100281
Strep_C10898,0.5967214293920762
Strep_C10899,0.23370228693111114
Strep_C1089,0.11634201451864289
Strep_C108,0.11634201451864289
Strep_C10900,0.7198643407720242
Strep_C10901,0.99999999
Strep_C10902,0.11634201451864289
Strep_C10903,0.11634201451864289
Strep_C10904,0.11634201451864289
Strep_C10905,0.11634201451864289
Strep_C10906,0.44444989529753154
Strep_C10907,0.11136757272179186
Strep_C10908,0.11136757272179186
Strep_C10909,0.11136757272179186
Strep_C1090,0.35245843672205746
Strep_C10910,0.11136757272179186
Strep_C10911,0.8889131171654778
Strep_C10912,0.11136757272179186
Strep_C10913,0.11136757272179186
Strep_C10914,0.6665403377533278
Strep_C10915,0.8524331858472348
Strep_C10916,0.23305302815717163
Strep_C10917,0.23305302815717163
Strep_C10918,0.23305302815717163
Strep_C10919,0.99999999
Strep_C1091,0.11634201451864289
Strep_C10920,0.333266628208235
Strep_C10921,0.1160600458814914
Strep_C10922,0.99999999
Strep_C10923,0.99999999
Strep_C10924,0.11634201451864289
Strep_C10925,0.11634201451864289
Strep_C10926,0.11634201451864289
Strep_C10927,0.11634201451864289
Strep_C10928,0.2337017810381666
Strep_C10929,0.11634201451864289
Strep_C1092,0.11136757272179186
Strep_C10930,0.23305302815717163
Strep_C10931,0.11634201451864289
Strep_C10932,0.23370178103816636
Strep_C10933,0.23370178103816636
Strep_C10934,0.11634201451864289
Strep_C10935,0.11634201451864289
Strep_C10936,0.8889131171654778
Strep_C10937,0.11634201451864289
Strep_C10938,0.47311830745470035
Strep_C10939,0.2337017810381666
Strep_C1093,0.23305302815717163
Strep_C10940,0.7198634438443039
Strep_C10941,0.11634201451864289
Strep_C10942,0.1163415109155265
Strep_C10943,0.1163415109155265
Strep_C10944,0.7256406595528874
Strep_C10945,0.47311651524910325
Strep_C10946,0.1163415109155265
Strep_C10947,0.3524582818100281
Strep_C10948,0.1163415109155265
Strep_C10949,0.3524582818100281
Strep_C1094,0.23305302815717163
Strep_C10950,0.1163415109155265
Strep_C10951,0.1163415109155265
Strep_C10952,0.5967242474384321
Strep_C10953,0.11634201451864289
Strep_C10954,0.7198634438443039
Strep_C10955,0.47311830745470035
Strep_C10956,0.35245843672205746
Strep_C10957,0.11634201451864289
Strep_C10958,0.99999999
Strep_C10959,0.8524313909199117
Strep_C1095,0.99999999
Strep_C10960,0.11634201451864289
Strep_C10961,0.3524582818100281
Strep_C10962,0.471274539360154
Strep_C10963,0.11634201451864289
Strep_C10964,0.11634201451864289
Strep_C10965,0.11634201451864289
Strep_C10966,0.11634201451864289
Strep_C10967,0.11634201451864289
Strep_C10968,0.11634201451864289
Strep_C10969,0.47311830745470035
Strep_C1096,0.11634201451864289
Strep_C10970,0.47311651524910325
Strep_C10971,0.11634201451864289
Strep_C10972,0.11136757272179186
Strep_C10973,0.11136757272179186
Strep_C10974,0.6665403377533278
Strep_C10975,0.11136757272179186
Strep_C10976,0.11136757272179186
Strep_C10977,0.11136757272179186
Strep_C10978,0.11136757272179186
Strep_C10979,0.11136757272179186
Strep_C1097,0.1163415109155265
Strep_C10980,0.11136757272179186
Strep_C10981,0.11136757272179186
Strep_C10982,0.11136757272179186
Strep_C10983,0.99999999
Strep_C10984,0.99999999
Strep_C10985,0.23305302815717163
Strep_C10986,0.23305302815717163
Strep_C10987,0.23305302815717163
Strep_C10988,0.23305302815717163
Strep_C10989,0.1160600458814914
Strep_C1098,0.1163415109155265
Strep_C10990,0.11634201451864289
Strep_C10991,0.44444957634747156
Strep_C10992,0.23305302815717163
Strep_C10993,0.47311830745470035
Strep_C10994,0.35245843672205746
Strep_C10995,0.11634201451864289
Strep_C10996,0.7256406595528874
Strep_C10997,0.23370178103816636
Strep_C10998,0.99999999
Strep_C10999,0.47311830745470035
Strep_C1099,0.99999999
Strep_C109,0.2337017810381666
Strep_C10,0.1163415109155265
Strep_C11000,0.99999999
Strep_C11001,0.1163415109155265
Strep_C11002,0.1163415109155265
Strep_C11003,0.1163415109155265
Strep_C11004,0.1163415109155265
Strep_C11005,0.471274539360154
Strep_C11006,0.1163415109155265
Strep_C11007,0.1163415109155265
Strep_C11008,0.1163415109155265
Strep_C11009,0.1163415109155265
Strep_C1100,0.11634201451864289
Strep_C11010,0.1163415109155265
Strep_C11011,0.334259100712907
Strep_C11012,0.8524331858472348
Strep_C11013,0.23370178103816636
Strep_C11014,0.23370178103816636
Strep_C11015,0.23370178103816636
Strep_C11016,0.7256406595528874
Strep_C11017,0.11634201451864289
Strep_C11018,0.47311830745470035
Strep_C11019,0.47311651524910325
Strep_C1101,0.23305302815717163
Strep_C11020,0.2337017810381666
Strep_C11021,0.99999999
Strep_C11022,0.47311830745470035
Strep_C11023,0.11634201451864289
Strep_C11024,0.99999999
Strep_C11025,0.11634201451864289
Strep_C11026,0.99999999
Strep_C11027,0.44444989529753154
Strep_C11028,0.23370228693111114
Strep_C11029,0.11634201451864289
Strep_C1102,0.99999999
Strep_C11030,0.23370228693111114
Strep_C11031,0.11634201451864289
Strep_C11032,0.11136757272179186
Strep_C11033,0.44444989529753154
Strep_C11034,0.11136757272179186
Strep_C11035,0.11136757272179186
Strep_C11036,0.99999999
Strep_C11037,0.22283322077504625
Strep_C11038,0.99999999
Strep_C11039,0.11136757272179186
Strep_C1103,0.11136757272179186
Strep_C11040,0.11136757272179186
Strep_C11041,0.1160600458814914
Strep_C11042,0.23305302815717163
Strep_C11043,0.7198634438443039
Strep_C11044,0.23305302815717163
Strep_C11045,0.8524313909199117
Strep_C11046,0.23305302815717163
Strep_C11047,0.1160600458814914
Strep_C11048,0.1160600458814914
Strep_C11049,0.99999999
Strep_C1104,0.11634201451864289
Strep_C11050,0.23305302815717163
Strep_C11051,0.3524582818100281
Strep_C11052,0.670453025682897
Strep_C11053,0.8524331858472348
Strep_C11054,0.11634201451864289
Strep_C11055,0.23370178103816636
Strep_C11056,0.5555546390366239
Strep_C11057,0.11634201451864289
Strep_C11058,0.11634201451864289
Strep_C11059,0.5936452796634148
Strep_C1105,0.99999999
Strep_C11060,0.11634201451864289
Strep_C11061,0.47311830745470035
Strep_C11062,0.7198634438443039
Strep_C11063,0.47311651524910325
Strep_C11064,0.7256406595528874
Strep_C11065,0.11634201451864289
Strep_C11066,0.1163415109155265
Strep_C11067,0.1163415109155265
Strep_C11068,0.1163415109155265
Strep_C11069,0.1163415109155265
Strep_C1106,0.471274539360154
Strep_C11070,0.1163415109155265
Strep_C11071,0.1163415109155265
Strep_C11072,0.1163415109155265
Strep_C11073,0.1163415109155265
Strep_C11074,0.1163415109155265
Strep_C11075,0.99999999
Strep_C11076,0.23370178103816636
Strep_C11077,0.47311830745470035
Strep_C11078,0.47311830745470035
Strep_C11079,0.5967214293920762
Strep_C1107,0.11136757272179186
Strep_C11080,0.11634201451864289
Strep_C11081,0.8524313909199117
Strep_C11082,0.5967214293920762
Strep_C11083,0.11634201451864289
Strep_C11084,0.8524331858472348
Strep_C11085,0.8524313909199117
Strep_C11086,0.35245843672205746
Strep_C11087,0.99999999
Strep_C11088,0.11634201451864289
Strep_C11089,0.11634201451864289
Strep_C1108,0.351325490499599
Strep_C11090,0.11634201451864289
Strep_C11091,0.11634201451864289
Strep_C11092,0.11136757272179186
Strep_C11093,0.11136757272179186
Strep_C11094,0.11136757272179186
Strep_C11095,0.11136757272179186
Strep_C11096,0.6665426254504294
Strep_C11097,0.11136757272179186
Strep_C11098,0.11136757272179186
Strep_C11099,0.11136757272179186
Strep_C1109,0.11634201451864289
Strep_C110,0.11634201451864289
Strep_C11100,0.23305302815717163
Strep_C11101,0.99999999
Strep_C11102,0.8524331858472348
Strep_C11103,0.23305302815717163
Strep_C11104,0.23305302815717163
Strep_C11105,0.23305302815717163
Strep_C11106,0.44444957634747156
Strep_C11107,0.23305302815717163
Strep_C11108,0.23305302815717163
Strep_C11109,0.1160600458814914
Strep_C1110,0.1163415109155265
Strep_C11110,0.1160600458814914
Strep_C11111,0.47311830745470035
Strep_C11112,0.11634201451864289
Strep_C11113,0.99999999
Strep_C11114,0.11634201451864289
Strep_C11115,0.2337017810381666
Strep_C11116,0.11634201451864289
Strep_C11117,0.23370178103816636
Strep_C11118,0.99999999
Strep_C11119,0.11634201451864289
Strep_C1111,0.99999999
Strep_C11120,0.2337017810381666
Strep_C11121,0.35245843672205746
Strep_C11122,0.1163415109155265
Strep_C11123,0.1163415109155265
Strep_C11124,0.1163415109155265
Strep_C11125,0.1163415109155265
Strep_C11126,0.11634201451864289
Strep_C11127,0.5967214293920762
Strep_C11128,0.11634201451864289
Strep_C11129,0.5967242474384321
Strep_C1112,0.7256406595528874
Strep_C11130,0.11634201451864289
Strep_C11131,0.23370228693111114
Strep_C11132,0.99999999
Strep_C11133,0.99999999
Strep_C11134,0.7256406595528874
Strep_C11135,0.8524331858472348
Strep_C11136,0.99999999
Strep_C11137,0.35245843672205746
Strep_C11138,0.8524313909199117
Strep_C11139,0.11634201451864289
Strep_C1113,0.11634201451864289
Strep_C11140,0.11634201451864289
Strep_C11141,0.35245843672205746
Strep_C11142,0.11634201451864289
Strep_C11143,0.5555542629982061
Strep_C11144,0.2337017810381666
Strep_C11145,0.11634201451864289
Strep_C11146,0.11634201451864289
Strep_C11147,0.99999999
Strep_C11148,0.44444957634747156
Strep_C11149,0.11136757272179186
Strep_C1114,0.47311830745470035
Strep_C11150,0.11136757272179186
Strep_C11151,0.11136757272179186
Strep_C11152,0.333266628208235
Strep_C11153,0.23305302815717163
Strep_C11154,0.8524331858472348
Strep_C11155,0.23305302815717163
Strep_C11156,0.47311651524910325
Strep_C11157,0.47311830745470035
Strep_C11158,0.2337017810381666
Strep_C11159,0.35245843672205746
Strep_C1115,0.23305302815717163
Strep_C11160,0.11634201451864289
Strep_C11161,0.11634201451864289
Strep_C11162,0.1163415109155265
Strep_C11163,0.1163415109155265
Strep_C11164,0.1163415109155265
Strep_C11165,0.1163415109155265
Strep_C11166,0.1163415109155265
Strep_C11167,0.1163415109155265
Strep_C11168,0.1163415109155265
Strep_C11169,0.1163415109155265
Strep_C1116,0.23370178103816636
Strep_C11170,0.1163415109155265
Strep_C11171,0.1163415109155265
Strep_C11172,0.1163415109155265
Strep_C11173,0.1163415109155265
Strep_C11174,0.99999999
Strep_C11175,0.11634201451864289
Strep_C11176,0.5967242474384321
Strep_C11177,0.99999999
Strep_C11178,0.5967214293920762
Strep_C11179,0.99999999
Strep_C1117,0.11136757272179186
Strep_C11180,0.11634201451864289
Strep_C11181,0.11634201451864289
Strep_C11182,0.11634201451864289
Strep_C11183,0.23370228693111114
Strep_C11184,0.47311651524910325
Strep_C11185,0.99999999
Strep_C11186,0.11136757272179186
Strep_C11187,0.11136757272179186
Strep_C11188,0.11136757272179186
Strep_C11189,0.334259100712907
Strep_C1118,0.2337017810381666
Strep_C11190,0.99999999
Strep_C11191,0.11136757272179186
Strep_C11192,0.23305302815717163
Strep_C11193,0.8889223478224411
Strep_C11194,0.23305302815717163
Strep_C11195,0.23305302815717163
Strep_C11196,0.23305302815717163
Strep_C11197,0.23305302815717163
Strep_C11198,0.23305302815717163
Strep_C11199,0.11634201451864289
Strep_C1119,0.5967242474384321
Strep_C111,0.1163415109155265
Strep_C11200,0.5967242474384321
Strep_C11201,0.2337017810381666
Strep_C11202,0.35245843672205746
Strep_C11203,0.2337017810381666
Strep_C11204,0.35245843672205746
Strep_C11205,0.11634201451864289
Strep_C11206,0.11634201451864289
Strep_C11207,0.11634201451864289
Strep_C11208,0.11634201451864289
Strep_C11209,0.11634201451864289
Strep_C1120,0.7847940789287989
Strep_C11210,0.11634201451864289
Strep_C11211,0.47311830745470035
Strep_C11212,0.11634201451864289
Strep_C11213,0.23370228693111114
Strep_C11214,0.11634201451864289
Strep_C11215,0.47311830745470035
Strep_C11216,0.5936452796634148
Strep_C11217,0.1163415109155265
Strep_C11218,0.1163415109155265
Strep_C11219,0.1163415109155265
Strep_C1121,0.334259100712907
Strep_C11220,0.1163415109155265
Strep_C11221,0.1163415109155265
Strep_C11222,0.1163415109155265
Strep_C11223,0.2337017810381666
Strep_C11224,0.23370178103816636
Strep_C11225,0.11634201451864289
Strep_C11226,0.47311651524910325
Strep_C11227,0.47311830745470035
Strep_C11228,0.35245843672205746
Strep_C11229,0.11634201451864289
Strep_C1122,0.2337017810381666
Strep_C11230,0.47311830745470035
Strep_C11231,0.11634201451864289
Strep_C11232,0.5967214293920762
Strep_C11233,0.23370228693111114
Strep_C11234,0.11634201451864289
Strep_C11235,0.23305302815717163
Strep_C11236,0.23370228693111114
Strep_C11237,0.11634201451864289
Strep_C11238,0.2337017810381666
Strep_C11239,0.99999999
Strep_C1123,0.47311830745470035
Strep_C11240,0.11136757272179186
Strep_C11241,0.333266628208235
Strep_C11242,0.11136757272179186
Strep_C11243,0.11136757272179186
Strep_C11244,0.23305302815717163
Strep_C11245,0.23305302815717163
Strep_C11246,0.99999999
Strep_C11247,0.23305302815717163
Strep_C11248,0.7198643407720242
Strep_C11249,0.23305302815717163
Strep_C1124,0.11634201451864289
Strep_C11250,0.1160600458814914
Strep_C11251,0.35132537846575046
Strep_C11252,0.333266628208235
Strep_C11253,0.23305302815717163
Strep_C11254,0.23305302815717163
Strep_C11255,0.8524331858472348
Strep_C11256,0.8889131171654778
Strep_C11257,0.11634201451864289
Strep_C11258,0.35245843672205746
Strep_C11259,0.2337017810381666
Strep_C1125,0.11634201451864289
Strep_C11260,0.11634201451864289
Strep_C11261,0.11634201451864289
Strep_C11262,0.47311830745470035
Strep_C11263,0.47311830745470035
Strep_C11264,0.23370178103816636
Strep_C11265,0.11634201451864289
Strep_C11266,0.11634201451864289
Strep_C11267,0.11634201451864289
Strep_C11268,0.11634201451864289
Strep_C11269,0.11634201451864289
Strep_C1126,0.8889223478224411
Strep_C11270,0.47311830745470035
Strep_C11271,0.11634201451864289
Strep_C11272,0.11634201451864289
Strep_C11273,0.11634201451864289
Strep_C11274,0.11634201451864289
Strep_C11275,0.1163415109155265
Strep_C11276,0.1163415109155265
Strep_C11277,0.1163415109155265
Strep_C11278,0.1163415109155265
Strep_C11279,0.1163415109155265
Strep_C1127,0.1163415109155265
Strep_C11280,0.1163415109155265
Strep_C11281,0.1163415109155265
Strep_C11282,0.1163415109155265
Strep_C11283,0.11634201451864289
Strep_C11284,0.99999999
Strep_C11285,0.99999999
Strep_C11286,0.35245843672205746
Strep_C11287,0.99999999
Strep_C11288,0.11634201451864289
Strep_C11289,0.11634201451864289
Strep_C1128,0.2337017810381666
Strep_C11290,0.11634201451864289
Strep_C11291,0.351325490499599
Strep_C11292,0.11634201451864289
Strep_C11293,0.11136757272179186
Strep_C11294,0.99999999
Strep_C11295,0.11136757272179186
Strep_C11296,0.99999999
Strep_C11297,0.11136757272179186
Strep_C11298,0.11136757272179186
Strep_C11299,0.11136757272179186
Strep_C1129,0.11634201451864289
Strep_C112,0.23370178103816636
Strep_C11300,0.11136757272179186
Strep_C11301,0.23305302815717163
Strep_C11302,0.333266628208235
Strep_C11303,0.23305302815717163
Strep_C11304,0.23305302815717163
Strep_C11305,0.99999999
Strep_C11306,0.23305302815717163
Strep_C11307,0.23305302815717163
Strep_C11308,0.23305302815717163
Strep_C11309,0.23305302815717163
Strep_C1130,0.1163415109155265
Strep_C11310,0.1160600458814914
Strep_C11311,0.11634201451864289
Strep_C11312,0.99999999
Strep_C11313,0.2337017810381666
Strep_C11314,0.11634201451864289
Strep_C11315,0.2337017810381666
Strep_C11316,0.11634201451864289
Strep_C11317,0.47311830745470035
Strep_C11318,0.11634201451864289
Strep_C11319,0.11634201451864289
Strep_C1131,0.1163415109155265
Strep_C11320,0.47311830745470035
Strep_C11321,0.11634201451864289
Strep_C11322,0.11634201451864289
Strep_C11323,0.47311830745470035
Strep_C11324,0.670453025682897
Strep_C11325,0.47311830745470035
Strep_C11326,0.11634201451864289
Strep_C11327,0.11634201451864289
Strep_C11328,0.670453025682897
Strep_C11329,0.11634201451864289
Strep_C1132,0.11634201451864289
Strep_C11330,0.1163415109155265
Strep_C11331,0.1163415109155265
Strep_C11332,0.1163415109155265
Strep_C11333,0.1163415109155265
Strep_C11334,0.3524582818100281
Strep_C11335,0.1163415109155265
Strep_C11336,0.23370228693111114
Strep_C11337,0.23370228693111114
Strep_C11338,0.1163415109155265
Strep_C11339,0.1163415109155265
Strep_C1133,0.9053588679153928
Strep_C11340,0.99999999
Strep_C11341,0.5967214293920762
Strep_C11342,0.23370228693111114
Strep_C11343,0.23370178103816636
Strep_C11344,0.11634201451864289
Strep_C11345,0.8524331858472348
Strep_C11346,0.11634201451864289
Strep_C11347,0.2337017810381666
Strep_C11348,0.11634201451864289
Strep_C11349,0.3524582818100281
Strep_C1134,0.1163415109155265
Strep_C11350,0.47311651524910325
Strep_C11351,0.35245843672205746
Strep_C11352,0.5967214293920762
Strep_C11353,0.99999999
Strep_C11354,0.8524313909199117
Strep_C11355,0.11634201451864289
Strep_C11356,0.23370228693111114
Strep_C11357,0.7198634438443039
Strep_C11358,0.11136757272179186
Strep_C11359,0.11136757272179186
Strep_C1135,0.11634201451864289
Strep_C11360,0.11136757272179186
Strep_C11361,0.23305302815717163
Strep_C11362,0.333266628208235
Strep_C11363,0.23305302815717163
Strep_C11364,0.23305302815717163
Strep_C11365,0.23305302815717163
Strep_C11366,0.23305302815717163
Strep_C11367,0.23305302815717163
Strep_C11368,0.1160600458814914
Strep_C11369,0.23305302815717163
Strep_C1136,0.2337017810381666
Strep_C11370,0.11634201451864289
Strep_C11371,0.11634201451864289
Strep_C11372,0.2337017810381666
Strep_C11373,0.99999999
Strep_C11374,0.11634201451864289
Strep_C11375,0.2337017810381666
Strep_C11376,0.2337017810381666
Strep_C11377,0.35245843672205746
Strep_C11378,0.23305302815717163
Strep_C11379,0.99999999
Strep_C1137,0.44444989529753154
Strep_C11380,0.11634201451864289
Strep_C11381,0.11634201451864289
Strep_C11382,0.11634201451864289
Strep_C11383,0.11634201451864289
Strep_C11384,0.11634201451864289
Strep_C11385,0.1163415109155265
Strep_C11386,0.1163415109155265
Strep_C11387,0.23370228693111114
Strep_C11388,0.1163415109155265
Strep_C11389,0.1163415109155265
Strep_C1138,0.11634201451864289
Strep_C11390,0.1163415109155265
Strep_C11391,0.1163415109155265
Strep_C11392,0.1163415109155265
Strep_C11393,0.99999999
Strep_C11394,0.35245843672205746
Strep_C11395,0.11634201451864289
Strep_C11396,0.35245843672205746
Strep_C11397,0.2337017810381666
Strep_C11398,0.7256406595528874
Strep_C11399,0.11634201451864289
Strep_C1139,0.47311830745470035
Strep_C113,0.23305302815717163
Strep_C11400,0.47311830745470035
Strep_C11401,0.11634201451864289
Strep_C11402,0.11634201451864289
Strep_C11403,0.35245843672205746
Strep_C11404,0.11634201451864289
Strep_C11405,0.99999999
Strep_C11406,0.2337017810381666
Strep_C11407,0.11634201451864289
Strep_C11408,0.11634201451864289
Strep_C11409,0.23370178103816636
Strep_C1140,0.11634201451864289
Strep_C11410,0.11634201451864289
Strep_C11411,0.11136757272179186
Strep_C11412,0.11136757272179186
Strep_C11413,0.99999999
Strep_C11414,0.11136757272179186
Strep_C11415,0.11136757272179186
Strep_C11416,0.11136757272179186
Strep_C11417,0.5555542629982061
Strep_C11418,0.99999999
Strep_C11419,0.11136757272179186
Strep_C1141,0.23305302815717163
Strep_C11420,0.11136757272179186
Strep_C11421,0.23305302815717163
Strep_C11422,0.471274539360154
Strep_C11423,0.23305302815717163
Strep_C11424,0.23305302815717163
Strep_C11425,0.99999999
Strep_C11426,0.23305302815717163
Strep_C11427,0.23305302815717163
Strep_C11428,0.99999999
Strep_C11429,0.23305302815717163
Strep_C1142,0.2337017810381666
Strep_C11430,0.99999999
Strep_C11431,0.23305302815717163
Strep_C11432,0.23305302815717163
Strep_C11433,0.8524331858472348
Strep_C11434,0.8524331858472348
Strep_C11435,0.11634201451864289
Strep_C11436,0.2337017810381666
Strep_C11437,0.3524582818100281
Strep_C11438,0.47311830745470035
Strep_C11439,0.11634201451864289
Strep_C1143,0.11634201451864289
Strep_C11440,0.2337017810381666
Strep_C11441,0.44600966595465286
Strep_C11442,0.2337017810381666
Strep_C11443,0.99999999
Strep_C11444,0.334259100712907
Strep_C11445,0.11634201451864289
Strep_C11446,0.2337017810381666
Strep_C11447,0.11634201451864289
Strep_C11448,0.334259100712907
Strep_C11449,0.11634201451864289
Strep_C1144,0.11634201451864289
Strep_C11450,0.2337017810381666
Strep_C11451,0.23370178103816636
Strep_C11452,0.47311651524910325
Strep_C11453,0.7198634438443039
Strep_C11454,0.1163415109155265
Strep_C11455,0.1163415109155265
Strep_C11456,0.1163415109155265
Strep_C11457,0.1163415109155265
Strep_C11458,0.3524582818100281
Strep_C11459,0.1163415109155265
Strep_C1145,0.2337017810381666
Strep_C11460,0.1163415109155265
Strep_C11461,0.1163415109155265
Strep_C11462,0.1163415109155265
Strep_C11463,0.1163415109155265
Strep_C11464,0.3524582818100281
Strep_C11465,0.47311830745470035
Strep_C11466,0.11634201451864289
Strep_C11467,0.11634201451864289
Strep_C11468,0.7198643407720242
Strep_C11469,0.8889223478224411
Strep_C1146,0.1163415109155265
Strep_C11470,0.11634201451864289
Strep_C11471,0.23370228693111114
Strep_C11472,0.99999999
Strep_C11473,0.8889131171654778
Strep_C11474,0.5936427844819077
Strep_C11475,0.11634201451864289
Strep_C11476,0.99999999
Strep_C11477,0.47311830745470035
Strep_C11478,0.7198643407720242
Strep_C11479,0.11634201451864289
Strep_C1147,0.7256406595528874
Strep_C11480,0.11634201451864289
Strep_C11481,0.11634201451864289
Strep_C11482,0.11634201451864289
Strep_C11483,0.23370228693111114
Strep_C11484,0.11634201451864289
Strep_C11485,0.11634201451864289
Strep_C11486,0.333266628208235
Strep_C11487,0.11136757272179186
Strep_C11488,0.11136757272179186
Strep_C11489,0.11136757272179186
Strep_C1148,0.11634201451864289
Strep_C11490,0.11136757272179186
Strep_C11491,0.11136757272179186
Strep_C11492,0.333266628208235
Strep_C11493,0.11136757272179186
Strep_C11494,0.11136757272179186
Strep_C11495,0.11136757272179186
Strep_C11496,0.99999999
Strep_C11497,0.11136757272179186
Strep_C11498,0.23305302815717163
Strep_C11499,0.23305302815717163
Strep_C1149,0.11634201451864289
Strep_C114,0.1163415109155265
Strep_C11500,0.44444989529753154
Strep_C11501,0.23305302815717163
Strep_C11502,0.23305302815717163
Strep_C11503,0.23305302815717163
Strep_C11504,0.1160600458814914
Strep_C11505,0.23305302815717163
Strep_C11506,0.2337017810381666
Strep_C11507,0.3524582818100281
Strep_C11508,0.11634201451864289
Strep_C11509,0.7256406595528874
Strep_C1150,0.6704550730094094
Strep_C11510,0.35245843672205746
Strep_C11511,0.11634201451864289
Strep_C11512,0.670453025682897
Strep_C11513,0.11634201451864289
Strep_C11514,0.11634201451864289
Strep_C11515,0.6665426254504294
Strep_C11516,0.23370178103816636
Strep_C11517,0.11634201451864289
Strep_C11518,0.11634201451864289
Strep_C11519,0.11634201451864289
Strep_C1151,0.11634201451864289
Strep_C11520,0.11634201451864289
Strep_C11521,0.2337017810381666
Strep_C11522,0.11634201451864289
Strep_C11523,0.99999999
Strep_C11524,0.5967214293920762
Strep_C11525,0.1163415109155265
Strep_C11526,0.1163415109155265
Strep_C11527,0.99999999
Strep_C11528,0.471274539360154
Strep_C11529,0.1163415109155265
Strep_C1152,0.11136757272179186
Strep_C11530,0.1163415109155265
Strep_C11531,0.1163415109155265
Strep_C11532,0.1163415109155265
Strep_C11533,0.1163415109155265
Strep_C11534,0.11634201451864289
Strep_C11535,0.11634201451864289
Strep_C11536,0.23370228693111114
Strep_C11537,0.2337017810381666
Strep_C11538,0.11634201451864289
Strep_C11539,0.11634201451864289
Strep_C1153,0.11634201451864289
Strep_C11540,0.23370178103816636
Strep_C11541,0.5967214293920762
Strep_C11542,0.35245843672205746
Strep_C11543,0.99999999
Strep_C11544,0.99999999
Strep_C11545,0.99999999
Strep_C11546,0.2337017810381666
Strep_C11547,0.99999999
Strep_C11548,0.99999999
Strep_C11549,0.11634201451864289
Strep_C1154,0.23370178103816636
Strep_C11550,0.3342595322757504
Strep_C11551,0.5936452796634148
Strep_C11552,0.11634201451864289
Strep_C11553,0.11634201451864289
Strep_C11554,0.351325490499599
Strep_C11555,0.11634201451864289
Strep_C11556,0.23370228693111114
Strep_C11557,0.11136757272179186
Strep_C11558,0.11136757272179186
Strep_C11559,0.11136757272179186
Strep_C1155,0.23370228693111114
Strep_C11560,0.99999999
Strep_C11561,0.11136757272179186
Strep_C11562,0.22283322077504625
Strep_C11563,0.11136757272179186
Strep_C11564,0.22283322077504625
Strep_C11565,0.11136757272179186
Strep_C11566,0.11136757272179186
Strep_C11567,0.11136757272179186
Strep_C11568,0.11136757272179186
Strep_C11569,0.23305302815717163
Strep_C1156,0.47311830745470035
Strep_C11570,0.35132537846575046
Strep_C11571,0.23305302815717163
Strep_C11572,0.99999999
Strep_C11573,0.23305302815717163
Strep_C11574,0.99999999
Strep_C11575,0.23305302815717163
Strep_C11576,0.471274539360154
Strep_C11577,0.23305302815717163
Strep_C11578,0.23370228693111114
Strep_C11579,0.11634201451864289
Strep_C1157,0.11634201451864289
Strep_C11580,0.47311830745470035
Strep_C11581,0.35245843672205746
Strep_C11582,0.11634201451864289
Strep_C11583,0.11634201451864289
Strep_C11584,0.11634201451864289
Strep_C11585,0.11634201451864289
Strep_C11586,0.11634201451864289
Strep_C11587,0.11634201451864289
Strep_C11588,0.11634201451864289
Strep_C11589,0.11634201451864289
Strep_C1158,0.23370178103816636
Strep_C11590,0.8524331858472348
Strep_C11591,0.11634201451864289
Strep_C11592,0.11634201451864289
Strep_C11593,0.1163415109155265
Strep_C11594,0.1163415109155265
Strep_C11595,0.1163415109155265
Strep_C11596,0.1163415109155265
Strep_C11597,0.1163415109155265
Strep_C11598,0.1163415109155265
Strep_C11599,0.1163415109155265
Strep_C1159,0.8889131171654778
Strep_C115,0.11634201451864289
Strep_C11600,0.1163415109155265
Strep_C11601,0.1163415109155265
Strep_C11602,0.1163415109155265
Strep_C11603,0.1163415109155265
Strep_C11604,0.1163415109155265
Strep_C11605,0.11634201451864289
Strep_C11606,0.11634201451864289
Strep_C11607,0.5967242474384321
Strep_C11608,0.5967214293920762
Strep_C11609,0.11634201451864289
Strep_C1160,0.23370228693111114
Strep_C11610,0.23370178103816636
Strep_C11611,0.7256406595528874
Strep_C11612,0.7256406595528874
Strep_C11613,0.8524313909199117
Strep_C11614,0.47311830745470035
Strep_C11615,0.99999999
Strep_C11616,0.11634201451864289
Strep_C11617,0.11634201451864289
Strep_C11618,0.11634201451864289
Strep_C11619,0.11634201451864289
Strep_C1161,0.333266628208235
Strep_C11620,0.11136757272179186
Strep_C11621,0.99999999
Strep_C11622,0.11136757272179186
Strep_C11623,0.11136757272179186
Strep_C11624,0.333266628208235
Strep_C11625,0.3342595322757504
Strep_C11626,0.99999999
Strep_C11627,0.11136757272179186
Strep_C11628,0.11136757272179186
Strep_C11629,0.11136757272179186
Strep_C1162,0.99999999
Strep_C11630,0.11136757272179186
Strep_C11631,0.11136757272179186
Strep_C11632,0.11136757272179186
Strep_C11633,0.11136757272179186
Strep_C11634,0.11136757272179186
Strep_C11635,0.11136757272179186
Strep_C11636,0.23305302815717163
Strep_C11637,0.23305302815717163
Strep_C11638,0.99999999
Strep_C11639,0.23305302815717163
Strep_C1163,0.8673259655154397
Strep_C11640,0.23305302815717163
Strep_C11641,0.351325490499599
Strep_C11642,0.35132537846575046
Strep_C11643,0.23305302815717163
Strep_C11644,0.1160600458814914
Strep_C11645,0.7256406595528874
Strep_C11646,0.2337017810381666
Strep_C11647,0.11634201451864289
Strep_C11648,0.6665426254504294
Strep_C11649,0.2337017810381666
Strep_C1164,0.99999999
Strep_C11650,0.5967214293920762
Strep_C11651,0.47311830745470035
Strep_C11652,0.2337017810381666
Strep_C11653,0.2337017810381666
Strep_C11654,0.23370228693111114
Strep_C11655,0.11634201451864289
Strep_C11656,0.11634201451864289
Strep_C11657,0.11634201451864289
Strep_C11658,0.11634201451864289
Strep_C11659,0.11634201451864289
Strep_C1165,0.11634201451864289
Strep_C11660,0.11634201451864289
Strep_C11661,0.47127620612957083
Strep_C11662,0.47311830745470035
Strep_C11663,0.11634201451864289
Strep_C11664,0.23370178103816636
Strep_C11665,0.11634201451864289
Strep_C11666,0.11634201451864289
Strep_C11667,0.8889223478224411
Strep_C11668,0.11634201451864289
Strep_C11669,0.2337017810381666
Strep_C1166,0.8524331858472348
Strep_C11670,0.2337017810381666
Strep_C11671,0.11634201451864289
Strep_C11672,0.1163415109155265
Strep_C11673,0.1163415109155265
Strep_C11674,0.1163415109155265
Strep_C11675,0.1163415109155265
Strep_C11676,0.23370228693111114
Strep_C11677,0.23370228693111114
Strep_C11678,0.7778688864057204
Strep_C11679,0.1163415109155265
Strep_C1167,0.1163415109155265
Strep_C11680,0.99999999
Strep_C11681,0.3524582818100281
Strep_C11682,0.1163415109155265
Strep_C11683,0.1163415109155265
Strep_C11684,0.99999999
Strep_C11685,0.8524313909199117
Strep_C11686,0.7198634438443039
Strep_C11687,0.99999999
Strep_C11688,0.11634201451864289
Strep_C11689,0.23370178103816636
Strep_C1168,0.1163415109155265
Strep_C11690,0.8524331858472348
Strep_C11691,0.471274539360154
Strep_C11692,0.99999999
Strep_C11693,0.47127620612957083
Strep_C11694,0.11634201451864289
Strep_C11695,0.11634201451864289
Strep_C11696,0.11634201451864289
Strep_C11697,0.11634201451864289
Strep_C11698,0.44600966595465286
Strep_C11699,0.11634201451864289
Strep_C1169,0.99999999
Strep_C116,0.23305302815717163
Strep_C11700,0.11136757272179186
Strep_C11701,0.11136757272179186
Strep_C11702,0.11136757272179186
Strep_C11703,0.11136757272179186
Strep_C11704,0.11136757272179186
Strep_C11705,0.6665403377533278
Strep_C11706,0.11136757272179186
Strep_C11707,0.11136757272179186
Strep_C11708,0.23305302815717163
Strep_C11709,0.23305302815717163
Strep_C1170,0.11634201451864289
Strep_C11710,0.23305302815717163
Strep_C11711,0.23305302815717163
Strep_C11712,0.333266628208235
Strep_C11713,0.351325490499599
Strep_C11714,0.351325490499599
Strep_C11715,0.11634201451864289
Strep_C11716,0.47311830745470035
Strep_C11717,0.11634201451864289
Strep_C11718,0.2337017810381666
Strep_C11719,0.2337017810381666
Strep_C1171,0.11634201451864289
Strep_C11720,0.47311651524910325
Strep_C11721,0.2337017810381666
Strep_C11722,0.7198634438443039
Strep_C11723,0.11634201451864289
Strep_C11724,0.3524582818100281
Strep_C11725,0.35245843672205746
Strep_C11726,0.47311651524910325
Strep_C11727,0.23370228693111114
Strep_C11728,0.11634201451864289
Strep_C11729,0.11634201451864289
Strep_C1172,0.99999999
Strep_C11730,0.8524331858472348
Strep_C11731,0.11634201451864289
Strep_C11732,0.11634201451864289
Strep_C11733,0.8524313909199117
Strep_C11734,0.2337017810381666
Strep_C11735,0.2337017810381666
Strep_C11736,0.47311830745470035
Strep_C11737,0.1163415109155265
Strep_C11738,0.1163415109155265
Strep_C11739,0.5967214293920762
Strep_C1173,0.23305302815717163
Strep_C11740,0.1163415109155265
Strep_C11741,0.23370228693111114
Strep_C11742,0.1163415109155265
Strep_C11743,0.1163415109155265
Strep_C11744,0.1163415109155265
Strep_C11745,0.1163415109155265
Strep_C11746,0.23370178103816636
Strep_C11747,0.5967242474384321
Strep_C11748,0.11634201451864289
Strep_C11749,0.99999999
Strep_C1174,0.11634201451864289
Strep_C11750,0.11634201451864289
Strep_C11751,0.11634201451864289
Strep_C11752,0.11634201451864289
Strep_C11753,0.11634201451864289
Strep_C11754,0.11634201451864289
Strep_C11755,0.11634201451864289
Strep_C11756,0.2337017810381666
Strep_C11757,0.11634201451864289
Strep_C11758,0.2337017810381666
Strep_C11759,0.11634201451864289
Strep_C1175,0.2337017810381666
Strep_C11760,0.11634201451864289
Strep_C11761,0.99999999
Strep_C11762,0.47311830745470035
Strep_C11763,0.11634201451864289
Strep_C11764,0.11634201451864289
Strep_C11765,0.2337017810381666
Strep_C11766,0.5967214293920762
Strep_C11767,0.11634201451864289
Strep_C11768,0.471274539360154
Strep_C11769,0.8524313909199117
Strep_C1176,0.7256406595528874
Strep_C11770,0.23370228693111114
Strep_C11771,0.11634201451864289
Strep_C11772,0.11634201451864289
Strep_C11773,0.23370228693111114
Strep_C11774,0.11634201451864289
Strep_C11775,0.11634201451864289
Strep_C11776,0.11136757272179186
Strep_C11777,0.11136757272179186
Strep_C11778,0.11136757272179186
Strep_C11779,0.11136757272179186
Strep_C1177,0.351325490499599
Strep_C11780,0.99999999
Strep_C11781,0.5555546390366239
Strep_C11782,0.11136757272179186
Strep_C11783,0.11136757272179186
Strep_C11784,0.23305302815717163
Strep_C11785,0.23305302815717163
Strep_C11786,0.99999999
Strep_C11787,0.23305302815717163
Strep_C11788,0.23305302815717163
Strep_C11789,0.23305302815717163
Strep_C1178,0.7778688864057204
Strep_C11790,0.23305302815717163
Strep_C11791,0.35245843672205746
Strep_C11792,0.11634201451864289
Strep_C11793,0.99999999
Strep_C11794,0.2337017810381666
Strep_C11795,0.11634201451864289
Strep_C11796,0.11634201451864289
Strep_C11797,0.11634201451864289
Strep_C11798,0.11634201451864289
Strep_C11799,0.7256406595528874
Strep_C1179,0.23370178103816636
Strep_C117,0.1163415109155265
Strep_C11800,0.47311830745470035
Strep_C11801,0.47311830745470035
Strep_C11802,0.11634201451864289
Strep_C11803,0.35245843672205746
Strep_C11804,0.1163415109155265
Strep_C11805,0.7256406595528874
Strep_C11806,0.99999999
Strep_C11807,0.1163415109155265
Strep_C11808,0.1163415109155265
Strep_C11809,0.1163415109155265
Strep_C1180,0.2337017810381666
Strep_C11810,0.1163415109155265
Strep_C11811,0.1163415109155265
Strep_C11812,0.1163415109155265
Strep_C11813,0.1163415109155265
Strep_C11814,0.47311830745470035
Strep_C11815,0.99999999
Strep_C11816,0.11634201451864289
Strep_C11817,0.11634201451864289
Strep_C11818,0.35245843672205746
Strep_C11819,0.11634201451864289
Strep_C1181,0.11634201451864289
Strep_C11820,0.11634201451864289
Strep_C11821,0.2337017810381666
Strep_C11822,0.8673259655154397
Strep_C11823,0.47311830745470035
Strep_C11824,0.99999999
Strep_C11825,0.8524313909199117
Strep_C11826,0.7256406595528874
Strep_C11827,0.99999999
Strep_C11828,0.11634201451864289
Strep_C11829,0.47311830745470035
Strep_C1182,0.23305302815717163
Strep_C11830,0.99999999
Strep_C11831,0.23370228693111114
Strep_C11832,0.11634201451864289
Strep_C11833,0.11634201451864289
Strep_C11834,0.23370228693111114
Strep_C11835,0.11634201451864289
Strep_C11836,0.11634201451864289
Strep_C11837,0.11634201451864289
Strep_C11838,0.11136757272179186
Strep_C11839,0.11136757272179186
Strep_C1183,0.11634201451864289
Strep_C11840,0.11136757272179186
Strep_C11841,0.44444989529753154
Strep_C11842,0.22283322077504625
Strep_C11843,0.23305302815717163
Strep_C11844,0.23305302815717163
Strep_C11845,0.23305302815717163
Strep_C11846,0.23305302815717163
Strep_C11847,0.1160600458814914
Strep_C11848,0.23305302815717163
Strep_C11849,0.23305302815717163
Strep_C1184,0.5967214293920762
Strep_C11850,0.44444989529753154
Strep_C11851,0.23305302815717163
Strep_C11852,0.11634201451864289
Strep_C11853,0.35245843672205746
Strep_C11854,0.3524582818100281
Strep_C11855,0.5967242474384321
Strep_C11856,0.9053588679153928
Strep_C11857,0.11634201451864289
Strep_C11858,0.11634201451864289
Strep_C11859,0.11634201451864289
Strep_C1185,0.35245843672205746
Strep_C11860,0.23370178103816636
Strep_C11861,0.351325490499599
Strep_C11862,0.11634201451864289
Strep_C11863,0.2337017810381666
Strep_C11864,0.11634201451864289
Strep_C11865,0.11634201451864289
Strep_C11866,0.1163415109155265
Strep_C11867,0.1163415109155265
Strep_C11868,0.1163415109155265
Strep_C11869,0.1163415109155265
Strep_C1186,0.47311830745470035
Strep_C11870,0.1163415109155265
Strep_C11871,0.1163415109155265
Strep_C11872,0.1163415109155265
Strep_C11873,0.1163415109155265
Strep_C11874,0.1163415109155265
Strep_C11875,0.1163415109155265
Strep_C11876,0.471274539360154
Strep_C11877,0.1163415109155265
Strep_C11878,0.47311830745470035
Strep_C11879,0.47311830745470035
Strep_C1187,0.1163415109155265
Strep_C11880,0.11634201451864289
Strep_C11881,0.47311830745470035
Strep_C11882,0.47311830745470035
Strep_C11883,0.7256406595528874
Strep_C11884,0.11634201451864289
Strep_C11885,0.47311830745470035
Strep_C11886,0.8524331858472348
Strep_C11887,0.11634201451864289
Strep_C11888,0.11634201451864289
Strep_C11889,0.99999999
Strep_C1188,0.23370178103816636
Strep_C11890,0.44444989529753154
Strep_C11891,0.8524313909199117
Strep_C11892,0.11634201451864289
Strep_C11893,0.44600966595465286
Strep_C11894,0.5967214293920762
Strep_C11895,0.11136757272179186
Strep_C11896,0.11136757272179186
Strep_C11897,0.99999999
Strep_C11898,0.11136757272179186
Strep_C11899,0.23305302815717163
Strep_C1189,0.11136757272179186
Strep_C118,0.11634201451864289
Strep_C11900,0.23305302815717163
Strep_C11901,0.23305302815717163
Strep_C11902,0.4712762061295706
Strep_C11903,0.23305302815717163
Strep_C11904,0.23305302815717163
Strep_C11905,0.99999999
Strep_C11906,0.23305302815717163
Strep_C11907,0.35132537846575046
Strep_C11908,0.23305302815717163
Strep_C11909,0.1160600458814914
Strep_C1190,0.11136757272179186
Strep_C11910,0.1160600458814914
Strep_C11911,0.35245843672205746
Strep_C11912,0.99999999
Strep_C11913,0.11634201451864289
Strep_C11914,0.47311830745470035
Strep_C11915,0.11634201451864289
Strep_C11916,0.11634201451864289
Strep_C11917,0.23370228693111114
Strep_C11918,0.11634201451864289
Strep_C11919,0.99999999
Strep_C1191,0.47311830745470035
Strep_C11920,0.11634201451864289
Strep_C11921,0.11634201451864289
Strep_C11922,0.11634201451864289
Strep_C11923,0.99999999
Strep_C11924,0.3524582818100281
Strep_C11925,0.471274539360154
Strep_C11926,0.1163415109155265
Strep_C11927,0.3342595322757504
Strep_C11928,0.99999999
Strep_C11929,0.1163415109155265
Strep_C1192,0.35245843672205746
Strep_C11930,0.1163415109155265
Strep_C11931,0.1163415109155265
Strep_C11932,0.35132537846575046
Strep_C11933,0.1163415109155265
Strep_C11934,0.1163415109155265
Strep_C11935,0.1163415109155265
Strep_C11936,0.1163415109155265
Strep_C11937,0.1163415109155265
Strep_C11938,0.1163415109155265
Strep_C11939,0.1163415109155265
Strep_C1193,0.11634201451864289
Strep_C11940,0.11634201451864289
Strep_C11941,0.23370228693111114
Strep_C11942,0.7198634438443039
Strep_C11943,0.99999999
Strep_C11944,0.5936452796634148
Strep_C11945,0.47311830745470035
Strep_C11946,0.23370178103816636
Strep_C11947,0.471274539360154
Strep_C11948,0.11634201451864289
Strep_C11949,0.35245843672205746
Strep_C1194,0.11634201451864289
Strep_C11950,0.23370228693111114
Strep_C11951,0.2337017810381666
Strep_C11952,0.11634201451864289
Strep_C11953,0.11634201451864289
Strep_C11954,0.23370228693111114
Strep_C11955,0.11634201451864289
Strep_C11956,0.11136757272179186
Strep_C11957,0.11136757272179186
Strep_C11958,0.11136757272179186
Strep_C11959,0.99999999
Strep_C1195,0.1163415109155265
Strep_C11960,0.23305302815717163
Strep_C11961,0.23305302815717163
Strep_C11962,0.23305302815717163
Strep_C11963,0.23305302815717163
Strep_C11964,0.333266628208235
Strep_C11965,0.99999999
Strep_C11966,0.47311830745470035
Strep_C11967,0.11634201451864289
Strep_C11968,0.2337017810381666
Strep_C11969,0.11634201451864289
Strep_C1196,0.99999999
Strep_C11970,0.99999999
Strep_C11971,0.35245843672205746
Strep_C11972,0.47311830745470035
Strep_C11973,0.11634201451864289
Strep_C11974,0.23305302815717163
Strep_C11975,0.23305302815717163
Strep_C11976,0.11634201451864289
Strep_C11977,0.35245843672205746
Strep_C11978,0.35245843672205746
Strep_C11979,0.11634201451864289
Strep_C1197,0.11136757272179186
Strep_C11980,0.47311830745470035
Strep_C11981,0.2337017810381666
Strep_C11982,0.5555546390366239
Strep_C11983,0.35245843672205746
Strep_C11984,0.23370228693111114
Strep_C11985,0.1163415109155265
Strep_C11986,0.1163415109155265
Strep_C11987,0.1163415109155265
Strep_C11988,0.1163415109155265
Strep_C11989,0.1163415109155265
Strep_C1198,0.99999999
Strep_C11990,0.1163415109155265
Strep_C11991,0.1163415109155265
Strep_C11992,0.1163415109155265
Strep_C11993,0.99999999
Strep_C11994,0.557982185216091
Strep_C11995,0.11634201451864289
Strep_C11996,0.99999999
Strep_C11997,0.11634201451864289
Strep_C11998,0.47311830745470035
Strep_C11999,0.11634201451864289
Strep_C1199,0.1160600458814914
Strep_C119,0.11634201451864289
Strep_C11,0.11634201451864289
Strep_C12000,0.23370178103816636
Strep_C12001,0.35245843672205746
Strep_C12002,0.7847940789287989
Strep_C12003,0.99999999
Strep_C12004,0.5967214293920762
Strep_C12005,0.11634201451864289
Strep_C12006,0.99999999
Strep_C12007,0.11634201451864289
Strep_C12008,0.11634201451864289
Strep_C12009,0.11634201451864289
Strep_C1200,0.11634201451864289
Strep_C12010,0.99999999
Strep_C12011,0.2337017810381666
Strep_C12012,0.5967214293920762
Strep_C12013,0.35132537846575046
Strep_C12014,0.351325490499599
Strep_C12015,0.99999999
Strep_C12016,0.99999999
Strep_C12017,0.333266628208235
Strep_C12018,0.99999999
Strep_C12019,0.11136757272179186
Strep_C1201,0.11634201451864289
Strep_C12020,0.333266628208235
Strep_C12021,0.22283322077504625
Strep_C12022,0.99999999
Strep_C12023,0.44444989529753154
Strep_C12024,0.23305302815717163
Strep_C12025,0.2337017810381666
Strep_C12026,0.11634201451864289
Strep_C12027,0.11634201451864289
Strep_C12028,0.23370178103816636
Strep_C12029,0.333266628208235
Strep_C1202,0.1163415109155265
Strep_C12030,0.11634201451864289
Strep_C12031,0.47311830745470035
Strep_C12032,0.11634201451864289
Strep_C12033,0.11634201451864289
Strep_C12034,0.11634201451864289
Strep_C12035,0.2337017810381666
Strep_C12036,0.1163415109155265
Strep_C12037,0.1163415109155265
Strep_C12038,0.1163415109155265
Strep_C12039,0.1163415109155265
Strep_C1203,0.99999999
Strep_C12040,0.1163415109155265
Strep_C12041,0.1163415109155265
Strep_C12042,0.1163415109155265
Strep_C12043,0.1163415109155265
Strep_C12044,0.1163415109155265
Strep_C12045,0.1163415109155265
Strep_C12046,0.1163415109155265
Strep_C12047,0.1163415109155265
Strep_C12048,0.1163415109155265
Strep_C12049,0.3524582818100281
Strep_C1204,0.23370228693111114
Strep_C12050,0.11634201451864289
Strep_C12051,0.11634201451864289
Strep_C12052,0.11634201451864289
Strep_C12053,0.7256406595528874
Strep_C12054,0.23370228693111114
Strep_C12055,0.47311830745470035
Strep_C12056,0.7256406595528874
Strep_C12057,0.99999999
Strep_C12058,0.2337017810381666
Strep_C12059,0.35245843672205746
Strep_C1205,0.23370228693111114
Strep_C12060,0.35245843672205746
Strep_C12061,0.11634201451864289
Strep_C12062,0.11634201451864289
Strep_C12063,0.11634201451864289
Strep_C12064,0.11634201451864289
Strep_C12065,0.11634201451864289
Strep_C12066,0.2337017810381666
Strep_C12067,0.11634201451864289
Strep_C12068,0.334259100712907
Strep_C12069,0.11136757272179186
Strep_C1206,0.11136757272179186
Strep_C12070,0.11136757272179186
Strep_C12071,0.22283322077504625
Strep_C12072,0.11136757272179186
Strep_C12073,0.11136757272179186
Strep_C12074,0.11136757272179186
Strep_C12075,0.23305302815717163
Strep_C12076,0.23305302815717163
Strep_C12077,0.1160600458814914
Strep_C12078,0.23305302815717163
Strep_C12079,0.23305302815717163
Strep_C1207,0.1163415109155265
Strep_C12080,0.99999999
Strep_C12081,0.23305302815717163
Strep_C12082,0.23305302815717163
Strep_C12083,0.35245843672205746
Strep_C12084,0.47311830745470035
Strep_C12085,0.11634201451864289
Strep_C12086,0.7256406595528874
Strep_C12087,0.99999999
Strep_C12088,0.11634201451864289
Strep_C12089,0.11634201451864289
Strep_C1208,0.35245843672205746
Strep_C12090,0.11634201451864289
Strep_C12091,0.11634201451864289
Strep_C12092,0.11634201451864289
Strep_C12093,0.47311830745470035
Strep_C12094,0.11634201451864289
Strep_C12095,0.11634201451864289
Strep_C12096,0.23370228693111114
Strep_C12097,0.1163415109155265
Strep_C12098,0.1163415109155265
Strep_C12099,0.1163415109155265
Strep_C1209,0.99999999
Strep_C120,0.1163415109155265
Strep_C12100,0.1163415109155265
Strep_C12101,0.1163415109155265
Strep_C12102,0.1163415109155265
Strep_C12103,0.99999999
Strep_C12104,0.99999999
Strep_C12105,0.7256406595528874
Strep_C12106,0.47311651524910325
Strep_C12107,0.99999999
Strep_C12108,0.99999999
Strep_C12109,0.11634201451864289
Strep_C1210,0.11634201451864289
Strep_C12110,0.7256406595528874
Strep_C12111,0.2337017810381666
Strep_C12112,0.11634201451864289
Strep_C12113,0.11634201451864289
Strep_C12114,0.2337017810381666
Strep_C12115,0.11634201451864289
Strep_C12116,0.11634201451864289
Strep_C12117,0.11634201451864289
Strep_C12118,0.11634201451864289
Strep_C12119,0.11634201451864289
Strep_C1211,0.8524331858472348
Strep_C12120,0.44444989529753154
Strep_C12121,0.2337017810381666
Strep_C12122,0.11136757272179186
Strep_C12123,0.11136757272179186
Strep_C12124,0.11136757272179186
Strep_C12125,0.99999999
Strep_C12126,0.99999999
Strep_C12127,0.11136757272179186
Strep_C12128,0.11136757272179186
Strep_C12129,0.11136757272179186
Strep_C1212,0.11634201451864289
Strep_C12130,0.11136757272179186
Strep_C12131,0.11136757272179186
Strep_C12132,0.11136757272179186
Strep_C12133,0.11136757272179186
Strep_C12134,0.23305302815717163
Strep_C12135,0.1160600458814914
Strep_C12136,0.23305302815717163
Strep_C12137,0.23305302815717163
Strep_C12138,0.23305302815717163
Strep_C12139,0.8524331858472348
Strep_C1213,0.23305302815717163
Strep_C12140,0.47127620612957083
Strep_C12141,0.23305302815717163
Strep_C12142,0.5967242474384321
Strep_C12143,0.35245843672205746
Strep_C12144,0.47311830745470035
Strep_C12145,0.2337017810381666
Strep_C12146,0.2337017810381666
Strep_C12147,0.11634201451864289
Strep_C12148,0.2337017810381666
Strep_C12149,0.2337017810381666
Strep_C1214,0.11634201451864289
Strep_C12150,0.7256406595528874
Strep_C12151,0.11634201451864289
Strep_C12152,0.23305302815717163
Strep_C12153,0.11634201451864289
Strep_C12154,0.11634201451864289
Strep_C12155,0.11634201451864289
Strep_C12156,0.35245843672205746
Strep_C12157,0.35245843672205746
Strep_C12158,0.11634201451864289
Strep_C12159,0.11634201451864289
Strep_C1215,0.11136757272179186
Strep_C12160,0.23370178103816636
Strep_C12161,0.2337017810381666
Strep_C12162,0.11634201451864289
Strep_C12163,0.1163415109155265
Strep_C12164,0.23370228693111114
Strep_C12165,0.1163415109155265
Strep_C12166,0.1163415109155265
Strep_C12167,0.1163415109155265
Strep_C12168,0.1163415109155265
Strep_C12169,0.1163415109155265
Strep_C1216,0.1160600458814914
Strep_C12170,0.1163415109155265
Strep_C12171,0.22283354305359118
Strep_C12172,0.1163415109155265
Strep_C12173,0.5936427844819077
Strep_C12174,0.8524313909199117
Strep_C12175,0.1163415109155265
Strep_C12176,0.3524582818100281
Strep_C12177,0.7256406595528874
Strep_C12178,0.11634201451864289
Strep_C12179,0.7256406595528874
Strep_C1217,0.2337017810381666
Strep_C12180,0.99999999
Strep_C12181,0.5936427844819077
Strep_C12182,0.11634201451864289
Strep_C12183,0.47311830745470035
Strep_C12184,0.7256406595528874
Strep_C12185,0.23370178103816636
Strep_C12186,0.5967214293920762
Strep_C12187,0.99999999
Strep_C12188,0.11634201451864289
Strep_C12189,0.11634201451864289
Strep_C1218,0.11634201451864289
Strep_C12190,0.23370228693111114
Strep_C12191,0.23370228693111114
Strep_C12192,0.23370228693111114
Strep_C12193,0.2337017810381666
Strep_C12194,0.22283322077504625
Strep_C12195,0.11136757272179186
Strep_C12196,0.11136757272179186
Strep_C12197,0.11136757272179186
Strep_C12198,0.11136757272179186
Strep_C12199,0.333266628208235
Strep_C1219,0.1163415109155265
Strep_C121,0.11634201451864289
Strep_C12200,0.11136757272179186
Strep_C12201,0.22283322077504625
Strep_C12202,0.333266628208235
Strep_C12203,0.23305302815717163
Strep_C12204,0.23305302815717163
Strep_C12205,0.35132537846575046
Strep_C12206,0.7778659244097796
Strep_C12207,0.23305302815717163
Strep_C12208,0.351325490499599
Strep_C12209,0.99999999
Strep_C1220,0.1163415109155265
Strep_C12210,0.2337017810381666
Strep_C12211,0.5936452796634148
Strep_C12212,0.11634201451864289
Strep_C12213,0.23370178103816636
Strep_C12214,0.5967242474384321
Strep_C12215,0.47311830745470035
Strep_C12216,0.11634201451864289
Strep_C12217,0.47311651524910325
Strep_C12218,0.11634201451864289
Strep_C12219,0.11634201451864289
Strep_C1221,0.11634201451864289
Strep_C12220,0.11634201451864289
Strep_C12221,0.11634201451864289
Strep_C12222,0.23370228693111114
Strep_C12223,0.11634201451864289
Strep_C12224,0.11634201451864289
Strep_C12225,0.2337017810381666
Strep_C12226,0.35132537846575046
Strep_C12227,0.1163415109155265
Strep_C12228,0.1163415109155265
Strep_C12229,0.5967214293920762
Strep_C1222,0.99999999
Strep_C12230,0.1163415109155265
Strep_C12231,0.1163415109155265
Strep_C12232,0.1163415109155265
Strep_C12233,0.1163415109155265
Strep_C12234,0.1163415109155265
Strep_C12235,0.1163415109155265
Strep_C12236,0.1163415109155265
Strep_C12237,0.1163415109155265
Strep_C12238,0.1163415109155265
Strep_C12239,0.47311651524910325
Strep_C1223,0.11634201451864289
Strep_C12240,0.99999999
Strep_C12241,0.99999999
Strep_C12242,0.11634201451864289
Strep_C12243,0.11634201451864289
Strep_C12244,0.2337017810381666
Strep_C12245,0.2337017810381666
Strep_C12246,0.35245843672205746
Strep_C12247,0.11634201451864289
Strep_C12248,0.47311830745470035
Strep_C12249,0.11634201451864289
Strep_C1224,0.11634201451864289
Strep_C12250,0.2337017810381666
Strep_C12251,0.11634201451864289
Strep_C12252,0.2337017810381666
Strep_C12253,0.23370178103816636
Strep_C12254,0.47311830745470035
Strep_C12255,0.47311830745470035
Strep_C12256,0.99999999
Strep_C12257,0.11634201451864289
Strep_C12258,0.99999999
Strep_C12259,0.11634201451864289
Strep_C1225,0.9053588679153928
Strep_C12260,0.11634201451864289
Strep_C12261,0.11634201451864289
Strep_C12262,0.11634201451864289
Strep_C12263,0.11634201451864289
Strep_C12264,0.11634201451864289
Strep_C12265,0.11634201451864289
Strep_C12266,0.11634201451864289
Strep_C12267,0.11136757272179186
Strep_C12268,0.11136757272179186
Strep_C12269,0.11136757272179186
Strep_C1226,0.1163415109155265
Strep_C12270,0.333266628208235
Strep_C12271,0.11136757272179186
Strep_C12272,0.44600966595465286
Strep_C12273,0.99999999
Strep_C12274,0.11136757272179186
Strep_C12275,0.22283354305359118
Strep_C12276,0.11136757272179186
Strep_C12277,0.11136757272179186
Strep_C12278,0.23305302815717163
Strep_C12279,0.351325490499599
Strep_C1227,0.1163415109155265
Strep_C12280,0.35132537846575046
Strep_C12281,0.8524331858472348
Strep_C12282,0.99999999
Strep_C12283,0.99999999
Strep_C12284,0.23305302815717163
Strep_C12285,0.23305302815717163
Strep_C12286,0.99999999
Strep_C12287,0.5967214293920762
Strep_C12288,0.35245843672205746
Strep_C12289,0.2337017810381666
Strep_C1228,0.11634201451864289
Strep_C12290,0.557982185216091
Strep_C12291,0.2337017810381666
Strep_C12292,0.11634201451864289
Strep_C12293,0.11634201451864289
Strep_C12294,0.11634201451864289
Strep_C12295,0.11634201451864289
Strep_C12296,0.44444989529753154
Strep_C12297,0.11634201451864289
Strep_C12298,0.5936452796634148
Strep_C12299,0.11634201451864289
Strep_C1229,0.11634201451864289
Strep_C122,0.1163415109155265
Strep_C12300,0.11634201451864289
Strep_C12301,0.11634201451864289
Strep_C12302,0.11634201451864289
Strep_C12303,0.8524331858472348
Strep_C12304,0.11634201451864289
Strep_C12305,0.11634201451864289
Strep_C12306,0.11634201451864289
Strep_C12307,0.1163415109155265
Strep_C12308,0.1163415109155265
Strep_C12309,0.1163415109155265
Strep_C1230,0.670453025682897
Strep_C12310,0.1163415109155265
Strep_C12311,0.1163415109155265
Strep_C12312,0.1163415109155265
Strep_C12313,0.1163415109155265
Strep_C12314,0.11634201451864289
Strep_C12315,0.35245843672205746
Strep_C12316,0.99999999
Strep_C12317,0.47311651524910325
Strep_C12318,0.11634201451864289
Strep_C12319,0.7256406595528874
Strep_C1231,0.11136757272179186
Strep_C12320,0.11634201451864289
Strep_C12321,0.11634201451864289
Strep_C12322,0.2337017810381666
Strep_C12323,0.11634201451864289
Strep_C12324,0.11634201451864289
Strep_C12325,0.351325490499599
Strep_C12326,0.11136757272179186
Strep_C12327,0.99999999
Strep_C12328,0.99999999
Strep_C12329,0.11136757272179186
Strep_C1232,0.11634201451864289
Strep_C12330,0.11136757272179186
Strep_C12331,0.11136757272179186
Strep_C12332,0.11136757272179186
Strep_C12333,0.11136757272179186
Strep_C12334,0.11136757272179186
Strep_C12335,0.23305302815717163
Strep_C12336,0.351325490499599
Strep_C12337,0.23305302815717163
Strep_C12338,0.23305302815717163
Strep_C12339,0.23305302815717163
Strep_C1233,0.8889131171654778
Strep_C12340,0.23305302815717163
Strep_C12341,0.23305302815717163
Strep_C12342,0.4712762061295706
Strep_C12343,0.1160600458814914
Strep_C12344,0.23305302815717163
Strep_C12345,0.23370178103816636
Strep_C12346,0.2337017810381666
Strep_C12347,0.47311830745470035
Strep_C12348,0.11634201451864289
Strep_C12349,0.11634201451864289
Strep_C1234,0.8889223478224411
Strep_C12350,0.2337017810381666
Strep_C12351,0.47311830745470035
Strep_C12352,0.35245843672205746
Strep_C12353,0.2337017810381666
Strep_C12354,0.11634201451864289
Strep_C12355,0.11634201451864289
Strep_C12356,0.22283322077504625
Strep_C12357,0.11634201451864289
Strep_C12358,0.11634201451864289
Strep_C12359,0.23370228693111114
Strep_C1235,0.11634201451864289
Strep_C12360,0.1163415109155265
Strep_C12361,0.1163415109155265
Strep_C12362,0.1163415109155265
Strep_C12363,0.1163415109155265
Strep_C12364,0.1163415109155265
Strep_C12365,0.1163415109155265
Strep_C12366,0.7198643407720242
Strep_C12367,0.1163415109155265
Strep_C12368,0.1163415109155265
Strep_C12369,0.1163415109155265
Strep_C1236,0.11634201451864289
Strep_C12370,0.99999999
Strep_C12371,0.11634201451864289
Strep_C12372,0.2337017810381666
Strep_C12373,0.11634201451864289
Strep_C12374,0.11634201451864289
Strep_C12375,0.35245843672205746
Strep_C12376,0.2337017810381666
Strep_C12377,0.99999999
Strep_C12378,0.35245843672205746
Strep_C12379,0.47311830745470035
Strep_C1237,0.1163415109155265
Strep_C12380,0.47311830745470035
Strep_C12381,0.11634201451864289
Strep_C12382,0.2337017810381666
Strep_C12383,0.11634201451864289
Strep_C12384,0.11634201451864289
Strep_C12385,0.47311830745470035
Strep_C12386,0.11634201451864289
Strep_C12387,0.5579816378691367
Strep_C12388,0.2337017810381666
Strep_C12389,0.11634201451864289
Strep_C1238,0.1163415109155265
Strep_C12390,0.11634201451864289
Strep_C12391,0.11136757272179186
Strep_C12392,0.334259100712907
Strep_C12393,0.99999999
Strep_C12394,0.8889131171654778
Strep_C12395,0.11136757272179186
Strep_C12396,0.22283322077504625
Strep_C12397,0.11136757272179186
Strep_C12398,0.11136757272179186
Strep_C12399,0.6665403377533278
Strep_C1239,0.11634201451864289
Strep_C123,0.23305302815717163
Strep_C12400,0.11136757272179186
Strep_C12401,0.1160600458814914
Strep_C12402,0.23305302815717163
Strep_C12403,0.99999999
Strep_C12404,0.47127620612957083
Strep_C12405,0.1160600458814914
Strep_C12406,0.47311830745470035
Strep_C12407,0.35245843672205746
Strep_C12408,0.11634201451864289
Strep_C12409,0.11634201451864289
Strep_C1240,0.23370178103816636
Strep_C12410,0.2337017810381666
Strep_C12411,0.2337017810381666
Strep_C12412,0.47311830745470035
Strep_C12413,0.11634201451864289
Strep_C12414,0.11634201451864289
Strep_C12415,0.23370178103816636
Strep_C12416,0.47311830745470035
Strep_C12417,0.23370178103816636
Strep_C12418,0.23370178103816636
Strep_C12419,0.23370228693111114
Strep_C1241,0.2337017810381666
Strep_C12420,0.11634201451864289
Strep_C12421,0.11634201451864289
Strep_C12422,0.8889223478224411
Strep_C12423,0.99999999
Strep_C12424,0.8524313909199117
Strep_C12425,0.1163415109155265
Strep_C12426,0.1163415109155265
Strep_C12427,0.1163415109155265
Strep_C12428,0.1163415109155265
Strep_C12429,0.1163415109155265
Strep_C1242,0.1163415109155265
Strep_C12430,0.1163415109155265
Strep_C12431,0.99999999
Strep_C12432,0.1163415109155265
Strep_C12433,0.1163415109155265
Strep_C12434,0.1163415109155265
Strep_C12435,0.47311651524910325
Strep_C12436,0.1163415109155265
Strep_C12437,0.23370228693111114
Strep_C12438,0.47311830745470035
Strep_C12439,0.47311830745470035
Strep_C1243,0.7256406595528874
Strep_C12440,0.5967214293920762
Strep_C12441,0.11634201451864289
Strep_C12442,0.99999999
Strep_C12443,0.99999999
Strep_C12444,0.99999999
Strep_C12445,0.47311830745470035
Strep_C12446,0.11634201451864289
Strep_C12447,0.11634201451864289
Strep_C12448,0.23370178103816636
Strep_C12449,0.11634201451864289
Strep_C1244,0.11634201451864289
Strep_C12450,0.11634201451864289
Strep_C12451,0.351325490499599
Strep_C12452,0.11634201451864289
Strep_C12453,0.99999999
Strep_C12454,0.5967242474384321
Strep_C12455,0.5967242474384321
Strep_C12456,0.99999999
Strep_C12457,0.11634201451864289
Strep_C12458,0.11136757272179186
Strep_C12459,0.99999999
Strep_C1245,0.11634201451864289
Strep_C12460,0.11136757272179186
Strep_C12461,0.11136757272179186
Strep_C12462,0.11136757272179186
Strep_C12463,0.11136757272179186
Strep_C12464,0.333266628208235
Strep_C12465,0.5936452796634148
Strep_C12466,0.23305302815717163
Strep_C12467,0.23305302815717163
Strep_C12468,0.333266628208235
Strep_C12469,0.35132537846575046
Strep_C1246,0.11634201451864289
Strep_C12470,0.35132537846575046
Strep_C12471,0.23305302815717163
Strep_C12472,0.333266628208235
Strep_C12473,0.23305302815717163
Strep_C12474,0.1160600458814914
Strep_C12475,0.47311830745470035
Strep_C12476,0.47311830745470035
Strep_C12477,0.47311651524910325
Strep_C12478,0.11634201451864289
Strep_C12479,0.11634201451864289
Strep_C1247,0.11634201451864289
Strep_C12480,0.11634201451864289
Strep_C12481,0.23305302815717163
Strep_C12482,0.11634201451864289
Strep_C12483,0.8673259655154397
Strep_C12484,0.3524582818100281
Strep_C12485,0.11634201451864289
Strep_C12486,0.11634201451864289
Strep_C12487,0.11634201451864289
Strep_C12488,0.47311830745470035
Strep_C12489,0.11634201451864289
Strep_C1248,0.11634201451864289
Strep_C12490,0.2337017810381666
Strep_C12491,0.1163415109155265
Strep_C12492,0.1163415109155265
Strep_C12493,0.1163415109155265
Strep_C12494,0.1163415109155265
Strep_C12495,0.47311651524910325
Strep_C12496,0.23370228693111114
Strep_C12497,0.1163415109155265
Strep_C12498,0.1163415109155265
Strep_C12499,0.1163415109155265
Strep_C1249,0.11634201451864289
Strep_C124,0.11634201451864289
Strep_C12500,0.1163415109155265
Strep_C12501,0.7256406595528874
Strep_C12502,0.7198643407720242
Strep_C12503,0.35245843672205746
Strep_C12504,0.11634201451864289
Strep_C12505,0.47311830745470035
Strep_C12506,0.11634201451864289
Strep_C12507,0.7256406595528874
Strep_C12508,0.11634201451864289
Strep_C12509,0.8524331858472348
Strep_C1250,0.5967214293920762
Strep_C12510,0.11634201451864289
Strep_C12511,0.11634201451864289
Strep_C12512,0.11634201451864289
Strep_C12513,0.35245843672205746
Strep_C12514,0.23370228693111114
Strep_C12515,0.5967214293920762
Strep_C12516,0.11634201451864289
Strep_C12517,0.23370178103816636
Strep_C12518,0.11634201451864289
Strep_C12519,0.11634201451864289
Strep_C1251,0.11634201451864289
Strep_C12520,0.11136757272179186
Strep_C12521,0.11136757272179186
Strep_C12522,0.22283322077504625
Strep_C12523,0.11136757272179186
Strep_C12524,0.99999999
Strep_C12525,0.11136757272179186
Strep_C12526,0.11136757272179186
Strep_C12527,0.11136757272179186
Strep_C12528,0.11136757272179186
Strep_C12529,0.11136757272179186
Strep_C1252,0.99999999
Strep_C12530,0.11136757272179186
Strep_C12531,0.11136757272179186
Strep_C12532,0.11136757272179186
Strep_C12533,0.23305302815717163
Strep_C12534,0.23305302815717163
Strep_C12535,0.23305302815717163
Strep_C12536,0.351325490499599
Strep_C12537,0.23305302815717163
Strep_C12538,0.23305302815717163
Strep_C12539,0.23305302815717163
Strep_C1253,0.47311830745470035
Strep_C12540,0.8524331858472348
Strep_C12541,0.99999999
Strep_C12542,0.8524331858472348
Strep_C12543,0.2337017810381666
Strep_C12544,0.11634201451864289
Strep_C12545,0.11634201451864289
Strep_C12546,0.2337017810381666
Strep_C12547,0.5936452796634148
Strep_C12548,0.11634201451864289
Strep_C12549,0.8524331858472348
Strep_C1254,0.11634201451864289
Strep_C12550,0.11634201451864289
Strep_C12551,0.8673259655154397
Strep_C12552,0.11634201451864289
Strep_C12553,0.11634201451864289
Strep_C12554,0.11634201451864289
Strep_C12555,0.11634201451864289
Strep_C12556,0.5967214293920762
Strep_C12557,0.1163415109155265
Strep_C12558,0.1163415109155265
Strep_C12559,0.7256406595528874
Strep_C1255,0.11634201451864289
Strep_C12560,0.1163415109155265
Strep_C12561,0.1163415109155265
Strep_C12562,0.47311651524910325
Strep_C12563,0.1163415109155265
Strep_C12564,0.1163415109155265
Strep_C12565,0.11634201451864289
Strep_C12566,0.11634201451864289
Strep_C12567,0.8889131171654778
Strep_C12568,0.11634201451864289
Strep_C12569,0.99999999
Strep_C1256,0.11136757272179186
Strep_C12570,0.35245843672205746
Strep_C12571,0.11634201451864289
Strep_C12572,0.11634201451864289
Strep_C12573,0.7256406595528874
Strep_C12574,0.35245843672205746
Strep_C12575,0.11634201451864289
Strep_C12576,0.11634201451864289
Strep_C12577,0.11634201451864289
Strep_C12578,0.471274539360154
Strep_C12579,0.334259100712907
Strep_C1257,0.8524331858472348
Strep_C12580,0.5967242474384321
Strep_C12581,0.2337017810381666
Strep_C12582,0.11136757272179186
Strep_C12583,0.11136757272179186
Strep_C12584,0.11136757272179186
Strep_C12585,0.99999999
Strep_C12586,0.11136757272179186
Strep_C12587,0.333266628208235
Strep_C12588,0.11136757272179186
Strep_C12589,0.11136757272179186
Strep_C1258,0.23370178103816636
Strep_C12590,0.471274539360154
Strep_C12591,0.23305302815717163
Strep_C12592,0.44444957634747156
Strep_C12593,0.23305302815717163
Strep_C12594,0.23305302815717163
Strep_C12595,0.99999999
Strep_C12596,0.35132537846575046
Strep_C12597,0.8524313909199117
Strep_C12598,0.23305302815717163
Strep_C12599,0.8524331858472348
Strep_C1259,0.5967214293920762
Strep_C125,0.11634201451864289
Strep_C12600,0.8889131171654778
Strep_C12601,0.7198634438443039
Strep_C12602,0.23305302815717163
Strep_C12603,0.22283322077504625
Strep_C12604,0.35245843672205746
Strep_C12605,0.11634201451864289
Strep_C12606,0.2337017810381666
Strep_C12607,0.11634201451864289
Strep_C12608,0.11634201451864289
Strep_C12609,0.2337017810381666
Strep_C1260,0.2337017810381666
Strep_C12610,0.11634201451864289
Strep_C12611,0.11634201451864289
Strep_C12612,0.35245843672205746
Strep_C12613,0.47311651524910325
Strep_C12614,0.7256406595528874
Strep_C12615,0.1163415109155265
Strep_C12616,0.1163415109155265
Strep_C12617,0.1163415109155265
Strep_C12618,0.1163415109155265
Strep_C12619,0.1163415109155265
Strep_C1261,0.1163415109155265
Strep_C12620,0.1163415109155265
Strep_C12621,0.1163415109155265
Strep_C12622,0.1163415109155265
Strep_C12623,0.1163415109155265
Strep_C12624,0.1163415109155265
Strep_C12625,0.1163415109155265
Strep_C12626,0.1163415109155265
Strep_C12627,0.1163415109155265
Strep_C12628,0.1163415109155265
Strep_C12629,0.47311830745470035
Strep_C1262,0.99999999
Strep_C12630,0.11634201451864289
Strep_C12631,0.11634201451864289
Strep_C12632,0.11634201451864289
Strep_C12633,0.23370178103816636
Strep_C12634,0.35245843672205746
Strep_C12635,0.11634201451864289
Strep_C12636,0.47311830745470035
Strep_C12637,0.11634201451864289
Strep_C12638,0.2337017810381666
Strep_C12639,0.11634201451864289
Strep_C1263,0.23305302815717163
Strep_C12640,0.47127620612957083
Strep_C12641,0.2337017810381666
Strep_C12642,0.99999999
Strep_C12643,0.11634201451864289
Strep_C12644,0.11634201451864289
Strep_C12645,0.11634201451864289
Strep_C12646,0.11634201451864289
Strep_C12647,0.11634201451864289
Strep_C12648,0.11634201451864289
Strep_C12649,0.11634201451864289
Strep_C1264,0.47311830745470035
Strep_C12650,0.11634201451864289
Strep_C12651,0.11136757272179186
Strep_C12652,0.7847940789287989
Strep_C12653,0.11136757272179186
Strep_C12654,0.11136757272179186
Strep_C12655,0.11136757272179186
Strep_C12656,0.23305302815717163
Strep_C12657,0.23305302815717163
Strep_C12658,0.23305302815717163
Strep_C12659,0.23305302815717163
Strep_C1265,0.557982185216091
Strep_C12660,0.23305302815717163
Strep_C12661,0.23305302815717163
Strep_C12662,0.35132537846575046
Strep_C12663,0.23305302815717163
Strep_C12664,0.23305302815717163
Strep_C12665,0.23305302815717163
Strep_C12666,0.2337017810381666
Strep_C12667,0.3524582818100281
Strep_C12668,0.47311830745470035
Strep_C12669,0.2337017810381666
Strep_C1266,0.1163415109155265
Strep_C12670,0.5967214293920762
Strep_C12671,0.2337017810381666
Strep_C12672,0.2337017810381666
Strep_C12673,0.11634201451864289
Strep_C12674,0.11634201451864289
Strep_C12675,0.11634201451864289
Strep_C12676,0.351325490499599
Strep_C12677,0.3524582818100281
Strep_C12678,0.11634201451864289
Strep_C12679,0.11634201451864289
Strep_C1267,0.11634201451864289
Strep_C12680,0.35245843672205746
Strep_C12681,0.11634201451864289
Strep_C12682,0.35245843672205746
Strep_C12683,0.11634201451864289
Strep_C12684,0.11634201451864289
Strep_C12685,0.1163415109155265
Strep_C12686,0.1163415109155265
Strep_C12687,0.1163415109155265
Strep_C12688,0.1163415109155265
Strep_C12689,0.1163415109155265
Strep_C1268,0.11136757272179186
Strep_C12690,0.1163415109155265
Strep_C12691,0.1163415109155265
Strep_C12692,0.1163415109155265
Strep_C12693,0.22283354305359118
Strep_C12694,0.1163415109155265
Strep_C12695,0.1163415109155265
Strep_C12696,0.1163415109155265
Strep_C12697,0.1163415109155265
Strep_C12698,0.47311830745470035
Strep_C12699,0.11634201451864289
Strep_C1269,0.11634201451864289
Strep_C126,0.11634201451864289
Strep_C12700,0.2337017810381666
Strep_C12701,0.11634201451864289
Strep_C12702,0.11634201451864289
Strep_C12703,0.11634201451864289
Strep_C12704,0.5936452796634148
Strep_C12705,0.11634201451864289
Strep_C12706,0.3524582818100281
Strep_C12707,0.47127620612957083
Strep_C12708,0.11634201451864289
Strep_C12709,0.47311830745470035
Strep_C1270,0.23370178103816636
Strep_C12710,0.11634201451864289
Strep_C12711,0.11634201451864289
Strep_C12712,0.11634201451864289
Strep_C12713,0.99999999
Strep_C12714,0.8524331858472348
Strep_C12715,0.11634201451864289
Strep_C12716,0.23370228693111114
Strep_C12717,0.11136757272179186
Strep_C12718,0.11136757272179186
Strep_C12719,0.99999999
Strep_C1271,0.23370228693111114
Strep_C12720,0.11136757272179186
Strep_C12721,0.11136757272179186
Strep_C12722,0.99999999
Strep_C12723,0.11136757272179186
Strep_C12724,0.11136757272179186
Strep_C12725,0.11136757272179186
Strep_C12726,0.670453025682897
Strep_C12727,0.23305302815717163
Strep_C12728,0.351325490499599
Strep_C12729,0.23305302815717163
Strep_C1272,0.23370178103816636
Strep_C12730,0.23305302815717163
Strep_C12731,0.23305302815717163
Strep_C12732,0.23305302815717163
Strep_C12733,0.351325490499599
Strep_C12734,0.2337017810381666
Strep_C12735,0.47311830745470035
Strep_C12736,0.35245843672205746
Strep_C12737,0.2337017810381666
Strep_C12738,0.11634201451864289
Strep_C12739,0.99999999
Strep_C1273,0.11634201451864289
Strep_C12740,0.23370178103816636
Strep_C12741,0.8524331858472348
Strep_C12742,0.2337017810381666
Strep_C12743,0.5967242474384321
Strep_C12744,0.11634201451864289
Strep_C12745,0.11634201451864289
Strep_C12746,0.11634201451864289
Strep_C12747,0.11634201451864289
Strep_C12748,0.8524331858472348
Strep_C12749,0.11634201451864289
Strep_C1274,0.23370178103816636
Strep_C12750,0.11634201451864289
Strep_C12751,0.47311830745470035
Strep_C12752,0.11634201451864289
Strep_C12753,0.11634201451864289
Strep_C12754,0.35245843672205746
Strep_C12755,0.11634201451864289
Strep_C12756,0.11634201451864289
Strep_C12757,0.1163415109155265
Strep_C12758,0.23370228693111114
Strep_C12759,0.1163415109155265
Strep_C1275,0.11634201451864289
Strep_C12760,0.1163415109155265
Strep_C12761,0.1163415109155265
Strep_C12762,0.1163415109155265
Strep_C12763,0.1163415109155265
Strep_C12764,0.1163415109155265
Strep_C12765,0.1163415109155265
Strep_C12766,0.1163415109155265
Strep_C12767,0.99999999
Strep_C12768,0.11634201451864289
Strep_C12769,0.11634201451864289
Strep_C1276,0.8889223478224411
Strep_C12770,0.8524313909199117
Strep_C12771,0.99999999
Strep_C12772,0.23370178103816636
Strep_C12773,0.11634201451864289
Strep_C12774,0.11634201451864289
Strep_C12775,0.11634201451864289
Strep_C12776,0.23370178103816636
Strep_C12777,0.11634201451864289
Strep_C12778,0.11634201451864289
Strep_C12779,0.11634201451864289
Strep_C1277,0.2337017810381666
Strep_C12780,0.7198643407720242
Strep_C12781,0.11634201451864289
Strep_C12782,0.11634201451864289
Strep_C12783,0.11634201451864289
Strep_C12784,0.3524582818100281
Strep_C12785,0.47311830745470035
Strep_C12786,0.11634201451864289
Strep_C12787,0.99999999
Strep_C12788,0.11136757272179186
Strep_C12789,0.8889223478224411
Strep_C1278,0.1163415109155265
Strep_C12790,0.333266628208235
Strep_C12791,0.11136757272179186
Strep_C12792,0.11136757272179186
Strep_C12793,0.99999999
Strep_C12794,0.23305302815717163
Strep_C12795,0.23305302815717163
Strep_C12796,0.351325490499599
Strep_C12797,0.1160600458814914
Strep_C12798,0.99999999
Strep_C12799,0.23305302815717163
Strep_C1279,0.35245843672205746
Strep_C127,0.11634201451864289
Strep_C12800,0.99999999
Strep_C12801,0.23305302815717163
Strep_C12802,0.23305302815717163
Strep_C12803,0.1160600458814914
Strep_C12804,0.1160600458814914
Strep_C12805,0.7256406595528874
Strep_C12806,0.47311830745470035
Strep_C12807,0.99999999
Strep_C12808,0.99999999
Strep_C12809,0.47311830745470035
Strep_C1280,0.99999999
Strep_C12810,0.5967242474384321
Strep_C12811,0.11634201451864289
Strep_C12812,0.2337017810381666
Strep_C12813,0.2337017810381666
Strep_C12814,0.11634201451864289
Strep_C12815,0.23370178103816636
Strep_C12816,0.11634201451864289
Strep_C12817,0.23370178103816636
Strep_C12818,0.47311830745470035
Strep_C12819,0.23370178103816636
Strep_C1281,0.11634201451864289
Strep_C12820,0.11634201451864289
Strep_C12821,0.35245843672205746
Strep_C12822,0.2337017810381666
Strep_C12823,0.11634201451864289
Strep_C12824,0.11634201451864289
Strep_C12825,0.11634201451864289
Strep_C12826,0.1163415109155265
Strep_C12827,0.1163415109155265
Strep_C12828,0.1163415109155265
Strep_C12829,0.1163415109155265
Strep_C1282,0.11634201451864289
Strep_C12830,0.1163415109155265
Strep_C12831,0.1163415109155265
Strep_C12832,0.1163415109155265
Strep_C12833,0.47311651524910325
Strep_C12834,0.23370228693111114
Strep_C12835,0.2337017810381666
Strep_C12836,0.11634201451864289
Strep_C12837,0.47311830745470035
Strep_C12838,0.351325490499599
Strep_C12839,0.47311830745470035
Strep_C1283,0.11634201451864289
Strep_C12840,0.11634201451864289
Strep_C12841,0.11634201451864289
Strep_C12842,0.11634201451864289
Strep_C12843,0.35245843672205746
Strep_C12844,0.47311830745470035
Strep_C12845,0.11634201451864289
Strep_C12846,0.99999999
Strep_C12847,0.11634201451864289
Strep_C12848,0.7198634438443039
Strep_C12849,0.11634201451864289
Strep_C1284,0.1163415109155265
Strep_C12850,0.11634201451864289
Strep_C12851,0.99999999
Strep_C12852,0.11634201451864289
Strep_C12853,0.4460100629020958
Strep_C12854,0.11136757272179186
Strep_C12855,0.11136757272179186
Strep_C12856,0.557982185216091
Strep_C12857,0.11136757272179186
Strep_C12858,0.11136757272179186
Strep_C12859,0.11136757272179186
Strep_C1285,0.5967214293920762
Strep_C12860,0.11136757272179186
Strep_C12861,0.11136757272179186
Strep_C12862,0.23305302815717163
Strep_C12863,0.23305302815717163
Strep_C12864,0.23305302815717163
Strep_C12865,0.23305302815717163
Strep_C12866,0.23305302815717163
Strep_C12867,0.23305302815717163
Strep_C12868,0.23305302815717163
Strep_C12869,0.23305302815717163
Strep_C1286,0.11634201451864289
Strep_C12870,0.351325490499599
Strep_C12871,0.35132537846575046
Strep_C12872,0.351325490499599
Strep_C12873,0.23305302815717163
Strep_C12874,0.99999999
Strep_C12875,0.11634201451864289
Strep_C12876,0.11634201451864289
Strep_C12877,0.2337017810381666
Strep_C12878,0.2337017810381666
Strep_C12879,0.35245843672205746
Strep_C1287,0.7778659244097796
Strep_C12880,0.35245843672205746
Strep_C12881,0.3524582818100281
Strep_C12882,0.23370178103816636
Strep_C12883,0.23370228693111114
Strep_C12884,0.23370178103816636
Strep_C12885,0.5967242474384321
Strep_C12886,0.11634201451864289
Strep_C12887,0.11634201451864289
Strep_C12888,0.11634201451864289
Strep_C12889,0.2337017810381666
Strep_C1288,0.44444989529753154
Strep_C12890,0.5967242474384321
Strep_C12891,0.2337017810381666
Strep_C12892,0.1163415109155265
Strep_C12893,0.23370228693111114
Strep_C12894,0.1163415109155265
Strep_C12895,0.35132537846575046
Strep_C12896,0.1163415109155265
Strep_C12897,0.1163415109155265
Strep_C12898,0.1163415109155265
Strep_C12899,0.1163415109155265
Strep_C1289,0.35132537846575046
Strep_C128,0.11634201451864289
Strep_C12900,0.47311651524910325
Strep_C12901,0.1163415109155265
Strep_C12902,0.1163415109155265
Strep_C12903,0.23370228693111114
Strep_C12904,0.1163415109155265
Strep_C12905,0.1163415109155265
Strep_C12906,0.1163415109155265
Strep_C12907,0.5967214293920762
Strep_C12908,0.11634201451864289
Strep_C12909,0.23370228693111114
Strep_C1290,0.1163415109155265
Strep_C12910,0.2337017810381666
Strep_C12911,0.11634201451864289
Strep_C12912,0.5967242474384321
Strep_C12913,0.35245843672205746
Strep_C12914,0.11634201451864289
Strep_C12915,0.11634201451864289
Strep_C12916,0.11634201451864289
Strep_C12917,0.3524582818100281
Strep_C12918,0.99999999
Strep_C12919,0.351325490499599
Strep_C1291,0.11634201451864289
Strep_C12920,0.11634201451864289
Strep_C12921,0.9053588679153928
Strep_C12922,0.11634201451864289
Strep_C12923,0.11634201451864289
Strep_C12924,0.11634201451864289
Strep_C12925,0.11634201451864289
Strep_C12926,0.11634201451864289
Strep_C12927,0.23370228693111114
Strep_C12928,0.11634201451864289
Strep_C12929,0.334259100712907
Strep_C1292,0.2337017810381666
Strep_C12930,0.11136757272179186
Strep_C12931,0.11136757272179186
Strep_C12932,0.11136757272179186
Strep_C12933,0.11136757272179186
Strep_C12934,0.3342595322757504
Strep_C12935,0.22283354305359118
Strep_C12936,0.11136757272179186
Strep_C12937,0.11136757272179186
Strep_C12938,0.11136757272179186
Strep_C12939,0.44444989529753154
Strep_C1293,0.11634201451864289
Strep_C12940,0.23305302815717163
Strep_C12941,0.23305302815717163
Strep_C12942,0.99999999
Strep_C12943,0.23305302815717163
Strep_C12944,0.1160600458814914
Strep_C12945,0.47311830745470035
Strep_C12946,0.11634201451864289
Strep_C12947,0.2337017810381666
Strep_C12948,0.35245843672205746
Strep_C12949,0.2337017810381666
Strep_C1294,0.99999999
Strep_C12950,0.99999999
Strep_C12951,0.99999999
Strep_C12952,0.11634201451864289
Strep_C12953,0.11634201451864289
Strep_C12954,0.11634201451864289
Strep_C12955,0.47311830745470035
Strep_C12956,0.23370178103816636
Strep_C12957,0.557982185216091
Strep_C12958,0.11634201451864289
Strep_C12959,0.11634201451864289
Strep_C1295,0.2337017810381666
Strep_C12960,0.11634201451864289
Strep_C12961,0.11634201451864289
Strep_C12962,0.2337017810381666
Strep_C12963,0.35245843672205746
Strep_C12964,0.6665403377533278
Strep_C12965,0.11634201451864289
Strep_C12966,0.99999999
Strep_C12967,0.1163415109155265
Strep_C12968,0.1163415109155265
Strep_C12969,0.1163415109155265
Strep_C1296,0.7198643407720242
Strep_C12970,0.3524582818100281
Strep_C12971,0.1163415109155265
Strep_C12972,0.1163415109155265
Strep_C12973,0.1163415109155265
Strep_C12974,0.1163415109155265
Strep_C12975,0.1163415109155265
Strep_C12976,0.35132537846575046
Strep_C12977,0.1163415109155265
Strep_C12978,0.11634201451864289
Strep_C12979,0.23370228693111114
Strep_C1297,0.1163415109155265
Strep_C12980,0.2337017810381666
Strep_C12981,0.23370178103816636
Strep_C12982,0.23370178103816636
Strep_C12983,0.47311830745470035
Strep_C12984,0.3342595322757504
Strep_C12985,0.11634201451864289
Strep_C12986,0.8524331858472348
Strep_C12987,0.11634201451864289
Strep_C12988,0.23370228693111114
Strep_C12989,0.11634201451864289
Strep_C1298,0.23305302815717163
Strep_C12990,0.11634201451864289
Strep_C12991,0.11634201451864289
Strep_C12992,0.5967214293920762
Strep_C12993,0.11136757272179186
Strep_C12994,0.11136757272179186
Strep_C12995,0.11136757272179186
Strep_C12996,0.11136757272179186
Strep_C12997,0.8889131171654778
Strep_C12998,0.11136757272179186
Strep_C12999,0.11136757272179186
Strep_C1299,0.11634201451864289
Strep_C129,0.11634201451864289
Strep_C12,0.23370178103816636
Strep_C13000,0.11136757272179186
Strep_C13001,0.11136757272179186
Strep_C13002,0.11136757272179186
Strep_C13003,0.11136757272179186
Strep_C13004,0.11136757272179186
Strep_C13005,0.4712762061295706
Strep_C13006,0.23305302815717163
Strep_C13007,0.47127620612957083
Strep_C13008,0.351325490499599
Strep_C13009,0.23305302815717163
Strep_C1300,0.3524582818100281
Strep_C13010,0.351325490499599
Strep_C13011,0.8889131171654778
Strep_C13012,0.99999999
Strep_C13013,0.5555546390366239
Strep_C13014,0.1160600458814914
Strep_C13015,0.23305302815717163
Strep_C13016,0.23305302815717163
Strep_C13017,0.23305302815717163
Strep_C13018,0.23305302815717163
Strep_C13019,0.99999999
Strep_C1301,0.35245843672205746
Strep_C13020,0.23305302815717163
Strep_C13021,0.1160600458814914
Strep_C13022,0.8673259655154397
Strep_C13023,0.3524582818100281
Strep_C13024,0.11634201451864289
Strep_C13025,0.3524582818100281
Strep_C13026,0.2337017810381666
Strep_C13027,0.35245843672205746
Strep_C13028,0.11634201451864289
Strep_C13029,0.23305302815717163
Strep_C1302,0.11634201451864289
Strep_C13030,0.11634201451864289
Strep_C13031,0.11634201451864289
Strep_C13032,0.11634201451864289
Strep_C13033,0.35245843672205746
Strep_C13034,0.11634201451864289
Strep_C13035,0.11634201451864289
Strep_C13036,0.23370178103816636
Strep_C13037,0.11634201451864289
Strep_C13038,0.11634201451864289
Strep_C13039,0.2337017810381666
Strep_C1303,0.1163415109155265
Strep_C13040,0.2337017810381666
Strep_C13041,0.11634201451864289
Strep_C13042,0.1163415109155265
Strep_C13043,0.1163415109155265
Strep_C13044,0.1163415109155265
Strep_C13045,0.7256406595528874
Strep_C13046,0.1163415109155265
Strep_C13047,0.1163415109155265
Strep_C13048,0.1163415109155265
Strep_C13049,0.1163415109155265
Strep_C1304,0.3524582818100281
Strep_C13050,0.1163415109155265
Strep_C13051,0.1163415109155265
Strep_C13052,0.23370228693111114
Strep_C13053,0.1163415109155265
Strep_C13054,0.1163415109155265
Strep_C13055,0.1163415109155265
Strep_C13056,0.1163415109155265
Strep_C13057,0.1163415109155265
Strep_C13058,0.1163415109155265
Strep_C13059,0.7198634438443039
Strep_C1305,0.47311830745470035
Strep_C13060,0.5579816378691367
Strep_C13061,0.3524582818100281
Strep_C13062,0.47311830745470035
Strep_C13063,0.11634201451864289
Strep_C13064,0.99999999
Strep_C13065,0.47311830745470035
Strep_C13066,0.5967214293920762
Strep_C13067,0.471274539360154
Strep_C13068,0.11634201451864289
Strep_C13069,0.11634201451864289
Strep_C1306,0.44444957634747156
Strep_C13070,0.23370228693111114
Strep_C13071,0.11634201451864289
Strep_C13072,0.11634201451864289
Strep_C13073,0.5555542629982061
Strep_C13074,0.44444989529753154
Strep_C13075,0.11634201451864289
Strep_C13076,0.11136757272179186
Strep_C13077,0.11136757272179186
Strep_C13078,0.333266628208235
Strep_C13079,0.11136757272179186
Strep_C1307,0.2337017810381666
Strep_C13080,0.11136757272179186
Strep_C13081,0.11136757272179186
Strep_C13082,0.11136757272179186
Strep_C13083,0.11136757272179186
Strep_C13084,0.1160600458814914
Strep_C13085,0.471274539360154
Strep_C13086,0.23305302815717163
Strep_C13087,0.47127620612957083
Strep_C13088,0.99999999
Strep_C13089,0.23305302815717163
Strep_C1308,0.11634201451864289
Strep_C13090,0.23305302815717163
Strep_C13091,0.23305302815717163
Strep_C13092,0.23305302815717163
Strep_C13093,0.1160600458814914
Strep_C13094,0.5967242474384321
Strep_C13095,0.5967214293920762
Strep_C13096,0.11634201451864289
Strep_C13097,0.2337017810381666
Strep_C13098,0.99999999
Strep_C13099,0.11634201451864289
Strep_C1309,0.99999999
Strep_C130,0.23370178103816636
Strep_C13100,0.11634201451864289
Strep_C13101,0.11634201451864289
Strep_C13102,0.11634201451864289
Strep_C13103,0.35245843672205746
Strep_C13104,0.11634201451864289
Strep_C13105,0.11634201451864289
Strep_C13106,0.11634201451864289
Strep_C13107,0.11634201451864289
Strep_C13108,0.23370228693111114
Strep_C13109,0.3524582818100281
Strep_C1310,0.99999999
Strep_C13110,0.11634201451864289
Strep_C13111,0.11634201451864289
Strep_C13112,0.11634201451864289
Strep_C13113,0.11634201451864289
Strep_C13114,0.11634201451864289
Strep_C13115,0.11634201451864289
Strep_C13116,0.8889223478224411
Strep_C13117,0.7198643407720242
Strep_C13118,0.1163415109155265
Strep_C13119,0.1163415109155265
Strep_C1311,0.11634201451864289
Strep_C13120,0.1163415109155265
Strep_C13121,0.1163415109155265
Strep_C13122,0.23370228693111114
Strep_C13123,0.23370228693111114
Strep_C13124,0.99999999
Strep_C13125,0.47311830745470035
Strep_C13126,0.11634201451864289
Strep_C13127,0.7198634438443039
Strep_C13128,0.11634201451864289
Strep_C13129,0.11634201451864289
Strep_C1312,0.47311651524910325
Strep_C13130,0.11634201451864289
Strep_C13131,0.11634201451864289
Strep_C13132,0.5967214293920762
Strep_C13133,0.11634201451864289
Strep_C13134,0.11634201451864289
Strep_C13135,0.35245843672205746
Strep_C13136,0.99999999
Strep_C13137,0.47311651524910325
Strep_C13138,0.99999999
Strep_C13139,0.8889131171654778
Strep_C1313,0.1163415109155265
Strep_C13140,0.11634201451864289
Strep_C13141,0.11634201451864289
Strep_C13142,0.11634201451864289
Strep_C13143,0.2337017810381666
Strep_C13144,0.11634201451864289
Strep_C13145,0.11634201451864289
Strep_C13146,0.11634201451864289
Strep_C13147,0.11634201451864289
Strep_C13148,0.11634201451864289
Strep_C13149,0.11634201451864289
Strep_C1314,0.5967242474384321
Strep_C13150,0.11136757272179186
Strep_C13151,0.99999999
Strep_C13152,0.11136757272179186
Strep_C13153,0.11136757272179186
Strep_C13154,0.11136757272179186
Strep_C13155,0.6665426254504294
Strep_C13156,0.11136757272179186
Strep_C13157,0.11136757272179186
Strep_C13158,0.11136757272179186
Strep_C13159,0.11136757272179186
Strep_C1315,0.11136757272179186
Strep_C13160,0.99999999
Strep_C13161,0.11136757272179186
Strep_C13162,0.11136757272179186
Strep_C13163,0.11136757272179186
Strep_C13164,0.9053588679153928
Strep_C13165,0.11136757272179186
Strep_C13166,0.11136757272179186
Strep_C13167,0.23305302815717163
Strep_C13168,0.1160600458814914
Strep_C13169,0.23305302815717163
Strep_C1316,0.23305302815717163
Strep_C13170,0.23305302815717163
Strep_C13171,0.8889131171654778
Strep_C13172,0.44444957634747156
Strep_C13173,0.23305302815717163
Strep_C13174,0.23305302815717163
Strep_C13175,0.1160600458814914
Strep_C13176,0.23305302815717163
Strep_C13177,0.23305302815717163
Strep_C13178,0.23305302815717163
Strep_C13179,0.23305302815717163
Strep_C1317,0.23305302815717163
Strep_C13180,0.7256406595528874
Strep_C13181,0.11634201451864289
Strep_C13182,0.11634201451864289
Strep_C13183,0.2337017810381666
Strep_C13184,0.2337017810381666
Strep_C13185,0.2337017810381666
Strep_C13186,0.11634201451864289
Strep_C13187,0.2337017810381666
Strep_C13188,0.47311651524910325
Strep_C13189,0.35245843672205746
Strep_C1318,0.2337017810381666
Strep_C13190,0.11634201451864289
Strep_C13191,0.11634201451864289
Strep_C13192,0.471274539360154
Strep_C13193,0.7256406595528874
Strep_C13194,0.11634201451864289
Strep_C13195,0.11634201451864289
Strep_C13196,0.11634201451864289
Strep_C13197,0.5936452796634148
Strep_C13198,0.6665403377533278
Strep_C13199,0.2337017810381666
Strep_C1319,0.5967214293920762
Strep_C131,0.23370178103816636
Strep_C13200,0.11634201451864289
Strep_C13201,0.1163415109155265
Strep_C13202,0.1163415109155265
Strep_C13203,0.1163415109155265
Strep_C13204,0.1163415109155265
Strep_C13205,0.1163415109155265
Strep_C13206,0.23370228693111114
Strep_C13207,0.1163415109155265
Strep_C13208,0.1163415109155265
Strep_C13209,0.1163415109155265
Strep_C1320,0.1163415109155265
Strep_C13210,0.1163415109155265
Strep_C13211,0.1163415109155265
Strep_C13212,0.1163415109155265
Strep_C13213,0.1163415109155265
Strep_C13214,0.1163415109155265
Strep_C13215,0.1163415109155265
Strep_C13216,0.3342595322757504
Strep_C13217,0.1163415109155265
Strep_C13218,0.99999999
Strep_C13219,0.11634201451864289
Strep_C1321,0.11136757272179186
Strep_C13220,0.23370228693111114
Strep_C13221,0.11634201451864289
Strep_C13222,0.2337017810381666
Strep_C13223,0.35245843672205746
Strep_C13224,0.2337017810381666
Strep_C13225,0.99999999
Strep_C13226,0.11634201451864289
Strep_C13227,0.99999999
Strep_C13228,0.11634201451864289
Strep_C13229,0.35245843672205746
Strep_C1322,0.99999999
Strep_C13230,0.7256406595528874
Strep_C13231,0.2337017810381666
Strep_C13232,0.11634201451864289
Strep_C13233,0.11634201451864289
Strep_C13234,0.11634201451864289
Strep_C13235,0.11634201451864289
Strep_C13236,0.11136757272179186
Strep_C13237,0.334259100712907
Strep_C13238,0.11136757272179186
Strep_C13239,0.11136757272179186
Strep_C1323,0.11634201451864289
Strep_C13240,0.44444989529753154
Strep_C13241,0.11136757272179186
Strep_C13242,0.11136757272179186
Strep_C13243,0.4712762061295706
Strep_C13244,0.23305302815717163
Strep_C13245,0.23305302815717163
Strep_C13246,0.23305302815717163
Strep_C13247,0.1160600458814914
Strep_C13248,0.23305302815717163
Strep_C13249,0.8524331858472348
Strep_C1324,0.3342595322757504
Strep_C13250,0.23370228693111114
Strep_C13251,0.11634201451864289
Strep_C13252,0.7198634438443039
Strep_C13253,0.2337017810381666
Strep_C13254,0.2337017810381666
Strep_C13255,0.7198634438443039
Strep_C13256,0.35245843672205746
Strep_C13257,0.35245843672205746
Strep_C13258,0.35245843672205746
Strep_C13259,0.11634201451864289
Strep_C1325,0.1163415109155265
Strep_C13260,0.11634201451864289
Strep_C13261,0.5936427844819077
Strep_C13262,0.5967242474384321
Strep_C13263,0.35245843672205746
Strep_C13264,0.23370178103816636
Strep_C13265,0.8524331858472348
Strep_C13266,0.23370228693111114
Strep_C13267,0.11634201451864289
Strep_C13268,0.35245843672205746
Strep_C13269,0.2337017810381666
Strep_C1326,0.99999999
Strep_C13270,0.23370228693111114
Strep_C13271,0.2337017810381666
Strep_C13272,0.1163415109155265
Strep_C13273,0.1163415109155265
Strep_C13274,0.1163415109155265
Strep_C13275,0.1163415109155265
Strep_C13276,0.1163415109155265
Strep_C13277,0.1163415109155265
Strep_C13278,0.23305353040549365
Strep_C13279,0.1163415109155265
Strep_C1327,0.1163415109155265
Strep_C13280,0.1163415109155265
Strep_C13281,0.1163415109155265
Strep_C13282,0.47311830745470035
Strep_C13283,0.23370178103816636
Strep_C13284,0.11634201451864289
Strep_C13285,0.11634201451864289
Strep_C13286,0.2337017810381666
Strep_C13287,0.11634201451864289
Strep_C13288,0.99999999
Strep_C13289,0.2337017810381666
Strep_C1328,0.8524331858472348
Strep_C13290,0.99999999
Strep_C13291,0.47311830745470035
Strep_C13292,0.8524331858472348
Strep_C13293,0.5936452796634148
Strep_C13294,0.35245843672205746
Strep_C13295,0.5967214293920762
Strep_C13296,0.471274539360154
Strep_C13297,0.23370228693111114
Strep_C13298,0.23370228693111114
Strep_C13299,0.11634201451864289
Strep_C1329,0.11136757272179186
Strep_C132,0.11136757272179186
Strep_C13300,0.22283322077504625
Strep_C13301,0.11634201451864289
Strep_C13302,0.11634201451864289
Strep_C13303,0.11634201451864289
Strep_C13304,0.11634201451864289
Strep_C13305,0.22283354305359118
Strep_C13306,0.11136757272179186
Strep_C13307,0.11136757272179186
Strep_C13308,0.11136757272179186
Strep_C13309,0.11136757272179186
Strep_C1330,0.99999999
Strep_C13310,0.11136757272179186
Strep_C13311,0.11136757272179186
Strep_C13312,0.11136757272179186
Strep_C13313,0.11136757272179186
Strep_C13314,0.11136757272179186
Strep_C13315,0.23305302815717163
Strep_C13316,0.99999999
Strep_C13317,0.8524331858472348
Strep_C13318,0.23305302815717163
Strep_C13319,0.8524313909199117
Strep_C1331,0.11634201451864289
Strep_C13320,0.23305302815717163
Strep_C13321,0.1160600458814914
Strep_C13322,0.23305302815717163
Strep_C13323,0.1160600458814914
Strep_C13324,0.11634201451864289
Strep_C13325,0.3524582818100281
Strep_C13326,0.99999999
Strep_C13327,0.8524331858472348
Strep_C13328,0.2337017810381666
Strep_C13329,0.35245843672205746
Strep_C1332,0.11634201451864289
Strep_C13330,0.11634201451864289
Strep_C13331,0.11634201451864289
Strep_C13332,0.334259100712907
Strep_C13333,0.11634201451864289
Strep_C13334,0.11634201451864289
Strep_C13335,0.23370178103816636
Strep_C13336,0.11634201451864289
Strep_C13337,0.11634201451864289
Strep_C13338,0.11634201451864289
Strep_C13339,0.11634201451864289
Strep_C1333,0.99999999
Strep_C13340,0.11634201451864289
Strep_C13341,0.11634201451864289
Strep_C13342,0.1163415109155265
Strep_C13343,0.23370228693111114
Strep_C13344,0.1163415109155265
Strep_C13345,0.1163415109155265
Strep_C13346,0.1163415109155265
Strep_C13347,0.1163415109155265
Strep_C13348,0.1163415109155265
Strep_C13349,0.1163415109155265
Strep_C1334,0.99999999
Strep_C13350,0.1163415109155265
Strep_C13351,0.3524582818100281
Strep_C13352,0.1163415109155265
Strep_C13353,0.1163415109155265
Strep_C13354,0.23370228693111114
Strep_C13355,0.1163415109155265
Strep_C13356,0.1163415109155265
Strep_C13357,0.1163415109155265
Strep_C13358,0.1163415109155265
Strep_C13359,0.1163415109155265
Strep_C1335,0.47311830745470035
Strep_C13360,0.1163415109155265
Strep_C13361,0.1163415109155265
Strep_C13362,0.22283354305359118
Strep_C13363,0.11634201451864289
Strep_C13364,0.11634201451864289
Strep_C13365,0.99999999
Strep_C13366,0.11634201451864289
Strep_C13367,0.11634201451864289
Strep_C13368,0.23370178103816636
Strep_C13369,0.351325490499599
Strep_C1336,0.11634201451864289
Strep_C13370,0.99999999
Strep_C13371,0.23370178103816636
Strep_C13372,0.5936427844819077
Strep_C13373,0.11634201451864289
Strep_C13374,0.35245843672205746
Strep_C13375,0.11634201451864289
Strep_C13376,0.11634201451864289
Strep_C13377,0.23370178103816636
Strep_C13378,0.11634201451864289
Strep_C13379,0.351325490499599
Strep_C1337,0.334259100712907
Strep_C13380,0.11634201451864289
Strep_C13381,0.11634201451864289
Strep_C13382,0.11634201451864289
Strep_C13383,0.11634201451864289
Strep_C13384,0.11634201451864289
Strep_C13385,0.11634201451864289
Strep_C13386,0.99999999
Strep_C13387,0.99999999
Strep_C13388,0.11136757272179186
Strep_C13389,0.11136757272179186
Strep_C1338,0.8524313909199117
Strep_C13390,0.11136757272179186
Strep_C13391,0.11136757272179186
Strep_C13392,0.22283322077504625
Strep_C13393,0.23305302815717163
Strep_C13394,0.23305302815717163
Strep_C13395,0.23305302815717163
Strep_C13396,0.471274539360154
Strep_C13397,0.2337017810381666
Strep_C13398,0.2337017810381666
Strep_C13399,0.2337017810381666
Strep_C1339,0.2337017810381666
Strep_C133,0.1163415109155265
Strep_C13400,0.7256406595528874
Strep_C13401,0.11634201451864289
Strep_C13402,0.11634201451864289
Strep_C13403,0.99999999
Strep_C13404,0.11634201451864289
Strep_C13405,0.11634201451864289
Strep_C13406,0.11634201451864289
Strep_C13407,0.47311830745470035
Strep_C13408,0.47311830745470035
Strep_C13409,0.11634201451864289
Strep_C1340,0.11634201451864289
Strep_C13410,0.11634201451864289
Strep_C13411,0.11634201451864289
Strep_C13412,0.11634201451864289
Strep_C13413,0.11634201451864289
Strep_C13414,0.11634201451864289
Strep_C13415,0.35245843672205746
Strep_C13416,0.35245843672205746
Strep_C13417,0.11634201451864289
Strep_C13418,0.11634201451864289
Strep_C13419,0.1163415109155265
Strep_C1341,0.2337017810381666
Strep_C13420,0.1163415109155265
Strep_C13421,0.1163415109155265
Strep_C13422,0.1163415109155265
Strep_C13423,0.1163415109155265
Strep_C13424,0.1163415109155265
Strep_C13425,0.1163415109155265
Strep_C13426,0.35132537846575046
Strep_C13427,0.1163415109155265
Strep_C13428,0.1163415109155265
Strep_C13429,0.1163415109155265
Strep_C1342,0.1163415109155265
Strep_C13430,0.1163415109155265
Strep_C13431,0.99999999
Strep_C13432,0.35245843672205746
Strep_C13433,0.23370178103816636
Strep_C13434,0.11634201451864289
Strep_C13435,0.11634201451864289
Strep_C13436,0.11634201451864289
Strep_C13437,0.8524331858472348
Strep_C13438,0.11634201451864289
Strep_C13439,0.99999999
Strep_C1343,0.23370228693111114
Strep_C13440,0.5967242474384321
Strep_C13441,0.11634201451864289
Strep_C13442,0.11634201451864289
Strep_C13443,0.23370228693111114
Strep_C13444,0.5967242474384321
Strep_C13445,0.11634201451864289
Strep_C13446,0.11634201451864289
Strep_C13447,0.351325490499599
Strep_C13448,0.11634201451864289
Strep_C13449,0.11634201451864289
Strep_C1344,0.11634201451864289
Strep_C13450,0.11634201451864289
Strep_C13451,0.11634201451864289
Strep_C13452,0.11634201451864289
Strep_C13453,0.11634201451864289
Strep_C13454,0.11634201451864289
Strep_C13455,0.11136757272179186
Strep_C13456,0.22283322077504625
Strep_C13457,0.11136757272179186
Strep_C13458,0.11136757272179186
Strep_C13459,0.11136757272179186
Strep_C1345,0.11634201451864289
Strep_C13460,0.11136757272179186
Strep_C13461,0.351325490499599
Strep_C13462,0.23305302815717163
Strep_C13463,0.23305302815717163
Strep_C13464,0.7198643407720242
Strep_C13465,0.99999999
Strep_C13466,0.99999999
Strep_C13467,0.23305302815717163
Strep_C13468,0.23305302815717163
Strep_C13469,0.2337017810381666
Strep_C1346,0.11634201451864289
Strep_C13470,0.35245843672205746
Strep_C13471,0.11634201451864289
Strep_C13472,0.11634201451864289
Strep_C13473,0.47311830745470035
Strep_C13474,0.3524582818100281
Strep_C13475,0.3524582818100281
Strep_C13476,0.99999999
Strep_C13477,0.11634201451864289
Strep_C13478,0.5936452796634148
Strep_C13479,0.23370178103816636
Strep_C1347,0.11634201451864289
Strep_C13480,0.11634201451864289
Strep_C13481,0.47311830745470035
Strep_C13482,0.11634201451864289
Strep_C13483,0.11634201451864289
Strep_C13484,0.99999999
Strep_C13485,0.11634201451864289
Strep_C13486,0.47311651524910325
Strep_C13487,0.11634201451864289
Strep_C13488,0.11634201451864289
Strep_C13489,0.11634201451864289
Strep_C1348,0.2337017810381666
Strep_C13490,0.35245843672205746
Strep_C13491,0.1163415109155265
Strep_C13492,0.1163415109155265
Strep_C13493,0.1163415109155265
Strep_C13494,0.1163415109155265
Strep_C13495,0.5579816378691367
Strep_C13496,0.1163415109155265
Strep_C13497,0.1163415109155265
Strep_C13498,0.1163415109155265
Strep_C13499,0.1163415109155265
Strep_C1349,0.1163415109155265
Strep_C134,0.11634201451864289
Strep_C13500,0.1163415109155265
Strep_C13501,0.1163415109155265
Strep_C13502,0.1163415109155265
Strep_C13503,0.1163415109155265
Strep_C13504,0.99999999
Strep_C13505,0.7256404808820707
Strep_C13506,0.47127620612957083
Strep_C13507,0.35245843672205746
Strep_C13508,0.5579816378691367
Strep_C13509,0.2337017810381666
Strep_C1350,0.23370228693111114
Strep_C13510,0.99999999
Strep_C13511,0.8889223478224411
Strep_C13512,0.11634201451864289
Strep_C13513,0.23370228693111114
Strep_C13514,0.11634201451864289
Strep_C13515,0.11634201451864289
Strep_C13516,0.351325490499599
Strep_C13517,0.351325490499599
Strep_C13518,0.11634201451864289
Strep_C13519,0.11634201451864289
Strep_C1351,0.8524331858472348
Strep_C13520,0.11634201451864289
Strep_C13521,0.471274539360154
Strep_C13522,0.8524331858472348
Strep_C13523,0.99999999
Strep_C13524,0.11634201451864289
Strep_C13525,0.333266628208235
Strep_C13526,0.11136757272179186
Strep_C13527,0.9053588679153928
Strep_C13528,0.11136757272179186
Strep_C13529,0.99999999
Strep_C1352,0.1160600458814914
Strep_C13530,0.11136757272179186
Strep_C13531,0.11136757272179186
Strep_C13532,0.11136757272179186
Strep_C13533,0.11136757272179186
Strep_C13534,0.11136757272179186
Strep_C13535,0.3342595322757504
Strep_C13536,0.11136757272179186
Strep_C13537,0.11136757272179186
Strep_C13538,0.11136757272179186
Strep_C13539,0.23305302815717163
Strep_C1353,0.11634201451864289
Strep_C13540,0.23305302815717163
Strep_C13541,0.99999999
Strep_C13542,0.23305302815717163
Strep_C13543,0.99999999
Strep_C13544,0.23305302815717163
Strep_C13545,0.351325490499599
Strep_C13546,0.23305302815717163
Strep_C13547,0.1160600458814914
Strep_C13548,0.2337017810381666
Strep_C13549,0.47311830745470035
Strep_C1354,0.11634201451864289
Strep_C13550,0.99999999
Strep_C13551,0.2337017810381666
Strep_C13552,0.11634201451864289
Strep_C13553,0.11634201451864289
Strep_C13554,0.11634201451864289
Strep_C13555,0.47311830745470035
Strep_C13556,0.5967242474384321
Strep_C13557,0.11634201451864289
Strep_C13558,0.11634201451864289
Strep_C13559,0.99999999
Strep_C1355,0.11634201451864289
Strep_C13560,0.11634201451864289
Strep_C13561,0.11634201451864289
Strep_C13562,0.47311830745470035
Strep_C13563,0.99999999
Strep_C13564,0.35245843672205746
Strep_C13565,0.1163415109155265
Strep_C13566,0.1163415109155265
Strep_C13567,0.1163415109155265
Strep_C13568,0.1163415109155265
Strep_C13569,0.1163415109155265
Strep_C1356,0.351325490499599
Strep_C13570,0.1163415109155265
Strep_C13571,0.1163415109155265
Strep_C13572,0.1163415109155265
Strep_C13573,0.99999999
Strep_C13574,0.1163415109155265
Strep_C13575,0.1163415109155265
Strep_C13576,0.1163415109155265
Strep_C13577,0.1163415109155265
Strep_C13578,0.1163415109155265
Strep_C13579,0.99999999
Strep_C1357,0.99999999
Strep_C13580,0.35245843672205746
Strep_C13581,0.23370228693111114
Strep_C13582,0.22283322077504625
Strep_C13583,0.47311830745470035
Strep_C13584,0.99999999
Strep_C13585,0.11634201451864289
Strep_C13586,0.2337017810381666
Strep_C13587,0.8524313909199117
Strep_C13588,0.23370178103816636
Strep_C13589,0.351325490499599
Strep_C1358,0.47311830745470035
Strep_C13590,0.11634201451864289
Strep_C13591,0.11634201451864289
Strep_C13592,0.23370228693111114
Strep_C13593,0.11634201451864289
Strep_C13594,0.11634201451864289
Strep_C13595,0.99999999
Strep_C13596,0.11634201451864289
Strep_C13597,0.6665426254504294
Strep_C13598,0.99999999
Strep_C13599,0.11136757272179186
Strep_C1359,0.35245843672205746
Strep_C135,0.1163415109155265
Strep_C13600,0.11136757272179186
Strep_C13601,0.11136757272179186
Strep_C13602,0.99999999
Strep_C13603,0.11136757272179186
Strep_C13604,0.11136757272179186
Strep_C13605,0.11136757272179186
Strep_C13606,0.11136757272179186
Strep_C13607,0.11136757272179186
Strep_C13608,0.11136757272179186
Strep_C13609,0.11136757272179186
Strep_C1360,0.11634201451864289
Strep_C13610,0.35132537846575046
Strep_C13611,0.23305302815717163
Strep_C13612,0.23305302815717163
Strep_C13613,0.23305302815717163
Strep_C13614,0.351325490499599
Strep_C13615,0.1160600458814914
Strep_C13616,0.1160600458814914
Strep_C13617,0.23305302815717163
Strep_C13618,0.1160600458814914
Strep_C13619,0.11634201451864289
Strep_C1361,0.11634201451864289
Strep_C13620,0.47311830745470035
Strep_C13621,0.2337017810381666
Strep_C13622,0.2337017810381666
Strep_C13623,0.11634201451864289
Strep_C13624,0.23370178103816636
Strep_C13625,0.5967214293920762
Strep_C13626,0.11634201451864289
Strep_C13627,0.11634201451864289
Strep_C13628,0.23370228693111114
Strep_C13629,0.11634201451864289
Strep_C1362,0.99999999
Strep_C13630,0.23370228693111114
Strep_C13631,0.23370178103816636
Strep_C13632,0.11634201451864289
Strep_C13633,0.35245843672205746
Strep_C13634,0.11634201451864289
Strep_C13635,0.47127620612957083
Strep_C13636,0.47311830745470035
Strep_C13637,0.99999999
Strep_C13638,0.1163415109155265
Strep_C13639,0.1163415109155265
Strep_C1363,0.35245843672205746
Strep_C13640,0.1163415109155265
Strep_C13641,0.7256406595528874
Strep_C13642,0.1163415109155265
Strep_C13643,0.1163415109155265
Strep_C13644,0.1163415109155265
Strep_C13645,0.1163415109155265
Strep_C13646,0.23370228693111114
Strep_C13647,0.1163415109155265
Strep_C13648,0.1163415109155265
Strep_C13649,0.23370228693111114
Strep_C1364,0.35245843672205746
Strep_C13650,0.1163415109155265
Strep_C13651,0.3524582818100281
Strep_C13652,0.1163415109155265
Strep_C13653,0.1163415109155265
Strep_C13654,0.1163415109155265
Strep_C13655,0.11634201451864289
Strep_C13656,0.11634201451864289
Strep_C13657,0.11634201451864289
Strep_C13658,0.47311830745470035
Strep_C13659,0.11634201451864289
Strep_C1365,0.99999999
Strep_C13660,0.11634201451864289
Strep_C13661,0.8524313909199117
Strep_C13662,0.11634201451864289
Strep_C13663,0.11634201451864289
Strep_C13664,0.47311830745470035
Strep_C13665,0.8524313909199117
Strep_C13666,0.11634201451864289
Strep_C13667,0.99999999
Strep_C13668,0.11634201451864289
Strep_C13669,0.11634201451864289
Strep_C1366,0.99999999
Strep_C13670,0.5967214293920762
Strep_C13671,0.22283322077504625
Strep_C13672,0.11634201451864289
Strep_C13673,0.11634201451864289
Strep_C13674,0.99999999
Strep_C13675,0.47127620612957083
Strep_C13676,0.23370228693111114
Strep_C13677,0.351325490499599
Strep_C13678,0.11634201451864289
Strep_C13679,0.99999999
Strep_C1367,0.2337017810381666
Strep_C13680,0.11634201451864289
Strep_C13681,0.11634201451864289
Strep_C13682,0.11136757272179186
Strep_C13683,0.11136757272179186
Strep_C13684,0.11136757272179186
Strep_C13685,0.99999999
Strep_C13686,0.11136757272179186
Strep_C13687,0.11136757272179186
Strep_C13688,0.11136757272179186
Strep_C13689,0.11136757272179186
Strep_C1368,0.11634201451864289
Strep_C13690,0.11136757272179186
Strep_C13691,0.6665403377533278
Strep_C13692,0.8889131171654778
Strep_C13693,0.11136757272179186
Strep_C13694,0.11136757272179186
Strep_C13695,0.23305302815717163
Strep_C13696,0.23305302815717163
Strep_C13697,0.1160600458814914
Strep_C13698,0.1160600458814914
Strep_C13699,0.23305302815717163
Strep_C1369,0.99999999
Strep_C136,0.23305302815717163
Strep_C13700,0.1160600458814914
Strep_C13701,0.2337017810381666
Strep_C13702,0.8524331858472348
Strep_C13703,0.23370228693111114
Strep_C13704,0.2337017810381666
Strep_C13705,0.2337017810381666
Strep_C13706,0.11634201451864289
Strep_C13707,0.11634201451864289
Strep_C13708,0.11634201451864289
Strep_C13709,0.47311651524910325
Strep_C1370,0.23370178103816636
Strep_C13710,0.11634201451864289
Strep_C13711,0.11634201451864289
Strep_C13712,0.11634201451864289
Strep_C13713,0.23370178103816636
Strep_C13714,0.11634201451864289
Strep_C13715,0.11634201451864289
Strep_C13716,0.11634201451864289
Strep_C13717,0.11634201451864289
Strep_C13718,0.8524331858472348
Strep_C13719,0.1163415109155265
Strep_C1371,0.47311830745470035
Strep_C13720,0.99999999
Strep_C13721,0.1163415109155265
Strep_C13722,0.1163415109155265
Strep_C13723,0.1163415109155265
Strep_C13724,0.7778659244097796
Strep_C13725,0.99999999
Strep_C13726,0.11634201451864289
Strep_C13727,0.5967214293920762
Strep_C13728,0.5967214293920762
Strep_C13729,0.47311830745470035
Strep_C1372,0.99999999
Strep_C13730,0.47311830745470035
Strep_C13731,0.8524331858472348
Strep_C13732,0.11634201451864289
Strep_C13733,0.11634201451864289
Strep_C13734,0.11634201451864289
Strep_C13735,0.47311830745470035
Strep_C13736,0.23370228693111114
Strep_C13737,0.5967242474384321
Strep_C13738,0.47311830745470035
Strep_C13739,0.11634201451864289
Strep_C1373,0.23370228693111114
Strep_C13740,0.47311830745470035
Strep_C13741,0.23370178103816636
Strep_C13742,0.3524582818100281
Strep_C13743,0.47311830745470035
Strep_C13744,0.11634201451864289
Strep_C13745,0.11634201451864289
Strep_C13746,0.11634201451864289
Strep_C13747,0.11634201451864289
Strep_C13748,0.11634201451864289
Strep_C13749,0.99999999
Strep_C1374,0.5936452796634148
Strep_C13750,0.11634201451864289
Strep_C13751,0.11634201451864289
Strep_C13752,0.11634201451864289
Strep_C13753,0.11634201451864289
Strep_C13754,0.99999999
Strep_C13755,0.11634201451864289
Strep_C13756,0.11634201451864289
Strep_C13757,0.23370228693111114
Strep_C13758,0.11136757272179186
Strep_C13759,0.99999999
Strep_C1375,0.11634201451864289
Strep_C13760,0.5555546390366239
Strep_C13761,0.11136757272179186
Strep_C13762,0.99999999
Strep_C13763,0.11136757272179186
Strep_C13764,0.333266628208235
Strep_C13765,0.44444989529753154
Strep_C13766,0.11136757272179186
Strep_C13767,0.11136757272179186
Strep_C13768,0.11136757272179186
Strep_C13769,0.8889131171654778
Strep_C1376,0.11634201451864289
Strep_C13770,0.351325490499599
Strep_C13771,0.23305302815717163
Strep_C13772,0.23305302815717163
Strep_C13773,0.23305302815717163
Strep_C13774,0.23305302815717163
Strep_C13775,0.23305302815717163
Strep_C13776,0.23305302815717163
Strep_C13777,0.99999999
Strep_C13778,0.1160600458814914
Strep_C13779,0.1160600458814914
Strep_C1377,0.3524582818100281
Strep_C13780,0.2337017810381666
Strep_C13781,0.11634201451864289
Strep_C13782,0.23370178103816636
Strep_C13783,0.47311830745470035
Strep_C13784,0.11634201451864289
Strep_C13785,0.11634201451864289
Strep_C13786,0.351325490499599
Strep_C13787,0.99999999
Strep_C13788,0.23370178103816636
Strep_C13789,0.23305302815717163
Strep_C1378,0.670453025682897
Strep_C13790,0.23305302815717163
Strep_C13791,0.11634201451864289
Strep_C13792,0.11634201451864289
Strep_C13793,0.11634201451864289
Strep_C13794,0.35245843672205746
Strep_C13795,0.11634201451864289
Strep_C13796,0.11634201451864289
Strep_C13797,0.11634201451864289
Strep_C13798,0.47311651524910325
Strep_C13799,0.11634201451864289
Strep_C1379,0.7198634438443039
Strep_C137,0.11136757272179186
Strep_C13800,0.1163415109155265
Strep_C13801,0.1163415109155265
Strep_C13802,0.1163415109155265
Strep_C13803,0.1163415109155265
Strep_C13804,0.1163415109155265
Strep_C13805,0.1163415109155265
Strep_C13806,0.1163415109155265
Strep_C13807,0.1163415109155265
Strep_C13808,0.1163415109155265
Strep_C13809,0.1163415109155265
Strep_C1380,0.11634201451864289
Strep_C13810,0.1163415109155265
Strep_C13811,0.1163415109155265
Strep_C13812,0.1163415109155265
Strep_C13813,0.1163415109155265
Strep_C13814,0.1163415109155265
Strep_C13815,0.23370228693111114
Strep_C13816,0.99999999
Strep_C13817,0.5967242474384321
Strep_C13818,0.99999999
Strep_C13819,0.11634201451864289
Strep_C1381,0.2337017810381666
Strep_C13820,0.11634201451864289
Strep_C13821,0.35245843672205746
Strep_C13822,0.11634201451864289
Strep_C13823,0.47311830745470035
Strep_C13824,0.8889131171654778
Strep_C13825,0.5967214293920762
Strep_C13826,0.47311830745470035
Strep_C13827,0.11634201451864289
Strep_C13828,0.2337017810381666
Strep_C13829,0.8524313909199117
Strep_C1382,0.99999999
Strep_C13830,0.47311830745470035
Strep_C13831,0.11634201451864289
Strep_C13832,0.11634201451864289
Strep_C13833,0.11634201451864289
Strep_C13834,0.11136757272179186
Strep_C13835,0.11136757272179186
Strep_C13836,0.11136757272179186
Strep_C13837,0.11136757272179186
Strep_C13838,0.11136757272179186
Strep_C13839,0.11136757272179186
Strep_C1383,0.11136757272179186
Strep_C13840,0.11136757272179186
Strep_C13841,0.11136757272179186
Strep_C13842,0.99999999
Strep_C13843,0.23305302815717163
Strep_C13844,0.23305302815717163
Strep_C13845,0.23305302815717163
Strep_C13846,0.23305302815717163
Strep_C13847,0.1160600458814914
Strep_C13848,0.99999999
Strep_C13849,0.7778659244097796
Strep_C1384,0.11136757272179186
Strep_C13850,0.23305302815717163
Strep_C13851,0.23305302815717163
Strep_C13852,0.23305302815717163
Strep_C13853,0.35245843672205746
Strep_C13854,0.99999999
Strep_C13855,0.11634201451864289
Strep_C13856,0.11634201451864289
Strep_C13857,0.11634201451864289
Strep_C13858,0.47311830745470035
Strep_C13859,0.11634201451864289
Strep_C1385,0.23305302815717163
Strep_C13860,0.11634201451864289
Strep_C13861,0.11634201451864289
Strep_C13862,0.23305302815717163
Strep_C13863,0.11634201451864289
Strep_C13864,0.23370178103816636
Strep_C13865,0.47311830745470035
Strep_C13866,0.11634201451864289
Strep_C13867,0.47311830745470035
Strep_C13868,0.47311830745470035
Strep_C13869,0.11634201451864289
Strep_C1386,0.471274539360154
Strep_C13870,0.2337017810381666
Strep_C13871,0.7256406595528874
Strep_C13872,0.11634201451864289
Strep_C13873,0.35245843672205746
Strep_C13874,0.2337017810381666
Strep_C13875,0.11634201451864289
Strep_C13876,0.1163415109155265
Strep_C13877,0.1163415109155265
Strep_C13878,0.1163415109155265
Strep_C13879,0.1163415109155265
Strep_C1387,0.1163415109155265
Strep_C13880,0.1163415109155265
Strep_C13881,0.23370228693111114
Strep_C13882,0.1163415109155265
Strep_C13883,0.1163415109155265
Strep_C13884,0.1163415109155265
Strep_C13885,0.1163415109155265
Strep_C13886,0.1163415109155265
Strep_C13887,0.1163415109155265
Strep_C13888,0.1163415109155265
Strep_C13889,0.1163415109155265
Strep_C1388,0.11634201451864289
Strep_C13890,0.99999999
Strep_C13891,0.35245843672205746
Strep_C13892,0.11634201451864289
Strep_C13893,0.11634201451864289
Strep_C13894,0.2337017810381666
Strep_C13895,0.5936452796634148
Strep_C13896,0.11634201451864289
Strep_C13897,0.23370178103816636
Strep_C13898,0.7256406595528874
Strep_C13899,0.11634201451864289
Strep_C1389,0.23370178103816636
Strep_C138,0.11634201451864289
Strep_C13900,0.47311651524910325
Strep_C13901,0.5967214293920762
Strep_C13902,0.11634201451864289
Strep_C13903,0.11634201451864289
Strep_C13904,0.5967214293920762
Strep_C13905,0.351325490499599
Strep_C13906,0.44444989529753154
Strep_C13907,0.11634201451864289
Strep_C13908,0.99999999
Strep_C13909,0.11634201451864289
Strep_C1390,0.11136757272179186
Strep_C13910,0.23370228693111114
Strep_C13911,0.35245843672205746
Strep_C13912,0.11634201451864289
Strep_C13913,0.471274539360154
Strep_C13914,0.5936452796634148
Strep_C13915,0.23370228693111114
Strep_C13916,0.11136757272179186
Strep_C13917,0.11136757272179186
Strep_C13918,0.11136757272179186
Strep_C13919,0.11136757272179186
Strep_C1391,0.11634201451864289
Strep_C13920,0.11136757272179186
Strep_C13921,0.11136757272179186
Strep_C13922,0.11136757272179186
Strep_C13923,0.11136757272179186
Strep_C13924,0.11136757272179186
Strep_C13925,0.23305302815717163
Strep_C13926,0.8524331858472348
Strep_C13927,0.5936427844819077
Strep_C13928,0.23305302815717163
Strep_C13929,0.23305302815717163
Strep_C1392,0.11634201451864289
Strep_C13930,0.99999999
Strep_C13931,0.23305302815717163
Strep_C13932,0.99999999
Strep_C13933,0.23305302815717163
Strep_C13934,0.471274539360154
Strep_C13935,0.99999999
Strep_C13936,0.23305302815717163
Strep_C13937,0.11634201451864289
Strep_C13938,0.11634201451864289
Strep_C13939,0.23370228693111114
Strep_C1393,0.1163415109155265
Strep_C13940,0.11634201451864289
Strep_C13941,0.11634201451864289
Strep_C13942,0.11634201451864289
Strep_C13943,0.11634201451864289
Strep_C13944,0.11634201451864289
Strep_C13945,0.22283322077504625
Strep_C13946,0.99999999
Strep_C13947,0.47311830745470035
Strep_C13948,0.11634201451864289
Strep_C13949,0.11634201451864289
Strep_C1394,0.11634201451864289
Strep_C13950,0.11634201451864289
Strep_C13951,0.11634201451864289
Strep_C13952,0.11634201451864289
Strep_C13953,0.2337017810381666
Strep_C13954,0.11634201451864289
Strep_C13955,0.35245843672205746
Strep_C13956,0.1163415109155265
Strep_C13957,0.1163415109155265
Strep_C13958,0.1163415109155265
Strep_C13959,0.1163415109155265
Strep_C1395,0.11634201451864289
Strep_C13960,0.1163415109155265
Strep_C13961,0.1163415109155265
Strep_C13962,0.23370228693111114
Strep_C13963,0.1163415109155265
Strep_C13964,0.1163415109155265
Strep_C13965,0.1163415109155265
Strep_C13966,0.1163415109155265
Strep_C13967,0.1163415109155265
Strep_C13968,0.99999999
Strep_C13969,0.2337017810381666
Strep_C1396,0.11136757272179186
Strep_C13970,0.5967242474384321
Strep_C13971,0.47311830745470035
Strep_C13972,0.47311830745470035
Strep_C13973,0.47311830745470035
Strep_C13974,0.2337017810381666
Strep_C13975,0.5936452796634148
Strep_C13976,0.11634201451864289
Strep_C13977,0.8524313909199117
Strep_C13978,0.7256406595528874
Strep_C13979,0.47311830745470035
Strep_C1397,0.11136757272179186
Strep_C13980,0.44444989529753154
Strep_C13981,0.11634201451864289
Strep_C13982,0.11634201451864289
Strep_C13983,0.2337017810381666
Strep_C13984,0.11634201451864289
Strep_C13985,0.11634201451864289
Strep_C13986,0.11634201451864289
Strep_C13987,0.11634201451864289
Strep_C13988,0.11634201451864289
Strep_C13989,0.11634201451864289
Strep_C1398,0.47311830745470035
Strep_C13990,0.11634201451864289
Strep_C13991,0.11634201451864289
Strep_C13992,0.11634201451864289
Strep_C13993,0.11136757272179186
Strep_C13994,0.11136757272179186
Strep_C13995,0.11136757272179186
Strep_C13996,0.22283322077504625
Strep_C13997,0.11136757272179186
Strep_C13998,0.23305302815717163
Strep_C13999,0.23305302815717163
Strep_C1399,0.11634201451864289
Strep_C139,0.11136757272179186
Strep_C13,0.2337017810381666
Strep_C14000,0.23305302815717163
Strep_C14001,0.23305302815717163
Strep_C14002,0.23305302815717163
Strep_C14003,0.35132537846575046
Strep_C14004,0.23305302815717163
Strep_C14005,0.23305302815717163
Strep_C14006,0.23305302815717163
Strep_C14007,0.23305302815717163
Strep_C14008,0.471274539360154
Strep_C14009,0.11634201451864289
Strep_C1400,0.1163415109155265
Strep_C14010,0.99999999
Strep_C14011,0.23370178103816636
Strep_C14012,0.2337017810381666
Strep_C14013,0.11634201451864289
Strep_C14014,0.23370228693111114
Strep_C14015,0.23370228693111114
Strep_C14016,0.11634201451864289
Strep_C14017,0.11634201451864289
Strep_C14018,0.11634201451864289
Strep_C14019,0.11634201451864289
Strep_C1401,0.23305302815717163
Strep_C14020,0.11634201451864289
Strep_C14021,0.11634201451864289
Strep_C14022,0.47311830745470035
Strep_C14023,0.11634201451864289
Strep_C14024,0.11634201451864289
Strep_C14025,0.11634201451864289
Strep_C14026,0.11634201451864289
Strep_C14027,0.2337017810381666
Strep_C14028,0.1163415109155265
Strep_C14029,0.1163415109155265
Strep_C1402,0.35245843672205746
Strep_C14030,0.1163415109155265
Strep_C14031,0.1163415109155265
Strep_C14032,0.1163415109155265
Strep_C14033,0.99999999
Strep_C14034,0.1163415109155265
Strep_C14035,0.1163415109155265
Strep_C14036,0.1163415109155265
Strep_C14037,0.1163415109155265
Strep_C14038,0.1163415109155265
Strep_C14039,0.1163415109155265
Strep_C1403,0.3524582818100281
Strep_C14040,0.1163415109155265
Strep_C14041,0.1163415109155265
Strep_C14042,0.99999999
Strep_C14043,0.99999999
Strep_C14044,0.5967242474384321
Strep_C14045,0.23370178103816636
Strep_C14046,0.47311830745470035
Strep_C14047,0.35245843672205746
Strep_C14048,0.8524331858472348
Strep_C14049,0.99999999
Strep_C1404,0.11634201451864289
Strep_C14050,0.99999999
Strep_C14051,0.99999999
Strep_C14052,0.99999999
Strep_C14053,0.99999999
Strep_C14054,0.11634201451864289
Strep_C14055,0.47311830745470035
Strep_C14056,0.5967214293920762
Strep_C14057,0.99999999
Strep_C14058,0.23370178103816636
Strep_C14059,0.11634201451864289
Strep_C1405,0.11634201451864289
Strep_C14060,0.11634201451864289
Strep_C14061,0.11634201451864289
Strep_C14062,0.7198643407720242
Strep_C14063,0.11634201451864289
Strep_C14064,0.11634201451864289
Strep_C14065,0.11634201451864289
Strep_C14066,0.5555542629982061
Strep_C14067,0.11634201451864289
Strep_C14068,0.11634201451864289
Strep_C14069,0.5967214293920762
Strep_C1406,0.7198643407720242
Strep_C14070,0.11136757272179186
Strep_C14071,0.11136757272179186
Strep_C14072,0.11136757272179186
Strep_C14073,0.11136757272179186
Strep_C14074,0.11136757272179186
Strep_C14075,0.11136757272179186
Strep_C14076,0.11136757272179186
Strep_C14077,0.11136757272179186
Strep_C14078,0.11136757272179186
Strep_C14079,0.11136757272179186
Strep_C1407,0.1163415109155265
Strep_C14080,0.11136757272179186
Strep_C14081,0.11136757272179186
Strep_C14082,0.23305302815717163
Strep_C14083,0.23305302815717163
Strep_C14084,0.23305302815717163
Strep_C14085,0.1160600458814914
Strep_C14086,0.23305302815717163
Strep_C14087,0.23305302815717163
Strep_C14088,0.35245843672205746
Strep_C14089,0.2337017810381666
Strep_C1408,0.11634201451864289
Strep_C14090,0.11634201451864289
Strep_C14091,0.47311651524910325
Strep_C14092,0.35245843672205746
Strep_C14093,0.23370178103816636
Strep_C14094,0.11634201451864289
Strep_C14095,0.11634201451864289
Strep_C14096,0.47311830745470035
Strep_C14097,0.11634201451864289
Strep_C14098,0.4712762061295706
Strep_C14099,0.11634201451864289
Strep_C1409,0.47311830745470035
Strep_C140,0.11634201451864289
Strep_C14100,0.23370178103816636
Strep_C14101,0.11634201451864289
Strep_C14102,0.11634201451864289
Strep_C14103,0.11634201451864289
Strep_C14104,0.11634201451864289
Strep_C14105,0.11634201451864289
Strep_C14106,0.1163415109155265
Strep_C14107,0.1163415109155265
Strep_C14108,0.1163415109155265
Strep_C14109,0.1163415109155265
Strep_C1410,0.11634201451864289
Strep_C14110,0.99999999
Strep_C14111,0.1163415109155265
Strep_C14112,0.1163415109155265
Strep_C14113,0.1163415109155265
Strep_C14114,0.35132537846575046
Strep_C14115,0.1163415109155265
Strep_C14116,0.1163415109155265
Strep_C14117,0.1163415109155265
Strep_C14118,0.1163415109155265
Strep_C14119,0.1163415109155265
Strep_C1411,0.2337017810381666
Strep_C14120,0.99999999
Strep_C14121,0.334259100712907
Strep_C14122,0.35245843672205746
Strep_C14123,0.35245843672205746
Strep_C14124,0.11634201451864289
Strep_C14125,0.11634201451864289
Strep_C14126,0.11634201451864289
Strep_C14127,0.8524331858472348
Strep_C14128,0.2337017810381666
Strep_C14129,0.11634201451864289
Strep_C1412,0.11634201451864289
Strep_C14130,0.7198643407720242
Strep_C14131,0.99999999
Strep_C14132,0.47311830745470035
Strep_C14133,0.2337017810381666
Strep_C14134,0.99999999
Strep_C14135,0.23370228693111114
Strep_C14136,0.99999999
Strep_C14137,0.5967214293920762
Strep_C14138,0.11634201451864289
Strep_C14139,0.2337017810381666
Strep_C1413,0.11634201451864289
Strep_C14140,0.2337017810381666
Strep_C14141,0.23370178103816636
Strep_C14142,0.5967214293920762
Strep_C14143,0.23370178103816636
Strep_C14144,0.11634201451864289
Strep_C14145,0.351325490499599
Strep_C14146,0.11634201451864289
Strep_C14147,0.11634201451864289
Strep_C14148,0.3524582818100281
Strep_C14149,0.11634201451864289
Strep_C1414,0.2337017810381666
Strep_C14150,0.11634201451864289
Strep_C14151,0.11136757272179186
Strep_C14152,0.99999999
Strep_C14153,0.11136757272179186
Strep_C14154,0.11136757272179186
Strep_C14155,0.11136757272179186
Strep_C14156,0.11136757272179186
Strep_C14157,0.11136757272179186
Strep_C14158,0.11136757272179186
Strep_C14159,0.11136757272179186
Strep_C1415,0.35245843672205746
Strep_C14160,0.11136757272179186
Strep_C14161,0.23305302815717163
Strep_C14162,0.1160600458814914
Strep_C14163,0.23305302815717163
Strep_C14164,0.23305302815717163
Strep_C14165,0.23305302815717163
Strep_C14166,0.1160600458814914
Strep_C14167,0.23305302815717163
Strep_C14168,0.23370228693111114
Strep_C14169,0.5936452796634148
Strep_C1416,0.11634201451864289
Strep_C14170,0.5967214293920762
Strep_C14171,0.11634201451864289
Strep_C14172,0.2337017810381666
Strep_C14173,0.2337017810381666
Strep_C14174,0.2337017810381666
Strep_C14175,0.11634201451864289
Strep_C14176,0.23305302815717163
Strep_C14177,0.35245843672205746
Strep_C14178,0.11634201451864289
Strep_C14179,0.11634201451864289
Strep_C1417,0.11634201451864289
Strep_C14180,0.8524331858472348
Strep_C14181,0.23370178103816636
Strep_C14182,0.35245843672205746
Strep_C14183,0.23370228693111114
Strep_C14184,0.3342595322757504
Strep_C14185,0.351325490499599
Strep_C14186,0.11634201451864289
Strep_C14187,0.11634201451864289
Strep_C14188,0.1163415109155265
Strep_C14189,0.1163415109155265
Strep_C1418,0.23305302815717163
Strep_C14190,0.7256406595528874
Strep_C14191,0.1163415109155265
Strep_C14192,0.1163415109155265
Strep_C14193,0.2337017810381666
Strep_C14194,0.23370178103816636
Strep_C14195,0.11634201451864289
Strep_C14196,0.47311830745470035
Strep_C14197,0.11634201451864289
Strep_C14198,0.35245843672205746
Strep_C14199,0.35245843672205746
Strep_C1419,0.11634201451864289
Strep_C141,0.11634201451864289
Strep_C14200,0.11634201451864289
Strep_C14201,0.23370178103816636
Strep_C14202,0.11634201451864289
Strep_C14203,0.23370178103816636
Strep_C14204,0.99999999
Strep_C14205,0.23370178103816636
Strep_C14206,0.11634201451864289
Strep_C14207,0.2337017810381666
Strep_C14208,0.23370228693111114
Strep_C14209,0.44444989529753154
Strep_C1420,0.3524582818100281
Strep_C14210,0.11634201451864289
Strep_C14211,0.11634201451864289
Strep_C14212,0.47311651524910325
Strep_C14213,0.11634201451864289
Strep_C14214,0.11136757272179186
Strep_C14215,0.99999999
Strep_C14216,0.11136757272179186
Strep_C14217,0.11136757272179186
Strep_C14218,0.11136757272179186
Strep_C14219,0.11136757272179186
Strep_C1421,0.47127620612957083
Strep_C14220,0.11136757272179186
Strep_C14221,0.11136757272179186
Strep_C14222,0.11136757272179186
Strep_C14223,0.11136757272179186
Strep_C14224,0.11136757272179186
Strep_C14225,0.22283354305359118
Strep_C14226,0.23305302815717163
Strep_C14227,0.23305302815717163
Strep_C14228,0.35132537846575046
Strep_C14229,0.23305302815717163
Strep_C1422,0.11634201451864289
Strep_C14230,0.23305302815717163
Strep_C14231,0.23305302815717163
Strep_C14232,0.99999999
Strep_C14233,0.2337017810381666
Strep_C14234,0.3524582818100281
Strep_C14235,0.2337017810381666
Strep_C14236,0.11634201451864289
Strep_C14237,0.11634201451864289
Strep_C14238,0.23370178103816636
Strep_C14239,0.11634201451864289
Strep_C1423,0.5555546390366239
Strep_C14240,0.11634201451864289
Strep_C14241,0.11634201451864289
Strep_C14242,0.11634201451864289
Strep_C14243,0.35245843672205746
Strep_C14244,0.11634201451864289
Strep_C14245,0.23370228693111114
Strep_C14246,0.23370178103816636
Strep_C14247,0.11634201451864289
Strep_C14248,0.2337017810381666
Strep_C14249,0.47311830745470035
Strep_C1424,0.7256406595528874
Strep_C14250,0.11634201451864289
Strep_C14251,0.11634201451864289
Strep_C14252,0.1163415109155265
Strep_C14253,0.1163415109155265
Strep_C14254,0.1163415109155265
Strep_C14255,0.1163415109155265
Strep_C14256,0.1163415109155265
Strep_C14257,0.1163415109155265
Strep_C14258,0.23370228693111114
Strep_C14259,0.1163415109155265
Strep_C1425,0.11136757272179186
Strep_C14260,0.1163415109155265
Strep_C14261,0.1163415109155265
Strep_C14262,0.8524313909199117
Strep_C14263,0.2337017810381666
Strep_C14264,0.23370178103816636
Strep_C14265,0.35245843672205746
Strep_C14266,0.3524582818100281
Strep_C14267,0.47311830745470035
Strep_C14268,0.11634201451864289
Strep_C14269,0.6665426254504294
Strep_C1426,0.471274539360154
Strep_C14270,0.11634201451864289
Strep_C14271,0.99999999
Strep_C14272,0.8524331858472348
Strep_C14273,0.22283322077504625
Strep_C14274,0.47311651524910325
Strep_C14275,0.2337017810381666
Strep_C14276,0.11634201451864289
Strep_C14277,0.5967214293920762
Strep_C14278,0.2337017810381666
Strep_C14279,0.11634201451864289
Strep_C1427,0.1163415109155265
Strep_C14280,0.11634201451864289
Strep_C14281,0.35245843672205746
Strep_C14282,0.11634201451864289
Strep_C14283,0.351325490499599
Strep_C14284,0.11634201451864289
Strep_C14285,0.23370228693111114
Strep_C14286,0.11136757272179186
Strep_C14287,0.11136757272179186
Strep_C14288,0.11136757272179186
Strep_C14289,0.11136757272179186
Strep_C1428,0.2337017810381666
Strep_C14290,0.11136757272179186
Strep_C14291,0.11136757272179186
Strep_C14292,0.11136757272179186
Strep_C14293,0.23305302815717163
Strep_C14294,0.23305302815717163
Strep_C14295,0.23305302815717163
Strep_C14296,0.7198643407720242
Strep_C14297,0.23305302815717163
Strep_C14298,0.8889131171654778
Strep_C14299,0.23305302815717163
Strep_C1429,0.8524331858472348
Strep_C142,0.11634201451864289
Strep_C14300,0.23305302815717163
Strep_C14301,0.23305302815717163
Strep_C14302,0.23305302815717163
Strep_C14303,0.23305302815717163
Strep_C14304,0.1160600458814914
Strep_C14305,0.99999999
Strep_C14306,0.2337017810381666
Strep_C14307,0.47311830745470035
Strep_C14308,0.23370178103816636
Strep_C14309,0.47311830745470035
Strep_C1430,0.11634201451864289
Strep_C14310,0.11634201451864289
Strep_C14311,0.2337017810381666
Strep_C14312,0.23370178103816636
Strep_C14313,0.8673259655154397
Strep_C14314,0.11634201451864289
Strep_C14315,0.5579816378691367
Strep_C14316,0.11634201451864289
Strep_C14317,0.11634201451864289
Strep_C14318,0.11634201451864289
Strep_C14319,0.11634201451864289
Strep_C1431,0.11136757272179186
Strep_C14320,0.11634201451864289
Strep_C14321,0.11634201451864289
Strep_C14322,0.11634201451864289
Strep_C14323,0.47311651524910325
Strep_C14324,0.11634201451864289
Strep_C14325,0.11634201451864289
Strep_C14326,0.47311830745470035
Strep_C14327,0.11634201451864289
Strep_C14328,0.22283354305359118
Strep_C14329,0.1163415109155265
Strep_C1432,0.7198634438443039
Strep_C14330,0.1163415109155265
Strep_C14331,0.1163415109155265
Strep_C14332,0.1163415109155265
Strep_C14333,0.1163415109155265
Strep_C14334,0.1163415109155265
Strep_C14335,0.1163415109155265
Strep_C14336,0.3524582818100281
Strep_C14337,0.1163415109155265
Strep_C14338,0.1163415109155265
Strep_C14339,0.1163415109155265
Strep_C1433,0.23370228693111114
Strep_C14340,0.1163415109155265
Strep_C14341,0.1163415109155265
Strep_C14342,0.23370228693111114
Strep_C14343,0.1163415109155265
Strep_C14344,0.99999999
Strep_C14345,0.11634201451864289
Strep_C14346,0.11634201451864289
Strep_C14347,0.11634201451864289
Strep_C14348,0.2337017810381666
Strep_C14349,0.11634201451864289
Strep_C1434,0.11634201451864289
Strep_C14350,0.11634201451864289
Strep_C14351,0.7256406595528874
Strep_C14352,0.11634201451864289
Strep_C14353,0.8524331858472348
Strep_C14354,0.5967242474384321
Strep_C14355,0.23370178103816636
Strep_C14356,0.11634201451864289
Strep_C14357,0.23370178103816636
Strep_C14358,0.11634201451864289
Strep_C14359,0.23370228693111114
Strep_C1435,0.1163415109155265
Strep_C14360,0.11634201451864289
Strep_C14361,0.99999999
Strep_C14362,0.11634201451864289
Strep_C14363,0.99999999
Strep_C14364,0.11634201451864289
Strep_C14365,0.11136757272179186
Strep_C14366,0.11136757272179186
Strep_C14367,0.11136757272179186
Strep_C14368,0.11136757272179186
Strep_C14369,0.99999999
Strep_C1436,0.1163415109155265
Strep_C14370,0.11136757272179186
Strep_C14371,0.11136757272179186
Strep_C14372,0.7778688864057204
Strep_C14373,0.11136757272179186
Strep_C14374,0.11136757272179186
Strep_C14375,0.23305302815717163
Strep_C14376,0.23305302815717163
Strep_C14377,0.23305302815717163
Strep_C14378,0.23305302815717163
Strep_C14379,0.1160600458814914
Strep_C1437,0.11634201451864289
Strep_C14380,0.35245843672205746
Strep_C14381,0.35245843672205746
Strep_C14382,0.35245843672205746
Strep_C14383,0.11634201451864289
Strep_C14384,0.11634201451864289
Strep_C14385,0.35245843672205746
Strep_C14386,0.35245843672205746
Strep_C14387,0.11634201451864289
Strep_C14388,0.11634201451864289
Strep_C14389,0.11634201451864289
Strep_C1438,0.23305302815717163
Strep_C14390,0.11634201451864289
Strep_C14391,0.23370178103816636
Strep_C14392,0.23370228693111114
Strep_C14393,0.11634201451864289
Strep_C14394,0.11634201451864289
Strep_C14395,0.7198634438443039
Strep_C14396,0.35245843672205746
Strep_C14397,0.23370228693111114
Strep_C14398,0.11634201451864289
Strep_C14399,0.11634201451864289
Strep_C1439,0.11634201451864289
Strep_C143,0.11634201451864289
Strep_C14400,0.1163415109155265
Strep_C14401,0.1163415109155265
Strep_C14402,0.1163415109155265
Strep_C14403,0.1163415109155265
Strep_C14404,0.22283354305359118
Strep_C14405,0.1163415109155265
Strep_C14406,0.1163415109155265
Strep_C14407,0.1163415109155265
Strep_C14408,0.6665426254504294
Strep_C14409,0.1163415109155265
Strep_C1440,0.2337017810381666
Strep_C14410,0.5579816378691367
Strep_C14411,0.1163415109155265
Strep_C14412,0.1163415109155265
Strep_C14413,0.1163415109155265
Strep_C14414,0.1163415109155265
Strep_C14415,0.1163415109155265
Strep_C14416,0.5936452796634148
Strep_C14417,0.47311830745470035
Strep_C14418,0.2337017810381666
Strep_C14419,0.11634201451864289
Strep_C1441,0.1163415109155265
Strep_C14420,0.99999999
Strep_C14421,0.47311830745470035
Strep_C14422,0.47311830745470035
Strep_C14423,0.23370228693111114
Strep_C14424,0.99999999
Strep_C14425,0.5967214293920762
Strep_C14426,0.5967214293920762
Strep_C14427,0.47311651524910325
Strep_C14428,0.35245843672205746
Strep_C14429,0.11634201451864289
Strep_C1442,0.23370178103816636
Strep_C14430,0.2337017810381666
Strep_C14431,0.11634201451864289
Strep_C14432,0.557982185216091
Strep_C14433,0.8524313909199117
Strep_C14434,0.35245843672205746
Strep_C14435,0.47127620612957083
Strep_C14436,0.11634201451864289
Strep_C14437,0.23370228693111114
Strep_C14438,0.11634201451864289
Strep_C14439,0.11634201451864289
Strep_C1443,0.11634201451864289
Strep_C14440,0.7256406595528874
Strep_C14441,0.11136757272179186
Strep_C14442,0.99999999
Strep_C14443,0.11136757272179186
Strep_C14444,0.333266628208235
Strep_C14445,0.11136757272179186
Strep_C14446,0.11136757272179186
Strep_C14447,0.1160600458814914
Strep_C14448,0.23305302815717163
Strep_C14449,0.23305302815717163
Strep_C1444,0.3524582818100281
Strep_C14450,0.1160600458814914
Strep_C14451,0.23305302815717163
Strep_C14452,0.7198634438443039
Strep_C14453,0.2337017810381666
Strep_C14454,0.11634201451864289
Strep_C14455,0.11634201451864289
Strep_C14456,0.35245843672205746
Strep_C14457,0.2337017810381666
Strep_C14458,0.11634201451864289
Strep_C14459,0.11634201451864289
Strep_C1445,0.11634201451864289
Strep_C14460,0.11634201451864289
Strep_C14461,0.47311830745470035
Strep_C14462,0.11634201451864289
Strep_C14463,0.11634201451864289
Strep_C14464,0.11634201451864289
Strep_C14465,0.11634201451864289
Strep_C14466,0.23370228693111114
Strep_C14467,0.11634201451864289
Strep_C14468,0.11634201451864289
Strep_C14469,0.11634201451864289
Strep_C1446,0.11136757272179186
Strep_C14470,0.11634201451864289
Strep_C14471,0.1163415109155265
Strep_C14472,0.1163415109155265
Strep_C14473,0.471274539360154
Strep_C14474,0.471274539360154
Strep_C14475,0.1163415109155265
Strep_C14476,0.1163415109155265
Strep_C14477,0.1163415109155265
Strep_C14478,0.1163415109155265
Strep_C14479,0.11634201451864289
Strep_C1447,0.11136757272179186
Strep_C14480,0.99999999
Strep_C14481,0.99999999
Strep_C14482,0.23370228693111114
Strep_C14483,0.35245843672205746
Strep_C14484,0.11634201451864289
Strep_C14485,0.11634201451864289
Strep_C14486,0.11634201451864289
Strep_C14487,0.47311830745470035
Strep_C14488,0.99999999
Strep_C14489,0.11634201451864289
Strep_C1448,0.11634201451864289
Strep_C14490,0.11634201451864289
Strep_C14491,0.5967214293920762
Strep_C14492,0.11634201451864289
Strep_C14493,0.11634201451864289
Strep_C14494,0.11634201451864289
Strep_C14495,0.351325490499599
Strep_C14496,0.11634201451864289
Strep_C14497,0.11634201451864289
Strep_C14498,0.22283322077504625
Strep_C14499,0.11136757272179186
Strep_C1449,0.11634201451864289
Strep_C144,0.11634201451864289
Strep_C14500,0.11136757272179186
Strep_C14501,0.11136757272179186
Strep_C14502,0.11136757272179186
Strep_C14503,0.99999999
Strep_C14504,0.11136757272179186
Strep_C14505,0.11136757272179186
Strep_C14506,0.99999999
Strep_C14507,0.11136757272179186
Strep_C14508,0.557982185216091
Strep_C14509,0.11136757272179186
Strep_C1450,0.99999999
Strep_C14510,0.333266628208235
Strep_C14511,0.23305302815717163
Strep_C14512,0.23305302815717163
Strep_C14513,0.23305302815717163
Strep_C14514,0.35132537846575046
Strep_C14515,0.23305302815717163
Strep_C14516,0.23305302815717163
Strep_C14517,0.1160600458814914
Strep_C14518,0.11634201451864289
Strep_C14519,0.3524582818100281
Strep_C1451,0.11634201451864289
Strep_C14520,0.11634201451864289
Strep_C14521,0.2337017810381666
Strep_C14522,0.5555546390366239
Strep_C14523,0.3524582818100281
Strep_C14524,0.11634201451864289
Strep_C14525,0.11634201451864289
Strep_C14526,0.2337017810381666
Strep_C14527,0.11634201451864289
Strep_C14528,0.11634201451864289
Strep_C14529,0.11634201451864289
Strep_C1452,0.1163415109155265
Strep_C14530,0.11634201451864289
Strep_C14531,0.11634201451864289
Strep_C14532,0.11634201451864289
Strep_C14533,0.11634201451864289
Strep_C14534,0.8673259655154397
Strep_C14535,0.11634201451864289
Strep_C14536,0.47311830745470035
Strep_C14537,0.7847901182836508
Strep_C14538,0.3524582818100281
Strep_C14539,0.23370228693111114
Strep_C1453,0.23370228693111114
Strep_C14540,0.35245843672205746
Strep_C14541,0.35245843672205746
Strep_C14542,0.23370228693111114
Strep_C14543,0.1163415109155265
Strep_C14544,0.1163415109155265
Strep_C14545,0.1163415109155265
Strep_C14546,0.1163415109155265
Strep_C14547,0.1163415109155265
Strep_C14548,0.1163415109155265
Strep_C14549,0.1163415109155265
Strep_C1454,0.1163415109155265
Strep_C14550,0.1163415109155265
Strep_C14551,0.22283322077504625
Strep_C14552,0.7198634438443039
Strep_C14553,0.5967214293920762
Strep_C14554,0.47311830745470035
Strep_C14555,0.99999999
Strep_C14556,0.99999999
Strep_C14557,0.47311830745470035
Strep_C14558,0.11634201451864289
Strep_C14559,0.99999999
Strep_C1455,0.7256406595528874
Strep_C14560,0.11634201451864289
Strep_C14561,0.11634201451864289
Strep_C14562,0.5967242474384321
Strep_C14563,0.11634201451864289
Strep_C14564,0.11634201451864289
Strep_C14565,0.3524582818100281
Strep_C14566,0.11634201451864289
Strep_C14567,0.11634201451864289
Strep_C14568,0.11634201451864289
Strep_C14569,0.11136757272179186
Strep_C1456,0.11634201451864289
Strep_C14570,0.7778659244097796
Strep_C14571,0.11136757272179186
Strep_C14572,0.99999999
Strep_C14573,0.23305302815717163
Strep_C14574,0.7778688864057204
Strep_C14575,0.35132537846575046
Strep_C14576,0.471274539360154
Strep_C14577,0.23305302815717163
Strep_C14578,0.23305302815717163
Strep_C14579,0.23305302815717163
Strep_C1457,0.11136757272179186
Strep_C14580,0.99999999
Strep_C14581,0.23305302815717163
Strep_C14582,0.44444989529753154
Strep_C14583,0.1160600458814914
Strep_C14584,0.7778659244097796
Strep_C14585,0.47311830745470035
Strep_C14586,0.47311830745470035
Strep_C14587,0.2337017810381666
Strep_C14588,0.7198634438443039
Strep_C14589,0.11634201451864289
Strep_C1458,0.2337017810381666
Strep_C14590,0.5967214293920762
Strep_C14591,0.35245843672205746
Strep_C14592,0.8889131171654778
Strep_C14593,0.557982185216091
Strep_C14594,0.11634201451864289
Strep_C14595,0.35245843672205746
Strep_C14596,0.11634201451864289
Strep_C14597,0.11634201451864289
Strep_C14598,0.11634201451864289
Strep_C14599,0.11634201451864289
Strep_C1459,0.11634201451864289
Strep_C145,0.1160600458814914
Strep_C14600,0.11634201451864289
Strep_C14601,0.11634201451864289
Strep_C14602,0.11634201451864289
Strep_C14603,0.11634201451864289
Strep_C14604,0.23370228693111114
Strep_C14605,0.11634201451864289
Strep_C14606,0.11634201451864289
Strep_C14607,0.1163415109155265
Strep_C14608,0.1163415109155265
Strep_C14609,0.1163415109155265
Strep_C1460,0.11634201451864289
Strep_C14610,0.1163415109155265
Strep_C14611,0.1163415109155265
Strep_C14612,0.1163415109155265
Strep_C14613,0.1163415109155265
Strep_C14614,0.1163415109155265
Strep_C14615,0.1163415109155265
Strep_C14616,0.5967214293920762
Strep_C14617,0.1163415109155265
Strep_C14618,0.1163415109155265
Strep_C14619,0.1163415109155265
Strep_C1461,0.35245843672205746
Strep_C14620,0.99999999
Strep_C14621,0.99999999
Strep_C14622,0.5967242474384321
Strep_C14623,0.11634201451864289
Strep_C14624,0.11634201451864289
Strep_C14625,0.5967242474384321
Strep_C14626,0.11634201451864289
Strep_C14627,0.11634201451864289
Strep_C14628,0.11634201451864289
Strep_C14629,0.23370228693111114
Strep_C1462,0.1163415109155265
Strep_C14630,0.11634201451864289
Strep_C14631,0.6665403377533278
Strep_C14632,0.11634201451864289
Strep_C14633,0.11634201451864289
Strep_C14634,0.99999999
Strep_C14635,0.11634201451864289
Strep_C14636,0.11634201451864289
Strep_C14637,0.11634201451864289
Strep_C14638,0.11634201451864289
Strep_C14639,0.11136757272179186
Strep_C1463,0.2337017810381666
Strep_C14640,0.99999999
Strep_C14641,0.11136757272179186
Strep_C14642,0.99999999
Strep_C14643,0.11136757272179186
Strep_C14644,0.11136757272179186
Strep_C14645,0.333266628208235
Strep_C14646,0.11136757272179186
Strep_C14647,0.11136757272179186
Strep_C14648,0.11136757272179186
Strep_C14649,0.11136757272179186
Strep_C1464,0.11136757272179186
Strep_C14650,0.22283354305359118
Strep_C14651,0.11136757272179186
Strep_C14652,0.11136757272179186
Strep_C14653,0.11136757272179186
Strep_C14654,0.11136757272179186
Strep_C14655,0.8889223478224411
Strep_C14656,0.23305302815717163
Strep_C14657,0.44444989529753154
Strep_C14658,0.23305302815717163
Strep_C14659,0.23305302815717163
Strep_C1465,0.99999999
Strep_C14660,0.23305302815717163
Strep_C14661,0.23305302815717163
Strep_C14662,0.1160600458814914
Strep_C14663,0.1160600458814914
Strep_C14664,0.99999999
Strep_C14665,0.3524582818100281
Strep_C14666,0.2337017810381666
Strep_C14667,0.11634201451864289
Strep_C14668,0.11634201451864289
Strep_C14669,0.11634201451864289
Strep_C1466,0.35245843672205746
Strep_C14670,0.6665426254504294
Strep_C14671,0.5967242474384321
Strep_C14672,0.23370178103816636
Strep_C14673,0.11634201451864289
Strep_C14674,0.11634201451864289
Strep_C14675,0.44600966595465286
Strep_C14676,0.23370178103816636
Strep_C14677,0.23370228693111114
Strep_C14678,0.2337017810381666
Strep_C14679,0.2337017810381666
Strep_C1467,0.99999999
Strep_C14680,0.1163415109155265
Strep_C14681,0.1163415109155265
Strep_C14682,0.1163415109155265
Strep_C14683,0.1163415109155265
Strep_C14684,0.1163415109155265
Strep_C14685,0.22283354305359118
Strep_C14686,0.1163415109155265
Strep_C14687,0.1163415109155265
Strep_C14688,0.1163415109155265
Strep_C14689,0.1163415109155265
Strep_C1468,0.8524331858472348
Strep_C14690,0.1163415109155265
Strep_C14691,0.1163415109155265
Strep_C14692,0.1163415109155265
Strep_C14693,0.1163415109155265
Strep_C14694,0.1163415109155265
Strep_C14695,0.5967214293920762
Strep_C14696,0.1163415109155265
Strep_C14697,0.47311830745470035
Strep_C14698,0.99999999
Strep_C14699,0.47311830745470035
Strep_C1469,0.11634201451864289
Strep_C146,0.11634201451864289
Strep_C14700,0.7198634438443039
Strep_C14701,0.11634201451864289
Strep_C14702,0.11634201451864289
Strep_C14703,0.35245843672205746
Strep_C14704,0.35245843672205746
Strep_C14705,0.99999999
Strep_C14706,0.99999999
Strep_C14707,0.5936452796634148
Strep_C14708,0.11634201451864289
Strep_C14709,0.11634201451864289
Strep_C1470,0.557982185216091
Strep_C14710,0.11634201451864289
Strep_C14711,0.99999999
Strep_C14712,0.2337017810381666
Strep_C14713,0.11634201451864289
Strep_C14714,0.11634201451864289
Strep_C14715,0.5967214293920762
Strep_C14716,0.5579816378691367
Strep_C14717,0.99999999
Strep_C14718,0.11136757272179186
Strep_C14719,0.11136757272179186
Strep_C1471,0.22283322077504625
Strep_C14720,0.11136757272179186
Strep_C14721,0.99999999
Strep_C14722,0.22283322077504625
Strep_C14723,0.11136757272179186
Strep_C14724,0.23305302815717163
Strep_C14725,0.99999999
Strep_C14726,0.99999999
Strep_C14727,0.23305302815717163
Strep_C14728,0.2337017810381666
Strep_C14729,0.5967242474384321
Strep_C1472,0.23305302815717163
Strep_C14730,0.5967214293920762
Strep_C14731,0.2337017810381666
Strep_C14732,0.47311651524910325
Strep_C14733,0.5967242474384321
Strep_C14734,0.8524313909199117
Strep_C14735,0.11634201451864289
Strep_C14736,0.99999999
Strep_C14737,0.11634201451864289
Strep_C14738,0.23370178103816636
Strep_C14739,0.11634201451864289
Strep_C1473,0.23305302815717163
Strep_C14740,0.23370178103816636
Strep_C14741,0.11634201451864289
Strep_C14742,0.11634201451864289
Strep_C14743,0.11634201451864289
Strep_C14744,0.1163415109155265
Strep_C14745,0.1163415109155265
Strep_C14746,0.1163415109155265
Strep_C14747,0.1163415109155265
Strep_C14748,0.1163415109155265
Strep_C14749,0.1163415109155265
Strep_C1474,0.11634201451864289
Strep_C14750,0.1163415109155265
Strep_C14751,0.1163415109155265
Strep_C14752,0.1163415109155265
Strep_C14753,0.1163415109155265
Strep_C14754,0.1163415109155265
Strep_C14755,0.1163415109155265
Strep_C14756,0.1163415109155265
Strep_C14757,0.11634201451864289
Strep_C14758,0.99999999
Strep_C14759,0.47311830745470035
Strep_C1475,0.11634201451864289
Strep_C14760,0.5967242474384321
Strep_C14761,0.8524331858472348
Strep_C14762,0.99999999
Strep_C14763,0.670453025682897
Strep_C14764,0.7256406595528874
Strep_C14765,0.22283322077504625
Strep_C14766,0.2337017810381666
Strep_C14767,0.3524582818100281
Strep_C14768,0.99999999
Strep_C14769,0.99999999
Strep_C1476,0.11634201451864289
Strep_C14770,0.99999999
Strep_C14771,0.471274539360154
Strep_C14772,0.99999999
Strep_C14773,0.99999999
Strep_C14774,0.23370178103816636
Strep_C14775,0.23370228693111114
Strep_C14776,0.23370228693111114
Strep_C14777,0.11634201451864289
Strep_C14778,0.11634201451864289
Strep_C14779,0.11634201451864289
Strep_C1477,0.1163415109155265
Strep_C14780,0.11634201451864289
Strep_C14781,0.99999999
Strep_C14782,0.99999999
Strep_C14783,0.333266628208235
Strep_C14784,0.11136757272179186
Strep_C14785,0.333266628208235
Strep_C14786,0.99999999
Strep_C14787,0.11136757272179186
Strep_C14788,0.11136757272179186
Strep_C14789,0.22283322077504625
Strep_C1478,0.1163415109155265
Strep_C14790,0.351325490499599
Strep_C14791,0.23305302815717163
Strep_C14792,0.23305302815717163
Strep_C14793,0.23305302815717163
Strep_C14794,0.8524313909199117
Strep_C14795,0.8524313909199117
Strep_C14796,0.1160600458814914
Strep_C14797,0.23305302815717163
Strep_C14798,0.11634201451864289
Strep_C14799,0.2337017810381666
Strep_C1479,0.23370228693111114
Strep_C147,0.11634201451864289
Strep_C14800,0.2337017810381666
Strep_C14801,0.2337017810381666
Strep_C14802,0.11634201451864289
Strep_C14803,0.23370178103816636
Strep_C14804,0.2337017810381666
Strep_C14805,0.11634201451864289
Strep_C14806,0.11634201451864289
Strep_C14807,0.11634201451864289
Strep_C14808,0.23370228693111114
Strep_C14809,0.11634201451864289
Strep_C1480,0.11634201451864289
Strep_C14810,0.11634201451864289
Strep_C14811,0.11634201451864289
Strep_C14812,0.47311830745470035
Strep_C14813,0.11634201451864289
Strep_C14814,0.99999999
Strep_C14815,0.1163415109155265
Strep_C14816,0.1163415109155265
Strep_C14817,0.1163415109155265
Strep_C14818,0.1163415109155265
Strep_C14819,0.1163415109155265
Strep_C1481,0.5967242474384321
Strep_C14820,0.1163415109155265
Strep_C14821,0.1163415109155265
Strep_C14822,0.99999999
Strep_C14823,0.99999999
Strep_C14824,0.47311651524910325
Strep_C14825,0.47127620612957083
Strep_C14826,0.99999999
Strep_C14827,0.47311830745470035
Strep_C14828,0.11634201451864289
Strep_C14829,0.11634201451864289
Strep_C1482,0.11634201451864289
Strep_C14830,0.23370178103816636
Strep_C14831,0.11634201451864289
Strep_C14832,0.11634201451864289
Strep_C14833,0.99999999
Strep_C14834,0.99999999
Strep_C14835,0.11634201451864289
Strep_C14836,0.11634201451864289
Strep_C14837,0.11634201451864289
Strep_C14838,0.11634201451864289
Strep_C14839,0.11634201451864289
Strep_C1483,0.11634201451864289
Strep_C14840,0.11136757272179186
Strep_C14841,0.11136757272179186
Strep_C14842,0.99999999
Strep_C14843,0.11136757272179186
Strep_C14844,0.99999999
Strep_C14845,0.11136757272179186
Strep_C14846,0.11136757272179186
Strep_C14847,0.11136757272179186
Strep_C14848,0.11136757272179186
Strep_C14849,0.11136757272179186
Strep_C1484,0.11136757272179186
Strep_C14850,0.11136757272179186
Strep_C14851,0.11136757272179186
Strep_C14852,0.11136757272179186
Strep_C14853,0.11136757272179186
Strep_C14854,0.11136757272179186
Strep_C14855,0.11136757272179186
Strep_C14856,0.23305302815717163
Strep_C14857,0.23305302815717163
Strep_C14858,0.99999999
Strep_C14859,0.99999999
Strep_C1485,0.1160600458814914
Strep_C14860,0.5555542629982061
Strep_C14861,0.99999999
Strep_C14862,0.99999999
Strep_C14863,0.23305302815717163
Strep_C14864,0.7198634438443039
Strep_C14865,0.99999999
Strep_C14866,0.23305302815717163
Strep_C14867,0.47311651524910325
Strep_C14868,0.334259100712907
Strep_C14869,0.2337017810381666
Strep_C1486,0.5936452796634148
Strep_C14870,0.47311830745470035
Strep_C14871,0.2337017810381666
Strep_C14872,0.2337017810381666
Strep_C14873,0.11634201451864289
Strep_C14874,0.47311830745470035
Strep_C14875,0.11634201451864289
Strep_C14876,0.2337017810381666
Strep_C14877,0.11634201451864289
Strep_C14878,0.11634201451864289
Strep_C14879,0.44444957634747156
Strep_C1487,0.11634201451864289
Strep_C14880,0.11634201451864289
Strep_C14881,0.11634201451864289
Strep_C14882,0.11634201451864289
Strep_C14883,0.11634201451864289
Strep_C14884,0.11634201451864289
Strep_C14885,0.23370178103816636
Strep_C14886,0.5967242474384321
Strep_C14887,0.1163415109155265
Strep_C14888,0.1163415109155265
Strep_C14889,0.1163415109155265
Strep_C1488,0.3524582818100281
Strep_C14890,0.1163415109155265
Strep_C14891,0.1163415109155265
Strep_C14892,0.1163415109155265
Strep_C14893,0.23370228693111114
Strep_C14894,0.23370228693111114
Strep_C14895,0.1163415109155265
Strep_C14896,0.1163415109155265
Strep_C14897,0.1163415109155265
Strep_C14898,0.1163415109155265
Strep_C14899,0.1163415109155265
Strep_C1489,0.11634201451864289
Strep_C148,0.11634201451864289
Strep_C14900,0.1163415109155265
Strep_C14901,0.99999999
Strep_C14902,0.1163415109155265
Strep_C14903,0.1163415109155265
Strep_C14904,0.1163415109155265
Strep_C14905,0.1163415109155265
Strep_C14906,0.99999999
Strep_C14907,0.11634201451864289
Strep_C14908,0.5967242474384321
Strep_C14909,0.47311830745470035
Strep_C1490,0.8889131171654778
Strep_C14910,0.99999999
Strep_C14911,0.2337017810381666
Strep_C14912,0.99999999
Strep_C14913,0.557982185216091
Strep_C14914,0.7198634438443039
Strep_C14915,0.99999999
Strep_C14916,0.11634201451864289
Strep_C14917,0.7256406595528874
Strep_C14918,0.11634201451864289
Strep_C14919,0.44444989529753154
Strep_C1491,0.23370178103816636
Strep_C14920,0.2337017810381666
Strep_C14921,0.11634201451864289
Strep_C14922,0.23370178103816636
Strep_C14923,0.7256406595528874
Strep_C14924,0.23370228693111114
Strep_C14925,0.11634201451864289
Strep_C14926,0.6665426254504294
Strep_C14927,0.23370228693111114
Strep_C14928,0.7847940789287989
Strep_C14929,0.11136757272179186
Strep_C1492,0.1160600458814914
Strep_C14930,0.11136757272179186
Strep_C14931,0.11136757272179186
Strep_C14932,0.11136757272179186
Strep_C14933,0.11136757272179186
Strep_C14934,0.11136757272179186
Strep_C14935,0.23305302815717163
Strep_C14936,0.23305302815717163
Strep_C14937,0.1160600458814914
Strep_C14938,0.23305302815717163
Strep_C14939,0.35132537846575046
Strep_C1493,0.2337017810381666
Strep_C14940,0.23305302815717163
Strep_C14941,0.23305302815717163
Strep_C14942,0.23305302815717163
Strep_C14943,0.1160600458814914
Strep_C14944,0.47311651524910325
Strep_C14945,0.7198634438443039
Strep_C14946,0.47311830745470035
Strep_C14947,0.7256406595528874
Strep_C14948,0.2337017810381666
Strep_C14949,0.47311830745470035
Strep_C1494,0.11634201451864289
Strep_C14950,0.11634201451864289
Strep_C14951,0.47311830745470035
Strep_C14952,0.11634201451864289
Strep_C14953,0.11634201451864289
Strep_C14954,0.11634201451864289
Strep_C14955,0.8673259655154397
Strep_C14956,0.11634201451864289
Strep_C14957,0.11634201451864289
Strep_C14958,0.11634201451864289
Strep_C14959,0.23370228693111114
Strep_C1495,0.1163415109155265
Strep_C14960,0.11634201451864289
Strep_C14961,0.47311830745470035
Strep_C14962,0.35245843672205746
Strep_C14963,0.23370228693111114
Strep_C14964,0.1163415109155265
Strep_C14965,0.99999999
Strep_C14966,0.1163415109155265
Strep_C14967,0.5936427844819077
Strep_C14968,0.1163415109155265
Strep_C14969,0.23370228693111114
Strep_C1496,0.11136757272179186
Strep_C14970,0.1163415109155265
Strep_C14971,0.1163415109155265
Strep_C14972,0.1163415109155265
Strep_C14973,0.1163415109155265
Strep_C14974,0.1163415109155265
Strep_C14975,0.1163415109155265
Strep_C14976,0.99999999
Strep_C14977,0.7256406595528874
Strep_C14978,0.35245843672205746
Strep_C14979,0.8524331858472348
Strep_C1497,0.1163415109155265
Strep_C14980,0.5967214293920762
Strep_C14981,0.11634201451864289
Strep_C14982,0.99999999
Strep_C14983,0.35245843672205746
Strep_C14984,0.44601006290209577
Strep_C14985,0.3524582818100281
Strep_C14986,0.11634201451864289
Strep_C14987,0.11634201451864289
Strep_C14988,0.7847940789287989
Strep_C14989,0.11634201451864289
Strep_C1498,0.23370178103816636
Strep_C14990,0.11634201451864289
Strep_C14991,0.11634201451864289
Strep_C14992,0.11136757272179186
Strep_C14993,0.11136757272179186
Strep_C14994,0.11136757272179186
Strep_C14995,0.471274539360154
Strep_C14996,0.23305302815717163
Strep_C14997,0.7198634438443039
Strep_C14998,0.471274539360154
Strep_C14999,0.23305302815717163
Strep_C1499,0.47311830745470035
Strep_C149,0.1163415109155265
Strep_C14,0.1163415109155265
Strep_C15000,0.99999999
Strep_C15001,0.23305302815717163
Strep_C15002,0.23305302815717163
Strep_C15003,0.351325490499599
Strep_C15004,0.1160600458814914
Strep_C15005,0.1160600458814914
Strep_C15006,0.23305302815717163
Strep_C15007,0.2337017810381666
Strep_C15008,0.5967214293920762
Strep_C15009,0.8524313909199117
Strep_C1500,0.23370228693111114
Strep_C15010,0.11634201451864289
Strep_C15011,0.5967242474384321
Strep_C15012,0.11634201451864289
Strep_C15013,0.11634201451864289
Strep_C15014,0.11634201451864289
Strep_C15015,0.99999999
Strep_C15016,0.7256406595528874
Strep_C15017,0.11634201451864289
Strep_C15018,0.35245843672205746
Strep_C15019,0.23370178103816636
Strep_C1501,0.47311830745470035
Strep_C15020,0.8524313909199117
Strep_C15021,0.11634201451864289
Strep_C15022,0.2337017810381666
Strep_C15023,0.1163415109155265
Strep_C15024,0.1163415109155265
Strep_C15025,0.1163415109155265
Strep_C15026,0.1163415109155265
Strep_C15027,0.1163415109155265
Strep_C15028,0.1163415109155265
Strep_C15029,0.1163415109155265
Strep_C1502,0.8889131171654778
Strep_C15030,0.1163415109155265
Strep_C15031,0.471274539360154
Strep_C15032,0.1163415109155265
Strep_C15033,0.1163415109155265
Strep_C15034,0.99999999
Strep_C15035,0.99999999
Strep_C15036,0.99999999
Strep_C15037,0.99999999
Strep_C15038,0.5967242474384321
Strep_C15039,0.2337017810381666
Strep_C1503,0.11136757272179186
Strep_C15040,0.23370178103816636
Strep_C15041,0.334259100712907
Strep_C15042,0.11634201451864289
Strep_C15043,0.47311830745470035
Strep_C15044,0.47311830745470035
Strep_C15045,0.5967214293920762
Strep_C15046,0.3524582818100281
Strep_C15047,0.47311830745470035
Strep_C15048,0.11634201451864289
Strep_C15049,0.35245843672205746
Strep_C1504,0.1163415109155265
Strep_C15050,0.11634201451864289
Strep_C15051,0.11634201451864289
Strep_C15052,0.47127620612957083
Strep_C15053,0.557982185216091
Strep_C15054,0.5936427844819077
Strep_C15055,0.7847940789287989
Strep_C15056,0.11634201451864289
Strep_C15057,0.351325490499599
Strep_C15058,0.99999999
Strep_C15059,0.8524331858472348
Strep_C1505,0.1163415109155265
Strep_C15060,0.11634201451864289
Strep_C15061,0.11634201451864289
Strep_C15062,0.11634201451864289
Strep_C15063,0.11634201451864289
Strep_C15064,0.11634201451864289
Strep_C15065,0.11634201451864289
Strep_C15066,0.11634201451864289
Strep_C15067,0.11634201451864289
Strep_C15068,0.2337017810381666
Strep_C15069,0.11634201451864289
Strep_C1506,0.11136757272179186
Strep_C15070,0.11634201451864289
Strep_C15071,0.11136757272179186
Strep_C15072,0.11136757272179186
Strep_C15073,0.11136757272179186
Strep_C15074,0.99999999
Strep_C15075,0.22283354305359118
Strep_C15076,0.11136757272179186
Strep_C15077,0.11136757272179186
Strep_C15078,0.11136757272179186
Strep_C15079,0.11136757272179186
Strep_C1507,0.11136757272179186
Strep_C15080,0.11136757272179186
Strep_C15081,0.11136757272179186
Strep_C15082,0.11136757272179186
Strep_C15083,0.11136757272179186
Strep_C15084,0.11136757272179186
Strep_C15085,0.11136757272179186
Strep_C15086,0.11136757272179186
Strep_C15087,0.23305302815717163
Strep_C15088,0.471274539360154
Strep_C15089,0.351325490499599
Strep_C1508,0.23370178103816636
Strep_C15090,0.23305302815717163
Strep_C15091,0.23305302815717163
Strep_C15092,0.23305302815717163
Strep_C15093,0.1160600458814914
Strep_C15094,0.1160600458814914
Strep_C15095,0.23305302815717163
Strep_C15096,0.11634201451864289
Strep_C15097,0.47311830745470035
Strep_C15098,0.2337017810381666
Strep_C15099,0.11634201451864289
Strep_C1509,0.11634201451864289
Strep_C150,0.1163415109155265
Strep_C15100,0.2337017810381666
Strep_C15101,0.2337017810381666
Strep_C15102,0.11634201451864289
Strep_C15103,0.11634201451864289
Strep_C15104,0.23370178103816636
Strep_C15105,0.11634201451864289
Strep_C15106,0.11634201451864289
Strep_C15107,0.47311651524910325
Strep_C15108,0.11634201451864289
Strep_C15109,0.11634201451864289
Strep_C1510,0.2337017810381666
Strep_C15110,0.1163415109155265
Strep_C15111,0.35132537846575046
Strep_C15112,0.1163415109155265
Strep_C15113,0.1163415109155265
Strep_C15114,0.1163415109155265
Strep_C15115,0.1163415109155265
Strep_C15116,0.23370228693111114
Strep_C15117,0.1163415109155265
Strep_C15118,0.1163415109155265
Strep_C15119,0.99999999
Strep_C1511,0.11634201451864289
Strep_C15120,0.11634201451864289
Strep_C15121,0.23370178103816636
Strep_C15122,0.23370228693111114
Strep_C15123,0.11634201451864289
Strep_C15124,0.7256406595528874
Strep_C15125,0.11634201451864289
Strep_C15126,0.11634201451864289
Strep_C15127,0.11634201451864289
Strep_C15128,0.5967214293920762
Strep_C15129,0.351325490499599
Strep_C1512,0.99999999
Strep_C15130,0.11634201451864289
Strep_C15131,0.47311830745470035
Strep_C15132,0.11634201451864289
Strep_C15133,0.11634201451864289
Strep_C15134,0.471274539360154
Strep_C15135,0.11634201451864289
Strep_C15136,0.11136757272179186
Strep_C15137,0.11136757272179186
Strep_C15138,0.99999999
Strep_C15139,0.11136757272179186
Strep_C1513,0.23305302815717163
Strep_C15140,0.6665403377533278
Strep_C15141,0.333266628208235
Strep_C15142,0.23305302815717163
Strep_C15143,0.351325490499599
Strep_C15144,0.8524313909199117
Strep_C15145,0.23305302815717163
Strep_C15146,0.23305302815717163
Strep_C15147,0.23305302815717163
Strep_C15148,0.23305302815717163
Strep_C15149,0.23305302815717163
Strep_C1514,0.99999999
Strep_C15150,0.23305302815717163
Strep_C15151,0.35245843672205746
Strep_C15152,0.11634201451864289
Strep_C15153,0.11634201451864289
Strep_C15154,0.47311830745470035
Strep_C15155,0.47311830745470035
Strep_C15156,0.99999999
Strep_C15157,0.23370178103816636
Strep_C15158,0.11634201451864289
Strep_C15159,0.11634201451864289
Strep_C1515,0.1163415109155265
Strep_C15160,0.2337017810381666
Strep_C15161,0.1163415109155265
Strep_C15162,0.23370228693111114
Strep_C15163,0.1163415109155265
Strep_C15164,0.1163415109155265
Strep_C15165,0.1163415109155265
Strep_C15166,0.1163415109155265
Strep_C15167,0.1163415109155265
Strep_C15168,0.1163415109155265
Strep_C15169,0.1163415109155265
Strep_C1516,0.47311830745470035
Strep_C15170,0.1163415109155265
Strep_C15171,0.1163415109155265
Strep_C15172,0.1163415109155265
Strep_C15173,0.23370228693111114
Strep_C15174,0.7778688864057204
Strep_C15175,0.99999999
Strep_C15176,0.7256406595528874
Strep_C15177,0.11634201451864289
Strep_C15178,0.23370178103816636
Strep_C15179,0.99999999
Strep_C1517,0.47311830745470035
Strep_C15180,0.2337017810381666
Strep_C15181,0.8889131171654778
Strep_C15182,0.99999999
Strep_C15183,0.47311651524910325
Strep_C15184,0.35245843672205746
Strep_C15185,0.11634201451864289
Strep_C15186,0.99999999
Strep_C15187,0.11634201451864289
Strep_C15188,0.11634201451864289
Strep_C15189,0.11634201451864289
Strep_C1518,0.11634201451864289
Strep_C15190,0.11634201451864289
Strep_C15191,0.11136757272179186
Strep_C15192,0.8889131171654778
Strep_C15193,0.99999999
Strep_C15194,0.11136757272179186
Strep_C15195,0.11136757272179186
Strep_C15196,0.11136757272179186
Strep_C15197,0.11136757272179186
Strep_C15198,0.99999999
Strep_C15199,0.11136757272179186
Strep_C1519,0.11136757272179186
Strep_C151,0.11634201451864289
Strep_C15200,0.99999999
Strep_C15201,0.99999999
Strep_C15202,0.35132537846575046
Strep_C15203,0.1160600458814914
Strep_C15204,0.23305302815717163
Strep_C15205,0.23305302815717163
Strep_C15206,0.23305302815717163
Strep_C15207,0.471274539360154
Strep_C15208,0.351325490499599
Strep_C15209,0.23305302815717163
Strep_C1520,0.333266628208235
Strep_C15210,0.8524331858472348
Strep_C15211,0.23305302815717163
Strep_C15212,0.2337017810381666
Strep_C15213,0.11634201451864289
Strep_C15214,0.11634201451864289
Strep_C15215,0.47311830745470035
Strep_C15216,0.35245843672205746
Strep_C15217,0.11634201451864289
Strep_C15218,0.11634201451864289
Strep_C15219,0.11634201451864289
Strep_C1521,0.351325490499599
Strep_C15220,0.23370178103816636
Strep_C15221,0.35245843672205746
Strep_C15222,0.11634201451864289
Strep_C15223,0.11634201451864289
Strep_C15224,0.11634201451864289
Strep_C15225,0.11634201451864289
Strep_C15226,0.23370178103816636
Strep_C15227,0.11634201451864289
Strep_C15228,0.5967242474384321
Strep_C15229,0.99999999
Strep_C1522,0.1163415109155265
Strep_C15230,0.1163415109155265
Strep_C15231,0.1163415109155265
Strep_C15232,0.1163415109155265
Strep_C15233,0.23370228693111114
Strep_C15234,0.1163415109155265
Strep_C15235,0.1163415109155265
Strep_C15236,0.1163415109155265
Strep_C15237,0.1163415109155265
Strep_C15238,0.7256406595528874
Strep_C15239,0.1163415109155265
Strep_C1523,0.47311651524910325
Strep_C15240,0.1163415109155265
Strep_C15241,0.99999999
Strep_C15242,0.99999999
Strep_C15243,0.11634201451864289
Strep_C15244,0.47311830745470035
Strep_C15245,0.11634201451864289
Strep_C15246,0.7256406595528874
Strep_C15247,0.47311830745470035
Strep_C15248,0.11634201451864289
Strep_C15249,0.23370178103816636
Strep_C1524,0.11634201451864289
Strep_C15250,0.11634201451864289
Strep_C15251,0.11634201451864289
Strep_C15252,0.11634201451864289
Strep_C15253,0.11634201451864289
Strep_C15254,0.22283322077504625
Strep_C15255,0.11634201451864289
Strep_C15256,0.11634201451864289
Strep_C15257,0.11634201451864289
Strep_C15258,0.11634201451864289
Strep_C15259,0.11634201451864289
Strep_C1525,0.99999999
Strep_C15260,0.47311830745470035
Strep_C15261,0.11136757272179186
Strep_C15262,0.99999999
Strep_C15263,0.11136757272179186
Strep_C15264,0.11136757272179186
Strep_C15265,0.99999999
Strep_C15266,0.11136757272179186
Strep_C15267,0.11136757272179186
Strep_C15268,0.11136757272179186
Strep_C15269,0.11136757272179186
Strep_C1526,0.11136757272179186
Strep_C15270,0.334259100712907
Strep_C15271,0.11136757272179186
Strep_C15272,0.11136757272179186
Strep_C15273,0.99999999
Strep_C15274,0.23305302815717163
Strep_C15275,0.23305302815717163
Strep_C15276,0.23305302815717163
Strep_C15277,0.23305302815717163
Strep_C15278,0.351325490499599
Strep_C15279,0.35245843672205746
Strep_C1527,0.23370178103816636
Strep_C15280,0.2337017810381666
Strep_C15281,0.35245843672205746
Strep_C15282,0.5967214293920762
Strep_C15283,0.8889223478224411
Strep_C15284,0.11634201451864289
Strep_C15285,0.11634201451864289
Strep_C15286,0.11634201451864289
Strep_C15287,0.2337017810381666
Strep_C15288,0.23305302815717163
Strep_C15289,0.23370228693111114
Strep_C1528,0.1163415109155265
Strep_C15290,0.11634201451864289
Strep_C15291,0.11634201451864289
Strep_C15292,0.11634201451864289
Strep_C15293,0.11634201451864289
Strep_C15294,0.11634201451864289
Strep_C15295,0.7198634438443039
Strep_C15296,0.23370228693111114
Strep_C15297,0.1163415109155265
Strep_C15298,0.1163415109155265
Strep_C15299,0.1163415109155265
Strep_C1529,0.11634201451864289
Strep_C152,0.1163415109155265
Strep_C15300,0.1163415109155265
Strep_C15301,0.1163415109155265
Strep_C15302,0.1163415109155265
Strep_C15303,0.1163415109155265
Strep_C15304,0.1163415109155265
Strep_C15305,0.1163415109155265
Strep_C15306,0.1163415109155265
Strep_C15307,0.23370228693111114
Strep_C15308,0.11634201451864289
Strep_C15309,0.35245843672205746
Strep_C1530,0.99999999
Strep_C15310,0.11634201451864289
Strep_C15311,0.7198634438443039
Strep_C15312,0.35245843672205746
Strep_C15313,0.11634201451864289
Strep_C15314,0.7778659244097796
Strep_C15315,0.99999999
Strep_C15316,0.11634201451864289
Strep_C15317,0.11634201451864289
Strep_C15318,0.23305302815717163
Strep_C15319,0.11634201451864289
Strep_C1531,0.23305302815717163
Strep_C15320,0.11136757272179186
Strep_C15321,0.11136757272179186
Strep_C15322,0.99999999
Strep_C15323,0.11136757272179186
Strep_C15324,0.7778659244097796
Strep_C15325,0.35132537846575046
Strep_C15326,0.35132537846575046
Strep_C15327,0.35132537846575046
Strep_C15328,0.99999999
Strep_C15329,0.35132537846575046
Strep_C1532,0.1160600458814914
Strep_C15330,0.23305302815717163
Strep_C15331,0.1160600458814914
Strep_C15332,0.23305302815717163
Strep_C15333,0.23305302815717163
Strep_C15334,0.47311830745470035
Strep_C15335,0.2337017810381666
Strep_C15336,0.2337017810381666
Strep_C15337,0.35245843672205746
Strep_C15338,0.99999999
Strep_C15339,0.35245843672205746
Strep_C1533,0.47311830745470035
Strep_C15340,0.2337017810381666
Strep_C15341,0.11634201451864289
Strep_C15342,0.9053588679153928
Strep_C15343,0.2337017810381666
Strep_C15344,0.11634201451864289
Strep_C15345,0.11634201451864289
Strep_C15346,0.23305302815717163
Strep_C15347,0.11634201451864289
Strep_C15348,0.23370178103816636
Strep_C15349,0.23370178103816636
Strep_C1534,0.11634201451864289
Strep_C15350,0.11634201451864289
Strep_C15351,0.8524331858472348
Strep_C15352,0.2337017810381666
Strep_C15353,0.11634201451864289
Strep_C15354,0.11634201451864289
Strep_C15355,0.1163415109155265
Strep_C15356,0.1163415109155265
Strep_C15357,0.1163415109155265
Strep_C15358,0.1163415109155265
Strep_C15359,0.47311651524910325
Strep_C1535,0.11634201451864289
Strep_C15360,0.1163415109155265
Strep_C15361,0.1163415109155265
Strep_C15362,0.1163415109155265
Strep_C15363,0.1163415109155265
Strep_C15364,0.1163415109155265
Strep_C15365,0.1163415109155265
Strep_C15366,0.99999999
Strep_C15367,0.99999999
Strep_C15368,0.99999999
Strep_C15369,0.23370178103816636
Strep_C1536,0.1163415109155265
Strep_C15370,0.99999999
Strep_C15371,0.22283322077504625
Strep_C15372,0.11634201451864289
Strep_C15373,0.2337017810381666
Strep_C15374,0.23370178103816636
Strep_C15375,0.7256406595528874
Strep_C15376,0.44601006290209577
Strep_C15377,0.351325490499599
Strep_C15378,0.5967242474384321
Strep_C15379,0.11634201451864289
Strep_C1537,0.1163415109155265
Strep_C15380,0.99999999
Strep_C15381,0.5967214293920762
Strep_C15382,0.99999999
Strep_C15383,0.99999999
Strep_C15384,0.11634201451864289
Strep_C15385,0.11634201451864289
Strep_C15386,0.11634201451864289
Strep_C15387,0.11634201451864289
Strep_C15388,0.23370228693111114
Strep_C15389,0.11634201451864289
Strep_C1538,0.5967214293920762
Strep_C15390,0.23370228693111114
Strep_C15391,0.11634201451864289
Strep_C15392,0.11634201451864289
Strep_C15393,0.11634201451864289
Strep_C15394,0.23370228693111114
Strep_C15395,0.99999999
Strep_C15396,0.11136757272179186
Strep_C15397,0.11136757272179186
Strep_C15398,0.334259100712907
Strep_C15399,0.11136757272179186
Strep_C1539,0.11634201451864289
Strep_C153,0.11634201451864289
Strep_C15400,0.11136757272179186
Strep_C15401,0.11136757272179186
Strep_C15402,0.23305302815717163
Strep_C15403,0.99999999
Strep_C15404,0.23305302815717163
Strep_C15405,0.23305302815717163
Strep_C15406,0.23305302815717163
Strep_C15407,0.8524331858472348
Strep_C15408,0.23305302815717163
Strep_C15409,0.333266628208235
Strep_C1540,0.11634201451864289
Strep_C15410,0.23305302815717163
Strep_C15411,0.47311830745470035
Strep_C15412,0.11634201451864289
Strep_C15413,0.11634201451864289
Strep_C15414,0.2337017810381666
Strep_C15415,0.2337017810381666
Strep_C15416,0.47311651524910325
Strep_C15417,0.47311830745470035
Strep_C15418,0.11634201451864289
Strep_C15419,0.11634201451864289
Strep_C1541,0.557982185216091
Strep_C15420,0.23370178103816636
Strep_C15421,0.11634201451864289
Strep_C15422,0.23370178103816636
Strep_C15423,0.11634201451864289
Strep_C15424,0.11634201451864289
Strep_C15425,0.11634201451864289
Strep_C15426,0.11634201451864289
Strep_C15427,0.44600966595465286
Strep_C15428,0.11634201451864289
Strep_C15429,0.11634201451864289
Strep_C1542,0.8524331858472348
Strep_C15430,0.1163415109155265
Strep_C15431,0.1163415109155265
Strep_C15432,0.1163415109155265
Strep_C15433,0.1163415109155265
Strep_C15434,0.1163415109155265
Strep_C15435,0.1163415109155265
Strep_C15436,0.1163415109155265
Strep_C15437,0.99999999
Strep_C15438,0.1163415109155265
Strep_C15439,0.1163415109155265
Strep_C1543,0.23305302815717163
Strep_C15440,0.1163415109155265
Strep_C15441,0.1163415109155265
Strep_C15442,0.1163415109155265
Strep_C15443,0.1163415109155265
Strep_C15444,0.1163415109155265
Strep_C15445,0.1163415109155265
Strep_C15446,0.1163415109155265
Strep_C15447,0.99999999
Strep_C15448,0.99999999
Strep_C15449,0.11634201451864289
Strep_C1544,0.2337017810381666
Strep_C15450,0.11634201451864289
Strep_C15451,0.47311651524910325
Strep_C15452,0.99999999
Strep_C15453,0.11634201451864289
Strep_C15454,0.11634201451864289
Strep_C15455,0.35245843672205746
Strep_C15456,0.8889223478224411
Strep_C15457,0.11634201451864289
Strep_C15458,0.11634201451864289
Strep_C15459,0.11634201451864289
Strep_C1545,0.2337017810381666
Strep_C15460,0.11634201451864289
Strep_C15461,0.11634201451864289
Strep_C15462,0.471274539360154
Strep_C15463,0.11136757272179186
Strep_C15464,0.11136757272179186
Strep_C15465,0.557982185216091
Strep_C15466,0.11136757272179186
Strep_C15467,0.5555542629982061
Strep_C15468,0.99999999
Strep_C15469,0.23305302815717163
Strep_C1546,0.23305302815717163
Strep_C15470,0.23305302815717163
Strep_C15471,0.8889223478224411
Strep_C15472,0.23305302815717163
Strep_C15473,0.23305302815717163
Strep_C15474,0.1160600458814914
Strep_C15475,0.1160600458814914
Strep_C15476,0.351325490499599
Strep_C15477,0.1160600458814914
Strep_C15478,0.35245843672205746
Strep_C15479,0.7198634438443039
Strep_C1547,0.11634201451864289
Strep_C15480,0.2337017810381666
Strep_C15481,0.35245843672205746
Strep_C15482,0.2337017810381666
Strep_C15483,0.11634201451864289
Strep_C15484,0.11634201451864289
Strep_C15485,0.11634201451864289
Strep_C15486,0.23370178103816636
Strep_C15487,0.11634201451864289
Strep_C15488,0.11634201451864289
Strep_C15489,0.35245843672205746
Strep_C1548,0.1163415109155265
Strep_C15490,0.11634201451864289
Strep_C15491,0.1163415109155265
Strep_C15492,0.1163415109155265
Strep_C15493,0.1163415109155265
Strep_C15494,0.1163415109155265
Strep_C15495,0.1163415109155265
Strep_C15496,0.1163415109155265
Strep_C15497,0.1163415109155265
Strep_C15498,0.1163415109155265
Strep_C15499,0.7256406595528874
Strep_C1549,0.1163415109155265
Strep_C154,0.11634201451864289
Strep_C15500,0.1163415109155265
Strep_C15501,0.1163415109155265
Strep_C15502,0.99999999
Strep_C15503,0.99999999
Strep_C15504,0.7847940789287989
Strep_C15505,0.99999999
Strep_C15506,0.99999999
Strep_C15507,0.11634201451864289
Strep_C15508,0.11634201451864289
Strep_C15509,0.11634201451864289
Strep_C1550,0.1163415109155265
Strep_C15510,0.11634201451864289
Strep_C15511,0.11634201451864289
Strep_C15512,0.11634201451864289
Strep_C15513,0.11634201451864289
Strep_C15514,0.11634201451864289
Strep_C15515,0.99999999
Strep_C15516,0.5555542629982061
Strep_C15517,0.99999999
Strep_C15518,0.99999999
Strep_C15519,0.11634201451864289
Strep_C1551,0.1163415109155265
Strep_C15520,0.11634201451864289
Strep_C15521,0.11634201451864289
Strep_C15522,0.11634201451864289
Strep_C15523,0.47311830745470035
Strep_C15524,0.11136757272179186
Strep_C15525,0.333266628208235
Strep_C15526,0.11136757272179186
Strep_C15527,0.333266628208235
Strep_C15528,0.11136757272179186
Strep_C15529,0.11136757272179186
Strep_C1552,0.1163415109155265
Strep_C15530,0.11136757272179186
Strep_C15531,0.11136757272179186
Strep_C15532,0.99999999
Strep_C15533,0.23305302815717163
Strep_C15534,0.23305302815717163
Strep_C15535,0.23305302815717163
Strep_C15536,0.99999999
Strep_C15537,0.99999999
Strep_C15538,0.11634201451864289
Strep_C15539,0.11634201451864289
Strep_C1553,0.47311830745470035
Strep_C15540,0.2337017810381666
Strep_C15541,0.35245843672205746
Strep_C15542,0.2337017810381666
Strep_C15543,0.23305302815717163
Strep_C15544,0.11634201451864289
Strep_C15545,0.23370178103816636
Strep_C15546,0.11634201451864289
Strep_C15547,0.47311830745470035
Strep_C15548,0.11634201451864289
Strep_C15549,0.11634201451864289
Strep_C1554,0.11136757272179186
Strep_C15550,0.23370178103816636
Strep_C15551,0.11634201451864289
Strep_C15552,0.2337017810381666
Strep_C15553,0.2337017810381666
Strep_C15554,0.1163415109155265
Strep_C15555,0.1163415109155265
Strep_C15556,0.1163415109155265
Strep_C15557,0.1163415109155265
Strep_C15558,0.1163415109155265
Strep_C15559,0.1163415109155265
Strep_C1555,0.11136757272179186
Strep_C15560,0.35132537846575046
Strep_C15561,0.1163415109155265
Strep_C15562,0.1163415109155265
Strep_C15563,0.1163415109155265
Strep_C15564,0.1163415109155265
Strep_C15565,0.1163415109155265
Strep_C15566,0.1163415109155265
Strep_C15567,0.1163415109155265
Strep_C15568,0.47311651524910325
Strep_C15569,0.99999999
Strep_C1556,0.351325490499599
Strep_C15570,0.11634201451864289
Strep_C15571,0.23370178103816636
Strep_C15572,0.2337017810381666
Strep_C15573,0.11634201451864289
Strep_C15574,0.6665426254504294
Strep_C15575,0.11634201451864289
Strep_C15576,0.11634201451864289
Strep_C15577,0.47311651524910325
Strep_C15578,0.47311651524910325
Strep_C15579,0.351325490499599
Strep_C1557,0.1163415109155265
Strep_C15580,0.5967242474384321
Strep_C15581,0.7778688864057204
Strep_C15582,0.11634201451864289
Strep_C15583,0.3524582818100281
Strep_C15584,0.11634201451864289
Strep_C15585,0.11136757272179186
Strep_C15586,0.11136757272179186
Strep_C15587,0.11136757272179186
Strep_C15588,0.11136757272179186
Strep_C15589,0.11136757272179186
Strep_C1558,0.23370228693111114
Strep_C15590,0.11136757272179186
Strep_C15591,0.11136757272179186
Strep_C15592,0.11136757272179186
Strep_C15593,0.11136757272179186
Strep_C15594,0.23305302815717163
Strep_C15595,0.44444989529753154
Strep_C15596,0.8524331858472348
Strep_C15597,0.23305302815717163
Strep_C15598,0.23305302815717163
Strep_C15599,0.4712762061295706
Strep_C1559,0.23370178103816636
Strep_C155,0.23370178103816636
Strep_C15600,0.23305302815717163
Strep_C15601,0.23305302815717163
Strep_C15602,0.1160600458814914
Strep_C15603,0.1160600458814914
Strep_C15604,0.99999999
Strep_C15605,0.2337017810381666
Strep_C15606,0.23370178103816636
Strep_C15607,0.47311830745470035
Strep_C15608,0.35245843672205746
Strep_C15609,0.2337017810381666
Strep_C1560,0.11634201451864289
Strep_C15610,0.2337017810381666
Strep_C15611,0.2337017810381666
Strep_C15612,0.47311830745470035
Strep_C15613,0.2337017810381666
Strep_C15614,0.2337017810381666
Strep_C15615,0.5967242474384321
Strep_C15616,0.35245843672205746
Strep_C15617,0.2337017810381666
Strep_C15618,0.2337017810381666
Strep_C15619,0.35245843672205746
Strep_C1561,0.1163415109155265
Strep_C15620,0.35245843672205746
Strep_C15621,0.11634201451864289
Strep_C15622,0.23370178103816636
Strep_C15623,0.11634201451864289
Strep_C15624,0.11634201451864289
Strep_C15625,0.11634201451864289
Strep_C15626,0.11634201451864289
Strep_C15627,0.11634201451864289
Strep_C15628,0.11634201451864289
Strep_C15629,0.99999999
Strep_C1562,0.99999999
Strep_C15630,0.11634201451864289
Strep_C15631,0.11634201451864289
Strep_C15632,0.2337017810381666
Strep_C15633,0.1163415109155265
Strep_C15634,0.1163415109155265
Strep_C15635,0.1163415109155265
Strep_C15636,0.22283354305359118
Strep_C15637,0.1163415109155265
Strep_C15638,0.1163415109155265
Strep_C15639,0.1163415109155265
Strep_C1563,0.11634201451864289
Strep_C15640,0.1163415109155265
Strep_C15641,0.1163415109155265
Strep_C15642,0.35245843672205746
Strep_C15643,0.99999999
Strep_C15644,0.99999999
Strep_C15645,0.8889223478224411
Strep_C15646,0.23370178103816636
Strep_C15647,0.47311830745470035
Strep_C15648,0.557982185216091
Strep_C15649,0.11634201451864289
Strep_C1564,0.11634201451864289
Strep_C15650,0.5967242474384321
Strep_C15651,0.23370178103816636
Strep_C15652,0.7198634438443039
Strep_C15653,0.7847940789287989
Strep_C15654,0.11634201451864289
Strep_C15655,0.5967214293920762
Strep_C15656,0.35245843672205746
Strep_C15657,0.11634201451864289
Strep_C15658,0.11634201451864289
Strep_C15659,0.11634201451864289
Strep_C1565,0.11634201451864289
Strep_C15660,0.11634201451864289
Strep_C15661,0.11634201451864289
Strep_C15662,0.11634201451864289
Strep_C15663,0.5967242474384321
Strep_C15664,0.11634201451864289
Strep_C15665,0.11634201451864289
Strep_C15666,0.5936452796634148
Strep_C15667,0.11634201451864289
Strep_C15668,0.11634201451864289
Strep_C15669,0.11634201451864289
Strep_C1566,0.35245843672205746
Strep_C15670,0.2337017810381666
Strep_C15671,0.351325490499599
Strep_C15672,0.11136757272179186
Strep_C15673,0.11136757272179186
Strep_C15674,0.44444989529753154
Strep_C15675,0.11136757272179186
Strep_C15676,0.99999999
Strep_C15677,0.99999999
Strep_C15678,0.11136757272179186
Strep_C15679,0.23305302815717163
Strep_C1567,0.1163415109155265
Strep_C15680,0.23305302815717163
Strep_C15681,0.23305302815717163
Strep_C15682,0.1160600458814914
Strep_C15683,0.23305302815717163
Strep_C15684,0.23305302815717163
Strep_C15685,0.6665403377533278
Strep_C15686,0.8524331858472348
Strep_C15687,0.5555542629982061
Strep_C15688,0.23305302815717163
Strep_C15689,0.23305302815717163
Strep_C1568,0.11634201451864289
Strep_C15690,0.1160600458814914
Strep_C15691,0.7778688864057204
Strep_C15692,0.1160600458814914
Strep_C15693,0.23305302815717163
Strep_C15694,0.47311651524910325
Strep_C15695,0.2337017810381666
Strep_C15696,0.2337017810381666
Strep_C15697,0.47311830745470035
Strep_C15698,0.11634201451864289
Strep_C15699,0.11634201451864289
Strep_C1569,0.47311651524910325
Strep_C156,0.1163415109155265
Strep_C15700,0.11634201451864289
Strep_C15701,0.11634201451864289
Strep_C15702,0.11634201451864289
Strep_C15703,0.11634201451864289
Strep_C15704,0.11634201451864289
Strep_C15705,0.11634201451864289
Strep_C15706,0.7256406595528874
Strep_C15707,0.3524582818100281
Strep_C15708,0.7256406595528874
Strep_C15709,0.11634201451864289
Strep_C1570,0.11136757272179186
Strep_C15710,0.11634201451864289
Strep_C15711,0.11634201451864289
Strep_C15712,0.5936452796634148
Strep_C15713,0.8524331858472348
Strep_C15714,0.35245843672205746
Strep_C15715,0.11634201451864289
Strep_C15716,0.1163415109155265
Strep_C15717,0.1163415109155265
Strep_C15718,0.3524582818100281
Strep_C15719,0.5967214293920762
Strep_C1571,0.23305302815717163
Strep_C15720,0.1163415109155265
Strep_C15721,0.1163415109155265
Strep_C15722,0.1163415109155265
Strep_C15723,0.1163415109155265
Strep_C15724,0.1163415109155265
Strep_C15725,0.1163415109155265
Strep_C15726,0.1163415109155265
Strep_C15727,0.1163415109155265
Strep_C15728,0.8524331858472348
Strep_C15729,0.99999999
Strep_C1572,0.11634201451864289
Strep_C15730,0.35245843672205746
Strep_C15731,0.99999999
Strep_C15732,0.2337017810381666
Strep_C15733,0.23370228693111114
Strep_C15734,0.11634201451864289
Strep_C15735,0.11634201451864289
Strep_C15736,0.11634201451864289
Strep_C15737,0.5967214293920762
Strep_C15738,0.99999999
Strep_C15739,0.99999999
Strep_C1573,0.23370228693111114
Strep_C15740,0.11634201451864289
Strep_C15741,0.7198643407720242
Strep_C15742,0.11634201451864289
Strep_C15743,0.11634201451864289
Strep_C15744,0.2337017810381666
Strep_C15745,0.11634201451864289
Strep_C15746,0.99999999
Strep_C15747,0.11634201451864289
Strep_C15748,0.8524331858472348
Strep_C15749,0.11634201451864289
Strep_C1574,0.99999999
Strep_C15750,0.11634201451864289
Strep_C15751,0.11634201451864289
Strep_C15752,0.11634201451864289
Strep_C15753,0.35245843672205746
Strep_C15754,0.11634201451864289
Strep_C15755,0.11634201451864289
Strep_C15756,0.11634201451864289
Strep_C15757,0.11634201451864289
Strep_C15758,0.333266628208235
Strep_C15759,0.11136757272179186
Strep_C1575,0.11634201451864289
Strep_C15760,0.3342595322757504
Strep_C15761,0.99999999
Strep_C15762,0.333266628208235
Strep_C15763,0.11136757272179186
Strep_C15764,0.11136757272179186
Strep_C15765,0.11136757272179186
Strep_C15766,0.99999999
Strep_C15767,0.333266628208235
Strep_C15768,0.23305302815717163
Strep_C15769,0.23305302815717163
Strep_C1576,0.99999999
Strep_C15770,0.23305302815717163
Strep_C15771,0.23305302815717163
Strep_C15772,0.1160600458814914
Strep_C15773,0.23305302815717163
Strep_C15774,0.23305302815717163
Strep_C15775,0.99999999
Strep_C15776,0.351325490499599
Strep_C15777,0.1160600458814914
Strep_C15778,0.99999999
Strep_C15779,0.47311830745470035
Strep_C1577,0.1163415109155265
Strep_C15780,0.2337017810381666
Strep_C15781,0.2337017810381666
Strep_C15782,0.2337017810381666
Strep_C15783,0.2337017810381666
Strep_C15784,0.23305302815717163
Strep_C15785,0.47311830745470035
Strep_C15786,0.11634201451864289
Strep_C15787,0.11634201451864289
Strep_C15788,0.11634201451864289
Strep_C15789,0.11634201451864289
Strep_C1578,0.99999999
Strep_C15790,0.5967242474384321
Strep_C15791,0.11634201451864289
Strep_C15792,0.11634201451864289
Strep_C15793,0.23370228693111114
Strep_C15794,0.1163415109155265
Strep_C15795,0.1163415109155265
Strep_C15796,0.1163415109155265
Strep_C15797,0.1163415109155265
Strep_C15798,0.1163415109155265
Strep_C15799,0.1163415109155265
Strep_C1579,0.11136757272179186
Strep_C157,0.2337017810381666
Strep_C15800,0.23370228693111114
Strep_C15801,0.471274539360154
Strep_C15802,0.1163415109155265
Strep_C15803,0.1163415109155265
Strep_C15804,0.1163415109155265
Strep_C15805,0.5936427844819077
Strep_C15806,0.99999999
Strep_C15807,0.99999999
Strep_C15808,0.8524313909199117
Strep_C15809,0.99999999
Strep_C1580,0.11136757272179186
Strep_C15810,0.99999999
Strep_C15811,0.11634201451864289
Strep_C15812,0.5967214293920762
Strep_C15813,0.11634201451864289
Strep_C15814,0.47311830745470035
Strep_C15815,0.47311830745470035
Strep_C15816,0.23370178103816636
Strep_C15817,0.2337017810381666
Strep_C15818,0.23370178103816636
Strep_C15819,0.5936452796634148
Strep_C1581,0.11634201451864289
Strep_C15820,0.5967214293920762
Strep_C15821,0.5936452796634148
Strep_C15822,0.5555542629982061
Strep_C15823,0.11634201451864289
Strep_C15824,0.22283322077504625
Strep_C15825,0.351325490499599
Strep_C15826,0.11634201451864289
Strep_C15827,0.99999999
Strep_C15828,0.7256406595528874
Strep_C15829,0.11634201451864289
Strep_C1582,0.2337017810381666
Strep_C15830,0.99999999
Strep_C15831,0.99999999
Strep_C15832,0.11136757272179186
Strep_C15833,0.11136757272179186
Strep_C15834,0.99999999
Strep_C15835,0.11136757272179186
Strep_C15836,0.5936452796634148
Strep_C15837,0.99999999
Strep_C15838,0.471274539360154
Strep_C15839,0.23305302815717163
Strep_C1583,0.670453025682897
Strep_C15840,0.23305302815717163
Strep_C15841,0.333266628208235
Strep_C15842,0.23305302815717163
Strep_C15843,0.23305302815717163
Strep_C15844,0.8524313909199117
Strep_C15845,0.11634201451864289
Strep_C15846,0.3524582818100281
Strep_C15847,0.11634201451864289
Strep_C15848,0.11634201451864289
Strep_C15849,0.47311830745470035
Strep_C1584,0.1163415109155265
Strep_C15850,0.11634201451864289
Strep_C15851,0.2337017810381666
Strep_C15852,0.11634201451864289
Strep_C15853,0.8673259655154397
Strep_C15854,0.11634201451864289
Strep_C15855,0.35245843672205746
Strep_C15856,0.11634201451864289
Strep_C15857,0.11634201451864289
Strep_C15858,0.35245843672205746
Strep_C15859,0.11634201451864289
Strep_C1585,0.47311830745470035
Strep_C15860,0.35245843672205746
Strep_C15861,0.1163415109155265
Strep_C15862,0.1163415109155265
Strep_C15863,0.1163415109155265
Strep_C15864,0.1163415109155265
Strep_C15865,0.1163415109155265
Strep_C15866,0.1163415109155265
Strep_C15867,0.47311651524910325
Strep_C15868,0.7256406595528874
Strep_C15869,0.1163415109155265
Strep_C1586,0.22283354305359118
Strep_C15870,0.1163415109155265
Strep_C15871,0.1163415109155265
Strep_C15872,0.99999999
Strep_C15873,0.11634201451864289
Strep_C15874,0.99999999
Strep_C15875,0.99999999
Strep_C15876,0.99999999
Strep_C15877,0.5967214293920762
Strep_C15878,0.3524582818100281
Strep_C15879,0.11634201451864289
Strep_C1587,0.7778659244097796
Strep_C15880,0.23370228693111114
Strep_C15881,0.11634201451864289
Strep_C15882,0.11634201451864289
Strep_C15883,0.11634201451864289
Strep_C15884,0.23370228693111114
Strep_C15885,0.11634201451864289
Strep_C15886,0.11634201451864289
Strep_C15887,0.35245843672205746
Strep_C15888,0.11634201451864289
Strep_C15889,0.99999999
Strep_C1588,0.8673259655154397
Strep_C15890,0.11136757272179186
Strep_C15891,0.11136757272179186
Strep_C15892,0.11136757272179186
Strep_C15893,0.11136757272179186
Strep_C15894,0.11136757272179186
Strep_C15895,0.11136757272179186
Strep_C15896,0.11136757272179186
Strep_C15897,0.11136757272179186
Strep_C15898,0.11136757272179186
Strep_C15899,0.333266628208235
Strep_C1589,0.23305302815717163
Strep_C158,0.99999999
Strep_C15900,0.351325490499599
Strep_C15901,0.23305302815717163
Strep_C15902,0.4712762061295706
Strep_C15903,0.351325490499599
Strep_C15904,0.8889223478224411
Strep_C15905,0.23305302815717163
Strep_C15906,0.35132537846575046
Strep_C15907,0.351325490499599
Strep_C15908,0.99999999
Strep_C15909,0.35245843672205746
Strep_C1590,0.5967214293920762
Strep_C15910,0.2337017810381666
Strep_C15911,0.11634201451864289
Strep_C15912,0.23305302815717163
Strep_C15913,0.11634201451864289
Strep_C15914,0.11634201451864289
Strep_C15915,0.11634201451864289
Strep_C15916,0.2337017810381666
Strep_C15917,0.1163415109155265
Strep_C15918,0.1163415109155265
Strep_C15919,0.99999999
Strep_C1591,0.99999999
Strep_C15920,0.1163415109155265
Strep_C15921,0.23370228693111114
Strep_C15922,0.22283354305359118
Strep_C15923,0.99999999
Strep_C15924,0.99999999
Strep_C15925,0.99999999
Strep_C15926,0.47311651524910325
Strep_C15927,0.2337017810381666
Strep_C15928,0.5936452796634148
Strep_C15929,0.99999999
Strep_C1592,0.23370178103816636
Strep_C15930,0.8889131171654778
Strep_C15931,0.11634201451864289
Strep_C15932,0.44601006290209577
Strep_C15933,0.99999999
Strep_C15934,0.11634201451864289
Strep_C15935,0.35245843672205746
Strep_C15936,0.8524313909199117
Strep_C15937,0.44444989529753154
Strep_C15938,0.23370178103816636
Strep_C15939,0.11634201451864289
Strep_C1593,0.11136757272179186
Strep_C15940,0.11634201451864289
Strep_C15941,0.2337017810381666
Strep_C15942,0.11136757272179186
Strep_C15943,0.11136757272179186
Strep_C15944,0.99999999
Strep_C15945,0.11136757272179186
Strep_C15946,0.11136757272179186
Strep_C15947,0.99999999
Strep_C15948,0.11136757272179186
Strep_C15949,0.11136757272179186
Strep_C1594,0.23305302815717163
Strep_C15950,0.11136757272179186
Strep_C15951,0.44444989529753154
Strep_C15952,0.11136757272179186
Strep_C15953,0.11136757272179186
Strep_C15954,0.99999999
Strep_C15955,0.11136757272179186
Strep_C15956,0.11136757272179186
Strep_C15957,0.23305302815717163
Strep_C15958,0.6665426254504294
Strep_C15959,0.23305302815717163
Strep_C1595,0.2337017810381666
Strep_C15960,0.333266628208235
Strep_C15961,0.1160600458814914
Strep_C15962,0.8524331858472348
Strep_C15963,0.99999999
Strep_C15964,0.3524582818100281
Strep_C15965,0.11634201451864289
Strep_C15966,0.7847940789287989
Strep_C15967,0.7256406595528874
Strep_C15968,0.35245843672205746
Strep_C15969,0.2337017810381666
Strep_C1596,0.23370228693111114
Strep_C15970,0.11634201451864289
Strep_C15971,0.11634201451864289
Strep_C15972,0.11634201451864289
Strep_C15973,0.11634201451864289
Strep_C15974,0.11634201451864289
Strep_C15975,0.11634201451864289
Strep_C15976,0.23305302815717163
Strep_C15977,0.47311830745470035
Strep_C15978,0.11634201451864289
Strep_C15979,0.1163415109155265
Strep_C1597,0.2337017810381666
Strep_C15980,0.1163415109155265
Strep_C15981,0.1163415109155265
Strep_C15982,0.23370228693111114
Strep_C15983,0.1163415109155265
Strep_C15984,0.1163415109155265
Strep_C15985,0.1163415109155265
Strep_C15986,0.1163415109155265
Strep_C15987,0.1163415109155265
Strep_C15988,0.1163415109155265
Strep_C15989,0.1163415109155265
Strep_C1598,0.2337017810381666
Strep_C15990,0.1163415109155265
Strep_C15991,0.1163415109155265
Strep_C15992,0.1163415109155265
Strep_C15993,0.1163415109155265
Strep_C15994,0.1163415109155265
Strep_C15995,0.5967214293920762
Strep_C15996,0.8889223478224411
Strep_C15997,0.99999999
Strep_C15998,0.11634201451864289
Strep_C15999,0.11634201451864289
Strep_C1599,0.35245843672205746
Strep_C159,0.11634201451864289
Strep_C15,0.11634201451864289
Strep_C16000,0.99999999
Strep_C16001,0.11634201451864289
Strep_C16002,0.99999999
Strep_C16003,0.23305302815717163
Strep_C16004,0.99999999
Strep_C16005,0.47311651524910325
Strep_C16006,0.11634201451864289
Strep_C16007,0.351325490499599
Strep_C16008,0.99999999
Strep_C16009,0.471274539360154
Strep_C1600,0.11634201451864289
Strep_C16010,0.99999999
Strep_C16011,0.11634201451864289
Strep_C16012,0.11634201451864289
Strep_C16013,0.23370228693111114
Strep_C16014,0.11634201451864289
Strep_C16015,0.5967214293920762
Strep_C16016,0.11634201451864289
Strep_C16017,0.11634201451864289
Strep_C16018,0.11634201451864289
Strep_C16019,0.11136757272179186
Strep_C1601,0.351325490499599
Strep_C16020,0.8889223478224411
Strep_C16021,0.11136757272179186
Strep_C16022,0.9053588679153928
Strep_C16023,0.11136757272179186
Strep_C16024,0.99999999
Strep_C16025,0.11136757272179186
Strep_C16026,0.557982185216091
Strep_C16027,0.11136757272179186
Strep_C16028,0.1160600458814914
Strep_C16029,0.23305302815717163
Strep_C1602,0.7256406595528874
Strep_C16030,0.351325490499599
Strep_C16031,0.23305302815717163
Strep_C16032,0.351325490499599
Strep_C16033,0.23305302815717163
Strep_C16034,0.23305302815717163
Strep_C16035,0.23305302815717163
Strep_C16036,0.23305302815717163
Strep_C16037,0.8524331858472348
Strep_C16038,0.23305302815717163
Strep_C16039,0.1160600458814914
Strep_C1603,0.1163415109155265
Strep_C16040,0.2337017810381666
Strep_C16041,0.11634201451864289
Strep_C16042,0.47311830745470035
Strep_C16043,0.47311830745470035
Strep_C16044,0.11634201451864289
Strep_C16045,0.11634201451864289
Strep_C16046,0.11634201451864289
Strep_C16047,0.47311830745470035
Strep_C16048,0.2337017810381666
Strep_C16049,0.11634201451864289
Strep_C1604,0.11634201451864289
Strep_C16050,0.11634201451864289
Strep_C16051,0.11634201451864289
Strep_C16052,0.99999999
Strep_C16053,0.23370228693111114
Strep_C16054,0.23370178103816636
Strep_C16055,0.47311830745470035
Strep_C16056,0.8524331858472348
Strep_C16057,0.23370178103816636
Strep_C16058,0.11634201451864289
Strep_C16059,0.11634201451864289
Strep_C1605,0.2337017810381666
Strep_C16060,0.11634201451864289
Strep_C16061,0.11634201451864289
Strep_C16062,0.11634201451864289
Strep_C16063,0.3524582818100281
Strep_C16064,0.11634201451864289
Strep_C16065,0.1163415109155265
Strep_C16066,0.1163415109155265
Strep_C16067,0.99999999
Strep_C16068,0.1163415109155265
Strep_C16069,0.1163415109155265
Strep_C1606,0.11634201451864289
Strep_C16070,0.1163415109155265
Strep_C16071,0.1163415109155265
Strep_C16072,0.1163415109155265
Strep_C16073,0.1163415109155265
Strep_C16074,0.1163415109155265
Strep_C16075,0.7198634438443039
Strep_C16076,0.99999999
Strep_C16077,0.99999999
Strep_C16078,0.35245843672205746
Strep_C16079,0.35245843672205746
Strep_C1607,0.99999999
Strep_C16080,0.99999999
Strep_C16081,0.11634201451864289
Strep_C16082,0.2337017810381666
Strep_C16083,0.99999999
Strep_C16084,0.23370178103816636
Strep_C16085,0.23370228693111114
Strep_C16086,0.99999999
Strep_C16087,0.11634201451864289
Strep_C16088,0.99999999
Strep_C16089,0.23370228693111114
Strep_C1608,0.23370178103816636
Strep_C16090,0.7198634438443039
Strep_C16091,0.11634201451864289
Strep_C16092,0.11634201451864289
Strep_C16093,0.3524582818100281
Strep_C16094,0.11634201451864289
Strep_C16095,0.8524313909199117
Strep_C16096,0.11634201451864289
Strep_C16097,0.3524582818100281
Strep_C16098,0.23370228693111114
Strep_C16099,0.471274539360154
Strep_C1609,0.5967214293920762
Strep_C160,0.8524331858472348
Strep_C16100,0.11634201451864289
Strep_C16101,0.11634201451864289
Strep_C16102,0.23370178103816636
Strep_C16103,0.11136757272179186
Strep_C16104,0.11136757272179186
Strep_C16105,0.99999999
Strep_C16106,0.11136757272179186
Strep_C16107,0.6665426254504294
Strep_C16108,0.11136757272179186
Strep_C16109,0.11136757272179186
Strep_C1610,0.11634201451864289
Strep_C16110,0.11136757272179186
Strep_C16111,0.11136757272179186
Strep_C16112,0.11136757272179186
Strep_C16113,0.99999999
Strep_C16114,0.11136757272179186
Strep_C16115,0.23305302815717163
Strep_C16116,0.23305302815717163
Strep_C16117,0.23305302815717163
Strep_C16118,0.99999999
Strep_C16119,0.23305302815717163
Strep_C1611,0.11634201451864289
Strep_C16120,0.23305302815717163
Strep_C16121,0.23305302815717163
Strep_C16122,0.23305302815717163
Strep_C16123,0.23305302815717163
Strep_C16124,0.5967242474384321
Strep_C16125,0.35245843672205746
Strep_C16126,0.35245843672205746
Strep_C16127,0.47311830745470035
Strep_C16128,0.2337017810381666
Strep_C16129,0.47311830745470035
Strep_C1612,0.11634201451864289
Strep_C16130,0.351325490499599
Strep_C16131,0.11634201451864289
Strep_C16132,0.11634201451864289
Strep_C16133,0.11634201451864289
Strep_C16134,0.23305302815717163
Strep_C16135,0.23305302815717163
Strep_C16136,0.11634201451864289
Strep_C16137,0.11634201451864289
Strep_C16138,0.47311830745470035
Strep_C16139,0.11634201451864289
Strep_C1613,0.471274539360154
Strep_C16140,0.11634201451864289
Strep_C16141,0.11634201451864289
Strep_C16142,0.11634201451864289
Strep_C16143,0.1163415109155265
Strep_C16144,0.1163415109155265
Strep_C16145,0.1163415109155265
Strep_C16146,0.1163415109155265
Strep_C16147,0.1163415109155265
Strep_C16148,0.3524582818100281
Strep_C16149,0.1163415109155265
Strep_C1614,0.11634201451864289
Strep_C16150,0.1163415109155265
Strep_C16151,0.1163415109155265
Strep_C16152,0.1163415109155265
Strep_C16153,0.1163415109155265
Strep_C16154,0.11634201451864289
Strep_C16155,0.2337017810381666
Strep_C16156,0.11634201451864289
Strep_C16157,0.7198634438443039
Strep_C16158,0.35245843672205746
Strep_C16159,0.5967242474384321
Strep_C1615,0.11634201451864289
Strep_C16160,0.23370178103816636
Strep_C16161,0.47311830745470035
Strep_C16162,0.11634201451864289
Strep_C16163,0.99999999
Strep_C16164,0.11634201451864289
Strep_C16165,0.11634201451864289
Strep_C16166,0.11634201451864289
Strep_C16167,0.471274539360154
Strep_C16168,0.11634201451864289
Strep_C16169,0.5936427844819077
Strep_C1616,0.11634201451864289
Strep_C16170,0.11634201451864289
Strep_C16171,0.23370228693111114
Strep_C16172,0.11634201451864289
Strep_C16173,0.11634201451864289
Strep_C16174,0.11634201451864289
Strep_C16175,0.11634201451864289
Strep_C16176,0.11136757272179186
Strep_C16177,0.11136757272179186
Strep_C16178,0.11136757272179186
Strep_C16179,0.333266628208235
Strep_C1617,0.47311830745470035
Strep_C16180,0.11136757272179186
Strep_C16181,0.99999999
Strep_C16182,0.23305302815717163
Strep_C16183,0.23305302815717163
Strep_C16184,0.23305302815717163
Strep_C16185,0.35132537846575046
Strep_C16186,0.1160600458814914
Strep_C16187,0.11634201451864289
Strep_C16188,0.7256406595528874
Strep_C16189,0.2337017810381666
Strep_C1618,0.11634201451864289
Strep_C16190,0.11634201451864289
Strep_C16191,0.47311830745470035
Strep_C16192,0.99999999
Strep_C16193,0.11634201451864289
Strep_C16194,0.11634201451864289
Strep_C16195,0.11634201451864289
Strep_C16196,0.6665426254504294
Strep_C16197,0.11634201451864289
Strep_C16198,0.99999999
Strep_C16199,0.11634201451864289
Strep_C1619,0.23305302815717163
Strep_C161,0.11634201451864289
Strep_C16200,0.8524331858472348
Strep_C16201,0.1163415109155265
Strep_C16202,0.1163415109155265
Strep_C16203,0.1163415109155265
Strep_C16204,0.1163415109155265
Strep_C16205,0.1163415109155265
Strep_C16206,0.23370228693111114
Strep_C16207,0.1163415109155265
Strep_C16208,0.1163415109155265
Strep_C16209,0.1163415109155265
Strep_C1620,0.471274539360154
Strep_C16210,0.11634201451864289
Strep_C16211,0.11634201451864289
Strep_C16212,0.23370178103816636
Strep_C16213,0.23370178103816636
Strep_C16214,0.44601006290209577
Strep_C16215,0.11634201451864289
Strep_C16216,0.7256406595528874
Strep_C16217,0.3524582818100281
Strep_C16218,0.11634201451864289
Strep_C16219,0.99999999
Strep_C1621,0.2337017810381666
Strep_C16220,0.11634201451864289
Strep_C16221,0.11634201451864289
Strep_C16222,0.11634201451864289
Strep_C16223,0.11634201451864289
Strep_C16224,0.11634201451864289
Strep_C16225,0.11136757272179186
Strep_C16226,0.11136757272179186
Strep_C16227,0.11136757272179186
Strep_C16228,0.11136757272179186
Strep_C16229,0.11136757272179186
Strep_C1622,0.35132537846575046
Strep_C16230,0.22283354305359118
Strep_C16231,0.11136757272179186
Strep_C16232,0.11136757272179186
Strep_C16233,0.11136757272179186
Strep_C16234,0.44444989529753154
Strep_C16235,0.11136757272179186
Strep_C16236,0.11136757272179186
Strep_C16237,0.11136757272179186
Strep_C16238,0.22283322077504625
Strep_C16239,0.23305302815717163
Strep_C1623,0.1163415109155265
Strep_C16240,0.23305302815717163
Strep_C16241,0.23305302815717163
Strep_C16242,0.23305302815717163
Strep_C16243,0.23305302815717163
Strep_C16244,0.23305302815717163
Strep_C16245,0.23305302815717163
Strep_C16246,0.333266628208235
Strep_C16247,0.1160600458814914
Strep_C16248,0.5967242474384321
Strep_C16249,0.11634201451864289
Strep_C1624,0.1163415109155265
Strep_C16250,0.47311830745470035
Strep_C16251,0.47311830745470035
Strep_C16252,0.7256406595528874
Strep_C16253,0.11634201451864289
Strep_C16254,0.35245843672205746
Strep_C16255,0.11634201451864289
Strep_C16256,0.23370178103816636
Strep_C16257,0.23370178103816636
Strep_C16258,0.23370178103816636
Strep_C16259,0.11634201451864289
Strep_C1625,0.1163415109155265
Strep_C16260,0.11634201451864289
Strep_C16261,0.11634201451864289
Strep_C16262,0.23370178103816636
Strep_C16263,0.11634201451864289
Strep_C16264,0.11634201451864289
Strep_C16265,0.2337017810381666
Strep_C16266,0.23370228693111114
Strep_C16267,0.11634201451864289
Strep_C16268,0.5967214293920762
Strep_C16269,0.1163415109155265
Strep_C1626,0.11136757272179186
Strep_C16270,0.1163415109155265
Strep_C16271,0.1163415109155265
Strep_C16272,0.1163415109155265
Strep_C16273,0.1163415109155265
Strep_C16274,0.1163415109155265
Strep_C16275,0.1163415109155265
Strep_C16276,0.1163415109155265
Strep_C16277,0.1163415109155265
Strep_C16278,0.1163415109155265
Strep_C16279,0.5967214293920762
Strep_C1627,0.23305302815717163
Strep_C16280,0.5936452796634148
Strep_C16281,0.11634201451864289
Strep_C16282,0.11634201451864289
Strep_C16283,0.47311830745470035
Strep_C16284,0.2337017810381666
Strep_C16285,0.8524313909199117
Strep_C16286,0.47311830745470035
Strep_C16287,0.11634201451864289
Strep_C16288,0.11634201451864289
Strep_C16289,0.11634201451864289
Strep_C1628,0.99999999
Strep_C16290,0.11634201451864289
Strep_C16291,0.47311651524910325
Strep_C16292,0.99999999
Strep_C16293,0.23370228693111114
Strep_C16294,0.6665403377533278
Strep_C16295,0.11634201451864289
Strep_C16296,0.11634201451864289
Strep_C16297,0.23370228693111114
Strep_C16298,0.11634201451864289
Strep_C16299,0.11634201451864289
Strep_C1629,0.23370178103816636
Strep_C162,0.11634201451864289
Strep_C16300,0.35245843672205746
Strep_C16301,0.11634201451864289
Strep_C16302,0.11634201451864289
Strep_C16303,0.11634201451864289
Strep_C16304,0.11136757272179186
Strep_C16305,0.99999999
Strep_C16306,0.11136757272179186
Strep_C16307,0.99999999
Strep_C16308,0.3342595322757504
Strep_C16309,0.11136757272179186
Strep_C1630,0.7778659244097796
Strep_C16310,0.23305302815717163
Strep_C16311,0.23305302815717163
Strep_C16312,0.471274539360154
Strep_C16313,0.23305302815717163
Strep_C16314,0.1160600458814914
Strep_C16315,0.1160600458814914
Strep_C16316,0.23370228693111114
Strep_C16317,0.2337017810381666
Strep_C16318,0.2337017810381666
Strep_C16319,0.11634201451864289
Strep_C1631,0.1163415109155265
Strep_C16320,0.11634201451864289
Strep_C16321,0.11634201451864289
Strep_C16322,0.2337017810381666
Strep_C16323,0.11634201451864289
Strep_C16324,0.11634201451864289
Strep_C16325,0.11634201451864289
Strep_C16326,0.11634201451864289
Strep_C16327,0.7256406595528874
Strep_C16328,0.11634201451864289
Strep_C16329,0.1163415109155265
Strep_C1632,0.1163415109155265
Strep_C16330,0.1163415109155265
Strep_C16331,0.1163415109155265
Strep_C16332,0.1163415109155265
Strep_C16333,0.1163415109155265
Strep_C16334,0.99999999
Strep_C16335,0.334259100712907
Strep_C16336,0.11634201451864289
Strep_C16337,0.47311830745470035
Strep_C16338,0.2337017810381666
Strep_C16339,0.5967214293920762
Strep_C1633,0.1163415109155265
Strep_C16340,0.47311651524910325
Strep_C16341,0.11634201451864289
Strep_C16342,0.2337017810381666
Strep_C16343,0.11634201451864289
Strep_C16344,0.35245843672205746
Strep_C16345,0.11634201451864289
Strep_C16346,0.11634201451864289
Strep_C16347,0.11634201451864289
Strep_C16348,0.11634201451864289
Strep_C16349,0.11634201451864289
Strep_C1634,0.351325490499599
Strep_C16350,0.2337017810381666
Strep_C16351,0.11634201451864289
Strep_C16352,0.351325490499599
Strep_C16353,0.9053588679153928
Strep_C16354,0.2222558021585219
Strep_C16355,0.11136757272179186
Strep_C16356,0.11136757272179186
Strep_C16357,0.5555546390366239
Strep_C16358,0.11136757272179186
Strep_C16359,0.11136757272179186
Strep_C1635,0.23305302815717163
Strep_C16360,0.11136757272179186
Strep_C16361,0.22283354305359118
Strep_C16362,0.11136757272179186
Strep_C16363,0.22283354305359118
Strep_C16364,0.11136757272179186
Strep_C16365,0.23305302815717163
Strep_C16366,0.35132537846575046
Strep_C16367,0.1160600458814914
Strep_C16368,0.23305302815717163
Strep_C16369,0.5936452796634148
Strep_C1636,0.11634201451864289
Strep_C16370,0.23305302815717163
Strep_C16371,0.23305302815717163
Strep_C16372,0.99999999
Strep_C16373,0.2337017810381666
Strep_C16374,0.5967214293920762
Strep_C16375,0.11634201451864289
Strep_C16376,0.47311830745470035
Strep_C16377,0.35245843672205746
Strep_C16378,0.47311830745470035
Strep_C16379,0.11634201451864289
Strep_C1637,0.1163415109155265
Strep_C16380,0.35245843672205746
Strep_C16381,0.23305302815717163
Strep_C16382,0.7256406595528874
Strep_C16383,0.8524313909199117
Strep_C16384,0.11634201451864289
Strep_C16385,0.47311830745470035
Strep_C16386,0.11634201451864289
Strep_C16387,0.11634201451864289
Strep_C16388,0.1163415109155265
Strep_C16389,0.1163415109155265
Strep_C1638,0.1163415109155265
Strep_C16390,0.1163415109155265
Strep_C16391,0.1163415109155265
Strep_C16392,0.7256406595528874
Strep_C16393,0.1163415109155265
Strep_C16394,0.1163415109155265
Strep_C16395,0.1163415109155265
Strep_C16396,0.11634201451864289
Strep_C16397,0.11634201451864289
Strep_C16398,0.11634201451864289
Strep_C16399,0.11634201451864289
Strep_C1639,0.5967214293920762
Strep_C163,0.1163415109155265
Strep_C16400,0.11634201451864289
Strep_C16401,0.47311830745470035
Strep_C16402,0.47311830745470035
Strep_C16403,0.47311830745470035
Strep_C16404,0.11634201451864289
Strep_C16405,0.99999999
Strep_C16406,0.11634201451864289
Strep_C16407,0.23370178103816636
Strep_C16408,0.23370178103816636
Strep_C16409,0.11634201451864289
Strep_C1640,0.11136757272179186
Strep_C16410,0.11634201451864289
Strep_C16411,0.11634201451864289
Strep_C16412,0.11634201451864289
Strep_C16413,0.11634201451864289
Strep_C16414,0.11634201451864289
Strep_C16415,0.11634201451864289
Strep_C16416,0.11136757272179186
Strep_C16417,0.11136757272179186
Strep_C16418,0.11136757272179186
Strep_C16419,0.11136757272179186
Strep_C1641,0.35245843672205746
Strep_C16420,0.11136757272179186
Strep_C16421,0.23305302815717163
Strep_C16422,0.23305302815717163
Strep_C16423,0.99999999
Strep_C16424,0.99999999
Strep_C16425,0.23305302815717163
Strep_C16426,0.23305302815717163
Strep_C16427,0.351325490499599
Strep_C16428,0.35132537846575046
Strep_C16429,0.23305302815717163
Strep_C1642,0.5967214293920762
Strep_C16430,0.351325490499599
Strep_C16431,0.35132537846575046
Strep_C16432,0.2337017810381666
Strep_C16433,0.3524582818100281
Strep_C16434,0.2337017810381666
Strep_C16435,0.4460100629020958
Strep_C16436,0.11634201451864289
Strep_C16437,0.11634201451864289
Strep_C16438,0.11634201451864289
Strep_C16439,0.2337017810381666
Strep_C1643,0.351325490499599
Strep_C16440,0.8673259655154397
Strep_C16441,0.11634201451864289
Strep_C16442,0.35245843672205746
Strep_C16443,0.8889131171654778
Strep_C16444,0.11634201451864289
Strep_C16445,0.11634201451864289
Strep_C16446,0.11634201451864289
Strep_C16447,0.11634201451864289
Strep_C16448,0.11634201451864289
Strep_C16449,0.1163415109155265
Strep_C1644,0.11634201451864289
Strep_C16450,0.23370228693111114
Strep_C16451,0.1163415109155265
Strep_C16452,0.5967214293920762
Strep_C16453,0.1163415109155265
Strep_C16454,0.1163415109155265
Strep_C16455,0.1163415109155265
Strep_C16456,0.1163415109155265
Strep_C16457,0.1163415109155265
Strep_C16458,0.99999999
Strep_C16459,0.47311830745470035
Strep_C1645,0.1163415109155265
Strep_C16460,0.2337017810381666
Strep_C16461,0.11634201451864289
Strep_C16462,0.99999999
Strep_C16463,0.471274539360154
Strep_C16464,0.351325490499599
Strep_C16465,0.2337017810381666
Strep_C16466,0.11634201451864289
Strep_C16467,0.23370228693111114
Strep_C16468,0.99999999
Strep_C16469,0.11634201451864289
Strep_C1646,0.1163415109155265
Strep_C16470,0.2337017810381666
Strep_C16471,0.11136757272179186
Strep_C16472,0.11136757272179186
Strep_C16473,0.99999999
Strep_C16474,0.11136757272179186
Strep_C16475,0.11136757272179186
Strep_C16476,0.11136757272179186
Strep_C16477,0.99999999
Strep_C16478,0.11136757272179186
Strep_C16479,0.11136757272179186
Strep_C1647,0.23305302815717163
Strep_C16480,0.670453025682897
Strep_C16481,0.23305302815717163
Strep_C16482,0.471274539360154
Strep_C16483,0.44444989529753154
Strep_C16484,0.23305302815717163
Strep_C16485,0.23305302815717163
Strep_C16486,0.2337017810381666
Strep_C16487,0.11634201451864289
Strep_C16488,0.47311651524910325
Strep_C16489,0.2337017810381666
Strep_C1648,0.23305302815717163
Strep_C16490,0.11634201451864289
Strep_C16491,0.47311830745470035
Strep_C16492,0.11634201451864289
Strep_C16493,0.23305302815717163
Strep_C16494,0.5967214293920762
Strep_C16495,0.11634201451864289
Strep_C16496,0.11634201451864289
Strep_C16497,0.11634201451864289
Strep_C16498,0.11634201451864289
Strep_C16499,0.11634201451864289
Strep_C1649,0.23305302815717163
Strep_C164,0.11634201451864289
Strep_C16500,0.11634201451864289
Strep_C16501,0.11634201451864289
Strep_C16502,0.99999999
Strep_C16503,0.1163415109155265
Strep_C16504,0.1163415109155265
Strep_C16505,0.1163415109155265
Strep_C16506,0.1163415109155265
Strep_C16507,0.1163415109155265
Strep_C16508,0.1163415109155265
Strep_C16509,0.2337017810381666
Strep_C1650,0.1160600458814914
Strep_C16510,0.11634201451864289
Strep_C16511,0.47311830745470035
Strep_C16512,0.11634201451864289
Strep_C16513,0.11634201451864289
Strep_C16514,0.11634201451864289
Strep_C16515,0.35245843672205746
Strep_C16516,0.99999999
Strep_C16517,0.99999999
Strep_C16518,0.11634201451864289
Strep_C16519,0.11634201451864289
Strep_C1651,0.11634201451864289
Strep_C16520,0.47311651524910325
Strep_C16521,0.471274539360154
Strep_C16522,0.7198643407720242
Strep_C16523,0.11634201451864289
Strep_C16524,0.11634201451864289
Strep_C16525,0.11634201451864289
Strep_C16526,0.11634201451864289
Strep_C16527,0.11634201451864289
Strep_C16528,0.23370228693111114
Strep_C16529,0.11136757272179186
Strep_C1652,0.7256406595528874
Strep_C16530,0.99999999
Strep_C16531,0.11136757272179186
Strep_C16532,0.11136757272179186
Strep_C16533,0.11136757272179186
Strep_C16534,0.5555542629982061
Strep_C16535,0.11136757272179186
Strep_C16536,0.11136757272179186
Strep_C16537,0.11136757272179186
Strep_C16538,0.44444989529753154
Strep_C16539,0.23305302815717163
Strep_C1653,0.1163415109155265
Strep_C16540,0.4712762061295706
Strep_C16541,0.8524331858472348
Strep_C16542,0.23305302815717163
Strep_C16543,0.23305302815717163
Strep_C16544,0.8889131171654778
Strep_C16545,0.23305302815717163
Strep_C16546,0.35245843672205746
Strep_C16547,0.99999999
Strep_C16548,0.99999999
Strep_C16549,0.99999999
Strep_C1654,0.11634201451864289
Strep_C16550,0.3524582818100281
Strep_C16551,0.11634201451864289
Strep_C16552,0.2337017810381666
Strep_C16553,0.5967242474384321
Strep_C16554,0.2337017810381666
Strep_C16555,0.23370178103816636
Strep_C16556,0.11634201451864289
Strep_C16557,0.2337017810381666
Strep_C16558,0.11634201451864289
Strep_C16559,0.11634201451864289
Strep_C1655,0.11634201451864289
Strep_C16560,0.23370228693111114
Strep_C16561,0.23370228693111114
Strep_C16562,0.670453025682897
Strep_C16563,0.99999999
Strep_C16564,0.11634201451864289
Strep_C16565,0.11634201451864289
Strep_C16566,0.47311830745470035
Strep_C16567,0.11634201451864289
Strep_C16568,0.35245843672205746
Strep_C16569,0.2337017810381666
Strep_C1656,0.11634201451864289
Strep_C16570,0.11634201451864289
Strep_C16571,0.5967214293920762
Strep_C16572,0.2337017810381666
Strep_C16573,0.1163415109155265
Strep_C16574,0.1163415109155265
Strep_C16575,0.1163415109155265
Strep_C16576,0.1163415109155265
Strep_C16577,0.1163415109155265
Strep_C16578,0.1163415109155265
Strep_C16579,0.1163415109155265
Strep_C1657,0.99999999
Strep_C16580,0.99999999
Strep_C16581,0.2337017810381666
Strep_C16582,0.99999999
Strep_C16583,0.11634201451864289
Strep_C16584,0.11634201451864289
Strep_C16585,0.2337017810381666
Strep_C16586,0.7198634438443039
Strep_C16587,0.99999999
Strep_C16588,0.99999999
Strep_C16589,0.11634201451864289
Strep_C1658,0.11136757272179186
Strep_C16590,0.2337017810381666
Strep_C16591,0.11634201451864289
Strep_C16592,0.11634201451864289
Strep_C16593,0.5967242474384321
Strep_C16594,0.11136757272179186
Strep_C16595,0.11136757272179186
Strep_C16596,0.5555542629982061
Strep_C16597,0.11136757272179186
Strep_C16598,0.11136757272179186
Strep_C16599,0.333266628208235
Strep_C1659,0.99999999
Strep_C165,0.1163415109155265
Strep_C16600,0.11136757272179186
Strep_C16601,0.11136757272179186
Strep_C16602,0.11136757272179186
Strep_C16603,0.23305302815717163
Strep_C16604,0.23305302815717163
Strep_C16605,0.23305302815717163
Strep_C16606,0.23305302815717163
Strep_C16607,0.1160600458814914
Strep_C16608,0.8524313909199117
Strep_C16609,0.23305302815717163
Strep_C1660,0.11634201451864289
Strep_C16610,0.7198634438443039
Strep_C16611,0.2337017810381666
Strep_C16612,0.11634201451864289
Strep_C16613,0.35245843672205746
Strep_C16614,0.11634201451864289
Strep_C16615,0.11634201451864289
Strep_C16616,0.11634201451864289
Strep_C16617,0.11634201451864289
Strep_C16618,0.11634201451864289
Strep_C16619,0.23370178103816636
Strep_C1661,0.11634201451864289
Strep_C16620,0.7198634438443039
Strep_C16621,0.99999999
Strep_C16622,0.11634201451864289
Strep_C16623,0.1163415109155265
Strep_C16624,0.7778688864057204
Strep_C16625,0.1163415109155265
Strep_C16626,0.5579816378691367
Strep_C16627,0.23370228693111114
Strep_C16628,0.1163415109155265
Strep_C16629,0.1163415109155265
Strep_C1662,0.8524331858472348
Strep_C16630,0.1163415109155265
Strep_C16631,0.99999999
Strep_C16632,0.11634201451864289
Strep_C16633,0.2337017810381666
Strep_C16634,0.5936452796634148
Strep_C16635,0.11634201451864289
Strep_C16636,0.7256406595528874
Strep_C16637,0.11634201451864289
Strep_C16638,0.3524582818100281
Strep_C16639,0.99999999
Strep_C1663,0.11634201451864289
Strep_C16640,0.11634201451864289
Strep_C16641,0.351325490499599
Strep_C16642,0.11634201451864289
Strep_C16643,0.23305302815717163
Strep_C16644,0.11634201451864289
Strep_C16645,0.23370228693111114
Strep_C16646,0.11634201451864289
Strep_C16647,0.11634201451864289
Strep_C16648,0.351325490499599
Strep_C16649,0.11634201451864289
Strep_C1664,0.23370178103816636
Strep_C16650,0.333266628208235
Strep_C16651,0.11136757272179186
Strep_C16652,0.11136757272179186
Strep_C16653,0.11136757272179186
Strep_C16654,0.11136757272179186
Strep_C16655,0.11136757272179186
Strep_C16656,0.11136757272179186
Strep_C16657,0.99999999
Strep_C16658,0.11136757272179186
Strep_C16659,0.11136757272179186
Strep_C1665,0.23370228693111114
Strep_C16660,0.11136757272179186
Strep_C16661,0.23305302815717163
Strep_C16662,0.333266628208235
Strep_C16663,0.23305302815717163
Strep_C16664,0.351325490499599
Strep_C16665,0.1160600458814914
Strep_C16666,0.8524331858472348
Strep_C16667,0.23305302815717163
Strep_C16668,0.2337017810381666
Strep_C16669,0.11634201451864289
Strep_C1666,0.1163415109155265
Strep_C16670,0.11634201451864289
Strep_C16671,0.11634201451864289
Strep_C16672,0.11634201451864289
Strep_C16673,0.11634201451864289
Strep_C16674,0.11634201451864289
Strep_C16675,0.11634201451864289
Strep_C16676,0.11634201451864289
Strep_C16677,0.11634201451864289
Strep_C16678,0.351325490499599
Strep_C16679,0.11634201451864289
Strep_C1667,0.23370228693111114
Strep_C16680,0.5936427844819077
Strep_C16681,0.6665426254504294
Strep_C16682,0.11634201451864289
Strep_C16683,0.2337017810381666
Strep_C16684,0.2337017810381666
Strep_C16685,0.1163415109155265
Strep_C16686,0.5967214293920762
Strep_C16687,0.1163415109155265
Strep_C16688,0.1163415109155265
Strep_C16689,0.1163415109155265
Strep_C1668,0.47311830745470035
Strep_C16690,0.1163415109155265
Strep_C16691,0.1163415109155265
Strep_C16692,0.1163415109155265
Strep_C16693,0.1163415109155265
Strep_C16694,0.1163415109155265
Strep_C16695,0.99999999
Strep_C16696,0.99999999
Strep_C16697,0.11634201451864289
Strep_C16698,0.23370178103816636
Strep_C16699,0.99999999
Strep_C1669,0.99999999
Strep_C166,0.2337017810381666
Strep_C16700,0.35245843672205746
Strep_C16701,0.11634201451864289
Strep_C16702,0.35245843672205746
Strep_C16703,0.11634201451864289
Strep_C16704,0.23370228693111114
Strep_C16705,0.47311830745470035
Strep_C16706,0.11634201451864289
Strep_C16707,0.11634201451864289
Strep_C16708,0.11634201451864289
Strep_C16709,0.22283322077504625
Strep_C1670,0.11136757272179186
Strep_C16710,0.11634201451864289
Strep_C16711,0.11634201451864289
Strep_C16712,0.11634201451864289
Strep_C16713,0.11634201451864289
Strep_C16714,0.4712762061295706
Strep_C16715,0.11136757272179186
Strep_C16716,0.8889131171654778
Strep_C16717,0.11136757272179186
Strep_C16718,0.11136757272179186
Strep_C16719,0.99999999
Strep_C1671,0.47311830745470035
Strep_C16720,0.11136757272179186
Strep_C16721,0.11136757272179186
Strep_C16722,0.11136757272179186
Strep_C16723,0.11136757272179186
Strep_C16724,0.11136757272179186
Strep_C16725,0.11136757272179186
Strep_C16726,0.11136757272179186
Strep_C16727,0.11136757272179186
Strep_C16728,0.23305302815717163
Strep_C16729,0.1160600458814914
Strep_C1672,0.47311830745470035
Strep_C16730,0.1160600458814914
Strep_C16731,0.23305302815717163
Strep_C16732,0.23305302815717163
Strep_C16733,0.23305302815717163
Strep_C16734,0.23305302815717163
Strep_C16735,0.99999999
Strep_C16736,0.23305302815717163
Strep_C16737,0.11634201451864289
Strep_C16738,0.11634201451864289
Strep_C16739,0.47311830745470035
Strep_C1673,0.99999999
Strep_C16740,0.11634201451864289
Strep_C16741,0.2337017810381666
Strep_C16742,0.2337017810381666
Strep_C16743,0.11634201451864289
Strep_C16744,0.47311651524910325
Strep_C16745,0.11634201451864289
Strep_C16746,0.11634201451864289
Strep_C16747,0.23305302815717163
Strep_C16748,0.23370178103816636
Strep_C16749,0.11634201451864289
Strep_C1674,0.99999999
Strep_C16750,0.99999999
Strep_C16751,0.99999999
Strep_C16752,0.11634201451864289
Strep_C16753,0.11634201451864289
Strep_C16754,0.11634201451864289
Strep_C16755,0.1163415109155265
Strep_C16756,0.1163415109155265
Strep_C16757,0.1163415109155265
Strep_C16758,0.1163415109155265
Strep_C16759,0.1163415109155265
Strep_C1675,0.5967242474384321
Strep_C16760,0.1163415109155265
Strep_C16761,0.1163415109155265
Strep_C16762,0.1163415109155265
Strep_C16763,0.1163415109155265
Strep_C16764,0.1163415109155265
Strep_C16765,0.1163415109155265
Strep_C16766,0.1163415109155265
Strep_C16767,0.99999999
Strep_C16768,0.99999999
Strep_C16769,0.11634201451864289
Strep_C1676,0.11634201451864289
Strep_C16770,0.11634201451864289
Strep_C16771,0.11634201451864289
Strep_C16772,0.11634201451864289
Strep_C16773,0.35245843672205746
Strep_C16774,0.5967214293920762
Strep_C16775,0.11634201451864289
Strep_C16776,0.8889223478224411
Strep_C16777,0.3524582818100281
Strep_C16778,0.11634201451864289
Strep_C16779,0.47311830745470035
Strep_C1677,0.47311830745470035
Strep_C16780,0.11634201451864289
Strep_C16781,0.11634201451864289
Strep_C16782,0.11634201451864289
Strep_C16783,0.7198634438443039
Strep_C16784,0.11634201451864289
Strep_C16785,0.11634201451864289
Strep_C16786,0.11634201451864289
Strep_C16787,0.11634201451864289
Strep_C16788,0.23370228693111114
Strep_C16789,0.11634201451864289
Strep_C1678,0.11634201451864289
Strep_C16790,0.8889131171654778
Strep_C16791,0.99999999
Strep_C16792,0.7256404808820707
Strep_C16793,0.11634201451864289
Strep_C16794,0.23305302815717163
Strep_C16795,0.7847940789287989
Strep_C16796,0.11136757272179186
Strep_C16797,0.11136757272179186
Strep_C16798,0.11136757272179186
Strep_C16799,0.11136757272179186
Strep_C1679,0.1163415109155265
Strep_C167,0.23305302815717163
Strep_C16800,0.99999999
Strep_C16801,0.7198634438443039
Strep_C16802,0.23305302815717163
Strep_C16803,0.351325490499599
Strep_C16804,0.351325490499599
Strep_C16805,0.23305302815717163
Strep_C16806,0.7778659244097796
Strep_C16807,0.23305302815717163
Strep_C16808,0.8524313909199117
Strep_C16809,0.1160600458814914
Strep_C1680,0.35245843672205746
Strep_C16810,0.23305302815717163
Strep_C16811,0.1160600458814914
Strep_C16812,0.23305302815717163
Strep_C16813,0.8524331858472348
Strep_C16814,0.47311830745470035
Strep_C16815,0.8524313909199117
Strep_C16816,0.2337017810381666
Strep_C16817,0.11634201451864289
Strep_C16818,0.11634201451864289
Strep_C16819,0.11634201451864289
Strep_C1681,0.11634201451864289
Strep_C16820,0.35245843672205746
Strep_C16821,0.5967242474384321
Strep_C16822,0.3524582818100281
Strep_C16823,0.47311830745470035
Strep_C16824,0.11634201451864289
Strep_C16825,0.47311830745470035
Strep_C16826,0.35245843672205746
Strep_C16827,0.11634201451864289
Strep_C16828,0.2337017810381666
Strep_C16829,0.35245843672205746
Strep_C1682,0.11634201451864289
Strep_C16830,0.11634201451864289
Strep_C16831,0.2337017810381666
Strep_C16832,0.11634201451864289
Strep_C16833,0.47311830745470035
Strep_C16834,0.1163415109155265
Strep_C16835,0.1163415109155265
Strep_C16836,0.23370228693111114
Strep_C16837,0.1163415109155265
Strep_C16838,0.1163415109155265
Strep_C16839,0.1163415109155265
Strep_C1683,0.11634201451864289
Strep_C16840,0.1163415109155265
Strep_C16841,0.1163415109155265
Strep_C16842,0.99999999
Strep_C16843,0.5967214293920762
Strep_C16844,0.11634201451864289
Strep_C16845,0.11634201451864289
Strep_C16846,0.11634201451864289
Strep_C16847,0.11634201451864289
Strep_C16848,0.11634201451864289
Strep_C16849,0.23370178103816636
Strep_C1684,0.1163415109155265
Strep_C16850,0.11634201451864289
Strep_C16851,0.11634201451864289
Strep_C16852,0.11634201451864289
Strep_C16853,0.11634201451864289
Strep_C16854,0.11634201451864289
Strep_C16855,0.11634201451864289
Strep_C16856,0.471274539360154
Strep_C16857,0.351325490499599
Strep_C16858,0.351325490499599
Strep_C16859,0.11136757272179186
Strep_C1685,0.11634201451864289
Strep_C16860,0.11136757272179186
Strep_C16861,0.11136757272179186
Strep_C16862,0.99999999
Strep_C16863,0.8889223478224411
Strep_C16864,0.11136757272179186
Strep_C16865,0.11136757272179186
Strep_C16866,0.11136757272179186
Strep_C16867,0.11136757272179186
Strep_C16868,0.23305302815717163
Strep_C16869,0.23305302815717163
Strep_C1686,0.23370178103816636
Strep_C16870,0.23305302815717163
Strep_C16871,0.1160600458814914
Strep_C16872,0.23305302815717163
Strep_C16873,0.1160600458814914
Strep_C16874,0.23305302815717163
Strep_C16875,0.1160600458814914
Strep_C16876,0.47311830745470035
Strep_C16877,0.35245843672205746
Strep_C16878,0.47311651524910325
Strep_C16879,0.7198634438443039
Strep_C1687,0.11634201451864289
Strep_C16880,0.8524331858472348
Strep_C16881,0.2337017810381666
Strep_C16882,0.11634201451864289
Strep_C16883,0.11634201451864289
Strep_C16884,0.11634201451864289
Strep_C16885,0.11634201451864289
Strep_C16886,0.11634201451864289
Strep_C16887,0.11634201451864289
Strep_C16888,0.11634201451864289
Strep_C16889,0.5936427844819077
Strep_C1688,0.6704550730094094
Strep_C16890,0.99999999
Strep_C16891,0.11634201451864289
Strep_C16892,0.11634201451864289
Strep_C16893,0.1163415109155265
Strep_C16894,0.1163415109155265
Strep_C16895,0.1163415109155265
Strep_C16896,0.1163415109155265
Strep_C16897,0.1163415109155265
Strep_C16898,0.23370228693111114
Strep_C16899,0.11634201451864289
Strep_C1689,0.22283322077504625
Strep_C168,0.11634201451864289
Strep_C16900,0.11634201451864289
Strep_C16901,0.11634201451864289
Strep_C16902,0.11634201451864289
Strep_C16903,0.11634201451864289
Strep_C16904,0.11634201451864289
Strep_C16905,0.351325490499599
Strep_C16906,0.11634201451864289
Strep_C16907,0.99999999
Strep_C16908,0.11634201451864289
Strep_C16909,0.11634201451864289
Strep_C1690,0.11136757272179186
Strep_C16910,0.11136757272179186
Strep_C16911,0.11136757272179186
Strep_C16912,0.99999999
Strep_C16913,0.11136757272179186
Strep_C16914,0.11136757272179186
Strep_C16915,0.11136757272179186
Strep_C16916,0.11136757272179186
Strep_C16917,0.333266628208235
Strep_C16918,0.23305302815717163
Strep_C16919,0.351325490499599
Strep_C1691,0.3524582818100281
Strep_C16920,0.23305302815717163
Strep_C16921,0.23305302815717163
Strep_C16922,0.23305302815717163
Strep_C16923,0.23305302815717163
Strep_C16924,0.99999999
Strep_C16925,0.351325490499599
Strep_C16926,0.1160600458814914
Strep_C16927,0.1160600458814914
Strep_C16928,0.351325490499599
Strep_C16929,0.99999999
Strep_C1692,0.35245843672205746
Strep_C16930,0.99999999
Strep_C16931,0.23305302815717163
Strep_C16932,0.47311830745470035
Strep_C16933,0.2337017810381666
Strep_C16934,0.2337017810381666
Strep_C16935,0.47311830745470035
Strep_C16936,0.11634201451864289
Strep_C16937,0.11634201451864289
Strep_C16938,0.11634201451864289
Strep_C16939,0.11634201451864289
Strep_C1693,0.23370228693111114
Strep_C16940,0.11634201451864289
Strep_C16941,0.6704550730094094
Strep_C16942,0.11634201451864289
Strep_C16943,0.11634201451864289
Strep_C16944,0.7198634438443039
Strep_C16945,0.11634201451864289
Strep_C16946,0.11634201451864289
Strep_C16947,0.1163415109155265
Strep_C16948,0.1163415109155265
Strep_C16949,0.1163415109155265
Strep_C1694,0.35245843672205746
Strep_C16950,0.11634201451864289
Strep_C16951,0.11634201451864289
Strep_C16952,0.11634201451864289
Strep_C16953,0.11634201451864289
Strep_C16954,0.5967242474384321
Strep_C16955,0.11634201451864289
Strep_C16956,0.47311830745470035
Strep_C16957,0.11634201451864289
Strep_C16958,0.11634201451864289
Strep_C16959,0.11634201451864289
Strep_C1695,0.23305302815717163
Strep_C16960,0.11634201451864289
Strep_C16961,0.11634201451864289
Strep_C16962,0.11634201451864289
Strep_C16963,0.5967214293920762
Strep_C16964,0.11634201451864289
Strep_C16965,0.8889223478224411
Strep_C16966,0.23370228693111114
Strep_C16967,0.23370228693111114
Strep_C16968,0.11136757272179186
Strep_C16969,0.11136757272179186
Strep_C1696,0.11634201451864289
Strep_C16970,0.11136757272179186
Strep_C16971,0.5936452796634148
Strep_C16972,0.333266628208235
Strep_C16973,0.11634201451864289
Strep_C16974,0.6704550730094094
Strep_C16975,0.11634201451864289
Strep_C16976,0.47311830745470035
Strep_C16977,0.23305302815717163
Strep_C16978,0.11634201451864289
Strep_C16979,0.23370178103816636
Strep_C1697,0.35132537846575046
Strep_C16980,0.47311651524910325
Strep_C16981,0.23305302815717163
Strep_C16982,0.11634201451864289
Strep_C16983,0.11634201451864289
Strep_C16984,0.11634201451864289
Strep_C16985,0.11634201451864289
Strep_C16986,0.11634201451864289
Strep_C16987,0.11634201451864289
Strep_C16988,0.23370178103816636
Strep_C16989,0.11634201451864289
Strep_C1698,0.1163415109155265
Strep_C16990,0.11634201451864289
Strep_C16991,0.11634201451864289
Strep_C16992,0.1163415109155265
Strep_C16993,0.1163415109155265
Strep_C16994,0.1163415109155265
Strep_C16995,0.1163415109155265
Strep_C16996,0.1163415109155265
Strep_C16997,0.99999999
Strep_C16998,0.11634201451864289
Strep_C16999,0.7198634438443039
Strep_C1699,0.5936452796634148
Strep_C169,0.11634201451864289
Strep_C16,0.11136757272179186
Strep_C17000,0.47311830745470035
Strep_C17001,0.11634201451864289
Strep_C17002,0.2337017810381666
Strep_C17003,0.47311830745470035
Strep_C17004,0.11634201451864289
Strep_C17005,0.11634201451864289
Strep_C17006,0.99999999
Strep_C17007,0.11634201451864289
Strep_C17008,0.11634201451864289
Strep_C17009,0.11634201451864289
Strep_C1700,0.7198643407720242
Strep_C17010,0.11634201451864289
Strep_C17011,0.11634201451864289
Strep_C17012,0.11136757272179186
Strep_C17013,0.11136757272179186
Strep_C17014,0.99999999
Strep_C17015,0.11136757272179186
Strep_C17016,0.11136757272179186
Strep_C17017,0.11136757272179186
Strep_C17018,0.11136757272179186
Strep_C17019,0.44444957634747156
Strep_C1701,0.11634201451864289
Strep_C17020,0.99999999
Strep_C17021,0.35132537846575046
Strep_C17022,0.23305302815717163
Strep_C17023,0.23305302815717163
Strep_C17024,0.23305302815717163
Strep_C17025,0.23305302815717163
Strep_C17026,0.23305302815717163
Strep_C17027,0.23305302815717163
Strep_C17028,0.23305302815717163
Strep_C17029,0.2337017810381666
Strep_C1702,0.11634201451864289
Strep_C17030,0.11634201451864289
Strep_C17031,0.47311830745470035
Strep_C17032,0.11634201451864289
Strep_C17033,0.11634201451864289
Strep_C17034,0.2337017810381666
Strep_C17035,0.11634201451864289
Strep_C17036,0.2337017810381666
Strep_C17037,0.35245843672205746
Strep_C17038,0.35245843672205746
Strep_C17039,0.11634201451864289
Strep_C1703,0.11136757272179186
Strep_C17040,0.47127620612957083
Strep_C17041,0.11634201451864289
Strep_C17042,0.11634201451864289
Strep_C17043,0.47311830745470035
Strep_C17044,0.23370228693111114
Strep_C17045,0.35245843672205746
Strep_C17046,0.23370178103816636
Strep_C17047,0.11634201451864289
Strep_C17048,0.3524582818100281
Strep_C17049,0.1163415109155265
Strep_C1704,0.1163415109155265
Strep_C17050,0.1163415109155265
Strep_C17051,0.1163415109155265
Strep_C17052,0.1163415109155265
Strep_C17053,0.1163415109155265
Strep_C17054,0.1163415109155265
Strep_C17055,0.99999999
Strep_C17056,0.99999999
Strep_C17057,0.35245843672205746
Strep_C17058,0.35245843672205746
Strep_C17059,0.47311830745470035
Strep_C1705,0.1163415109155265
Strep_C17060,0.11634201451864289
Strep_C17061,0.99999999
Strep_C17062,0.11634201451864289
Strep_C17063,0.47311651524910325
Strep_C17064,0.11634201451864289
Strep_C17065,0.99999999
Strep_C17066,0.11634201451864289
Strep_C17067,0.11634201451864289
Strep_C17068,0.351325490499599
Strep_C17069,0.11634201451864289
Strep_C1706,0.5555546390366239
Strep_C17070,0.7847940789287989
Strep_C17071,0.5967242474384321
Strep_C17072,0.5967214293920762
Strep_C17073,0.23370228693111114
Strep_C17074,0.11136757272179186
Strep_C17075,0.11136757272179186
Strep_C17076,0.22283322077504625
Strep_C17077,0.99999999
Strep_C17078,0.11136757272179186
Strep_C17079,0.99999999
Strep_C1707,0.11634201451864289
Strep_C17080,0.11136757272179186
Strep_C17081,0.11136757272179186
Strep_C17082,0.11136757272179186
Strep_C17083,0.23305302815717163
Strep_C17084,0.35132537846575046
Strep_C17085,0.99999999
Strep_C17086,0.23305302815717163
Strep_C17087,0.23305302815717163
Strep_C17088,0.23305302815717163
Strep_C17089,0.35132537846575046
Strep_C1708,0.35245843672205746
Strep_C17090,0.35132537846575046
Strep_C17091,0.23305302815717163
Strep_C17092,0.47311830745470035
Strep_C17093,0.2337017810381666
Strep_C17094,0.11634201451864289
Strep_C17095,0.11634201451864289
Strep_C17096,0.35245843672205746
Strep_C17097,0.23370178103816636
Strep_C17098,0.2337017810381666
Strep_C17099,0.11634201451864289
Strep_C1709,0.47311830745470035
Strep_C170,0.11136757272179186
Strep_C17100,0.11634201451864289
Strep_C17101,0.11634201451864289
Strep_C17102,0.11634201451864289
Strep_C17103,0.11634201451864289
Strep_C17104,0.11634201451864289
Strep_C17105,0.11634201451864289
Strep_C17106,0.11634201451864289
Strep_C17107,0.1163415109155265
Strep_C17108,0.1163415109155265
Strep_C17109,0.1163415109155265
Strep_C1710,0.99999999
Strep_C17110,0.1163415109155265
Strep_C17111,0.1163415109155265
Strep_C17112,0.1163415109155265
Strep_C17113,0.1163415109155265
Strep_C17114,0.1163415109155265
Strep_C17115,0.1163415109155265
Strep_C17116,0.1163415109155265
Strep_C17117,0.1163415109155265
Strep_C17118,0.1163415109155265
Strep_C17119,0.1163415109155265
Strep_C1711,0.99999999
Strep_C17120,0.1163415109155265
Strep_C17121,0.99999999
Strep_C17122,0.11634201451864289
Strep_C17123,0.11634201451864289
Strep_C17124,0.11634201451864289
Strep_C17125,0.11634201451864289
Strep_C17126,0.23370178103816636
Strep_C17127,0.11634201451864289
Strep_C17128,0.7256406595528874
Strep_C17129,0.11634201451864289
Strep_C1712,0.11136757272179186
Strep_C17130,0.99999999
Strep_C17131,0.99999999
Strep_C17132,0.11634201451864289
Strep_C17133,0.11634201451864289
Strep_C17134,0.23370228693111114
Strep_C17135,0.11634201451864289
Strep_C17136,0.11634201451864289
Strep_C17137,0.11634201451864289
Strep_C17138,0.23370228693111114
Strep_C17139,0.11136757272179186
Strep_C1713,0.9053588679153928
Strep_C17140,0.557982185216091
Strep_C17141,0.11136757272179186
Strep_C17142,0.99999999
Strep_C17143,0.334259100712907
Strep_C17144,0.11136757272179186
Strep_C17145,0.6665403377533278
Strep_C17146,0.11136757272179186
Strep_C17147,0.11136757272179186
Strep_C17148,0.23305302815717163
Strep_C17149,0.8889131171654778
Strep_C1714,0.35245843672205746
Strep_C17150,0.2337017810381666
Strep_C17151,0.2337017810381666
Strep_C17152,0.11634201451864289
Strep_C17153,0.11634201451864289
Strep_C17154,0.35245843672205746
Strep_C17155,0.2337017810381666
Strep_C17156,0.11634201451864289
Strep_C17157,0.11634201451864289
Strep_C17158,0.5967214293920762
Strep_C17159,0.11634201451864289
Strep_C1715,0.11634201451864289
Strep_C17160,0.23305302815717163
Strep_C17161,0.11634201451864289
Strep_C17162,0.3524582818100281
Strep_C17163,0.11634201451864289
Strep_C17164,0.11634201451864289
Strep_C17165,0.2337017810381666
Strep_C17166,0.11634201451864289
Strep_C17167,0.2337017810381666
Strep_C17168,0.7778659244097796
Strep_C17169,0.23370228693111114
Strep_C1716,0.7256406595528874
Strep_C17170,0.1163415109155265
Strep_C17171,0.1163415109155265
Strep_C17172,0.1163415109155265
Strep_C17173,0.1163415109155265
Strep_C17174,0.7256406595528874
Strep_C17175,0.99999999
Strep_C17176,0.1163415109155265
Strep_C17177,0.1163415109155265
Strep_C17178,0.1163415109155265
Strep_C17179,0.7256406595528874
Strep_C1717,0.11634201451864289
Strep_C17180,0.1163415109155265
Strep_C17181,0.22283354305359118
Strep_C17182,0.1163415109155265
Strep_C17183,0.99999999
Strep_C17184,0.11634201451864289
Strep_C17185,0.11634201451864289
Strep_C17186,0.11634201451864289
Strep_C17187,0.5967214293920762
Strep_C17188,0.99999999
Strep_C17189,0.11634201451864289
Strep_C1718,0.11634201451864289
Strep_C17190,0.47311830745470035
Strep_C17191,0.11634201451864289
Strep_C17192,0.11634201451864289
Strep_C17193,0.11634201451864289
Strep_C17194,0.47311651524910325
Strep_C17195,0.8524313909199117
Strep_C17196,0.11634201451864289
Strep_C17197,0.11634201451864289
Strep_C17198,0.99999999
Strep_C17199,0.23370228693111114
Strep_C1719,0.1163415109155265
Strep_C171,0.11136757272179186
Strep_C17200,0.11634201451864289
Strep_C17201,0.11634201451864289
Strep_C17202,0.2337017810381666
Strep_C17203,0.11136757272179186
Strep_C17204,0.11136757272179186
Strep_C17205,0.11136757272179186
Strep_C17206,0.11136757272179186
Strep_C17207,0.11136757272179186
Strep_C17208,0.11136757272179186
Strep_C17209,0.11136757272179186
Strep_C1720,0.1163415109155265
Strep_C17210,0.22283354305359118
Strep_C17211,0.8889223478224411
Strep_C17212,0.23305302815717163
Strep_C17213,0.5936427844819077
Strep_C17214,0.351325490499599
Strep_C17215,0.23305302815717163
Strep_C17216,0.23305302815717163
Strep_C17217,0.3524582818100281
Strep_C17218,0.5936452796634148
Strep_C17219,0.2337017810381666
Strep_C1721,0.1163415109155265
Strep_C17220,0.2337017810381666
Strep_C17221,0.2337017810381666
Strep_C17222,0.11634201451864289
Strep_C17223,0.11634201451864289
Strep_C17224,0.35245843672205746
Strep_C17225,0.11634201451864289
Strep_C17226,0.11634201451864289
Strep_C17227,0.35245843672205746
Strep_C17228,0.11634201451864289
Strep_C17229,0.23370228693111114
Strep_C1722,0.1163415109155265
Strep_C17230,0.11634201451864289
Strep_C17231,0.23370178103816636
Strep_C17232,0.5967214293920762
Strep_C17233,0.11634201451864289
Strep_C17234,0.99999999
Strep_C17235,0.11634201451864289
Strep_C17236,0.670453025682897
Strep_C17237,0.1163415109155265
Strep_C17238,0.3524582818100281
Strep_C17239,0.1163415109155265
Strep_C1723,0.471274539360154
Strep_C17240,0.1163415109155265
Strep_C17241,0.1163415109155265
Strep_C17242,0.1163415109155265
Strep_C17243,0.1163415109155265
Strep_C17244,0.1163415109155265
Strep_C17245,0.35245843672205746
Strep_C17246,0.5967214293920762
Strep_C17247,0.7256406595528874
Strep_C17248,0.557982185216091
Strep_C17249,0.35245843672205746
Strep_C1724,0.1163415109155265
Strep_C17250,0.11634201451864289
Strep_C17251,0.47311830745470035
Strep_C17252,0.11634201451864289
Strep_C17253,0.11634201451864289
Strep_C17254,0.5967214293920762
Strep_C17255,0.11634201451864289
Strep_C17256,0.351325490499599
Strep_C17257,0.23370178103816636
Strep_C17258,0.2337017810381666
Strep_C17259,0.7198634438443039
Strep_C1725,0.1163415109155265
Strep_C17260,0.5967242474384321
Strep_C17261,0.11634201451864289
Strep_C17262,0.11634201451864289
Strep_C17263,0.11634201451864289
Strep_C17264,0.11634201451864289
Strep_C17265,0.11634201451864289
Strep_C17266,0.44444989529753154
Strep_C17267,0.99999999
Strep_C17268,0.11136757272179186
Strep_C17269,0.11136757272179186
Strep_C1726,0.11136757272179186
Strep_C17270,0.11136757272179186
Strep_C17271,0.11136757272179186
Strep_C17272,0.11136757272179186
Strep_C17273,0.11136757272179186
Strep_C17274,0.11136757272179186
Strep_C17275,0.11136757272179186
Strep_C17276,0.11136757272179186
Strep_C17277,0.11136757272179186
Strep_C17278,0.11136757272179186
Strep_C17279,0.1160600458814914
Strep_C1727,0.11634201451864289
Strep_C17280,0.23305302815717163
Strep_C17281,0.23305302815717163
Strep_C17282,0.23305302815717163
Strep_C17283,0.23305302815717163
Strep_C17284,0.1160600458814914
Strep_C17285,0.333266628208235
Strep_C17286,0.8524313909199117
Strep_C17287,0.2337017810381666
Strep_C17288,0.2337017810381666
Strep_C17289,0.2337017810381666
Strep_C1728,0.1163415109155265
Strep_C17290,0.11634201451864289
Strep_C17291,0.11634201451864289
Strep_C17292,0.2337017810381666
Strep_C17293,0.11634201451864289
Strep_C17294,0.11634201451864289
Strep_C17295,0.11634201451864289
Strep_C17296,0.11634201451864289
Strep_C17297,0.47311830745470035
Strep_C17298,0.11634201451864289
Strep_C17299,0.11634201451864289
Strep_C1729,0.1163415109155265
Strep_C172,0.1163415109155265
Strep_C17300,0.1163415109155265
Strep_C17301,0.23370228693111114
Strep_C17302,0.471274539360154
Strep_C17303,0.1163415109155265
Strep_C17304,0.7256406595528874
Strep_C17305,0.1163415109155265
Strep_C17306,0.1163415109155265
Strep_C17307,0.1163415109155265
Strep_C17308,0.1163415109155265
Strep_C17309,0.1163415109155265
Strep_C1730,0.11136757272179186
Strep_C17310,0.1163415109155265
Strep_C17311,0.1163415109155265
Strep_C17312,0.1163415109155265
Strep_C17313,0.99999999
Strep_C17314,0.47311830745470035
Strep_C17315,0.99999999
Strep_C17316,0.99999999
Strep_C17317,0.11634201451864289
Strep_C17318,0.11634201451864289
Strep_C17319,0.11634201451864289
Strep_C1731,0.23305302815717163
Strep_C17320,0.11634201451864289
Strep_C17321,0.47311830745470035
Strep_C17322,0.11634201451864289
Strep_C17323,0.47311830745470035
Strep_C17324,0.7256406595528874
Strep_C17325,0.11634201451864289
Strep_C17326,0.47311830745470035
Strep_C17327,0.47311830745470035
Strep_C17328,0.11634201451864289
Strep_C17329,0.23370178103816636
Strep_C1732,0.2337017810381666
Strep_C17330,0.3524582818100281
Strep_C17331,0.11634201451864289
Strep_C17332,0.11634201451864289
Strep_C17333,0.23370228693111114
Strep_C17334,0.35245843672205746
Strep_C17335,0.11634201451864289
Strep_C17336,0.11634201451864289
Strep_C17337,0.11634201451864289
Strep_C17338,0.23370228693111114
Strep_C17339,0.99999999
Strep_C1733,0.23370178103816636
Strep_C17340,0.99999999
Strep_C17341,0.11136757272179186
Strep_C17342,0.11136757272179186
Strep_C17343,0.99999999
Strep_C17344,0.11136757272179186
Strep_C17345,0.11136757272179186
Strep_C17346,0.11136757272179186
Strep_C17347,0.11136757272179186
Strep_C17348,0.11136757272179186
Strep_C17349,0.11136757272179186
Strep_C1734,0.47311830745470035
Strep_C17350,0.35132537846575046
Strep_C17351,0.7198643407720242
Strep_C17352,0.35132537846575046
Strep_C17353,0.23305302815717163
Strep_C17354,0.8524313909199117
Strep_C17355,0.23305302815717163
Strep_C17356,0.1160600458814914
Strep_C17357,0.23305302815717163
Strep_C17358,0.23370178103816636
Strep_C17359,0.3524582818100281
Strep_C1735,0.11634201451864289
Strep_C17360,0.35245843672205746
Strep_C17361,0.11634201451864289
Strep_C17362,0.351325490499599
Strep_C17363,0.2337017810381666
Strep_C17364,0.23370228693111114
Strep_C17365,0.11634201451864289
Strep_C17366,0.11634201451864289
Strep_C17367,0.11634201451864289
Strep_C17368,0.11634201451864289
Strep_C17369,0.11634201451864289
Strep_C1736,0.99999999
Strep_C17370,0.11634201451864289
Strep_C17371,0.1163415109155265
Strep_C17372,0.1163415109155265
Strep_C17373,0.1163415109155265
Strep_C17374,0.1163415109155265
Strep_C17375,0.1163415109155265
Strep_C17376,0.1163415109155265
Strep_C17377,0.99999999
Strep_C17378,0.23370178103816636
Strep_C17379,0.11634201451864289
Strep_C1737,0.11634201451864289
Strep_C17380,0.11634201451864289
Strep_C17381,0.11634201451864289
Strep_C17382,0.11634201451864289
Strep_C17383,0.7778688864057204
Strep_C17384,0.47311830745470035
Strep_C17385,0.99999999
Strep_C17386,0.7256406595528874
Strep_C17387,0.11634201451864289
Strep_C17388,0.11634201451864289
Strep_C17389,0.11634201451864289
Strep_C1738,0.11634201451864289
Strep_C17390,0.11634201451864289
Strep_C17391,0.11634201451864289
Strep_C17392,0.11634201451864289
Strep_C17393,0.11634201451864289
Strep_C17394,0.11634201451864289
Strep_C17395,0.99999999
Strep_C17396,0.99999999
Strep_C17397,0.11634201451864289
Strep_C17398,0.11634201451864289
Strep_C17399,0.23370228693111114
Strep_C1739,0.11634201451864289
Strep_C173,0.1163415109155265
Strep_C17400,0.351325490499599
Strep_C17401,0.44600966595465286
Strep_C17402,0.99999999
Strep_C17403,0.11136757272179186
Strep_C17404,0.334259100712907
Strep_C17405,0.11136757272179186
Strep_C17406,0.11136757272179186
Strep_C17407,0.11136757272179186
Strep_C17408,0.11136757272179186
Strep_C17409,0.557982185216091
Strep_C1740,0.23370178103816636
Strep_C17410,0.23305302815717163
Strep_C17411,0.5936452796634148
Strep_C17412,0.7198643407720242
Strep_C17413,0.6665426254504294
Strep_C17414,0.23305302815717163
Strep_C17415,0.23305302815717163
Strep_C17416,0.23305302815717163
Strep_C17417,0.23305302815717163
Strep_C17418,0.23305302815717163
Strep_C17419,0.1160600458814914
Strep_C1741,0.5936452796634148
Strep_C17420,0.2337017810381666
Strep_C17421,0.11634201451864289
Strep_C17422,0.11634201451864289
Strep_C17423,0.11634201451864289
Strep_C17424,0.11634201451864289
Strep_C17425,0.11634201451864289
Strep_C17426,0.11634201451864289
Strep_C17427,0.11634201451864289
Strep_C17428,0.23370178103816636
Strep_C17429,0.23370178103816636
Strep_C1742,0.35245843672205746
Strep_C17430,0.11634201451864289
Strep_C17431,0.11634201451864289
Strep_C17432,0.11634201451864289
Strep_C17433,0.2337017810381666
Strep_C17434,0.23370228693111114
Strep_C17435,0.23370178103816636
Strep_C17436,0.1163415109155265
Strep_C17437,0.1163415109155265
Strep_C17438,0.1163415109155265
Strep_C17439,0.23370228693111114
Strep_C1743,0.47311830745470035
Strep_C17440,0.5967214293920762
Strep_C17441,0.1163415109155265
Strep_C17442,0.99999999
Strep_C17443,0.1163415109155265
Strep_C17444,0.1163415109155265
Strep_C17445,0.1163415109155265
Strep_C17446,0.1163415109155265
Strep_C17447,0.471274539360154
Strep_C17448,0.1163415109155265
Strep_C17449,0.11634201451864289
Strep_C1744,0.99999999
Strep_C17450,0.11634201451864289
Strep_C17451,0.11634201451864289
Strep_C17452,0.11634201451864289
Strep_C17453,0.99999999
Strep_C17454,0.11634201451864289
Strep_C17455,0.99999999
Strep_C17456,0.47311830745470035
Strep_C17457,0.47311830745470035
Strep_C17458,0.11634201451864289
Strep_C17459,0.11634201451864289
Strep_C1745,0.11634201451864289
Strep_C17460,0.2337017810381666
Strep_C17461,0.11634201451864289
Strep_C17462,0.7847940789287989
Strep_C17463,0.99999999
Strep_C17464,0.11634201451864289
Strep_C17465,0.351325490499599
Strep_C17466,0.47311830745470035
Strep_C17467,0.11634201451864289
Strep_C17468,0.11634201451864289
Strep_C17469,0.334259100712907
Strep_C1746,0.11634201451864289
Strep_C17470,0.11136757272179186
Strep_C17471,0.11136757272179186
Strep_C17472,0.11136757272179186
Strep_C17473,0.11136757272179186
Strep_C17474,0.333266628208235
Strep_C17475,0.11136757272179186
Strep_C17476,0.11136757272179186
Strep_C17477,0.11136757272179186
Strep_C17478,0.11136757272179186
Strep_C17479,0.47127620612957083
Strep_C1747,0.11634201451864289
Strep_C17480,0.1160600458814914
Strep_C17481,0.351325490499599
Strep_C17482,0.5936427844819077
Strep_C17483,0.23305302815717163
Strep_C17484,0.23305302815717163
Strep_C17485,0.23305302815717163
Strep_C17486,0.99999999
Strep_C17487,0.11634201451864289
Strep_C17488,0.11634201451864289
Strep_C17489,0.11634201451864289
Strep_C1748,0.1163415109155265
Strep_C17490,0.11634201451864289
Strep_C17491,0.11634201451864289
Strep_C17492,0.47311830745470035
Strep_C17493,0.22283322077504625
Strep_C17494,0.23370228693111114
Strep_C17495,0.11634201451864289
Strep_C17496,0.11634201451864289
Strep_C17497,0.11634201451864289
Strep_C17498,0.23370178103816636
Strep_C17499,0.23370178103816636
Strep_C1749,0.1163415109155265
Strep_C174,0.11634201451864289
Strep_C17500,0.99999999
Strep_C17501,0.11634201451864289
Strep_C17502,0.47311830745470035
Strep_C17503,0.1163415109155265
Strep_C17504,0.1163415109155265
Strep_C17505,0.1163415109155265
Strep_C17506,0.1163415109155265
Strep_C17507,0.1163415109155265
Strep_C17508,0.47311651524910325
Strep_C17509,0.1163415109155265
Strep_C1750,0.11634201451864289
Strep_C17510,0.1163415109155265
Strep_C17511,0.1163415109155265
Strep_C17512,0.23370178103816636
Strep_C17513,0.99999999
Strep_C17514,0.11634201451864289
Strep_C17515,0.11634201451864289
Strep_C17516,0.5967242474384321
Strep_C17517,0.23370178103816636
Strep_C17518,0.99999999
Strep_C17519,0.11634201451864289
Strep_C1751,0.47311651524910325
Strep_C17520,0.11634201451864289
Strep_C17521,0.35245843672205746
Strep_C17522,0.44444989529753154
Strep_C17523,0.99999999
Strep_C17524,0.11634201451864289
Strep_C17525,0.11634201451864289
Strep_C17526,0.11634201451864289
Strep_C17527,0.11634201451864289
Strep_C17528,0.11634201451864289
Strep_C17529,0.11136757272179186
Strep_C1752,0.22283354305359118
Strep_C17530,0.11136757272179186
Strep_C17531,0.11136757272179186
Strep_C17532,0.11136757272179186
Strep_C17533,0.11136757272179186
Strep_C17534,0.11136757272179186
Strep_C17535,0.11136757272179186
Strep_C17536,0.11136757272179186
Strep_C17537,0.8889223478224411
Strep_C17538,0.23305302815717163
Strep_C17539,0.23305302815717163
Strep_C1753,0.99999999
Strep_C17540,0.99999999
Strep_C17541,0.23305302815717163
Strep_C17542,0.23305302815717163
Strep_C17543,0.35132537846575046
Strep_C17544,0.351325490499599
Strep_C17545,0.23305302815717163
Strep_C17546,0.23305302815717163
Strep_C17547,0.23305302815717163
Strep_C17548,0.1160600458814914
Strep_C17549,0.11634201451864289
Strep_C1754,0.1163415109155265
Strep_C17550,0.35245843672205746
Strep_C17551,0.2337017810381666
Strep_C17552,0.2337017810381666
Strep_C17553,0.47311830745470035
Strep_C17554,0.11634201451864289
Strep_C17555,0.23305302815717163
Strep_C17556,0.11634201451864289
Strep_C17557,0.11634201451864289
Strep_C17558,0.5555546390366239
Strep_C17559,0.11634201451864289
Strep_C1755,0.11634201451864289
Strep_C17560,0.11634201451864289
Strep_C17561,0.5967242474384321
Strep_C17562,0.8889223478224411
Strep_C17563,0.11634201451864289
Strep_C17564,0.1163415109155265
Strep_C17565,0.1163415109155265
Strep_C17566,0.1163415109155265
Strep_C17567,0.1163415109155265
Strep_C17568,0.1163415109155265
Strep_C17569,0.1163415109155265
Strep_C1756,0.47311830745470035
Strep_C17570,0.1163415109155265
Strep_C17571,0.23370228693111114
Strep_C17572,0.1163415109155265
Strep_C17573,0.1163415109155265
Strep_C17574,0.1163415109155265
Strep_C17575,0.99999999
Strep_C17576,0.99999999
Strep_C17577,0.7198634438443039
Strep_C17578,0.5967214293920762
Strep_C17579,0.99999999
Strep_C1757,0.471274539360154
Strep_C17580,0.11634201451864289
Strep_C17581,0.23370178103816636
Strep_C17582,0.8889223478224411
Strep_C17583,0.35245843672205746
Strep_C17584,0.7778659244097796
Strep_C17585,0.11634201451864289
Strep_C17586,0.99999999
Strep_C17587,0.35245843672205746
Strep_C17588,0.47311651524910325
Strep_C17589,0.11634201451864289
Strep_C1758,0.11136757272179186
Strep_C17590,0.99999999
Strep_C17591,0.23370228693111114
Strep_C17592,0.47311830745470035
Strep_C17593,0.2337017810381666
Strep_C17594,0.11634201451864289
Strep_C17595,0.11634201451864289
Strep_C17596,0.44601006290209577
Strep_C17597,0.99999999
Strep_C17598,0.99999999
Strep_C17599,0.11634201451864289
Strep_C1759,0.35245843672205746
Strep_C175,0.7256406595528874
Strep_C17600,0.11634201451864289
Strep_C17601,0.99999999
Strep_C17602,0.11136757272179186
Strep_C17603,0.11136757272179186
Strep_C17604,0.11136757272179186
Strep_C17605,0.11136757272179186
Strep_C17606,0.11136757272179186
Strep_C17607,0.11136757272179186
Strep_C17608,0.11136757272179186
Strep_C17609,0.11136757272179186
Strep_C1760,0.11634201451864289
Strep_C17610,0.11136757272179186
Strep_C17611,0.44444989529753154
Strep_C17612,0.11136757272179186
Strep_C17613,0.11136757272179186
Strep_C17614,0.7778659244097796
Strep_C17615,0.99999999
Strep_C17616,0.23305302815717163
Strep_C17617,0.1160600458814914
Strep_C17618,0.23305302815717163
Strep_C17619,0.351325490499599
Strep_C1761,0.1163415109155265
Strep_C17620,0.99999999
Strep_C17621,0.35245843672205746
Strep_C17622,0.11634201451864289
Strep_C17623,0.2337017810381666
Strep_C17624,0.11634201451864289
Strep_C17625,0.11634201451864289
Strep_C17626,0.11634201451864289
Strep_C17627,0.11634201451864289
Strep_C17628,0.11634201451864289
Strep_C17629,0.11634201451864289
Strep_C1762,0.1163415109155265
Strep_C17630,0.11634201451864289
Strep_C17631,0.11634201451864289
Strep_C17632,0.99999999
Strep_C17633,0.35245843672205746
Strep_C17634,0.35245843672205746
Strep_C17635,0.3524582818100281
Strep_C17636,0.11634201451864289
Strep_C17637,0.1163415109155265
Strep_C17638,0.1163415109155265
Strep_C17639,0.1163415109155265
Strep_C1763,0.1163415109155265
Strep_C17640,0.1163415109155265
Strep_C17641,0.99999999
Strep_C17642,0.99999999
Strep_C17643,0.1163415109155265
Strep_C17644,0.1163415109155265
Strep_C17645,0.1163415109155265
Strep_C17646,0.1163415109155265
Strep_C17647,0.99999999
Strep_C17648,0.99999999
Strep_C17649,0.11634201451864289
Strep_C1764,0.47311830745470035
Strep_C17650,0.11634201451864289
Strep_C17651,0.7256406595528874
Strep_C17652,0.23370178103816636
Strep_C17653,0.99999999
Strep_C17654,0.23370178103816636
Strep_C17655,0.11634201451864289
Strep_C17656,0.5936427844819077
Strep_C17657,0.11634201451864289
Strep_C17658,0.11634201451864289
Strep_C17659,0.8524313909199117
Strep_C1765,0.11136757272179186
Strep_C17660,0.11634201451864289
Strep_C17661,0.11634201451864289
Strep_C17662,0.2337017810381666
Strep_C17663,0.11634201451864289
Strep_C17664,0.11136757272179186
Strep_C17665,0.22283322077504625
Strep_C17666,0.11136757272179186
Strep_C17667,0.11136757272179186
Strep_C17668,0.11136757272179186
Strep_C17669,0.11136757272179186
Strep_C1766,0.11634201451864289
Strep_C17670,0.11136757272179186
Strep_C17671,0.333266628208235
Strep_C17672,0.11136757272179186
Strep_C17673,0.11136757272179186
Strep_C17674,0.23305302815717163
Strep_C17675,0.23305302815717163
Strep_C17676,0.23305302815717163
Strep_C17677,0.8524313909199117
Strep_C17678,0.5936427844819077
Strep_C17679,0.23305302815717163
Strep_C1767,0.11634201451864289
Strep_C17680,0.23305302815717163
Strep_C17681,0.23305302815717163
Strep_C17682,0.1160600458814914
Strep_C17683,0.23305302815717163
Strep_C17684,0.1160600458814914
Strep_C17685,0.23305302815717163
Strep_C17686,0.35132537846575046
Strep_C17687,0.23305302815717163
Strep_C17688,0.5936452796634148
Strep_C17689,0.23305302815717163
Strep_C1768,0.471274539360154
Strep_C17690,0.23305302815717163
Strep_C17691,0.1160600458814914
Strep_C17692,0.99999999
Strep_C17693,0.2337017810381666
Strep_C17694,0.5967242474384321
Strep_C17695,0.11634201451864289
Strep_C17696,0.2337017810381666
Strep_C17697,0.11634201451864289
Strep_C17698,0.23305302815717163
Strep_C17699,0.11634201451864289
Strep_C1769,0.11634201451864289
Strep_C176,0.11634201451864289
Strep_C17700,0.11634201451864289
Strep_C17701,0.11634201451864289
Strep_C17702,0.11634201451864289
Strep_C17703,0.11634201451864289
Strep_C17704,0.11634201451864289
Strep_C17705,0.3524582818100281
Strep_C17706,0.11634201451864289
Strep_C17707,0.23370178103816636
Strep_C17708,0.22283322077504625
Strep_C17709,0.11634201451864289
Strep_C1770,0.11634201451864289
Strep_C17710,0.35245843672205746
Strep_C17711,0.8524313909199117
Strep_C17712,0.99999999
Strep_C17713,0.1163415109155265
Strep_C17714,0.7256406595528874
Strep_C17715,0.99999999
Strep_C17716,0.99999999
Strep_C17717,0.1163415109155265
Strep_C17718,0.471274539360154
Strep_C17719,0.1163415109155265
Strep_C1771,0.1163415109155265
Strep_C17720,0.1163415109155265
Strep_C17721,0.1163415109155265
Strep_C17722,0.99999999
Strep_C17723,0.99999999
Strep_C17724,0.5967214293920762
Strep_C17725,0.99999999
Strep_C17726,0.11634201451864289
Strep_C17727,0.11634201451864289
Strep_C17728,0.11634201451864289
Strep_C17729,0.5936452796634148
Strep_C1772,0.11634201451864289
Strep_C17730,0.11634201451864289
Strep_C17731,0.11634201451864289
Strep_C17732,0.47311830745470035
Strep_C17733,0.99999999
Strep_C17734,0.47311830745470035
Strep_C17735,0.23370178103816636
Strep_C17736,0.47311830745470035
Strep_C17737,0.35245843672205746
Strep_C17738,0.5936427844819077
Strep_C17739,0.99999999
Strep_C1773,0.35245843672205746
Strep_C17740,0.11634201451864289
Strep_C17741,0.11634201451864289
Strep_C17742,0.5967214293920762
Strep_C17743,0.11136757272179186
Strep_C17744,0.11136757272179186
Strep_C17745,0.11136757272179186
Strep_C17746,0.11136757272179186
Strep_C17747,0.11136757272179186
Strep_C17748,0.11136757272179186
Strep_C17749,0.11136757272179186
Strep_C1774,0.11634201451864289
Strep_C17750,0.11136757272179186
Strep_C17751,0.99999999
Strep_C17752,0.11136757272179186
Strep_C17753,0.11136757272179186
Strep_C17754,0.6704550730094094
Strep_C17755,0.99999999
Strep_C17756,0.333266628208235
Strep_C17757,0.99999999
Strep_C17758,0.23305302815717163
Strep_C17759,0.23305302815717163
Strep_C1775,0.23370228693111114
Strep_C17760,0.99999999
Strep_C17761,0.23305302815717163
Strep_C17762,0.23305302815717163
Strep_C17763,0.23305302815717163
Strep_C17764,0.1160600458814914
Strep_C17765,0.1160600458814914
Strep_C17766,0.23305302815717163
Strep_C17767,0.23305302815717163
Strep_C17768,0.1160600458814914
Strep_C17769,0.2337017810381666
Strep_C1776,0.11634201451864289
Strep_C17770,0.11634201451864289
Strep_C17771,0.11634201451864289
Strep_C17772,0.47311830745470035
Strep_C17773,0.11634201451864289
Strep_C17774,0.11634201451864289
Strep_C17775,0.35245843672205746
Strep_C17776,0.35245843672205746
Strep_C17777,0.4712762061295706
Strep_C17778,0.11634201451864289
Strep_C17779,0.11634201451864289
Strep_C1777,0.99999999
Strep_C17780,0.11634201451864289
Strep_C17781,0.11634201451864289
Strep_C17782,0.11634201451864289
Strep_C17783,0.11634201451864289
Strep_C17784,0.23370178103816636
Strep_C17785,0.11634201451864289
Strep_C17786,0.11634201451864289
Strep_C17787,0.47311830745470035
Strep_C17788,0.8524313909199117
Strep_C17789,0.23370228693111114
Strep_C1778,0.11136757272179186
Strep_C17790,0.11634201451864289
Strep_C17791,0.11634201451864289
Strep_C17792,0.471274539360154
Strep_C17793,0.1163415109155265
Strep_C17794,0.1163415109155265
Strep_C17795,0.23370228693111114
Strep_C17796,0.1163415109155265
Strep_C17797,0.1163415109155265
Strep_C17798,0.1163415109155265
Strep_C17799,0.99999999
Strep_C1779,0.35245843672205746
Strep_C177,0.1163415109155265
Strep_C17800,0.1163415109155265
Strep_C17801,0.1163415109155265
Strep_C17802,0.11634201451864289
Strep_C17803,0.35245843672205746
Strep_C17804,0.47127620612957083
Strep_C17805,0.11634201451864289
Strep_C17806,0.23370178103816636
Strep_C17807,0.11634201451864289
Strep_C17808,0.47311830745470035
Strep_C17809,0.11634201451864289
Strep_C1780,0.47127620612957083
Strep_C17810,0.11634201451864289
Strep_C17811,0.35245843672205746
Strep_C17812,0.11634201451864289
Strep_C17813,0.11634201451864289
Strep_C17814,0.2337017810381666
Strep_C17815,0.99999999
Strep_C17816,0.11634201451864289
Strep_C17817,0.11634201451864289
Strep_C17818,0.11634201451864289
Strep_C17819,0.8524331858472348
Strep_C1781,0.11634201451864289
Strep_C17820,0.99999999
Strep_C17821,0.23370228693111114
Strep_C17822,0.471274539360154
Strep_C17823,0.11634201451864289
Strep_C17824,0.99999999
Strep_C17825,0.11634201451864289
Strep_C17826,0.35245843672205746
Strep_C17827,0.11634201451864289
Strep_C17828,0.35245843672205746
Strep_C17829,0.11634201451864289
Strep_C1782,0.2337017810381666
Strep_C17830,0.11634201451864289
Strep_C17831,0.333266628208235
Strep_C17832,0.99999999
Strep_C17833,0.11136757272179186
Strep_C17834,0.22283322077504625
Strep_C17835,0.11136757272179186
Strep_C17836,0.11136757272179186
Strep_C17837,0.22283322077504625
Strep_C17838,0.11136757272179186
Strep_C17839,0.11136757272179186
Strep_C1783,0.1163415109155265
Strep_C17840,0.23305302815717163
Strep_C17841,0.35132537846575046
Strep_C17842,0.471274539360154
Strep_C17843,0.23305302815717163
Strep_C17844,0.23305302815717163
Strep_C17845,0.99999999
Strep_C17846,0.99999999
Strep_C17847,0.351325490499599
Strep_C17848,0.7198634438443039
Strep_C17849,0.1160600458814914
Strep_C1784,0.11634201451864289
Strep_C17850,0.2337017810381666
Strep_C17851,0.47311830745470035
Strep_C17852,0.35245843672205746
Strep_C17853,0.11634201451864289
Strep_C17854,0.351325490499599
Strep_C17855,0.11634201451864289
Strep_C17856,0.7256404808820707
Strep_C17857,0.11634201451864289
Strep_C17858,0.11634201451864289
Strep_C17859,0.11634201451864289
Strep_C1785,0.99999999
Strep_C17860,0.11634201451864289
Strep_C17861,0.11634201451864289
Strep_C17862,0.11634201451864289
Strep_C17863,0.11634201451864289
Strep_C17864,0.11634201451864289
Strep_C17865,0.11634201451864289
Strep_C17866,0.23370178103816636
Strep_C17867,0.471274539360154
Strep_C17868,0.35245843672205746
Strep_C17869,0.1163415109155265
Strep_C1786,0.47127620612957083
Strep_C17870,0.1163415109155265
Strep_C17871,0.23370228693111114
Strep_C17872,0.1163415109155265
Strep_C17873,0.1163415109155265
Strep_C17874,0.1163415109155265
Strep_C17875,0.1163415109155265
Strep_C17876,0.1163415109155265
Strep_C17877,0.1163415109155265
Strep_C17878,0.1163415109155265
Strep_C17879,0.1163415109155265
Strep_C1787,0.5967214293920762
Strep_C17880,0.47311651524910325
Strep_C17881,0.1163415109155265
Strep_C17882,0.1163415109155265
Strep_C17883,0.1163415109155265
Strep_C17884,0.1163415109155265
Strep_C17885,0.1163415109155265
Strep_C17886,0.1163415109155265
Strep_C17887,0.7256406595528874
Strep_C17888,0.1163415109155265
Strep_C17889,0.1163415109155265
Strep_C1788,0.1163415109155265
Strep_C17890,0.1163415109155265
Strep_C17891,0.1163415109155265
Strep_C17892,0.1163415109155265
Strep_C17893,0.7256406595528874
Strep_C17894,0.11634201451864289
Strep_C17895,0.99999999
Strep_C17896,0.11634201451864289
Strep_C17897,0.3524582818100281
Strep_C17898,0.2337017810381666
Strep_C17899,0.8524331858472348
Strep_C1789,0.23305302815717163
Strep_C178,0.23305302815717163
Strep_C17900,0.99999999
Strep_C17901,0.5967242474384321
Strep_C17902,0.11634201451864289
Strep_C17903,0.23370178103816636
Strep_C17904,0.47311830745470035
Strep_C17905,0.47311830745470035
Strep_C17906,0.35245843672205746
Strep_C17907,0.5967214293920762
Strep_C17908,0.11634201451864289
Strep_C17909,0.8889131171654778
Strep_C1790,0.2337017810381666
Strep_C17910,0.35245843672205746
Strep_C17911,0.11634201451864289
Strep_C17912,0.11634201451864289
Strep_C17913,0.23370228693111114
Strep_C17914,0.11634201451864289
Strep_C17915,0.47127620612957083
Strep_C17916,0.11634201451864289
Strep_C17917,0.11634201451864289
Strep_C17918,0.6665403377533278
Strep_C17919,0.3342595322757504
Strep_C1791,0.22283322077504625
Strep_C17920,0.557982185216091
Strep_C17921,0.22283322077504625
Strep_C17922,0.11136757272179186
Strep_C17923,0.11136757272179186
Strep_C17924,0.333266628208235
Strep_C17925,0.11136757272179186
Strep_C17926,0.11136757272179186
Strep_C17927,0.11136757272179186
Strep_C17928,0.11136757272179186
Strep_C17929,0.11136757272179186
Strep_C1792,0.1163415109155265
Strep_C17930,0.333266628208235
Strep_C17931,0.99999999
Strep_C17932,0.333266628208235
Strep_C17933,0.23305302815717163
Strep_C17934,0.23305302815717163
Strep_C17935,0.23305302815717163
Strep_C17936,0.23305302815717163
Strep_C17937,0.23305302815717163
Strep_C17938,0.23305302815717163
Strep_C17939,0.23305302815717163
Strep_C1793,0.1163415109155265
Strep_C17940,0.1160600458814914
Strep_C17941,0.23305302815717163
Strep_C17942,0.47311830745470035
Strep_C17943,0.7256406595528874
Strep_C17944,0.23370228693111114
Strep_C17945,0.23370228693111114
Strep_C17946,0.2337017810381666
Strep_C17947,0.35245843672205746
Strep_C17948,0.11634201451864289
Strep_C17949,0.11634201451864289
Strep_C1794,0.11634201451864289
Strep_C17950,0.11634201451864289
Strep_C17951,0.11634201451864289
Strep_C17952,0.11634201451864289
Strep_C17953,0.8889223478224411
Strep_C17954,0.11634201451864289
Strep_C17955,0.11634201451864289
Strep_C17956,0.11634201451864289
Strep_C17957,0.11634201451864289
Strep_C17958,0.23370178103816636
Strep_C17959,0.47311830745470035
Strep_C1795,0.99999999
Strep_C17960,0.35245843672205746
Strep_C17961,0.11634201451864289
Strep_C17962,0.1163415109155265
Strep_C17963,0.1163415109155265
Strep_C17964,0.23370228693111114
Strep_C17965,0.1163415109155265
Strep_C17966,0.1163415109155265
Strep_C17967,0.1163415109155265
Strep_C17968,0.1163415109155265
Strep_C17969,0.1163415109155265
Strep_C1796,0.47311830745470035
Strep_C17970,0.1163415109155265
Strep_C17971,0.1163415109155265
Strep_C17972,0.1163415109155265
Strep_C17973,0.1163415109155265
Strep_C17974,0.1163415109155265
Strep_C17975,0.1163415109155265
Strep_C17976,0.7198634438443039
Strep_C17977,0.11634201451864289
Strep_C17978,0.47311830745470035
Strep_C17979,0.47311651524910325
Strep_C1797,0.11634201451864289
Strep_C17980,0.99999999
Strep_C17981,0.11634201451864289
Strep_C17982,0.11634201451864289
Strep_C17983,0.11634201451864289
Strep_C17984,0.35245843672205746
Strep_C17985,0.11634201451864289
Strep_C17986,0.11634201451864289
Strep_C17987,0.11634201451864289
Strep_C17988,0.99999999
Strep_C17989,0.11634201451864289
Strep_C1798,0.47311830745470035
Strep_C17990,0.11634201451864289
Strep_C17991,0.47311830745470035
Strep_C17992,0.11634201451864289
Strep_C17993,0.11634201451864289
Strep_C17994,0.11634201451864289
Strep_C17995,0.351325490499599
Strep_C17996,0.11634201451864289
Strep_C17997,0.23370228693111114
Strep_C17998,0.11634201451864289
Strep_C17999,0.11634201451864289
Strep_C1799,0.1163415109155265
Strep_C179,0.11634201451864289
Strep_C17,0.35245843672205746
Strep_C18000,0.351325490499599
Strep_C18001,0.11136757272179186
Strep_C18002,0.11136757272179186
Strep_C18003,0.11136757272179186
Strep_C18004,0.99999999
Strep_C18005,0.11136757272179186
Strep_C18006,0.11136757272179186
Strep_C18007,0.44444957634747156
Strep_C18008,0.11136757272179186
Strep_C18009,0.11136757272179186
Strep_C1800,0.1163415109155265
Strep_C18010,0.11136757272179186
Strep_C18011,0.11136757272179186
Strep_C18012,0.11136757272179186
Strep_C18013,0.11136757272179186
Strep_C18014,0.11136757272179186
Strep_C18015,0.11136757272179186
Strep_C18016,0.11136757272179186
Strep_C18017,0.23305302815717163
Strep_C18018,0.23305302815717163
Strep_C18019,0.99999999
Strep_C1801,0.1163415109155265
Strep_C18020,0.8524331858472348
Strep_C18021,0.5936452796634148
Strep_C18022,0.23305302815717163
Strep_C18023,0.5936427844819077
Strep_C18024,0.1160600458814914
Strep_C18025,0.23305302815717163
Strep_C18026,0.471274539360154
Strep_C18027,0.1160600458814914
Strep_C18028,0.23305302815717163
Strep_C18029,0.11634201451864289
Strep_C1802,0.1163415109155265
Strep_C18030,0.2337017810381666
Strep_C18031,0.47311830745470035
Strep_C18032,0.35245843672205746
Strep_C18033,0.2337017810381666
Strep_C18034,0.11634201451864289
Strep_C18035,0.11634201451864289
Strep_C18036,0.2337017810381666
Strep_C18037,0.2337017810381666
Strep_C18038,0.47311830745470035
Strep_C18039,0.11634201451864289
Strep_C1803,0.5967242474384321
Strep_C18040,0.23370178103816636
Strep_C18041,0.11634201451864289
Strep_C18042,0.35245843672205746
Strep_C18043,0.11634201451864289
Strep_C18044,0.11634201451864289
Strep_C18045,0.35245843672205746
Strep_C18046,0.351325490499599
Strep_C18047,0.11634201451864289
Strep_C18048,0.11634201451864289
Strep_C18049,0.23370228693111114
Strep_C1804,0.47311830745470035
Strep_C18050,0.11634201451864289
Strep_C18051,0.11634201451864289
Strep_C18052,0.5967242474384321
Strep_C18053,0.11634201451864289
Strep_C18054,0.11634201451864289
Strep_C18055,0.2337017810381666
Strep_C18056,0.1163415109155265
Strep_C18057,0.1163415109155265
Strep_C18058,0.1163415109155265
Strep_C18059,0.1163415109155265
Strep_C1805,0.11634201451864289
Strep_C18060,0.1163415109155265
Strep_C18061,0.99999999
Strep_C18062,0.1163415109155265
Strep_C18063,0.1163415109155265
Strep_C18064,0.1163415109155265
Strep_C18065,0.1163415109155265
Strep_C18066,0.471274539360154
Strep_C18067,0.1163415109155265
Strep_C18068,0.1163415109155265
Strep_C18069,0.1163415109155265
Strep_C1806,0.47311830745470035
Strep_C18070,0.1163415109155265
Strep_C18071,0.1163415109155265
Strep_C18072,0.1163415109155265
Strep_C18073,0.8889223478224411
Strep_C18074,0.99999999
Strep_C18075,0.5967242474384321
Strep_C18076,0.2337017810381666
Strep_C18077,0.11634201451864289
Strep_C18078,0.35245843672205746
Strep_C18079,0.2337017810381666
Strep_C1807,0.7198634438443039
Strep_C18080,0.2337017810381666
Strep_C18081,0.11634201451864289
Strep_C18082,0.5967242474384321
Strep_C18083,0.47311830745470035
Strep_C18084,0.99999999
Strep_C18085,0.47311830745470035
Strep_C18086,0.11634201451864289
Strep_C18087,0.8524331858472348
Strep_C18088,0.11634201451864289
Strep_C18089,0.471274539360154
Strep_C1808,0.11634201451864289
Strep_C18090,0.99999999
Strep_C18091,0.11634201451864289
Strep_C18092,0.11634201451864289
Strep_C18093,0.11634201451864289
Strep_C18094,0.11634201451864289
Strep_C18095,0.351325490499599
Strep_C18096,0.11634201451864289
Strep_C18097,0.11634201451864289
Strep_C18098,0.11136757272179186
Strep_C18099,0.11136757272179186
Strep_C1809,0.47311830745470035
Strep_C180,0.11634201451864289
Strep_C18100,0.22283322077504625
Strep_C18101,0.11136757272179186
Strep_C18102,0.11136757272179186
Strep_C18103,0.11136757272179186
Strep_C18104,0.11136757272179186
Strep_C18105,0.11136757272179186
Strep_C18106,0.11136757272179186
Strep_C18107,0.11136757272179186
Strep_C18108,0.11136757272179186
Strep_C18109,0.333266628208235
Strep_C1810,0.8524331858472348
Strep_C18110,0.11136757272179186
Strep_C18111,0.11136757272179186
Strep_C18112,0.23305302815717163
Strep_C18113,0.4712762061295706
Strep_C18114,0.23305302815717163
Strep_C18115,0.23305302815717163
Strep_C18116,0.5555542629982061
Strep_C18117,0.23305302815717163
Strep_C18118,0.23305302815717163
Strep_C18119,0.23305302815717163
Strep_C1811,0.7256406595528874
Strep_C18120,0.1160600458814914
Strep_C18121,0.47311830745470035
Strep_C18122,0.23370228693111114
Strep_C18123,0.5967214293920762
Strep_C18124,0.35245843672205746
Strep_C18125,0.3524582818100281
Strep_C18126,0.11634201451864289
Strep_C18127,0.11634201451864289
Strep_C18128,0.351325490499599
Strep_C18129,0.11634201451864289
Strep_C1812,0.22283322077504625
Strep_C18130,0.7256404808820707
Strep_C18131,0.11634201451864289
Strep_C18132,0.5936427844819077
Strep_C18133,0.23370178103816636
Strep_C18134,0.11634201451864289
Strep_C18135,0.11634201451864289
Strep_C18136,0.11634201451864289
Strep_C18137,0.11634201451864289
Strep_C18138,0.47311830745470035
Strep_C18139,0.471274539360154
Strep_C1813,0.35245843672205746
Strep_C18140,0.1163415109155265
Strep_C18141,0.1163415109155265
Strep_C18142,0.1163415109155265
Strep_C18143,0.5967214293920762
Strep_C18144,0.1163415109155265
Strep_C18145,0.1163415109155265
Strep_C18146,0.1163415109155265
Strep_C18147,0.1163415109155265
Strep_C18148,0.1163415109155265
Strep_C18149,0.47311651524910325
Strep_C1814,0.11634201451864289
Strep_C18150,0.1163415109155265
Strep_C18151,0.1163415109155265
Strep_C18152,0.1163415109155265
Strep_C18153,0.99999999
Strep_C18154,0.47311830745470035
Strep_C18155,0.11634201451864289
Strep_C18156,0.11634201451864289
Strep_C18157,0.2337017810381666
Strep_C18158,0.99999999
Strep_C18159,0.99999999
Strep_C1815,0.23370178103816636
Strep_C18160,0.47311830745470035
Strep_C18161,0.11634201451864289
Strep_C18162,0.47311830745470035
Strep_C18163,0.7778688864057204
Strep_C18164,0.99999999
Strep_C18165,0.99999999
Strep_C18166,0.11634201451864289
Strep_C18167,0.3524582818100281
Strep_C18168,0.11634201451864289
Strep_C18169,0.11634201451864289
Strep_C1816,0.47311830745470035
Strep_C18170,0.99999999
Strep_C18171,0.11634201451864289
Strep_C18172,0.11634201451864289
Strep_C18173,0.11634201451864289
Strep_C18174,0.11634201451864289
Strep_C18175,0.99999999
Strep_C18176,0.11634201451864289
Strep_C18177,0.11634201451864289
Strep_C18178,0.99999999
Strep_C18179,0.351325490499599
Strep_C1817,0.47311830745470035
Strep_C18180,0.11136757272179186
Strep_C18181,0.11136757272179186
Strep_C18182,0.99999999
Strep_C18183,0.7847940789287989
Strep_C18184,0.333266628208235
Strep_C18185,0.11136757272179186
Strep_C18186,0.11136757272179186
Strep_C18187,0.11136757272179186
Strep_C18188,0.11136757272179186
Strep_C18189,0.99999999
Strep_C1818,0.11634201451864289
Strep_C18190,0.99999999
Strep_C18191,0.11136757272179186
Strep_C18192,0.11136757272179186
Strep_C18193,0.1160600458814914
Strep_C18194,0.23305302815717163
Strep_C18195,0.471274539360154
Strep_C18196,0.99999999
Strep_C18197,0.35132537846575046
Strep_C18198,0.23305302815717163
Strep_C18199,0.1160600458814914
Strep_C1819,0.99999999
Strep_C181,0.11634201451864289
Strep_C18200,0.2337017810381666
Strep_C18201,0.35245843672205746
Strep_C18202,0.351325490499599
Strep_C18203,0.2337017810381666
Strep_C18204,0.11634201451864289
Strep_C18205,0.11634201451864289
Strep_C18206,0.23305302815717163
Strep_C18207,0.11634201451864289
Strep_C18208,0.23305302815717163
Strep_C18209,0.11634201451864289
Strep_C1820,0.99999999
Strep_C18210,0.11634201451864289
Strep_C18211,0.11634201451864289
Strep_C18212,0.23370178103816636
Strep_C18213,0.47311830745470035
Strep_C18214,0.11634201451864289
Strep_C18215,0.3524582818100281
Strep_C18216,0.11634201451864289
Strep_C18217,0.99999999
Strep_C18218,0.11634201451864289
Strep_C18219,0.11634201451864289
Strep_C1821,0.47127620612957083
Strep_C18220,0.11634201451864289
Strep_C18221,0.1163415109155265
Strep_C18222,0.471274539360154
Strep_C18223,0.1163415109155265
Strep_C18224,0.22283354305359118
Strep_C18225,0.3524582818100281
Strep_C18226,0.1163415109155265
Strep_C18227,0.1163415109155265
Strep_C18228,0.1163415109155265
Strep_C18229,0.1163415109155265
Strep_C1822,0.11634201451864289
Strep_C18230,0.23370228693111114
Strep_C18231,0.1163415109155265
Strep_C18232,0.1163415109155265
Strep_C18233,0.1163415109155265
Strep_C18234,0.1163415109155265
Strep_C18235,0.99999999
Strep_C18236,0.11634201451864289
Strep_C18237,0.47311830745470035
Strep_C18238,0.35245843672205746
Strep_C18239,0.7256406595528874
Strep_C1823,0.99999999
Strep_C18240,0.8524313909199117
Strep_C18241,0.8524313909199117
Strep_C18242,0.2337017810381666
Strep_C18243,0.11634201451864289
Strep_C18244,0.11634201451864289
Strep_C18245,0.11634201451864289
Strep_C18246,0.11634201451864289
Strep_C18247,0.11634201451864289
Strep_C18248,0.23370228693111114
Strep_C18249,0.11634201451864289
Strep_C1824,0.35245843672205746
Strep_C18250,0.11634201451864289
Strep_C18251,0.99999999
Strep_C18252,0.99999999
Strep_C18253,0.11136757272179186
Strep_C18254,0.11136757272179186
Strep_C18255,0.11136757272179186
Strep_C18256,0.99999999
Strep_C18257,0.333266628208235
Strep_C18258,0.11136757272179186
Strep_C18259,0.11136757272179186
Strep_C1825,0.99999999
Strep_C18260,0.11136757272179186
Strep_C18261,0.11136757272179186
Strep_C18262,0.11136757272179186
Strep_C18263,0.11136757272179186
Strep_C18264,0.11136757272179186
Strep_C18265,0.11136757272179186
Strep_C18266,0.23305302815717163
Strep_C18267,0.471274539360154
Strep_C18268,0.23305302815717163
Strep_C18269,0.8524313909199117
Strep_C1826,0.11634201451864289
Strep_C18270,0.47127620612957083
Strep_C18271,0.23305302815717163
Strep_C18272,0.23305302815717163
Strep_C18273,0.2337017810381666
Strep_C18274,0.2337017810381666
Strep_C18275,0.11634201451864289
Strep_C18276,0.35245843672205746
Strep_C18277,0.11634201451864289
Strep_C18278,0.11634201451864289
Strep_C18279,0.11634201451864289
Strep_C1827,0.11634201451864289
Strep_C18280,0.11634201451864289
Strep_C18281,0.11634201451864289
Strep_C18282,0.11634201451864289
Strep_C18283,0.2337017810381666
Strep_C18284,0.23305302815717163
Strep_C18285,0.7847940789287989
Strep_C18286,0.557982185216091
Strep_C18287,0.23370178103816636
Strep_C18288,0.11634201451864289
Strep_C18289,0.11634201451864289
Strep_C1828,0.11634201451864289
Strep_C18290,0.2337017810381666
Strep_C18291,0.11634201451864289
Strep_C18292,0.11634201451864289
Strep_C18293,0.11634201451864289
Strep_C18294,0.11634201451864289
Strep_C18295,0.1163415109155265
Strep_C18296,0.1163415109155265
Strep_C18297,0.1163415109155265
Strep_C18298,0.1163415109155265
Strep_C18299,0.1163415109155265
Strep_C1829,0.11136757272179186
Strep_C182,0.23370178103816636
Strep_C18300,0.1163415109155265
Strep_C18301,0.23370228693111114
Strep_C18302,0.1163415109155265
Strep_C18303,0.99999999
Strep_C18304,0.8889131171654778
Strep_C18305,0.99999999
Strep_C18306,0.99999999
Strep_C18307,0.11634201451864289
Strep_C18308,0.11634201451864289
Strep_C18309,0.11634201451864289
Strep_C1830,0.47127620612957083
Strep_C18310,0.99999999
Strep_C18311,0.99999999
Strep_C18312,0.35245843672205746
Strep_C18313,0.47311830745470035
Strep_C18314,0.11634201451864289
Strep_C18315,0.11634201451864289
Strep_C18316,0.8524331858472348
Strep_C18317,0.99999999
Strep_C18318,0.23370228693111114
Strep_C18319,0.23370178103816636
Strep_C1831,0.1163415109155265
Strep_C18320,0.11634201451864289
Strep_C18321,0.351325490499599
Strep_C18322,0.11634201451864289
Strep_C18323,0.11634201451864289
Strep_C18324,0.99999999
Strep_C18325,0.11136757272179186
Strep_C18326,0.11136757272179186
Strep_C18327,0.5579816378691367
Strep_C18328,0.11136757272179186
Strep_C18329,0.11136757272179186
Strep_C1832,0.1163415109155265
Strep_C18330,0.11136757272179186
Strep_C18331,0.23305302815717163
Strep_C18332,0.5936452796634148
Strep_C18333,0.99999999
Strep_C18334,0.99999999
Strep_C18335,0.23305302815717163
Strep_C18336,0.23305302815717163
Strep_C18337,0.1160600458814914
Strep_C18338,0.333266628208235
Strep_C18339,0.1160600458814914
Strep_C1833,0.99999999
Strep_C18340,0.23305302815717163
Strep_C18341,0.1160600458814914
Strep_C18342,0.23305302815717163
Strep_C18343,0.47311830745470035
Strep_C18344,0.11634201451864289
Strep_C18345,0.47311830745470035
Strep_C18346,0.11634201451864289
Strep_C18347,0.23305302815717163
Strep_C18348,0.11634201451864289
Strep_C18349,0.11634201451864289
Strep_C1834,0.2337017810381666
Strep_C18350,0.11634201451864289
Strep_C18351,0.11634201451864289
Strep_C18352,0.47311830745470035
Strep_C18353,0.11634201451864289
Strep_C18354,0.35245843672205746
Strep_C18355,0.5967214293920762
Strep_C18356,0.11634201451864289
Strep_C18357,0.11634201451864289
Strep_C18358,0.47311830745470035
Strep_C18359,0.23370228693111114
Strep_C1835,0.23305302815717163
Strep_C18360,0.1163415109155265
Strep_C18361,0.1163415109155265
Strep_C18362,0.1163415109155265
Strep_C18363,0.1163415109155265
Strep_C18364,0.1163415109155265
Strep_C18365,0.1163415109155265
Strep_C18366,0.1163415109155265
Strep_C18367,0.1163415109155265
Strep_C18368,0.1163415109155265
Strep_C18369,0.1163415109155265
Strep_C1836,0.99999999
Strep_C18370,0.1163415109155265
Strep_C18371,0.1163415109155265
Strep_C18372,0.1163415109155265
Strep_C18373,0.1163415109155265
Strep_C18374,0.1163415109155265
Strep_C18375,0.1163415109155265
Strep_C18376,0.99999999
Strep_C18377,0.99999999
Strep_C18378,0.11634201451864289
Strep_C18379,0.11634201451864289
Strep_C1837,0.1163415109155265
Strep_C18380,0.11634201451864289
Strep_C18381,0.11634201451864289
Strep_C18382,0.11634201451864289
Strep_C18383,0.7847940789287989
Strep_C18384,0.7198643407720242
Strep_C18385,0.11634201451864289
Strep_C18386,0.11634201451864289
Strep_C18387,0.6665426254504294
Strep_C18388,0.11634201451864289
Strep_C18389,0.5555542629982061
Strep_C1838,0.11634201451864289
Strep_C18390,0.99999999
Strep_C18391,0.11634201451864289
Strep_C18392,0.11634201451864289
Strep_C18393,0.11634201451864289
Strep_C18394,0.11634201451864289
Strep_C18395,0.11634201451864289
Strep_C18396,0.351325490499599
Strep_C18397,0.11634201451864289
Strep_C18398,0.11634201451864289
Strep_C18399,0.11634201451864289
Strep_C1839,0.11634201451864289
Strep_C183,0.11136757272179186
Strep_C18400,0.351325490499599
Strep_C18401,0.11634201451864289
Strep_C18402,0.11634201451864289
Strep_C18403,0.11634201451864289
Strep_C18404,0.11634201451864289
Strep_C18405,0.11136757272179186
Strep_C18406,0.11136757272179186
Strep_C18407,0.9053588679153928
Strep_C18408,0.11136757272179186
Strep_C18409,0.22283322077504625
Strep_C1840,0.22283322077504625
Strep_C18410,0.11136757272179186
Strep_C18411,0.11136757272179186
Strep_C18412,0.99999999
Strep_C18413,0.11136757272179186
Strep_C18414,0.11136757272179186
Strep_C18415,0.11136757272179186
Strep_C18416,0.23305302815717163
Strep_C18417,0.23305302815717163
Strep_C18418,0.23305302815717163
Strep_C18419,0.4712762061295706
Strep_C1841,0.23305302815717163
Strep_C18420,0.471274539360154
Strep_C18421,0.99999999
Strep_C18422,0.23305302815717163
Strep_C18423,0.23305302815717163
Strep_C18424,0.1160600458814914
Strep_C18425,0.1160600458814914
Strep_C18426,0.2337017810381666
Strep_C18427,0.11634201451864289
Strep_C18428,0.35245843672205746
Strep_C18429,0.11634201451864289
Strep_C1842,0.471274539360154
Strep_C18430,0.11634201451864289
Strep_C18431,0.2337017810381666
Strep_C18432,0.99999999
Strep_C18433,0.11634201451864289
Strep_C18434,0.23370178103816636
Strep_C18435,0.11634201451864289
Strep_C18436,0.11634201451864289
Strep_C18437,0.11634201451864289
Strep_C18438,0.11634201451864289
Strep_C18439,0.11634201451864289
Strep_C1843,0.23370178103816636
Strep_C18440,0.11634201451864289
Strep_C18441,0.11634201451864289
Strep_C18442,0.11634201451864289
Strep_C18443,0.11634201451864289
Strep_C18444,0.11634201451864289
Strep_C18445,0.11634201451864289
Strep_C18446,0.2337017810381666
Strep_C18447,0.1163415109155265
Strep_C18448,0.1163415109155265
Strep_C18449,0.1163415109155265
Strep_C1844,0.11634201451864289
Strep_C18450,0.1163415109155265
Strep_C18451,0.1163415109155265
Strep_C18452,0.1163415109155265
Strep_C18453,0.1163415109155265
Strep_C18454,0.1163415109155265
Strep_C18455,0.1163415109155265
Strep_C18456,0.1163415109155265
Strep_C18457,0.1163415109155265
Strep_C18458,0.1163415109155265
Strep_C18459,0.1163415109155265
Strep_C1845,0.11634201451864289
Strep_C18460,0.1163415109155265
Strep_C18461,0.23370228693111114
Strep_C18462,0.1163415109155265
Strep_C18463,0.99999999
Strep_C18464,0.23370178103816636
Strep_C18465,0.11634201451864289
Strep_C18466,0.11634201451864289
Strep_C18467,0.11634201451864289
Strep_C18468,0.5967214293920762
Strep_C18469,0.11634201451864289
Strep_C1846,0.11634201451864289
Strep_C18470,0.99999999
Strep_C18471,0.11634201451864289
Strep_C18472,0.11634201451864289
Strep_C18473,0.35245843672205746
Strep_C18474,0.351325490499599
Strep_C18475,0.99999999
Strep_C18476,0.11634201451864289
Strep_C18477,0.35245843672205746
Strep_C18478,0.23370228693111114
Strep_C18479,0.471274539360154
Strep_C1847,0.11634201451864289
Strep_C18480,0.99999999
Strep_C18481,0.471274539360154
Strep_C18482,0.11634201451864289
Strep_C18483,0.11634201451864289
Strep_C18484,0.11136757272179186
Strep_C18485,0.11136757272179186
Strep_C18486,0.8889223478224411
Strep_C18487,0.11136757272179186
Strep_C18488,0.11136757272179186
Strep_C18489,0.11136757272179186
Strep_C1848,0.11634201451864289
Strep_C18490,0.11136757272179186
Strep_C18491,0.11136757272179186
Strep_C18492,0.11136757272179186
Strep_C18493,0.11136757272179186
Strep_C18494,0.23305302815717163
Strep_C18495,0.23305302815717163
Strep_C18496,0.23305302815717163
Strep_C18497,0.23305302815717163
Strep_C18498,0.23305302815717163
Strep_C18499,0.23305302815717163
Strep_C1849,0.47311830745470035
Strep_C184,0.11634201451864289
Strep_C18500,0.23305302815717163
Strep_C18501,0.23305302815717163
Strep_C18502,0.23305302815717163
Strep_C18503,0.23305302815717163
Strep_C18504,0.35245843672205746
Strep_C18505,0.11634201451864289
Strep_C18506,0.11634201451864289
Strep_C18507,0.11634201451864289
Strep_C18508,0.11634201451864289
Strep_C18509,0.11634201451864289
Strep_C1850,0.11634201451864289
Strep_C18510,0.23370178103816636
Strep_C18511,0.11634201451864289
Strep_C18512,0.11634201451864289
Strep_C18513,0.11634201451864289
Strep_C18514,0.11634201451864289
Strep_C18515,0.1163415109155265
Strep_C18516,0.1163415109155265
Strep_C18517,0.1163415109155265
Strep_C18518,0.1163415109155265
Strep_C18519,0.1163415109155265
Strep_C1851,0.11634201451864289
Strep_C18520,0.1163415109155265
Strep_C18521,0.1163415109155265
Strep_C18522,0.1163415109155265
Strep_C18523,0.1163415109155265
Strep_C18524,0.1163415109155265
Strep_C18525,0.1163415109155265
Strep_C18526,0.1163415109155265
Strep_C18527,0.1163415109155265
Strep_C18528,0.1163415109155265
Strep_C18529,0.1163415109155265
Strep_C1852,0.99999999
Strep_C18530,0.99999999
Strep_C18531,0.99999999
Strep_C18532,0.23370178103816636
Strep_C18533,0.11634201451864289
Strep_C18534,0.47311830745470035
Strep_C18535,0.11634201451864289
Strep_C18536,0.99999999
Strep_C18537,0.47311830745470035
Strep_C18538,0.2337017810381666
Strep_C18539,0.8524313909199117
Strep_C1853,0.23305302815717163
Strep_C18540,0.11634201451864289
Strep_C18541,0.23370228693111114
Strep_C18542,0.11634201451864289
Strep_C18543,0.11634201451864289
Strep_C18544,0.11634201451864289
Strep_C18545,0.11634201451864289
Strep_C18546,0.11634201451864289
Strep_C18547,0.11634201451864289
Strep_C18548,0.11634201451864289
Strep_C18549,0.11634201451864289
Strep_C1854,0.44444989529753154
Strep_C18550,0.11634201451864289
Strep_C18551,0.11136757272179186
Strep_C18552,0.557982185216091
Strep_C18553,0.7778688864057204
Strep_C18554,0.3342595322757504
Strep_C18555,0.11136757272179186
Strep_C18556,0.9053588679153928
Strep_C18557,0.11136757272179186
Strep_C18558,0.23305302815717163
Strep_C18559,0.4712762061295706
Strep_C1855,0.11634201451864289
Strep_C18560,0.8524331858472348
Strep_C18561,0.23305302815717163
Strep_C18562,0.351325490499599
Strep_C18563,0.1160600458814914
Strep_C18564,0.351325490499599
Strep_C18565,0.23305302815717163
Strep_C18566,0.23305302815717163
Strep_C18567,0.23305302815717163
Strep_C18568,0.23305302815717163
Strep_C18569,0.5967242474384321
Strep_C1856,0.11634201451864289
Strep_C18570,0.11634201451864289
Strep_C18571,0.11634201451864289
Strep_C18572,0.11634201451864289
Strep_C18573,0.11634201451864289
Strep_C18574,0.11634201451864289
Strep_C18575,0.5967242474384321
Strep_C18576,0.11634201451864289
Strep_C18577,0.11634201451864289
Strep_C18578,0.11634201451864289
Strep_C18579,0.47127620612957083
Strep_C1857,0.11634201451864289
Strep_C18580,0.11634201451864289
Strep_C18581,0.1163415109155265
Strep_C18582,0.1163415109155265
Strep_C18583,0.1163415109155265
Strep_C18584,0.1163415109155265
Strep_C18585,0.1163415109155265
Strep_C18586,0.1163415109155265
Strep_C18587,0.1163415109155265
Strep_C18588,0.1163415109155265
Strep_C18589,0.1163415109155265
Strep_C1858,0.1163415109155265
Strep_C18590,0.1163415109155265
Strep_C18591,0.1163415109155265
Strep_C18592,0.1163415109155265
Strep_C18593,0.1163415109155265
Strep_C18594,0.1163415109155265
Strep_C18595,0.1163415109155265
Strep_C18596,0.1163415109155265
Strep_C18597,0.23370228693111114
Strep_C18598,0.47311830745470035
Strep_C18599,0.11634201451864289
Strep_C1859,0.1163415109155265
Strep_C185,0.11634201451864289
Strep_C18600,0.47311830745470035
Strep_C18601,0.99999999
Strep_C18602,0.11634201451864289
Strep_C18603,0.11634201451864289
Strep_C18604,0.47311830745470035
Strep_C18605,0.99999999
Strep_C18606,0.2337017810381666
Strep_C18607,0.11634201451864289
Strep_C18608,0.5967242474384321
Strep_C18609,0.35245843672205746
Strep_C1860,0.1163415109155265
Strep_C18610,0.22283322077504625
Strep_C18611,0.471274539360154
Strep_C18612,0.11634201451864289
Strep_C18613,0.11634201451864289
Strep_C18614,0.11634201451864289
Strep_C18615,0.11634201451864289
Strep_C18616,0.11634201451864289
Strep_C18617,0.11634201451864289
Strep_C18618,0.11634201451864289
Strep_C18619,0.8889131171654778
Strep_C1861,0.5967214293920762
Strep_C18620,0.11136757272179186
Strep_C18621,0.11136757272179186
Strep_C18622,0.11136757272179186
Strep_C18623,0.11136757272179186
Strep_C18624,0.11136757272179186
Strep_C18625,0.11136757272179186
Strep_C18626,0.11136757272179186
Strep_C18627,0.8889131171654778
Strep_C18628,0.11136757272179186
Strep_C18629,0.23305302815717163
Strep_C1862,0.5967214293920762
Strep_C18630,0.7198643407720242
Strep_C18631,0.23305302815717163
Strep_C18632,0.23305302815717163
Strep_C18633,0.23305302815717163
Strep_C18634,0.23305302815717163
Strep_C18635,0.23370228693111114
Strep_C18636,0.35245843672205746
Strep_C18637,0.11634201451864289
Strep_C18638,0.11634201451864289
Strep_C18639,0.11634201451864289
Strep_C1863,0.11634201451864289
Strep_C18640,0.11634201451864289
Strep_C18641,0.11634201451864289
Strep_C18642,0.351325490499599
Strep_C18643,0.3524582818100281
Strep_C18644,0.11634201451864289
Strep_C18645,0.11634201451864289
Strep_C18646,0.11634201451864289
Strep_C18647,0.11634201451864289
Strep_C18648,0.1163415109155265
Strep_C18649,0.1163415109155265
Strep_C1864,0.8889131171654778
Strep_C18650,0.1163415109155265
Strep_C18651,0.1163415109155265
Strep_C18652,0.1163415109155265
Strep_C18653,0.7256406595528874
Strep_C18654,0.1163415109155265
Strep_C18655,0.1163415109155265
Strep_C18656,0.23370228693111114
Strep_C18657,0.23370228693111114
Strep_C18658,0.1163415109155265
Strep_C18659,0.1163415109155265
Strep_C1865,0.11634201451864289
Strep_C18660,0.1163415109155265
Strep_C18661,0.1163415109155265
Strep_C18662,0.1163415109155265
Strep_C18663,0.1163415109155265
Strep_C18664,0.1163415109155265
Strep_C18665,0.1163415109155265
Strep_C18666,0.1163415109155265
Strep_C18667,0.99999999
Strep_C18668,0.47311830745470035
Strep_C18669,0.47311830745470035
Strep_C1866,0.11634201451864289
Strep_C18670,0.11634201451864289
Strep_C18671,0.99999999
Strep_C18672,0.5936452796634148
Strep_C18673,0.47311830745470035
Strep_C18674,0.5936427844819077
Strep_C18675,0.99999999
Strep_C18676,0.47311830745470035
Strep_C18677,0.11634201451864289
Strep_C18678,0.471274539360154
Strep_C18679,0.11634201451864289
Strep_C1867,0.99999999
Strep_C18680,0.2337017810381666
Strep_C18681,0.11634201451864289
Strep_C18682,0.11634201451864289
Strep_C18683,0.11634201451864289
Strep_C18684,0.11634201451864289
Strep_C18685,0.11634201451864289
Strep_C18686,0.11634201451864289
Strep_C18687,0.11136757272179186
Strep_C18688,0.11136757272179186
Strep_C18689,0.11136757272179186
Strep_C1868,0.11634201451864289
Strep_C18690,0.333266628208235
Strep_C18691,0.333266628208235
Strep_C18692,0.11136757272179186
Strep_C18693,0.11136757272179186
Strep_C18694,0.7847940789287989
Strep_C18695,0.11136757272179186
Strep_C18696,0.23305302815717163
Strep_C18697,0.23305302815717163
Strep_C18698,0.1160600458814914
Strep_C18699,0.1160600458814914
Strep_C1869,0.99999999
Strep_C186,0.99999999
Strep_C18700,0.23305302815717163
Strep_C18701,0.1160600458814914
Strep_C18702,0.2337017810381666
Strep_C18703,0.2337017810381666
Strep_C18704,0.7256406595528874
Strep_C18705,0.2337017810381666
Strep_C18706,0.35245843672205746
Strep_C18707,0.11634201451864289
Strep_C18708,0.11634201451864289
Strep_C18709,0.11634201451864289
Strep_C1870,0.334259100712907
Strep_C18710,0.11634201451864289
Strep_C18711,0.11634201451864289
Strep_C18712,0.11634201451864289
Strep_C18713,0.47311830745470035
Strep_C18714,0.11634201451864289
Strep_C18715,0.11634201451864289
Strep_C18716,0.1163415109155265
Strep_C18717,0.1163415109155265
Strep_C18718,0.99999999
Strep_C18719,0.1163415109155265
Strep_C1871,0.23305302815717163
Strep_C18720,0.1163415109155265
Strep_C18721,0.7256406595528874
Strep_C18722,0.1163415109155265
Strep_C18723,0.1163415109155265
Strep_C18724,0.1163415109155265
Strep_C18725,0.9053588679153928
Strep_C18726,0.351325490499599
Strep_C18727,0.2337017810381666
Strep_C18728,0.2337017810381666
Strep_C18729,0.35245843672205746
Strep_C1872,0.99999999
Strep_C18730,0.11634201451864289
Strep_C18731,0.99999999
Strep_C18732,0.47127620612957083
Strep_C18733,0.7256404808820707
Strep_C18734,0.23370228693111114
Strep_C18735,0.35245843672205746
Strep_C18736,0.11634201451864289
Strep_C18737,0.11634201451864289
Strep_C18738,0.11634201451864289
Strep_C18739,0.11634201451864289
Strep_C1873,0.8524313909199117
Strep_C18740,0.11634201451864289
Strep_C18741,0.11634201451864289
Strep_C18742,0.11634201451864289
Strep_C18743,0.11634201451864289
Strep_C18744,0.11634201451864289
Strep_C18745,0.11136757272179186
Strep_C18746,0.11136757272179186
Strep_C18747,0.11136757272179186
Strep_C18748,0.11136757272179186
Strep_C18749,0.11136757272179186
Strep_C1874,0.23370178103816636
Strep_C18750,0.11136757272179186
Strep_C18751,0.11136757272179186
Strep_C18752,0.11136757272179186
Strep_C18753,0.11136757272179186
Strep_C18754,0.11136757272179186
Strep_C18755,0.11136757272179186
Strep_C18756,0.11136757272179186
Strep_C18757,0.11136757272179186
Strep_C18758,0.11136757272179186
Strep_C18759,0.8524331858472348
Strep_C1875,0.1163415109155265
Strep_C18760,0.23305302815717163
Strep_C18761,0.1160600458814914
Strep_C18762,0.1160600458814914
Strep_C18763,0.23305302815717163
Strep_C18764,0.23305302815717163
Strep_C18765,0.47311651524910325
Strep_C18766,0.8524331858472348
Strep_C18767,0.47311830745470035
Strep_C18768,0.11634201451864289
Strep_C18769,0.99999999
Strep_C1876,0.1163415109155265
Strep_C18770,0.35245843672205746
Strep_C18771,0.11634201451864289
Strep_C18772,0.11634201451864289
Strep_C18773,0.23305302815717163
Strep_C18774,0.3524582818100281
Strep_C18775,0.47311830745470035
Strep_C18776,0.99999999
Strep_C18777,0.47311830745470035
Strep_C18778,0.11634201451864289
Strep_C18779,0.1163415109155265
Strep_C1877,0.35245843672205746
Strep_C18780,0.47311651524910325
Strep_C18781,0.1163415109155265
Strep_C18782,0.1163415109155265
Strep_C18783,0.471274539360154
Strep_C18784,0.1163415109155265
Strep_C18785,0.1163415109155265
Strep_C18786,0.1163415109155265
Strep_C18787,0.1163415109155265
Strep_C18788,0.1163415109155265
Strep_C18789,0.1163415109155265
Strep_C1878,0.11634201451864289
Strep_C18790,0.1163415109155265
Strep_C18791,0.1163415109155265
Strep_C18792,0.1163415109155265
Strep_C18793,0.99999999
Strep_C18794,0.5967242474384321
Strep_C18795,0.11634201451864289
Strep_C18796,0.11634201451864289
Strep_C18797,0.11634201451864289
Strep_C18798,0.7198634438443039
Strep_C18799,0.2337017810381666
Strep_C1879,0.11136757272179186
Strep_C187,0.23305302815717163
Strep_C18800,0.99999999
Strep_C18801,0.5555542629982061
Strep_C18802,0.23370178103816636
Strep_C18803,0.11634201451864289
Strep_C18804,0.557982185216091
Strep_C18805,0.11634201451864289
Strep_C18806,0.11634201451864289
Strep_C18807,0.11634201451864289
Strep_C18808,0.23370228693111114
Strep_C18809,0.11634201451864289
Strep_C1880,0.5555542629982061
Strep_C18810,0.11634201451864289
Strep_C18811,0.23370228693111114
Strep_C18812,0.2337017810381666
Strep_C18813,0.11136757272179186
Strep_C18814,0.11136757272179186
Strep_C18815,0.11136757272179186
Strep_C18816,0.11136757272179186
Strep_C18817,0.11136757272179186
Strep_C18818,0.11136757272179186
Strep_C18819,0.1160600458814914
Strep_C1881,0.23305302815717163
Strep_C18820,0.35132537846575046
Strep_C18821,0.23305302815717163
Strep_C18822,0.99999999
Strep_C18823,0.351325490499599
Strep_C18824,0.7198634438443039
Strep_C18825,0.5967242474384321
Strep_C18826,0.5936452796634148
Strep_C18827,0.2337017810381666
Strep_C18828,0.11634201451864289
Strep_C18829,0.2337017810381666
Strep_C1882,0.11634201451864289
Strep_C18830,0.11634201451864289
Strep_C18831,0.11634201451864289
Strep_C18832,0.11634201451864289
Strep_C18833,0.11634201451864289
Strep_C18834,0.11634201451864289
Strep_C18835,0.23370228693111114
Strep_C18836,0.11634201451864289
Strep_C18837,0.11634201451864289
Strep_C18838,0.11634201451864289
Strep_C18839,0.11634201451864289
Strep_C1883,0.11634201451864289
Strep_C18840,0.11634201451864289
Strep_C18841,0.11634201451864289
Strep_C18842,0.11634201451864289
Strep_C18843,0.11634201451864289
Strep_C18844,0.11634201451864289
Strep_C18845,0.11634201451864289
Strep_C18846,0.1163415109155265
Strep_C18847,0.1163415109155265
Strep_C18848,0.1163415109155265
Strep_C18849,0.1163415109155265
Strep_C1884,0.1163415109155265
Strep_C18850,0.1163415109155265
Strep_C18851,0.1163415109155265
Strep_C18852,0.7198643407720242
Strep_C18853,0.99999999
Strep_C18854,0.1163415109155265
Strep_C18855,0.1163415109155265
Strep_C18856,0.1163415109155265
Strep_C18857,0.1163415109155265
Strep_C18858,0.5967214293920762
Strep_C18859,0.99999999
Strep_C1885,0.23370178103816636
Strep_C18860,0.99999999
Strep_C18861,0.11634201451864289
Strep_C18862,0.23370178103816636
Strep_C18863,0.11634201451864289
Strep_C18864,0.23370178103816636
Strep_C18865,0.11634201451864289
Strep_C18866,0.11634201451864289
Strep_C18867,0.11634201451864289
Strep_C18868,0.7256406595528874
Strep_C18869,0.3524582818100281
Strep_C1886,0.23370178103816636
Strep_C18870,0.11634201451864289
Strep_C18871,0.11634201451864289
Strep_C18872,0.11634201451864289
Strep_C18873,0.47311830745470035
Strep_C18874,0.3524582818100281
Strep_C18875,0.351325490499599
Strep_C18876,0.23370228693111114
Strep_C18877,0.11634201451864289
Strep_C18878,0.11634201451864289
Strep_C18879,0.11634201451864289
Strep_C1887,0.11634201451864289
Strep_C18880,0.11634201451864289
Strep_C18881,0.11634201451864289
Strep_C18882,0.47311651524910325
Strep_C18883,0.11634201451864289
Strep_C18884,0.23370228693111114
Strep_C18885,0.11634201451864289
Strep_C18886,0.11634201451864289
Strep_C18887,0.99999999
Strep_C18888,0.99999999
Strep_C18889,0.11136757272179186
Strep_C1888,0.23305302815717163
Strep_C18890,0.11136757272179186
Strep_C18891,0.11136757272179186
Strep_C18892,0.11136757272179186
Strep_C18893,0.11136757272179186
Strep_C18894,0.11136757272179186
Strep_C18895,0.11136757272179186
Strep_C18896,0.11136757272179186
Strep_C18897,0.11136757272179186
Strep_C18898,0.23305302815717163
Strep_C18899,0.1160600458814914
Strep_C1889,0.11634201451864289
Strep_C188,0.23305302815717163
Strep_C18900,0.99999999
Strep_C18901,0.1160600458814914
Strep_C18902,0.1160600458814914
Strep_C18903,0.35245843672205746
Strep_C18904,0.35245843672205746
Strep_C18905,0.8524313909199117
Strep_C18906,0.35245843672205746
Strep_C18907,0.11634201451864289
Strep_C18908,0.2337017810381666
Strep_C18909,0.11634201451864289
Strep_C1890,0.11634201451864289
Strep_C18910,0.23370228693111114
Strep_C18911,0.11634201451864289
Strep_C18912,0.11634201451864289
Strep_C18913,0.11634201451864289
Strep_C18914,0.23370228693111114
Strep_C18915,0.23370228693111114
Strep_C18916,0.35245843672205746
Strep_C18917,0.2337017810381666
Strep_C18918,0.11634201451864289
Strep_C18919,0.35245843672205746
Strep_C1891,0.11634201451864289
Strep_C18920,0.11634201451864289
Strep_C18921,0.2337017810381666
Strep_C18922,0.1163415109155265
Strep_C18923,0.47311651524910325
Strep_C18924,0.1163415109155265
Strep_C18925,0.7778688864057204
Strep_C18926,0.1163415109155265
Strep_C18927,0.1163415109155265
Strep_C18928,0.1163415109155265
Strep_C18929,0.1163415109155265
Strep_C1892,0.5967214293920762
Strep_C18930,0.1163415109155265
Strep_C18931,0.35245843672205746
Strep_C18932,0.11634201451864289
Strep_C18933,0.11634201451864289
Strep_C18934,0.11634201451864289
Strep_C18935,0.11634201451864289
Strep_C18936,0.11634201451864289
Strep_C18937,0.11634201451864289
Strep_C18938,0.8524331858472348
Strep_C18939,0.8524313909199117
Strep_C1893,0.1163415109155265
Strep_C18940,0.99999999
Strep_C18941,0.7256406595528874
Strep_C18942,0.2337017810381666
Strep_C18943,0.23370178103816636
Strep_C18944,0.7256406595528874
Strep_C18945,0.11634201451864289
Strep_C18946,0.44444989529753154
Strep_C18947,0.11634201451864289
Strep_C18948,0.11634201451864289
Strep_C18949,0.11634201451864289
Strep_C1894,0.2337017810381666
Strep_C18950,0.11634201451864289
Strep_C18951,0.11634201451864289
Strep_C18952,0.5967214293920762
Strep_C18953,0.11634201451864289
Strep_C18954,0.11634201451864289
Strep_C18955,0.11634201451864289
Strep_C18956,0.11634201451864289
Strep_C18957,0.11634201451864289
Strep_C18958,0.22283322077504625
Strep_C18959,0.11136757272179186
Strep_C1895,0.99999999
Strep_C18960,0.11136757272179186
Strep_C18961,0.99999999
Strep_C18962,0.11136757272179186
Strep_C18963,0.11136757272179186
Strep_C18964,0.11136757272179186
Strep_C18965,0.11136757272179186
Strep_C18966,0.23305302815717163
Strep_C18967,0.23305302815717163
Strep_C18968,0.23305302815717163
Strep_C18969,0.23305302815717163
Strep_C1896,0.1163415109155265
Strep_C18970,0.23305302815717163
Strep_C18971,0.1160600458814914
Strep_C18972,0.47311830745470035
Strep_C18973,0.47311830745470035
Strep_C18974,0.2337017810381666
Strep_C18975,0.2337017810381666
Strep_C18976,0.11634201451864289
Strep_C18977,0.11634201451864289
Strep_C18978,0.47311830745470035
Strep_C18979,0.11634201451864289
Strep_C1897,0.1163415109155265
Strep_C18980,0.11634201451864289
Strep_C18981,0.23305302815717163
Strep_C18982,0.11634201451864289
Strep_C18983,0.11634201451864289
Strep_C18984,0.11634201451864289
Strep_C18985,0.11634201451864289
Strep_C18986,0.23370228693111114
Strep_C18987,0.11634201451864289
Strep_C18988,0.11634201451864289
Strep_C18989,0.11634201451864289
Strep_C1898,0.1163415109155265
Strep_C18990,0.11634201451864289
Strep_C18991,0.23370178103816636
Strep_C18992,0.11634201451864289
Strep_C18993,0.23370228693111114
Strep_C18994,0.11634201451864289
Strep_C18995,0.23370228693111114
Strep_C18996,0.11634201451864289
Strep_C18997,0.11634201451864289
Strep_C18998,0.11634201451864289
Strep_C18999,0.11634201451864289
Strep_C1899,0.99999999
Strep_C189,0.11634201451864289
Strep_C18,0.11136757272179186
Strep_C19000,0.11634201451864289
Strep_C19001,0.1163415109155265
Strep_C19002,0.1163415109155265
Strep_C19003,0.1163415109155265
Strep_C19004,0.1163415109155265
Strep_C19005,0.1163415109155265
Strep_C19006,0.35132537846575046
Strep_C19007,0.1163415109155265
Strep_C19008,0.1163415109155265
Strep_C19009,0.1163415109155265
Strep_C1900,0.47311830745470035
Strep_C19010,0.1163415109155265
Strep_C19011,0.1163415109155265
Strep_C19012,0.1163415109155265
Strep_C19013,0.1163415109155265
Strep_C19014,0.99999999
Strep_C19015,0.99999999
Strep_C19016,0.99999999
Strep_C19017,0.11634201451864289
Strep_C19018,0.8524331858472348
Strep_C19019,0.8889131171654778
Strep_C1901,0.11634201451864289
Strep_C19020,0.11634201451864289
Strep_C19021,0.47311830745470035
Strep_C19022,0.35245843672205746
Strep_C19023,0.334259100712907
Strep_C19024,0.11634201451864289
Strep_C19025,0.11634201451864289
Strep_C19026,0.11634201451864289
Strep_C19027,0.47311830745470035
Strep_C19028,0.5967242474384321
Strep_C19029,0.2337017810381666
Strep_C1902,0.1163415109155265
Strep_C19030,0.47311651524910325
Strep_C19031,0.670453025682897
Strep_C19032,0.5967242474384321
Strep_C19033,0.351325490499599
Strep_C19034,0.11634201451864289
Strep_C19035,0.11634201451864289
Strep_C19036,0.11634201451864289
Strep_C19037,0.11634201451864289
Strep_C19038,0.11136757272179186
Strep_C19039,0.11136757272179186
Strep_C1903,0.11136757272179186
Strep_C19040,0.11136757272179186
Strep_C19041,0.11136757272179186
Strep_C19042,0.11136757272179186
Strep_C19043,0.11136757272179186
Strep_C19044,0.11136757272179186
Strep_C19045,0.471274539360154
Strep_C19046,0.351325490499599
Strep_C19047,0.23305302815717163
Strep_C19048,0.351325490499599
Strep_C19049,0.23305302815717163
Strep_C1904,0.11634201451864289
Strep_C19050,0.23305302815717163
Strep_C19051,0.471274539360154
Strep_C19052,0.47311830745470035
Strep_C19053,0.11634201451864289
Strep_C19054,0.35245843672205746
Strep_C19055,0.2337017810381666
Strep_C19056,0.11634201451864289
Strep_C19057,0.11634201451864289
Strep_C19058,0.11634201451864289
Strep_C19059,0.11634201451864289
Strep_C1905,0.11634201451864289
Strep_C19060,0.11634201451864289
Strep_C19061,0.11634201451864289
Strep_C19062,0.11634201451864289
Strep_C19063,0.11634201451864289
Strep_C19064,0.11634201451864289
Strep_C19065,0.35245843672205746
Strep_C19066,0.7847940789287989
Strep_C19067,0.11634201451864289
Strep_C19068,0.5967242474384321
Strep_C19069,0.11634201451864289
Strep_C1906,0.8889131171654778
Strep_C19070,0.11634201451864289
Strep_C19071,0.2337017810381666
Strep_C19072,0.1163415109155265
Strep_C19073,0.1163415109155265
Strep_C19074,0.1163415109155265
Strep_C19075,0.99999999
Strep_C19076,0.1163415109155265
Strep_C19077,0.1163415109155265
Strep_C19078,0.1163415109155265
Strep_C19079,0.99999999
Strep_C1907,0.5967214293920762
Strep_C19080,0.35245843672205746
Strep_C19081,0.99999999
Strep_C19082,0.11634201451864289
Strep_C19083,0.11634201451864289
Strep_C19084,0.11634201451864289
Strep_C19085,0.11634201451864289
Strep_C19086,0.351325490499599
Strep_C19087,0.11634201451864289
Strep_C19088,0.23370178103816636
Strep_C19089,0.8524331858472348
Strep_C1908,0.9053588679153928
Strep_C19090,0.670453025682897
Strep_C19091,0.99999999
Strep_C19092,0.334259100712907
Strep_C19093,0.8889131171654778
Strep_C19094,0.47311830745470035
Strep_C19095,0.11634201451864289
Strep_C19096,0.11634201451864289
Strep_C19097,0.11634201451864289
Strep_C19098,0.11634201451864289
Strep_C19099,0.11634201451864289
Strep_C1909,0.11136757272179186
Strep_C190,0.2337017810381666
Strep_C19100,0.11634201451864289
Strep_C19101,0.11136757272179186
Strep_C19102,0.11136757272179186
Strep_C19103,0.11136757272179186
Strep_C19104,0.11136757272179186
Strep_C19105,0.99999999
Strep_C19106,0.11136757272179186
Strep_C19107,0.5555546390366239
Strep_C19108,0.11136757272179186
Strep_C19109,0.11136757272179186
Strep_C1910,0.35245843672205746
Strep_C19110,0.11136757272179186
Strep_C19111,0.11136757272179186
Strep_C19112,0.11136757272179186
Strep_C19113,0.23305302815717163
Strep_C19114,0.23305302815717163
Strep_C19115,0.351325490499599
Strep_C19116,0.23305302815717163
Strep_C19117,0.1160600458814914
Strep_C19118,0.1160600458814914
Strep_C19119,0.1160600458814914
Strep_C1911,0.351325490499599
Strep_C19120,0.1160600458814914
Strep_C19121,0.23305302815717163
Strep_C19122,0.11634201451864289
Strep_C19123,0.35245843672205746
Strep_C19124,0.2337017810381666
Strep_C19125,0.11634201451864289
Strep_C19126,0.23370228693111114
Strep_C19127,0.11634201451864289
Strep_C19128,0.11634201451864289
Strep_C19129,0.11634201451864289
Strep_C1912,0.334259100712907
Strep_C19130,0.7256406595528874
Strep_C19131,0.11634201451864289
Strep_C19132,0.11634201451864289
Strep_C19133,0.47311830745470035
Strep_C19134,0.11634201451864289
Strep_C19135,0.351325490499599
Strep_C19136,0.23370228693111114
Strep_C19137,0.23370178103816636
Strep_C19138,0.11634201451864289
Strep_C19139,0.11634201451864289
Strep_C1913,0.2337017810381666
Strep_C19140,0.5967214293920762
Strep_C19141,0.11634201451864289
Strep_C19142,0.2337017810381666
Strep_C19143,0.1163415109155265
Strep_C19144,0.8524313909199117
Strep_C19145,0.1163415109155265
Strep_C19146,0.1163415109155265
Strep_C19147,0.1163415109155265
Strep_C19148,0.1163415109155265
Strep_C19149,0.1163415109155265
Strep_C1914,0.471274539360154
Strep_C19150,0.7847940789287989
Strep_C19151,0.1163415109155265
Strep_C19152,0.99999999
Strep_C19153,0.11634201451864289
Strep_C19154,0.47311830745470035
Strep_C19155,0.2337017810381666
Strep_C19156,0.11634201451864289
Strep_C19157,0.11634201451864289
Strep_C19158,0.11634201451864289
Strep_C19159,0.11634201451864289
Strep_C1915,0.11634201451864289
Strep_C19160,0.5967242474384321
Strep_C19161,0.7198634438443039
Strep_C19162,0.11634201451864289
Strep_C19163,0.47311830745470035
Strep_C19164,0.35245843672205746
Strep_C19165,0.9053588679153928
Strep_C19166,0.47311830745470035
Strep_C19167,0.23370178103816636
Strep_C19168,0.11634201451864289
Strep_C19169,0.11634201451864289
Strep_C1916,0.11634201451864289
Strep_C19170,0.11634201451864289
Strep_C19171,0.11634201451864289
Strep_C19172,0.11634201451864289
Strep_C19173,0.35245843672205746
Strep_C19174,0.99999999
Strep_C19175,0.471274539360154
Strep_C19176,0.11634201451864289
Strep_C19177,0.11634201451864289
Strep_C19178,0.35245843672205746
Strep_C19179,0.35245843672205746
Strep_C1917,0.11634201451864289
Strep_C19180,0.11634201451864289
Strep_C19181,0.11634201451864289
Strep_C19182,0.11634201451864289
Strep_C19183,0.2337017810381666
Strep_C19184,0.11136757272179186
Strep_C19185,0.99999999
Strep_C19186,0.11136757272179186
Strep_C19187,0.11136757272179186
Strep_C19188,0.11136757272179186
Strep_C19189,0.11136757272179186
Strep_C1918,0.23370228693111114
Strep_C19190,0.9053588679153928
Strep_C19191,0.99999999
Strep_C19192,0.11136757272179186
Strep_C19193,0.11136757272179186
Strep_C19194,0.11136757272179186
Strep_C19195,0.11136757272179186
Strep_C19196,0.22283322077504625
Strep_C19197,0.11136757272179186
Strep_C19198,0.11136757272179186
Strep_C19199,0.11136757272179186
Strep_C1919,0.1163415109155265
Strep_C191,0.11634201451864289
Strep_C19200,0.99999999
Strep_C19201,0.23305302815717163
Strep_C19202,0.23305302815717163
Strep_C19203,0.99999999
Strep_C19204,0.23305302815717163
Strep_C19205,0.23305302815717163
Strep_C19206,0.351325490499599
Strep_C19207,0.471274539360154
Strep_C19208,0.23305302815717163
Strep_C19209,0.1160600458814914
Strep_C1920,0.11136757272179186
Strep_C19210,0.1160600458814914
Strep_C19211,0.1160600458814914
Strep_C19212,0.1160600458814914
Strep_C19213,0.35245843672205746
Strep_C19214,0.11634201451864289
Strep_C19215,0.11634201451864289
Strep_C19216,0.11634201451864289
Strep_C19217,0.23370178103816636
Strep_C19218,0.11634201451864289
Strep_C19219,0.11634201451864289
Strep_C1921,0.22283354305359118
Strep_C19220,0.2337017810381666
Strep_C19221,0.2337017810381666
Strep_C19222,0.11634201451864289
Strep_C19223,0.3524582818100281
Strep_C19224,0.11634201451864289
Strep_C19225,0.11634201451864289
Strep_C19226,0.35245843672205746
Strep_C19227,0.11634201451864289
Strep_C19228,0.11634201451864289
Strep_C19229,0.11634201451864289
Strep_C1922,0.471274539360154
Strep_C19230,0.11634201451864289
Strep_C19231,0.11634201451864289
Strep_C19232,0.1163415109155265
Strep_C19233,0.1163415109155265
Strep_C19234,0.1163415109155265
Strep_C19235,0.1163415109155265
Strep_C19236,0.1163415109155265
Strep_C19237,0.1163415109155265
Strep_C19238,0.23370228693111114
Strep_C19239,0.1163415109155265
Strep_C1923,0.8524331858472348
Strep_C19240,0.1163415109155265
Strep_C19241,0.1163415109155265
Strep_C19242,0.7256406595528874
Strep_C19243,0.1163415109155265
Strep_C19244,0.1163415109155265
Strep_C19245,0.99999999
Strep_C19246,0.11634201451864289
Strep_C19247,0.11634201451864289
Strep_C19248,0.11634201451864289
Strep_C19249,0.35245843672205746
Strep_C1924,0.47311830745470035
Strep_C19250,0.11634201451864289
Strep_C19251,0.11634201451864289
Strep_C19252,0.99999999
Strep_C19253,0.47311830745470035
Strep_C19254,0.11634201451864289
Strep_C19255,0.11634201451864289
Strep_C19256,0.11634201451864289
Strep_C19257,0.11634201451864289
Strep_C19258,0.23370228693111114
Strep_C19259,0.11634201451864289
Strep_C1925,0.11634201451864289
Strep_C19260,0.11136757272179186
Strep_C19261,0.11136757272179186
Strep_C19262,0.11136757272179186
Strep_C19263,0.11136757272179186
Strep_C19264,0.22283322077504625
Strep_C19265,0.11136757272179186
Strep_C19266,0.11136757272179186
Strep_C19267,0.11136757272179186
Strep_C19268,0.11136757272179186
Strep_C19269,0.11136757272179186
Strep_C1926,0.11136757272179186
Strep_C19270,0.11136757272179186
Strep_C19271,0.11136757272179186
Strep_C19272,0.11136757272179186
Strep_C19273,0.11136757272179186
Strep_C19274,0.11136757272179186
Strep_C19275,0.7198634438443039
Strep_C19276,0.23305302815717163
Strep_C19277,0.23305302815717163
Strep_C19278,0.7198634438443039
Strep_C19279,0.3524582818100281
Strep_C1927,0.11136757272179186
Strep_C19280,0.99999999
Strep_C19281,0.2337017810381666
Strep_C19282,0.23370178103816636
Strep_C19283,0.11634201451864289
Strep_C19284,0.11634201451864289
Strep_C19285,0.23305302815717163
Strep_C19286,0.11634201451864289
Strep_C19287,0.11634201451864289
Strep_C19288,0.11634201451864289
Strep_C19289,0.35245843672205746
Strep_C1928,0.99999999
Strep_C19290,0.11634201451864289
Strep_C19291,0.11634201451864289
Strep_C19292,0.23370178103816636
Strep_C19293,0.11634201451864289
Strep_C19294,0.11634201451864289
Strep_C19295,0.11634201451864289
Strep_C19296,0.2337017810381666
Strep_C19297,0.2337017810381666
Strep_C19298,0.2337017810381666
Strep_C19299,0.11634201451864289
Strep_C1929,0.11634201451864289
Strep_C192,0.99999999
Strep_C19300,0.11634201451864289
Strep_C19301,0.1163415109155265
Strep_C19302,0.1163415109155265
Strep_C19303,0.1163415109155265
Strep_C19304,0.1163415109155265
Strep_C19305,0.1163415109155265
Strep_C19306,0.1163415109155265
Strep_C19307,0.1163415109155265
Strep_C19308,0.47311830745470035
Strep_C19309,0.99999999
Strep_C1930,0.11634201451864289
Strep_C19310,0.99999999
Strep_C19311,0.11634201451864289
Strep_C19312,0.47311830745470035
Strep_C19313,0.99999999
Strep_C19314,0.11634201451864289
Strep_C19315,0.11634201451864289
Strep_C19316,0.11634201451864289
Strep_C19317,0.2337017810381666
Strep_C19318,0.23370228693111114
Strep_C19319,0.47311830745470035
Strep_C1931,0.11634201451864289
Strep_C19320,0.11634201451864289
Strep_C19321,0.47127620612957083
Strep_C19322,0.7198634438443039
Strep_C19323,0.35245843672205746
Strep_C19324,0.47311830745470035
Strep_C19325,0.11634201451864289
Strep_C19326,0.11634201451864289
Strep_C19327,0.2337017810381666
Strep_C19328,0.2337017810381666
Strep_C19329,0.11634201451864289
Strep_C1932,0.3524582818100281
Strep_C19330,0.8889131171654778
Strep_C19331,0.11634201451864289
Strep_C19332,0.35245843672205746
Strep_C19333,0.99999999
Strep_C19334,0.23370228693111114
Strep_C19335,0.11634201451864289
Strep_C19336,0.23370228693111114
Strep_C19337,0.5967214293920762
Strep_C19338,0.11634201451864289
Strep_C19339,0.11634201451864289
Strep_C1933,0.7778659244097796
Strep_C19340,0.11634201451864289
Strep_C19341,0.11634201451864289
Strep_C19342,0.2337017810381666
Strep_C19343,0.333266628208235
Strep_C19344,0.11136757272179186
Strep_C19345,0.11136757272179186
Strep_C19346,0.11136757272179186
Strep_C19347,0.11136757272179186
Strep_C19348,0.11136757272179186
Strep_C19349,0.8889131171654778
Strep_C1934,0.23305302815717163
Strep_C19350,0.11136757272179186
Strep_C19351,0.11136757272179186
Strep_C19352,0.11136757272179186
Strep_C19353,0.11136757272179186
Strep_C19354,0.333266628208235
Strep_C19355,0.11136757272179186
Strep_C19356,0.11136757272179186
Strep_C19357,0.11136757272179186
Strep_C19358,0.11136757272179186
Strep_C19359,0.23305302815717163
Strep_C1935,0.23305302815717163
Strep_C19360,0.1160600458814914
Strep_C19361,0.35132537846575046
Strep_C19362,0.23305302815717163
Strep_C19363,0.44444989529753154
Strep_C19364,0.23305302815717163
Strep_C19365,0.99999999
Strep_C19366,0.23305302815717163
Strep_C19367,0.23305302815717163
Strep_C19368,0.23305302815717163
Strep_C19369,0.5967214293920762
Strep_C1936,0.47311830745470035
Strep_C19370,0.11634201451864289
Strep_C19371,0.11634201451864289
Strep_C19372,0.35245843672205746
Strep_C19373,0.11634201451864289
Strep_C19374,0.35245843672205746
Strep_C19375,0.11634201451864289
Strep_C19376,0.11634201451864289
Strep_C19377,0.351325490499599
Strep_C19378,0.11634201451864289
Strep_C19379,0.11634201451864289
Strep_C1937,0.23370178103816636
Strep_C19380,0.11634201451864289
Strep_C19381,0.11634201451864289
Strep_C19382,0.11634201451864289
Strep_C19383,0.11634201451864289
Strep_C19384,0.11634201451864289
Strep_C19385,0.35245843672205746
Strep_C19386,0.47311830745470035
Strep_C19387,0.1163415109155265
Strep_C19388,0.23370228693111114
Strep_C19389,0.1163415109155265
Strep_C1938,0.1163415109155265
Strep_C19390,0.1163415109155265
Strep_C19391,0.1163415109155265
Strep_C19392,0.1163415109155265
Strep_C19393,0.1163415109155265
Strep_C19394,0.23370228693111114
Strep_C19395,0.1163415109155265
Strep_C19396,0.1163415109155265
Strep_C19397,0.1163415109155265
Strep_C19398,0.1163415109155265
Strep_C19399,0.1163415109155265
Strep_C1939,0.1163415109155265
Strep_C193,0.1163415109155265
Strep_C19400,0.99999999
Strep_C19401,0.35245843672205746
Strep_C19402,0.99999999
Strep_C19403,0.99999999
Strep_C19404,0.11634201451864289
Strep_C19405,0.7256406595528874
Strep_C19406,0.23370228693111114
Strep_C19407,0.11634201451864289
Strep_C19408,0.47311830745470035
Strep_C19409,0.35245843672205746
Strep_C1940,0.23370228693111114
Strep_C19410,0.7198634438443039
Strep_C19411,0.35245843672205746
Strep_C19412,0.5967242474384321
Strep_C19413,0.11634201451864289
Strep_C19414,0.99999999
Strep_C19415,0.11634201451864289
Strep_C19416,0.47311651524910325
Strep_C19417,0.11634201451864289
Strep_C19418,0.11634201451864289
Strep_C19419,0.11634201451864289
Strep_C1941,0.1163415109155265
Strep_C19420,0.11634201451864289
Strep_C19421,0.11634201451864289
Strep_C19422,0.99999999
Strep_C19423,0.11634201451864289
Strep_C19424,0.11634201451864289
Strep_C19425,0.351325490499599
Strep_C19426,0.11634201451864289
Strep_C19427,0.11634201451864289
Strep_C19428,0.11136757272179186
Strep_C19429,0.11136757272179186
Strep_C1942,0.7847940789287989
Strep_C19430,0.11136757272179186
Strep_C19431,0.11136757272179186
Strep_C19432,0.11136757272179186
Strep_C19433,0.11136757272179186
Strep_C19434,0.11136757272179186
Strep_C19435,0.11136757272179186
Strep_C19436,0.23305302815717163
Strep_C19437,0.23305302815717163
Strep_C19438,0.23305302815717163
Strep_C19439,0.23305302815717163
Strep_C1943,0.8673259655154397
Strep_C19440,0.35132537846575046
Strep_C19441,0.23305302815717163
Strep_C19442,0.99999999
Strep_C19443,0.35245843672205746
Strep_C19444,0.11634201451864289
Strep_C19445,0.2337017810381666
Strep_C19446,0.5555546390366239
Strep_C19447,0.2337017810381666
Strep_C19448,0.11634201451864289
Strep_C19449,0.35245843672205746
Strep_C1944,0.11634201451864289
Strep_C19450,0.23370178103816636
Strep_C19451,0.11634201451864289
Strep_C19452,0.23370228693111114
Strep_C19453,0.11634201451864289
Strep_C19454,0.11634201451864289
Strep_C19455,0.11634201451864289
Strep_C19456,0.47311830745470035
Strep_C19457,0.11634201451864289
Strep_C19458,0.11634201451864289
Strep_C19459,0.11634201451864289
Strep_C1945,0.99999999
Strep_C19460,0.11634201451864289
Strep_C19461,0.11634201451864289
Strep_C19462,0.1163415109155265
Strep_C19463,0.1163415109155265
Strep_C19464,0.1163415109155265
Strep_C19465,0.1163415109155265
Strep_C19466,0.1163415109155265
Strep_C19467,0.1163415109155265
Strep_C19468,0.1163415109155265
Strep_C19469,0.1163415109155265
Strep_C1946,0.23305302815717163
Strep_C19470,0.1163415109155265
Strep_C19471,0.1163415109155265
Strep_C19472,0.5967214293920762
Strep_C19473,0.99999999
Strep_C19474,0.47311830745470035
Strep_C19475,0.99999999
Strep_C19476,0.5967242474384321
Strep_C19477,0.99999999
Strep_C19478,0.3524582818100281
Strep_C19479,0.11634201451864289
Strep_C1947,0.11634201451864289
Strep_C19480,0.11634201451864289
Strep_C19481,0.11634201451864289
Strep_C19482,0.99999999
Strep_C19483,0.47311830745470035
Strep_C19484,0.5936452796634148
Strep_C19485,0.99999999
Strep_C19486,0.11634201451864289
Strep_C19487,0.5555542629982061
Strep_C19488,0.5967242474384321
Strep_C19489,0.8524331858472348
Strep_C1948,0.11634201451864289
Strep_C19490,0.11634201451864289
Strep_C19491,0.11634201451864289
Strep_C19492,0.11634201451864289
Strep_C19493,0.11634201451864289
Strep_C19494,0.11634201451864289
Strep_C19495,0.11634201451864289
Strep_C19496,0.11634201451864289
Strep_C19497,0.11634201451864289
Strep_C19498,0.11634201451864289
Strep_C19499,0.11634201451864289
Strep_C1949,0.2337017810381666
Strep_C194,0.11634201451864289
Strep_C19500,0.11634201451864289
Strep_C19501,0.35245843672205746
Strep_C19502,0.351325490499599
Strep_C19503,0.7256406595528874
Strep_C19504,0.11634201451864289
Strep_C19505,0.11136757272179186
Strep_C19506,0.11136757272179186
Strep_C19507,0.11136757272179186
Strep_C19508,0.11136757272179186
Strep_C19509,0.5555542629982061
Strep_C1950,0.2337017810381666
Strep_C19510,0.11136757272179186
Strep_C19511,0.11136757272179186
Strep_C19512,0.11136757272179186
Strep_C19513,0.351325490499599
Strep_C19514,0.23305302815717163
Strep_C19515,0.23305302815717163
Strep_C19516,0.23305302815717163
Strep_C19517,0.47127620612957083
Strep_C19518,0.23305302815717163
Strep_C19519,0.1160600458814914
Strep_C1951,0.11136757272179186
Strep_C19520,0.23305302815717163
Strep_C19521,0.1160600458814914
Strep_C19522,0.23305302815717163
Strep_C19523,0.1160600458814914
Strep_C19524,0.99999999
Strep_C19525,0.35245843672205746
Strep_C19526,0.11634201451864289
Strep_C19527,0.11634201451864289
Strep_C19528,0.23370228693111114
Strep_C19529,0.11634201451864289
Strep_C1952,0.670453025682897
Strep_C19530,0.2337017810381666
Strep_C19531,0.11634201451864289
Strep_C19532,0.2337017810381666
Strep_C19533,0.11634201451864289
Strep_C19534,0.11634201451864289
Strep_C19535,0.23305302815717163
Strep_C19536,0.11634201451864289
Strep_C19537,0.11634201451864289
Strep_C19538,0.11634201451864289
Strep_C19539,0.11634201451864289
Strep_C1953,0.11634201451864289
Strep_C19540,0.11634201451864289
Strep_C19541,0.4460100629020958
Strep_C19542,0.11634201451864289
Strep_C19543,0.1163415109155265
Strep_C19544,0.1163415109155265
Strep_C19545,0.1163415109155265
Strep_C19546,0.1163415109155265
Strep_C19547,0.1163415109155265
Strep_C19548,0.1163415109155265
Strep_C19549,0.99999999
Strep_C1954,0.23305302815717163
Strep_C19550,0.11634201451864289
Strep_C19551,0.99999999
Strep_C19552,0.11634201451864289
Strep_C19553,0.11634201451864289
Strep_C19554,0.99999999
Strep_C19555,0.11634201451864289
Strep_C19556,0.11634201451864289
Strep_C19557,0.47311830745470035
Strep_C19558,0.11634201451864289
Strep_C19559,0.11634201451864289
Strep_C1955,0.47311830745470035
Strep_C19560,0.99999999
Strep_C19561,0.11634201451864289
Strep_C19562,0.11634201451864289
Strep_C19563,0.11634201451864289
Strep_C19564,0.2337017810381666
Strep_C19565,0.11634201451864289
Strep_C19566,0.11634201451864289
Strep_C19567,0.11634201451864289
Strep_C19568,0.11634201451864289
Strep_C19569,0.11634201451864289
Strep_C1956,0.2337017810381666
Strep_C19570,0.11136757272179186
Strep_C19571,0.11136757272179186
Strep_C19572,0.11136757272179186
Strep_C19573,0.99999999
Strep_C19574,0.11136757272179186
Strep_C19575,0.11136757272179186
Strep_C19576,0.11136757272179186
Strep_C19577,0.23305302815717163
Strep_C19578,0.351325490499599
Strep_C19579,0.23305302815717163
Strep_C1957,0.11634201451864289
Strep_C19580,0.23305302815717163
Strep_C19581,0.1160600458814914
Strep_C19582,0.23305302815717163
Strep_C19583,0.351325490499599
Strep_C19584,0.4712762061295706
Strep_C19585,0.23305302815717163
Strep_C19586,0.23305302815717163
Strep_C19587,0.23305302815717163
Strep_C19588,0.23305302815717163
Strep_C19589,0.23305302815717163
Strep_C1958,0.11634201451864289
Strep_C19590,0.1160600458814914
Strep_C19591,0.11634201451864289
Strep_C19592,0.11634201451864289
Strep_C19593,0.2337017810381666
Strep_C19594,0.2337017810381666
Strep_C19595,0.23370178103816636
Strep_C19596,0.2337017810381666
Strep_C19597,0.11634201451864289
Strep_C19598,0.11634201451864289
Strep_C19599,0.11634201451864289
Strep_C1959,0.23370178103816636
Strep_C195,0.1163415109155265
Strep_C19600,0.11634201451864289
Strep_C19601,0.11634201451864289
Strep_C19602,0.11634201451864289
Strep_C19603,0.99999999
Strep_C19604,0.11634201451864289
Strep_C19605,0.99999999
Strep_C19606,0.11634201451864289
Strep_C19607,0.35245843672205746
Strep_C19608,0.47311830745470035
Strep_C19609,0.11634201451864289
Strep_C1960,0.23305302815717163
Strep_C19610,0.35245843672205746
Strep_C19611,0.11634201451864289
Strep_C19612,0.99999999
Strep_C19613,0.1163415109155265
Strep_C19614,0.1163415109155265
Strep_C19615,0.1163415109155265
Strep_C19616,0.1163415109155265
Strep_C19617,0.1163415109155265
Strep_C19618,0.1163415109155265
Strep_C19619,0.1163415109155265
Strep_C1961,0.2337017810381666
Strep_C19620,0.1163415109155265
Strep_C19621,0.1163415109155265
Strep_C19622,0.23370228693111114
Strep_C19623,0.23370228693111114
Strep_C19624,0.35132537846575046
Strep_C19625,0.11634201451864289
Strep_C19626,0.11634201451864289
Strep_C19627,0.23305302815717163
Strep_C19628,0.557982185216091
Strep_C19629,0.3524582818100281
Strep_C1962,0.99999999
Strep_C19630,0.11634201451864289
Strep_C19631,0.99999999
Strep_C19632,0.11634201451864289
Strep_C19633,0.11634201451864289
Strep_C19634,0.5967214293920762
Strep_C19635,0.11634201451864289
Strep_C19636,0.23370178103816636
Strep_C19637,0.23370228693111114
Strep_C19638,0.35245843672205746
Strep_C19639,0.11634201451864289
Strep_C1963,0.11634201451864289
Strep_C19640,0.11634201451864289
Strep_C19641,0.11634201451864289
Strep_C19642,0.11634201451864289
Strep_C19643,0.11634201451864289
Strep_C19644,0.11634201451864289
Strep_C19645,0.11634201451864289
Strep_C19646,0.11634201451864289
Strep_C19647,0.11634201451864289
Strep_C19648,0.11136757272179186
Strep_C19649,0.11136757272179186
Strep_C1964,0.2337017810381666
Strep_C19650,0.11136757272179186
Strep_C19651,0.11136757272179186
Strep_C19652,0.11136757272179186
Strep_C19653,0.99999999
Strep_C19654,0.334259100712907
Strep_C19655,0.11136757272179186
Strep_C19656,0.11136757272179186
Strep_C19657,0.23305302815717163
Strep_C19658,0.23305302815717163
Strep_C19659,0.23305302815717163
Strep_C1965,0.1163415109155265
Strep_C19660,0.23305302815717163
Strep_C19661,0.99999999
Strep_C19662,0.23305302815717163
Strep_C19663,0.23305302815717163
Strep_C19664,0.1160600458814914
Strep_C19665,0.35132537846575046
Strep_C19666,0.35245843672205746
Strep_C19667,0.11634201451864289
Strep_C19668,0.23305302815717163
Strep_C19669,0.11634201451864289
Strep_C1966,0.1163415109155265
Strep_C19670,0.11634201451864289
Strep_C19671,0.11634201451864289
Strep_C19672,0.23370178103816636
Strep_C19673,0.23370228693111114
Strep_C19674,0.11634201451864289
Strep_C19675,0.11634201451864289
Strep_C19676,0.11634201451864289
Strep_C19677,0.7198634438443039
Strep_C19678,0.11634201451864289
Strep_C19679,0.1163415109155265
Strep_C1967,0.99999999
Strep_C19680,0.1163415109155265
Strep_C19681,0.1163415109155265
Strep_C19682,0.1163415109155265
Strep_C19683,0.1163415109155265
Strep_C19684,0.1163415109155265
Strep_C19685,0.5967214293920762
Strep_C19686,0.1163415109155265
Strep_C19687,0.1163415109155265
Strep_C19688,0.99999999
Strep_C19689,0.99999999
Strep_C1968,0.11634201451864289
Strep_C19690,0.2337017810381666
Strep_C19691,0.3524582818100281
Strep_C19692,0.35245843672205746
Strep_C19693,0.11634201451864289
Strep_C19694,0.11634201451864289
Strep_C19695,0.44444989529753154
Strep_C19696,0.99999999
Strep_C19697,0.23370178103816636
Strep_C19698,0.11634201451864289
Strep_C19699,0.11634201451864289
Strep_C1969,0.11136757272179186
Strep_C196,0.47311830745470035
Strep_C19700,0.11634201451864289
Strep_C19701,0.3524582818100281
Strep_C19702,0.99999999
Strep_C19703,0.8524331858472348
Strep_C19704,0.7256406595528874
Strep_C19705,0.22283322077504625
Strep_C19706,0.11634201451864289
Strep_C19707,0.5967242474384321
Strep_C19708,0.11634201451864289
Strep_C19709,0.11634201451864289
Strep_C1970,0.5967242474384321
Strep_C19710,0.11634201451864289
Strep_C19711,0.11634201451864289
Strep_C19712,0.11634201451864289
Strep_C19713,0.11634201451864289
Strep_C19714,0.11634201451864289
Strep_C19715,0.11634201451864289
Strep_C19716,0.11634201451864289
Strep_C19717,0.11136757272179186
Strep_C19718,0.11136757272179186
Strep_C19719,0.11136757272179186
Strep_C1971,0.8524331858472348
Strep_C19720,0.7778659244097796
Strep_C19721,0.44444989529753154
Strep_C19722,0.11136757272179186
Strep_C19723,0.11136757272179186
Strep_C19724,0.11136757272179186
Strep_C19725,0.99999999
Strep_C19726,0.11136757272179186
Strep_C19727,0.11136757272179186
Strep_C19728,0.11136757272179186
Strep_C19729,0.8889131171654778
Strep_C1972,0.5967214293920762
Strep_C19730,0.11136757272179186
Strep_C19731,0.99999999
Strep_C19732,0.23305302815717163
Strep_C19733,0.471274539360154
Strep_C19734,0.23305302815717163
Strep_C19735,0.23305302815717163
Strep_C19736,0.23305302815717163
Strep_C19737,0.5936427844819077
Strep_C19738,0.23305302815717163
Strep_C19739,0.99999999
Strep_C1973,0.11634201451864289
Strep_C19740,0.7198643407720242
Strep_C19741,0.23305302815717163
Strep_C19742,0.23305302815717163
Strep_C19743,0.1160600458814914
Strep_C19744,0.23305302815717163
Strep_C19745,0.1160600458814914
Strep_C19746,0.1160600458814914
Strep_C19747,0.333266628208235
Strep_C19748,0.23305302815717163
Strep_C19749,0.5967214293920762
Strep_C1974,0.1160600458814914
Strep_C19750,0.47311830745470035
Strep_C19751,0.47311830745470035
Strep_C19752,0.2337017810381666
Strep_C19753,0.35245843672205746
Strep_C19754,0.11634201451864289
Strep_C19755,0.11634201451864289
Strep_C19756,0.47311830745470035
Strep_C19757,0.11634201451864289
Strep_C19758,0.11634201451864289
Strep_C19759,0.351325490499599
Strep_C1975,0.99999999
Strep_C19760,0.11634201451864289
Strep_C19761,0.2337017810381666
Strep_C19762,0.11634201451864289
Strep_C19763,0.47311830745470035
Strep_C19764,0.35245843672205746
Strep_C19765,0.11634201451864289
Strep_C19766,0.11634201451864289
Strep_C19767,0.11634201451864289
Strep_C19768,0.11634201451864289
Strep_C19769,0.11634201451864289
Strep_C1976,0.11634201451864289
Strep_C19770,0.99999999
Strep_C19771,0.23305353040549365
Strep_C19772,0.1163415109155265
Strep_C19773,0.1163415109155265
Strep_C19774,0.1163415109155265
Strep_C19775,0.1163415109155265
Strep_C19776,0.1163415109155265
Strep_C19777,0.1163415109155265
Strep_C19778,0.1163415109155265
Strep_C19779,0.1163415109155265
Strep_C1977,0.11634201451864289
Strep_C19780,0.23370228693111114
Strep_C19781,0.1163415109155265
Strep_C19782,0.99999999
Strep_C19783,0.5967242474384321
Strep_C19784,0.11634201451864289
Strep_C19785,0.11634201451864289
Strep_C19786,0.11634201451864289
Strep_C19787,0.5967214293920762
Strep_C19788,0.47311830745470035
Strep_C19789,0.35245843672205746
Strep_C1978,0.11136757272179186
Strep_C19790,0.11634201451864289
Strep_C19791,0.11634201451864289
Strep_C19792,0.351325490499599
Strep_C19793,0.11634201451864289
Strep_C19794,0.99999999
Strep_C19795,0.11634201451864289
Strep_C19796,0.99999999
Strep_C19797,0.2337017810381666
Strep_C19798,0.11634201451864289
Strep_C19799,0.11634201451864289
Strep_C1979,0.23305302815717163
Strep_C197,0.11634201451864289
Strep_C19800,0.11634201451864289
Strep_C19801,0.11634201451864289
Strep_C19802,0.11634201451864289
Strep_C19803,0.11634201451864289
Strep_C19804,0.11634201451864289
Strep_C19805,0.11634201451864289
Strep_C19806,0.7256406595528874
Strep_C19807,0.11634201451864289
Strep_C19808,0.99999999
Strep_C19809,0.11136757272179186
Strep_C1980,0.1163415109155265
Strep_C19810,0.22283354305359118
Strep_C19811,0.11136757272179186
Strep_C19812,0.11136757272179186
Strep_C19813,0.11136757272179186
Strep_C19814,0.99999999
Strep_C19815,0.11136757272179186
Strep_C19816,0.11136757272179186
Strep_C19817,0.11136757272179186
Strep_C19818,0.11136757272179186
Strep_C19819,0.11136757272179186
Strep_C1981,0.11634201451864289
Strep_C19820,0.11136757272179186
Strep_C19821,0.23305302815717163
Strep_C19822,0.333266628208235
Strep_C19823,0.23305302815717163
Strep_C19824,0.23305302815717163
Strep_C19825,0.99999999
Strep_C19826,0.99999999
Strep_C19827,0.23305302815717163
Strep_C19828,0.1160600458814914
Strep_C19829,0.23305302815717163
Strep_C1982,0.11634201451864289
Strep_C19830,0.2337017810381666
Strep_C19831,0.7256406595528874
Strep_C19832,0.47311830745470035
Strep_C19833,0.23370178103816636
Strep_C19834,0.47311830745470035
Strep_C19835,0.5967214293920762
Strep_C19836,0.11634201451864289
Strep_C19837,0.2337017810381666
Strep_C19838,0.11634201451864289
Strep_C19839,0.11634201451864289
Strep_C1983,0.8524313909199117
Strep_C19840,0.11634201451864289
Strep_C19841,0.11634201451864289
Strep_C19842,0.11634201451864289
Strep_C19843,0.11634201451864289
Strep_C19844,0.8673259655154397
Strep_C19845,0.11634201451864289
Strep_C19846,0.11634201451864289
Strep_C19847,0.11634201451864289
Strep_C19848,0.1163415109155265
Strep_C19849,0.471274539360154
Strep_C1984,0.23305302815717163
Strep_C19850,0.1163415109155265
Strep_C19851,0.1163415109155265
Strep_C19852,0.1163415109155265
Strep_C19853,0.1163415109155265
Strep_C19854,0.1163415109155265
Strep_C19855,0.1163415109155265
Strep_C19856,0.35132537846575046
Strep_C19857,0.1163415109155265
Strep_C19858,0.1163415109155265
Strep_C19859,0.1163415109155265
Strep_C1985,0.47311830745470035
Strep_C19860,0.1163415109155265
Strep_C19861,0.1163415109155265
Strep_C19862,0.7198634438443039
Strep_C19863,0.99999999
Strep_C19864,0.5967214293920762
Strep_C19865,0.11634201451864289
Strep_C19866,0.11634201451864289
Strep_C19867,0.47127620612957083
Strep_C19868,0.11634201451864289
Strep_C19869,0.23370178103816636
Strep_C1986,0.23305302815717163
Strep_C19870,0.47311830745470035
Strep_C19871,0.11634201451864289
Strep_C19872,0.23370178103816636
Strep_C19873,0.47127620612957083
Strep_C19874,0.11634201451864289
Strep_C19875,0.11634201451864289
Strep_C19876,0.11634201451864289
Strep_C19877,0.99999999
Strep_C19878,0.11634201451864289
Strep_C19879,0.11634201451864289
Strep_C1987,0.2337017810381666
Strep_C19880,0.99999999
Strep_C19881,0.7778659244097796
Strep_C19882,0.11634201451864289
Strep_C19883,0.99999999
Strep_C19884,0.5936427844819077
Strep_C19885,0.11634201451864289
Strep_C19886,0.11634201451864289
Strep_C19887,0.35245843672205746
Strep_C19888,0.11634201451864289
Strep_C19889,0.11136757272179186
Strep_C1988,0.1163415109155265
Strep_C19890,0.11136757272179186
Strep_C19891,0.11136757272179186
Strep_C19892,0.11136757272179186
Strep_C19893,0.333266628208235
Strep_C19894,0.11136757272179186
Strep_C19895,0.11136757272179186
Strep_C19896,0.23305302815717163
Strep_C19897,0.351325490499599
Strep_C19898,0.23305302815717163
Strep_C19899,0.471274539360154
Strep_C1989,0.1163415109155265
Strep_C198,0.11136757272179186
Strep_C19900,0.351325490499599
Strep_C19901,0.99999999
Strep_C19902,0.23305302815717163
Strep_C19903,0.1160600458814914
Strep_C19904,0.11634201451864289
Strep_C19905,0.2337017810381666
Strep_C19906,0.11634201451864289
Strep_C19907,0.47311830745470035
Strep_C19908,0.11634201451864289
Strep_C19909,0.11634201451864289
Strep_C1990,0.11634201451864289
Strep_C19910,0.11634201451864289
Strep_C19911,0.47311830745470035
Strep_C19912,0.2337017810381666
Strep_C19913,0.11634201451864289
Strep_C19914,0.23305302815717163
Strep_C19915,0.11634201451864289
Strep_C19916,0.11634201451864289
Strep_C19917,0.11634201451864289
Strep_C19918,0.11634201451864289
Strep_C19919,0.11634201451864289
Strep_C1991,0.5967214293920762
Strep_C19920,0.11634201451864289
Strep_C19921,0.23370178103816636
Strep_C19922,0.23370228693111114
Strep_C19923,0.5936427844819077
Strep_C19924,0.47311830745470035
Strep_C19925,0.11634201451864289
Strep_C19926,0.11634201451864289
Strep_C19927,0.11634201451864289
Strep_C19928,0.11634201451864289
Strep_C19929,0.44444989529753154
Strep_C1992,0.11634201451864289
Strep_C19930,0.11634201451864289
Strep_C19931,0.11634201451864289
Strep_C19932,0.11634201451864289
Strep_C19933,0.1163415109155265
Strep_C19934,0.1163415109155265
Strep_C19935,0.5555542629982061
Strep_C19936,0.1163415109155265
Strep_C19937,0.1163415109155265
Strep_C19938,0.1163415109155265
Strep_C19939,0.1163415109155265
Strep_C1993,0.11634201451864289
Strep_C19940,0.1163415109155265
Strep_C19941,0.1163415109155265
Strep_C19942,0.1163415109155265
Strep_C19943,0.1163415109155265
Strep_C19944,0.1163415109155265
Strep_C19945,0.1163415109155265
Strep_C19946,0.11634201451864289
Strep_C19947,0.47311830745470035
Strep_C19948,0.8889131171654778
Strep_C19949,0.11634201451864289
Strep_C1994,0.99999999
Strep_C19950,0.47127620612957083
Strep_C19951,0.11634201451864289
Strep_C19952,0.7198634438443039
Strep_C19953,0.11634201451864289
Strep_C19954,0.11634201451864289
Strep_C19955,0.99999999
Strep_C19956,0.23370178103816636
Strep_C19957,0.47311830745470035
Strep_C19958,0.11634201451864289
Strep_C19959,0.471274539360154
Strep_C1995,0.2337017810381666
Strep_C19960,0.351325490499599
Strep_C19961,0.44444989529753154
Strep_C19962,0.35245843672205746
Strep_C19963,0.11634201451864289
Strep_C19964,0.11634201451864289
Strep_C19965,0.11634201451864289
Strep_C19966,0.11634201451864289
Strep_C19967,0.11634201451864289
Strep_C19968,0.23370228693111114
Strep_C19969,0.44444989529753154
Strep_C1996,0.11634201451864289
Strep_C19970,0.11634201451864289
Strep_C19971,0.11634201451864289
Strep_C19972,0.11136757272179186
Strep_C19973,0.11136757272179186
Strep_C19974,0.11136757272179186
Strep_C19975,0.11136757272179186
Strep_C19976,0.22283322077504625
Strep_C19977,0.11136757272179186
Strep_C19978,0.11136757272179186
Strep_C19979,0.11136757272179186
Strep_C1997,0.1163415109155265
Strep_C19980,0.11136757272179186
Strep_C19981,0.5555542629982061
Strep_C19982,0.11136757272179186
Strep_C19983,0.11136757272179186
Strep_C19984,0.11136757272179186
Strep_C19985,0.23305302815717163
Strep_C19986,0.23305302815717163
Strep_C19987,0.23305302815717163
Strep_C19988,0.23305302815717163
Strep_C19989,0.99999999
Strep_C1998,0.1163415109155265
Strep_C19990,0.1160600458814914
Strep_C19991,0.23305302815717163
Strep_C19992,0.23305302815717163
Strep_C19993,0.23305302815717163
Strep_C19994,0.1160600458814914
Strep_C19995,0.2337017810381666
Strep_C19996,0.23370178103816636
Strep_C19997,0.11634201451864289
Strep_C19998,0.2337017810381666
Strep_C19999,0.2337017810381666
Strep_C1999,0.1163415109155265
Strep_C199,0.11634201451864289
Strep_C19,0.11634201451864289
Strep_C1,0.11136757272179186
Strep_C20000,0.2337017810381666
Strep_C20001,0.11634201451864289
Strep_C20002,0.11634201451864289
Strep_C20003,0.11634201451864289
Strep_C20004,0.11634201451864289
Strep_C20005,0.23370178103816636
Strep_C20006,0.11634201451864289
Strep_C20007,0.11634201451864289
Strep_C20008,0.11634201451864289
Strep_C20009,0.11634201451864289
Strep_C2000,0.35245843672205746
Strep_C20010,0.11634201451864289
Strep_C20011,0.47311830745470035
Strep_C20012,0.23370178103816636
Strep_C20013,0.11634201451864289
Strep_C20014,0.11634201451864289
Strep_C20015,0.11634201451864289
Strep_C20016,0.2337017810381666
Strep_C20017,0.35245843672205746
Strep_C20018,0.2337017810381666
Strep_C20019,0.2337017810381666
Strep_C2001,0.99999999
Strep_C20020,0.11634201451864289
Strep_C20021,0.1163415109155265
Strep_C20022,0.1163415109155265
Strep_C20023,0.99999999
Strep_C20024,0.1163415109155265
Strep_C20025,0.1163415109155265
Strep_C20026,0.1163415109155265
Strep_C20027,0.1163415109155265
Strep_C20028,0.1163415109155265
Strep_C20029,0.1163415109155265
Strep_C2002,0.11634201451864289
Strep_C20030,0.1163415109155265
Strep_C20031,0.99999999
Strep_C20032,0.11634201451864289
Strep_C20033,0.11634201451864289
Strep_C20034,0.99999999
Strep_C20035,0.11634201451864289
Strep_C20036,0.47311830745470035
Strep_C20037,0.3524582818100281
Strep_C20038,0.471274539360154
Strep_C20039,0.11634201451864289
Strep_C2003,0.11634201451864289
Strep_C20040,0.351325490499599
Strep_C20041,0.23370228693111114
Strep_C20042,0.11634201451864289
Strep_C20043,0.11634201451864289
Strep_C20044,0.11634201451864289
Strep_C20045,0.11634201451864289
Strep_C20046,0.11634201451864289
Strep_C20047,0.11136757272179186
Strep_C20048,0.11136757272179186
Strep_C20049,0.11136757272179186
Strep_C2004,0.23370228693111114
Strep_C20050,0.23305302815717163
Strep_C20051,0.351325490499599
Strep_C20052,0.23305302815717163
Strep_C20053,0.23305302815717163
Strep_C20054,0.23305302815717163
Strep_C20055,0.471274539360154
Strep_C20056,0.35132537846575046
Strep_C20057,0.23305302815717163
Strep_C20058,0.23305302815717163
Strep_C20059,0.23305302815717163
Strep_C2005,0.99999999
Strep_C20060,0.23305302815717163
Strep_C20061,0.23305302815717163
Strep_C20062,0.471274539360154
Strep_C20063,0.1160600458814914
Strep_C20064,0.1160600458814914
Strep_C20065,0.2337017810381666
Strep_C20066,0.2337017810381666
Strep_C20067,0.2337017810381666
Strep_C20068,0.2337017810381666
Strep_C20069,0.11634201451864289
Strep_C2006,0.11136757272179186
Strep_C20070,0.23370178103816636
Strep_C20071,0.2337017810381666
Strep_C20072,0.11634201451864289
Strep_C20073,0.11634201451864289
Strep_C20074,0.11634201451864289
Strep_C20075,0.11634201451864289
Strep_C20076,0.11634201451864289
Strep_C20077,0.11634201451864289
Strep_C20078,0.11634201451864289
Strep_C20079,0.2337017810381666
Strep_C2007,0.11136757272179186
Strep_C20080,0.1163415109155265
Strep_C20081,0.1163415109155265
Strep_C20082,0.1163415109155265
Strep_C20083,0.5936427844819077
Strep_C20084,0.1163415109155265
Strep_C20085,0.1163415109155265
Strep_C20086,0.1163415109155265
Strep_C20087,0.1163415109155265
Strep_C20088,0.1163415109155265
Strep_C20089,0.1163415109155265
Strep_C2008,0.99999999
Strep_C20090,0.1163415109155265
Strep_C20091,0.1163415109155265
Strep_C20092,0.1163415109155265
Strep_C20093,0.8673259655154397
Strep_C20094,0.47311830745470035
Strep_C20095,0.99999999
Strep_C20096,0.11634201451864289
Strep_C20097,0.2337017810381666
Strep_C20098,0.35245843672205746
Strep_C20099,0.2337017810381666
Strep_C2009,0.7256406595528874
Strep_C200,0.1163415109155265
Strep_C20100,0.11634201451864289
Strep_C20101,0.47311830745470035
Strep_C20102,0.99999999
Strep_C20103,0.35245843672205746
Strep_C20104,0.11634201451864289
Strep_C20105,0.3342595322757504
Strep_C20106,0.11634201451864289
Strep_C20107,0.23370228693111114
Strep_C20108,0.11634201451864289
Strep_C20109,0.11634201451864289
Strep_C2010,0.47311830745470035
Strep_C20110,0.11634201451864289
Strep_C20111,0.11634201451864289
Strep_C20112,0.11634201451864289
Strep_C20113,0.11634201451864289
Strep_C20114,0.11634201451864289
Strep_C20115,0.11634201451864289
Strep_C20116,0.8524331858472348
Strep_C20117,0.11634201451864289
Strep_C20118,0.11136757272179186
Strep_C20119,0.11136757272179186
Strep_C2011,0.11634201451864289
Strep_C20120,0.11136757272179186
Strep_C20121,0.11136757272179186
Strep_C20122,0.22283354305359118
Strep_C20123,0.11136757272179186
Strep_C20124,0.11136757272179186
Strep_C20125,0.11136757272179186
Strep_C20126,0.11136757272179186
Strep_C20127,0.11136757272179186
Strep_C20128,0.35132537846575046
Strep_C20129,0.23305302815717163
Strep_C2012,0.5967214293920762
Strep_C20130,0.35132537846575046
Strep_C20131,0.23305302815717163
Strep_C20132,0.23305302815717163
Strep_C20133,0.23305302815717163
Strep_C20134,0.23305302815717163
Strep_C20135,0.1160600458814914
Strep_C20136,0.23305302815717163
Strep_C20137,0.1160600458814914
Strep_C20138,0.11634201451864289
Strep_C20139,0.35245843672205746
Strep_C2013,0.2337017810381666
Strep_C20140,0.2337017810381666
Strep_C20141,0.2337017810381666
Strep_C20142,0.35245843672205746
Strep_C20143,0.11634201451864289
Strep_C20144,0.11634201451864289
Strep_C20145,0.11634201451864289
Strep_C20146,0.11634201451864289
Strep_C20147,0.11634201451864289
Strep_C20148,0.47311830745470035
Strep_C20149,0.11634201451864289
Strep_C2014,0.11634201451864289
Strep_C20150,0.11634201451864289
Strep_C20151,0.47311830745470035
Strep_C20152,0.11634201451864289
Strep_C20153,0.11634201451864289
Strep_C20154,0.2337017810381666
Strep_C20155,0.11634201451864289
Strep_C20156,0.11634201451864289
Strep_C20157,0.11634201451864289
Strep_C20158,0.1163415109155265
Strep_C20159,0.1163415109155265
Strep_C2015,0.7256406595528874
Strep_C20160,0.1163415109155265
Strep_C20161,0.1163415109155265
Strep_C20162,0.1163415109155265
Strep_C20163,0.1163415109155265
Strep_C20164,0.1163415109155265
Strep_C20165,0.1163415109155265
Strep_C20166,0.47311830745470035
Strep_C20167,0.99999999
Strep_C20168,0.8889131171654778
Strep_C20169,0.99999999
Strep_C2016,0.1163415109155265
Strep_C20170,0.11634201451864289
Strep_C20171,0.44601006290209577
Strep_C20172,0.11634201451864289
Strep_C20173,0.47311830745470035
Strep_C20174,0.11634201451864289
Strep_C20175,0.11634201451864289
Strep_C20176,0.11634201451864289
Strep_C20177,0.11634201451864289
Strep_C20178,0.2337017810381666
Strep_C20179,0.557982185216091
Strep_C2017,0.47311651524910325
Strep_C20180,0.11136757272179186
Strep_C20181,0.11136757272179186
Strep_C20182,0.11136757272179186
Strep_C20183,0.11136757272179186
Strep_C20184,0.557982185216091
Strep_C20185,0.11136757272179186
Strep_C20186,0.1160600458814914
Strep_C20187,0.8524331858472348
Strep_C20188,0.7198643407720242
Strep_C20189,0.23305302815717163
Strep_C2018,0.11634201451864289
Strep_C20190,0.5936452796634148
Strep_C20191,0.23305302815717163
Strep_C20192,0.47311830745470035
Strep_C20193,0.2337017810381666
Strep_C20194,0.2337017810381666
Strep_C20195,0.35245843672205746
Strep_C20196,0.23370178103816636
Strep_C20197,0.2337017810381666
Strep_C20198,0.11634201451864289
Strep_C20199,0.11634201451864289
Strep_C2019,0.11634201451864289
Strep_C201,0.1163415109155265
Strep_C20200,0.23305302815717163
Strep_C20201,0.23305302815717163
Strep_C20202,0.47311830745470035
Strep_C20203,0.11634201451864289
Strep_C20204,0.11634201451864289
Strep_C20205,0.1163415109155265
Strep_C20206,0.23370228693111114
Strep_C20207,0.1163415109155265
Strep_C20208,0.1163415109155265
Strep_C20209,0.1163415109155265
Strep_C2020,0.11634201451864289
Strep_C20210,0.1163415109155265
Strep_C20211,0.1163415109155265
Strep_C20212,0.1163415109155265
Strep_C20213,0.1163415109155265
Strep_C20214,0.1163415109155265
Strep_C20215,0.1163415109155265
Strep_C20216,0.1163415109155265
Strep_C20217,0.1163415109155265
Strep_C20218,0.5967242474384321
Strep_C20219,0.99999999
Strep_C2021,0.47311830745470035
Strep_C20220,0.3524582818100281
Strep_C20221,0.11634201451864289
Strep_C20222,0.11634201451864289
Strep_C20223,0.23370178103816636
Strep_C20224,0.23370178103816636
Strep_C20225,0.47311830745470035
Strep_C20226,0.5967214293920762
Strep_C20227,0.11634201451864289
Strep_C20228,0.11634201451864289
Strep_C20229,0.99999999
Strep_C2022,0.35245843672205746
Strep_C20230,0.23370228693111114
Strep_C20231,0.5936452796634148
Strep_C20232,0.11634201451864289
Strep_C20233,0.23370228693111114
Strep_C20234,0.47127620612957083
Strep_C20235,0.11634201451864289
Strep_C20236,0.23370228693111114
Strep_C20237,0.11634201451864289
Strep_C20238,0.11634201451864289
Strep_C20239,0.11634201451864289
Strep_C2023,0.99999999
Strep_C20240,0.11634201451864289
Strep_C20241,0.2337017810381666
Strep_C20242,0.11634201451864289
Strep_C20243,0.11634201451864289
Strep_C20244,0.11634201451864289
Strep_C20245,0.11634201451864289
Strep_C20246,0.11136757272179186
Strep_C20247,0.11136757272179186
Strep_C20248,0.11136757272179186
Strep_C20249,0.11136757272179186
Strep_C2024,0.23370178103816636
Strep_C20250,0.11136757272179186
Strep_C20251,0.11136757272179186
Strep_C20252,0.11136757272179186
Strep_C20253,0.11136757272179186
Strep_C20254,0.23305302815717163
Strep_C20255,0.23305302815717163
Strep_C20256,0.23305302815717163
Strep_C20257,0.23305302815717163
Strep_C20258,0.7778659244097796
Strep_C20259,0.23305302815717163
Strep_C2025,0.11634201451864289
Strep_C20260,0.1160600458814914
Strep_C20261,0.23305302815717163
Strep_C20262,0.23305302815717163
Strep_C20263,0.11634201451864289
Strep_C20264,0.11634201451864289
Strep_C20265,0.11634201451864289
Strep_C20266,0.35245843672205746
Strep_C20267,0.11634201451864289
Strep_C20268,0.11634201451864289
Strep_C20269,0.11634201451864289
Strep_C2026,0.333266628208235
Strep_C20270,0.35245843672205746
Strep_C20271,0.11634201451864289
Strep_C20272,0.47311651524910325
Strep_C20273,0.2337017810381666
Strep_C20274,0.1163415109155265
Strep_C20275,0.1163415109155265
Strep_C20276,0.1163415109155265
Strep_C20277,0.1163415109155265
Strep_C20278,0.1163415109155265
Strep_C20279,0.1163415109155265
Strep_C2027,0.9053588679153928
Strep_C20280,0.1163415109155265
Strep_C20281,0.1163415109155265
Strep_C20282,0.1163415109155265
Strep_C20283,0.99999999
Strep_C20284,0.1163415109155265
Strep_C20285,0.1163415109155265
Strep_C20286,0.1163415109155265
Strep_C20287,0.7256406595528874
Strep_C20288,0.11634201451864289
Strep_C20289,0.11634201451864289
Strep_C2028,0.11634201451864289
Strep_C20290,0.11634201451864289
Strep_C20291,0.11634201451864289
Strep_C20292,0.11634201451864289
Strep_C20293,0.47127620612957083
Strep_C20294,0.23370178103816636
Strep_C20295,0.11634201451864289
Strep_C20296,0.11634201451864289
Strep_C20297,0.11634201451864289
Strep_C20298,0.11634201451864289
Strep_C20299,0.11634201451864289
Strep_C2029,0.5967214293920762
Strep_C202,0.2337017810381666
Strep_C20300,0.11634201451864289
Strep_C20301,0.8524331858472348
Strep_C20302,0.11634201451864289
Strep_C20303,0.11634201451864289
Strep_C20304,0.11136757272179186
Strep_C20305,0.44600966595465286
Strep_C20306,0.44444957634747156
Strep_C20307,0.11136757272179186
Strep_C20308,0.11136757272179186
Strep_C20309,0.11136757272179186
Strep_C2030,0.99999999
Strep_C20310,0.11136757272179186
Strep_C20311,0.11136757272179186
Strep_C20312,0.23305302815717163
Strep_C20313,0.23305302815717163
Strep_C20314,0.23305302815717163
Strep_C20315,0.23305302815717163
Strep_C20316,0.23305302815717163
Strep_C20317,0.1160600458814914
Strep_C20318,0.1160600458814914
Strep_C20319,0.1160600458814914
Strep_C2031,0.7198643407720242
Strep_C20320,0.23305302815717163
Strep_C20321,0.23305302815717163
Strep_C20322,0.1160600458814914
Strep_C20323,0.2337017810381666
Strep_C20324,0.47311830745470035
Strep_C20325,0.11634201451864289
Strep_C20326,0.8524331858472348
Strep_C20327,0.11634201451864289
Strep_C20328,0.2337017810381666
Strep_C20329,0.11634201451864289
Strep_C2032,0.11634201451864289
Strep_C20330,0.23370178103816636
Strep_C20331,0.23370178103816636
Strep_C20332,0.11634201451864289
Strep_C20333,0.11634201451864289
Strep_C20334,0.23370178103816636
Strep_C20335,0.11634201451864289
Strep_C20336,0.5967242474384321
Strep_C20337,0.11634201451864289
Strep_C20338,0.1163415109155265
Strep_C20339,0.1163415109155265
Strep_C2033,0.7198634438443039
Strep_C20340,0.3524582818100281
Strep_C20341,0.1163415109155265
Strep_C20342,0.1163415109155265
Strep_C20343,0.1163415109155265
Strep_C20344,0.1163415109155265
Strep_C20345,0.1163415109155265
Strep_C20346,0.1163415109155265
Strep_C20347,0.99999999
Strep_C20348,0.99999999
Strep_C20349,0.11634201451864289
Strep_C2034,0.11634201451864289
Strep_C20350,0.11634201451864289
Strep_C20351,0.99999999
Strep_C20352,0.23370178103816636
Strep_C20353,0.11634201451864289
Strep_C20354,0.7198643407720242
Strep_C20355,0.11634201451864289
Strep_C20356,0.11634201451864289
Strep_C20357,0.11634201451864289
Strep_C20358,0.11634201451864289
Strep_C20359,0.47311830745470035
Strep_C2035,0.11634201451864289
Strep_C20360,0.11634201451864289
Strep_C20361,0.11634201451864289
Strep_C20362,0.3342595322757504
Strep_C20363,0.11634201451864289
Strep_C20364,0.11634201451864289
Strep_C20365,0.11634201451864289
Strep_C20366,0.11136757272179186
Strep_C20367,0.11136757272179186
Strep_C20368,0.22283322077504625
Strep_C20369,0.11136757272179186
Strep_C2036,0.2337017810381666
Strep_C20370,0.11136757272179186
Strep_C20371,0.11136757272179186
Strep_C20372,0.23305302815717163
Strep_C20373,0.23305302815717163
Strep_C20374,0.7198634438443039
Strep_C20375,0.23305302815717163
Strep_C20376,0.23305302815717163
Strep_C20377,0.44444989529753154
Strep_C20378,0.23305302815717163
Strep_C20379,0.23305302815717163
Strep_C2037,0.35245843672205746
Strep_C20380,0.11634201451864289
Strep_C20381,0.2337017810381666
Strep_C20382,0.11634201451864289
Strep_C20383,0.11634201451864289
Strep_C20384,0.11634201451864289
Strep_C20385,0.11634201451864289
Strep_C20386,0.11634201451864289
Strep_C20387,0.11634201451864289
Strep_C20388,0.11634201451864289
Strep_C20389,0.23370178103816636
Strep_C2038,0.11634201451864289
Strep_C20390,0.47127620612957083
Strep_C20391,0.11634201451864289
Strep_C20392,0.23370178103816636
Strep_C20393,0.47311830745470035
Strep_C20394,0.11634201451864289
Strep_C20395,0.1163415109155265
Strep_C20396,0.1163415109155265
Strep_C20397,0.1163415109155265
Strep_C20398,0.1163415109155265
Strep_C20399,0.1163415109155265
Strep_C2039,0.35245843672205746
Strep_C203,0.11634201451864289
Strep_C20400,0.1163415109155265
Strep_C20401,0.1163415109155265
Strep_C20402,0.11634201451864289
Strep_C20403,0.11634201451864289
Strep_C20404,0.5936452796634148
Strep_C20405,0.99999999
Strep_C20406,0.11634201451864289
Strep_C20407,0.3524582818100281
Strep_C20408,0.11634201451864289
Strep_C20409,0.99999999
Strep_C2040,0.11634201451864289
Strep_C20410,0.11634201451864289
Strep_C20411,0.11634201451864289
Strep_C20412,0.35245843672205746
Strep_C20413,0.11634201451864289
Strep_C20414,0.11634201451864289
Strep_C20415,0.4460100629020958
Strep_C20416,0.11634201451864289
Strep_C20417,0.11634201451864289
Strep_C20418,0.11136757272179186
Strep_C20419,0.11136757272179186
Strep_C2041,0.99999999
Strep_C20420,0.11136757272179186
Strep_C20421,0.670453025682897
Strep_C20422,0.11136757272179186
Strep_C20423,0.11136757272179186
Strep_C20424,0.11136757272179186
Strep_C20425,0.23305302815717163
Strep_C20426,0.23305302815717163
Strep_C20427,0.5936452796634148
Strep_C20428,0.23305302815717163
Strep_C20429,0.23305302815717163
Strep_C2042,0.11634201451864289
Strep_C20430,0.44444989529753154
Strep_C20431,0.333266628208235
Strep_C20432,0.23305302815717163
Strep_C20433,0.23305302815717163
Strep_C20434,0.351325490499599
Strep_C20435,0.23305302815717163
Strep_C20436,0.1160600458814914
Strep_C20437,0.23305302815717163
Strep_C20438,0.1160600458814914
Strep_C20439,0.1160600458814914
Strep_C2043,0.11136757272179186
Strep_C20440,0.2337017810381666
Strep_C20441,0.47311830745470035
Strep_C20442,0.11634201451864289
Strep_C20443,0.11634201451864289
Strep_C20444,0.11634201451864289
Strep_C20445,0.11634201451864289
Strep_C20446,0.11634201451864289
Strep_C20447,0.7198643407720242
Strep_C20448,0.11634201451864289
Strep_C20449,0.11634201451864289
Strep_C2044,0.11136757272179186
Strep_C20450,0.11634201451864289
Strep_C20451,0.11634201451864289
Strep_C20452,0.11634201451864289
Strep_C20453,0.35245843672205746
Strep_C20454,0.11634201451864289
Strep_C20455,0.11634201451864289
Strep_C20456,0.1163415109155265
Strep_C20457,0.1163415109155265
Strep_C20458,0.3342595322757504
Strep_C20459,0.1163415109155265
Strep_C2045,0.471274539360154
Strep_C20460,0.1163415109155265
Strep_C20461,0.1163415109155265
Strep_C20462,0.1163415109155265
Strep_C20463,0.1163415109155265
Strep_C20464,0.1163415109155265
Strep_C20465,0.1163415109155265
Strep_C20466,0.35245843672205746
Strep_C20467,0.99999999
Strep_C20468,0.11634201451864289
Strep_C20469,0.11634201451864289
Strep_C2046,0.11634201451864289
Strep_C20470,0.47311830745470035
Strep_C20471,0.557982185216091
Strep_C20472,0.2337017810381666
Strep_C20473,0.99999999
Strep_C20474,0.5967214293920762
Strep_C20475,0.35245843672205746
Strep_C20476,0.35245843672205746
Strep_C20477,0.351325490499599
Strep_C20478,0.11634201451864289
Strep_C20479,0.22283322077504625
Strep_C2047,0.11634201451864289
Strep_C20480,0.11634201451864289
Strep_C20481,0.11634201451864289
Strep_C20482,0.11634201451864289
Strep_C20483,0.11634201451864289
Strep_C20484,0.11634201451864289
Strep_C20485,0.11634201451864289
Strep_C20486,0.11634201451864289
Strep_C20487,0.99999999
Strep_C20488,0.11634201451864289
Strep_C20489,0.351325490499599
Strep_C2048,0.23370178103816636
Strep_C20490,0.11634201451864289
Strep_C20491,0.2337017810381666
Strep_C20492,0.47127620612957083
Strep_C20493,0.22283322077504625
Strep_C20494,0.11136757272179186
Strep_C20495,0.11136757272179186
Strep_C20496,0.22283354305359118
Strep_C20497,0.99999999
Strep_C20498,0.11136757272179186
Strep_C20499,0.11136757272179186
Strep_C2049,0.11634201451864289
Strep_C204,0.1163415109155265
Strep_C20500,0.11136757272179186
Strep_C20501,0.11136757272179186
Strep_C20502,0.351325490499599
Strep_C20503,0.1160600458814914
Strep_C20504,0.7198634438443039
Strep_C20505,0.1160600458814914
Strep_C20506,0.23305302815717163
Strep_C20507,0.1160600458814914
Strep_C20508,0.351325490499599
Strep_C20509,0.23305302815717163
Strep_C2050,0.11136757272179186
Strep_C20510,0.7198643407720242
Strep_C20511,0.351325490499599
Strep_C20512,0.11634201451864289
Strep_C20513,0.35245843672205746
Strep_C20514,0.11634201451864289
Strep_C20515,0.11634201451864289
Strep_C20516,0.11634201451864289
Strep_C20517,0.11634201451864289
Strep_C20518,0.11634201451864289
Strep_C20519,0.11634201451864289
Strep_C2051,0.11136757272179186
Strep_C20520,0.11634201451864289
Strep_C20521,0.11634201451864289
Strep_C20522,0.47127620612957083
Strep_C20523,0.11634201451864289
Strep_C20524,0.99999999
Strep_C20525,0.1163415109155265
Strep_C20526,0.1163415109155265
Strep_C20527,0.1163415109155265
Strep_C20528,0.1163415109155265
Strep_C20529,0.1163415109155265
Strep_C2052,0.11136757272179186
Strep_C20530,0.99999999
Strep_C20531,0.99999999
Strep_C20532,0.99999999
Strep_C20533,0.99999999
Strep_C20534,0.99999999
Strep_C20535,0.11634201451864289
Strep_C20536,0.11634201451864289
Strep_C20537,0.99999999
Strep_C20538,0.8889131171654778
Strep_C20539,0.11634201451864289
Strep_C2053,0.99999999
Strep_C20540,0.11634201451864289
Strep_C20541,0.11634201451864289
Strep_C20542,0.47311830745470035
Strep_C20543,0.11634201451864289
Strep_C20544,0.11634201451864289
Strep_C20545,0.11634201451864289
Strep_C20546,0.11634201451864289
Strep_C20547,0.11634201451864289
Strep_C20548,0.5967242474384321
Strep_C20549,0.11634201451864289
Strep_C2054,0.23305302815717163
Strep_C20550,0.11634201451864289
Strep_C20551,0.11634201451864289
Strep_C20552,0.11634201451864289
Strep_C20553,0.11634201451864289
Strep_C20554,0.11136757272179186
Strep_C20555,0.11136757272179186
Strep_C20556,0.44444989529753154
Strep_C20557,0.11136757272179186
Strep_C20558,0.11136757272179186
Strep_C20559,0.11136757272179186
Strep_C2055,0.351325490499599
Strep_C20560,0.11136757272179186
Strep_C20561,0.11136757272179186
Strep_C20562,0.11136757272179186
Strep_C20563,0.11136757272179186
Strep_C20564,0.11136757272179186
Strep_C20565,0.23305302815717163
Strep_C20566,0.23305302815717163
Strep_C20567,0.23305302815717163
Strep_C20568,0.35132537846575046
Strep_C20569,0.23305302815717163
Strep_C2056,0.2337017810381666
Strep_C20570,0.1160600458814914
Strep_C20571,0.23305302815717163
Strep_C20572,0.8889131171654778
Strep_C20573,0.23305302815717163
Strep_C20574,0.23305302815717163
Strep_C20575,0.1160600458814914
Strep_C20576,0.11634201451864289
Strep_C20577,0.11634201451864289
Strep_C20578,0.11634201451864289
Strep_C20579,0.11634201451864289
Strep_C2057,0.11634201451864289
Strep_C20580,0.11634201451864289
Strep_C20581,0.11634201451864289
Strep_C20582,0.11634201451864289
Strep_C20583,0.35245843672205746
Strep_C20584,0.11634201451864289
Strep_C20585,0.35245843672205746
Strep_C20586,0.11634201451864289
Strep_C20587,0.11634201451864289
Strep_C20588,0.11634201451864289
Strep_C20589,0.1163415109155265
Strep_C2058,0.351325490499599
Strep_C20590,0.1163415109155265
Strep_C20591,0.1163415109155265
Strep_C20592,0.8673259655154397
Strep_C20593,0.1163415109155265
Strep_C20594,0.1163415109155265
Strep_C20595,0.7256406595528874
Strep_C20596,0.11634201451864289
Strep_C20597,0.11634201451864289
Strep_C20598,0.23370178103816636
Strep_C20599,0.99999999
Strep_C2059,0.47311651524910325
Strep_C205,0.11634201451864289
Strep_C20600,0.11634201451864289
Strep_C20601,0.99999999
Strep_C20602,0.35245843672205746
Strep_C20603,0.47311830745470035
Strep_C20604,0.11634201451864289
Strep_C20605,0.5967214293920762
Strep_C20606,0.47311651524910325
Strep_C20607,0.23370178103816636
Strep_C20608,0.8524313909199117
Strep_C20609,0.11634201451864289
Strep_C2060,0.99999999
Strep_C20610,0.11634201451864289
Strep_C20611,0.11634201451864289
Strep_C20612,0.11634201451864289
Strep_C20613,0.22283322077504625
Strep_C20614,0.44444957634747156
Strep_C20615,0.11136757272179186
Strep_C20616,0.11136757272179186
Strep_C20617,0.11136757272179186
Strep_C20618,0.11136757272179186
Strep_C20619,0.3342595322757504
Strep_C2061,0.11634201451864289
Strep_C20620,0.11136757272179186
Strep_C20621,0.11136757272179186
Strep_C20622,0.99999999
Strep_C20623,0.11136757272179186
Strep_C20624,0.11136757272179186
Strep_C20625,0.11136757272179186
Strep_C20626,0.23305302815717163
Strep_C20627,0.23305302815717163
Strep_C20628,0.23305302815717163
Strep_C20629,0.23305302815717163
Strep_C2062,0.7256406595528874
Strep_C20630,0.23305302815717163
Strep_C20631,0.351325490499599
Strep_C20632,0.23305302815717163
Strep_C20633,0.5936427844819077
Strep_C20634,0.23305302815717163
Strep_C20635,0.1160600458814914
Strep_C20636,0.333266628208235
Strep_C20637,0.1160600458814914
Strep_C20638,0.1160600458814914
Strep_C20639,0.23305302815717163
Strep_C2063,0.47127620612957083
Strep_C20640,0.47311830745470035
Strep_C20641,0.2337017810381666
Strep_C20642,0.2337017810381666
Strep_C20643,0.11634201451864289
Strep_C20644,0.11634201451864289
Strep_C20645,0.11634201451864289
Strep_C20646,0.2337017810381666
Strep_C20647,0.23370178103816636
Strep_C20648,0.11634201451864289
Strep_C20649,0.47311830745470035
Strep_C2064,0.11634201451864289
Strep_C20650,0.11634201451864289
Strep_C20651,0.11634201451864289
Strep_C20652,0.11634201451864289
Strep_C20653,0.35245843672205746
Strep_C20654,0.11634201451864289
Strep_C20655,0.2337017810381666
Strep_C20656,0.1163415109155265
Strep_C20657,0.99999999
Strep_C20658,0.1163415109155265
Strep_C20659,0.1163415109155265
Strep_C2065,0.7256404808820707
Strep_C20660,0.1163415109155265
Strep_C20661,0.1163415109155265
Strep_C20662,0.1163415109155265
Strep_C20663,0.1163415109155265
Strep_C20664,0.1163415109155265
Strep_C20665,0.1163415109155265
Strep_C20666,0.1163415109155265
Strep_C20667,0.47311651524910325
Strep_C20668,0.1163415109155265
Strep_C20669,0.1163415109155265
Strep_C2066,0.2337017810381666
Strep_C20670,0.1163415109155265
Strep_C20671,0.1163415109155265
Strep_C20672,0.99999999
Strep_C20673,0.99999999
Strep_C20674,0.11634201451864289
Strep_C20675,0.8889131171654778
Strep_C20676,0.11634201451864289
Strep_C20677,0.11634201451864289
Strep_C20678,0.11634201451864289
Strep_C20679,0.11634201451864289
Strep_C2067,0.99999999
Strep_C20680,0.11634201451864289
Strep_C20681,0.2337017810381666
Strep_C20682,0.8889131171654778
Strep_C20683,0.11634201451864289
Strep_C20684,0.11634201451864289
Strep_C20685,0.11634201451864289
Strep_C20686,0.351325490499599
Strep_C20687,0.99999999
Strep_C20688,0.99999999
Strep_C20689,0.2337017810381666
Strep_C2068,0.99999999
Strep_C20690,0.11634201451864289
Strep_C20691,0.11634201451864289
Strep_C20692,0.8524331858472348
Strep_C20693,0.11634201451864289
Strep_C20694,0.11634201451864289
Strep_C20695,0.11634201451864289
Strep_C20696,0.11634201451864289
Strep_C20697,0.6665403377533278
Strep_C20698,0.11136757272179186
Strep_C20699,0.11136757272179186
Strep_C2069,0.1163415109155265
Strep_C206,0.1163415109155265
Strep_C20700,0.11136757272179186
Strep_C20701,0.11136757272179186
Strep_C20702,0.6665403377533278
Strep_C20703,0.11136757272179186
Strep_C20704,0.334259100712907
Strep_C20705,0.44600966595465286
Strep_C20706,0.11136757272179186
Strep_C20707,0.11136757272179186
Strep_C20708,0.11136757272179186
Strep_C20709,0.11136757272179186
Strep_C2070,0.8889131171654778
Strep_C20710,0.7778688864057204
Strep_C20711,0.11136757272179186
Strep_C20712,0.11136757272179186
Strep_C20713,0.99999999
Strep_C20714,0.23305302815717163
Strep_C20715,0.471274539360154
Strep_C20716,0.23305302815717163
Strep_C20717,0.4712762061295706
Strep_C20718,0.23305302815717163
Strep_C20719,0.23305302815717163
Strep_C2071,0.11634201451864289
Strep_C20720,0.4712762061295706
Strep_C20721,0.2337017810381666
Strep_C20722,0.2337017810381666
Strep_C20723,0.7778659244097796
Strep_C20724,0.2337017810381666
Strep_C20725,0.11634201451864289
Strep_C20726,0.11634201451864289
Strep_C20727,0.11634201451864289
Strep_C20728,0.11634201451864289
Strep_C20729,0.35245843672205746
Strep_C2072,0.23305302815717163
Strep_C20730,0.22283322077504625
Strep_C20731,0.11634201451864289
Strep_C20732,0.2337017810381666
Strep_C20733,0.11634201451864289
Strep_C20734,0.5936452796634148
Strep_C20735,0.11634201451864289
Strep_C20736,0.11634201451864289
Strep_C20737,0.22283322077504625
Strep_C20738,0.11634201451864289
Strep_C20739,0.47311830745470035
Strep_C2073,0.23370178103816636
Strep_C20740,0.11634201451864289
Strep_C20741,0.11634201451864289
Strep_C20742,0.11634201451864289
Strep_C20743,0.11634201451864289
Strep_C20744,0.1163415109155265
Strep_C20745,0.6665426254504294
Strep_C20746,0.1163415109155265
Strep_C20747,0.1163415109155265
Strep_C20748,0.1163415109155265
Strep_C20749,0.99999999
Strep_C2074,0.5967214293920762
Strep_C20750,0.1163415109155265
Strep_C20751,0.1163415109155265
Strep_C20752,0.1163415109155265
Strep_C20753,0.1163415109155265
Strep_C20754,0.1163415109155265
Strep_C20755,0.23370228693111114
Strep_C20756,0.1163415109155265
Strep_C20757,0.1163415109155265
Strep_C20758,0.1163415109155265
Strep_C20759,0.1163415109155265
Strep_C2075,0.23370178103816636
Strep_C20760,0.23305353040549365
Strep_C20761,0.1163415109155265
Strep_C20762,0.1163415109155265
Strep_C20763,0.99999999
Strep_C20764,0.2337017810381666
Strep_C20765,0.11634201451864289
Strep_C20766,0.11634201451864289
Strep_C20767,0.2337017810381666
Strep_C20768,0.47311830745470035
Strep_C20769,0.11634201451864289
Strep_C2076,0.11634201451864289
Strep_C20770,0.11634201451864289
Strep_C20771,0.11634201451864289
Strep_C20772,0.5967214293920762
Strep_C20773,0.99999999
Strep_C20774,0.11634201451864289
Strep_C20775,0.11634201451864289
Strep_C20776,0.11634201451864289
Strep_C20777,0.11634201451864289
Strep_C20778,0.11634201451864289
Strep_C20779,0.99999999
Strep_C2077,0.11136757272179186
Strep_C20780,0.11634201451864289
Strep_C20781,0.11634201451864289
Strep_C20782,0.99999999
Strep_C20783,0.11634201451864289
Strep_C20784,0.11634201451864289
Strep_C20785,0.11634201451864289
Strep_C20786,0.11634201451864289
Strep_C20787,0.11634201451864289
Strep_C20788,0.11634201451864289
Strep_C20789,0.11136757272179186
Strep_C2078,0.23305302815717163
Strep_C20790,0.11136757272179186
Strep_C20791,0.8889223478224411
Strep_C20792,0.11136757272179186
Strep_C20793,0.11136757272179186
Strep_C20794,0.11136757272179186
Strep_C20795,0.11136757272179186
Strep_C20796,0.11136757272179186
Strep_C20797,0.670453025682897
Strep_C20798,0.11136757272179186
Strep_C20799,0.11136757272179186
Strep_C2079,0.35245843672205746
Strep_C207,0.11634201451864289
Strep_C20800,0.5555542629982061
Strep_C20801,0.5936452796634148
Strep_C20802,0.1160600458814914
Strep_C20803,0.351325490499599
Strep_C20804,0.47311830745470035
Strep_C20805,0.99999999
Strep_C20806,0.11634201451864289
Strep_C20807,0.47311830745470035
Strep_C20808,0.11634201451864289
Strep_C20809,0.11634201451864289
Strep_C2080,0.11634201451864289
Strep_C20810,0.11634201451864289
Strep_C20811,0.2337017810381666
Strep_C20812,0.23370228693111114
Strep_C20813,0.7256406595528874
Strep_C20814,0.11634201451864289
Strep_C20815,0.11634201451864289
Strep_C20816,0.11634201451864289
Strep_C20817,0.23370178103816636
Strep_C20818,0.11634201451864289
Strep_C20819,0.11634201451864289
Strep_C2081,0.11634201451864289
Strep_C20820,0.47311830745470035
Strep_C20821,0.11634201451864289
Strep_C20822,0.11634201451864289
Strep_C20823,0.1163415109155265
Strep_C20824,0.1163415109155265
Strep_C20825,0.1163415109155265
Strep_C20826,0.1163415109155265
Strep_C20827,0.1163415109155265
Strep_C20828,0.1163415109155265
Strep_C20829,0.1163415109155265
Strep_C2082,0.2337017810381666
Strep_C20830,0.1163415109155265
Strep_C20831,0.1163415109155265
Strep_C20832,0.1163415109155265
Strep_C20833,0.1163415109155265
Strep_C20834,0.7256406595528874
Strep_C20835,0.35245843672205746
Strep_C20836,0.99999999
Strep_C20837,0.5967214293920762
Strep_C20838,0.11634201451864289
Strep_C20839,0.11634201451864289
Strep_C2083,0.1163415109155265
Strep_C20840,0.11634201451864289
Strep_C20841,0.11634201451864289
Strep_C20842,0.11634201451864289
Strep_C20843,0.99999999
Strep_C20844,0.7198634438443039
Strep_C20845,0.11634201451864289
Strep_C20846,0.11634201451864289
Strep_C20847,0.35245843672205746
Strep_C20848,0.11634201451864289
Strep_C20849,0.11634201451864289
Strep_C2084,0.1163415109155265
Strep_C20850,0.11634201451864289
Strep_C20851,0.11634201451864289
Strep_C20852,0.11634201451864289
Strep_C20853,0.471274539360154
Strep_C20854,0.47311651524910325
Strep_C20855,0.11634201451864289
Strep_C20856,0.11634201451864289
Strep_C20857,0.11634201451864289
Strep_C20858,0.47311830745470035
Strep_C20859,0.11634201451864289
Strep_C2085,0.11634201451864289
Strep_C20860,0.11634201451864289
Strep_C20861,0.11634201451864289
Strep_C20862,0.11136757272179186
Strep_C20863,0.11136757272179186
Strep_C20864,0.11136757272179186
Strep_C20865,0.99999999
Strep_C20866,0.334259100712907
Strep_C20867,0.333266628208235
Strep_C20868,0.23305302815717163
Strep_C20869,0.1160600458814914
Strep_C2086,0.22283354305359118
Strep_C20870,0.471274539360154
Strep_C20871,0.23305302815717163
Strep_C20872,0.351325490499599
Strep_C20873,0.23305302815717163
Strep_C20874,0.1160600458814914
Strep_C20875,0.47311651524910325
Strep_C20876,0.5967242474384321
Strep_C20877,0.47311830745470035
Strep_C20878,0.2337017810381666
Strep_C20879,0.99999999
Strep_C2087,0.11634201451864289
Strep_C20880,0.11634201451864289
Strep_C20881,0.35245843672205746
Strep_C20882,0.11634201451864289
Strep_C20883,0.2337017810381666
Strep_C20884,0.11634201451864289
Strep_C20885,0.11634201451864289
Strep_C20886,0.11634201451864289
Strep_C20887,0.23305302815717163
Strep_C20888,0.99999999
Strep_C20889,0.35245843672205746
Strep_C2088,0.11634201451864289
Strep_C20890,0.11634201451864289
Strep_C20891,0.351325490499599
Strep_C20892,0.11634201451864289
Strep_C20893,0.11634201451864289
Strep_C20894,0.11634201451864289
Strep_C20895,0.11634201451864289
Strep_C20896,0.1163415109155265
Strep_C20897,0.1163415109155265
Strep_C20898,0.22283354305359118
Strep_C20899,0.35132537846575046
Strep_C2089,0.351325490499599
Strep_C208,0.2337017810381666
Strep_C20900,0.1163415109155265
Strep_C20901,0.1163415109155265
Strep_C20902,0.1163415109155265
Strep_C20903,0.1163415109155265
Strep_C20904,0.1163415109155265
Strep_C20905,0.1163415109155265
Strep_C20906,0.1163415109155265
Strep_C20907,0.1163415109155265
Strep_C20908,0.1163415109155265
Strep_C20909,0.1163415109155265
Strep_C2090,0.670453025682897
Strep_C20910,0.1163415109155265
Strep_C20911,0.7256406595528874
Strep_C20912,0.99999999
Strep_C20913,0.5967214293920762
Strep_C20914,0.11634201451864289
Strep_C20915,0.99999999
Strep_C20916,0.7778688864057204
Strep_C20917,0.11634201451864289
Strep_C20918,0.99999999
Strep_C20919,0.2337017810381666
Strep_C2091,0.2337017810381666
Strep_C20920,0.11634201451864289
Strep_C20921,0.99999999
Strep_C20922,0.5936452796634148
Strep_C20923,0.47311830745470035
Strep_C20924,0.11634201451864289
Strep_C20925,0.11634201451864289
Strep_C20926,0.351325490499599
Strep_C20927,0.11634201451864289
Strep_C20928,0.11634201451864289
Strep_C20929,0.11634201451864289
Strep_C2092,0.11634201451864289
Strep_C20930,0.11634201451864289
Strep_C20931,0.7256406595528874
Strep_C20932,0.11136757272179186
Strep_C20933,0.11136757272179186
Strep_C20934,0.11136757272179186
Strep_C20935,0.11136757272179186
Strep_C20936,0.333266628208235
Strep_C20937,0.99999999
Strep_C20938,0.11136757272179186
Strep_C20939,0.11136757272179186
Strep_C2093,0.47311830745470035
Strep_C20940,0.11136757272179186
Strep_C20941,0.11136757272179186
Strep_C20942,0.11136757272179186
Strep_C20943,0.7198643407720242
Strep_C20944,0.1160600458814914
Strep_C20945,0.23305302815717163
Strep_C20946,0.23305302815717163
Strep_C20947,0.99999999
Strep_C20948,0.23305302815717163
Strep_C20949,0.1160600458814914
Strep_C2094,0.1163415109155265
Strep_C20950,0.23305302815717163
Strep_C20951,0.2337017810381666
Strep_C20952,0.11634201451864289
Strep_C20953,0.11634201451864289
Strep_C20954,0.11634201451864289
Strep_C20955,0.35245843672205746
Strep_C20956,0.11634201451864289
Strep_C20957,0.11634201451864289
Strep_C20958,0.11634201451864289
Strep_C20959,0.11634201451864289
Strep_C2095,0.7256406595528874
Strep_C20960,0.11634201451864289
Strep_C20961,0.47311830745470035
Strep_C20962,0.11634201451864289
Strep_C20963,0.5967242474384321
Strep_C20964,0.11634201451864289
Strep_C20965,0.11634201451864289
Strep_C20966,0.7198634438443039
Strep_C20967,0.23370178103816636
Strep_C20968,0.11634201451864289
Strep_C20969,0.11634201451864289
Strep_C2096,0.11136757272179186
Strep_C20970,0.2337017810381666
Strep_C20971,0.11634201451864289
Strep_C20972,0.11634201451864289
Strep_C20973,0.11634201451864289
Strep_C20974,0.11634201451864289
Strep_C20975,0.1163415109155265
Strep_C20976,0.99999999
Strep_C20977,0.1163415109155265
Strep_C20978,0.1163415109155265
Strep_C20979,0.1163415109155265
Strep_C2097,0.6665403377533278
Strep_C20980,0.1163415109155265
Strep_C20981,0.23370228693111114
Strep_C20982,0.1163415109155265
Strep_C20983,0.1163415109155265
Strep_C20984,0.1163415109155265
Strep_C20985,0.1163415109155265
Strep_C20986,0.5967214293920762
Strep_C20987,0.3524582818100281
Strep_C20988,0.1163415109155265
Strep_C20989,0.1163415109155265
Strep_C2098,0.99999999
Strep_C20990,0.1163415109155265
Strep_C20991,0.1163415109155265
Strep_C20992,0.1163415109155265
Strep_C20993,0.1163415109155265
Strep_C20994,0.1163415109155265
Strep_C20995,0.11634201451864289
Strep_C20996,0.47311830745470035
Strep_C20997,0.99999999
Strep_C20998,0.11634201451864289
Strep_C20999,0.8889131171654778
Strep_C2099,0.2337017810381666
Strep_C209,0.1163415109155265
Strep_C20,0.11634201451864289
Strep_C21000,0.11634201451864289
Strep_C21001,0.5936452796634148
Strep_C21002,0.47311830745470035
Strep_C21003,0.11634201451864289
Strep_C21004,0.11634201451864289
Strep_C21005,0.11634201451864289
Strep_C21006,0.5967214293920762
Strep_C21007,0.99999999
Strep_C21008,0.11634201451864289
Strep_C21009,0.351325490499599
Strep_C2100,0.11634201451864289
Strep_C21010,0.11634201451864289
Strep_C21011,0.7256404808820707
Strep_C21012,0.11634201451864289
Strep_C21013,0.5967214293920762
Strep_C21014,0.11634201451864289
Strep_C21015,0.11634201451864289
Strep_C21016,0.11634201451864289
Strep_C21017,0.11634201451864289
Strep_C21018,0.11136757272179186
Strep_C21019,0.11136757272179186
Strep_C2101,0.23370178103816636
Strep_C21020,0.11136757272179186
Strep_C21021,0.11136757272179186
Strep_C21022,0.11136757272179186
Strep_C21023,0.11136757272179186
Strep_C21024,0.11136757272179186
Strep_C21025,0.11136757272179186
Strep_C21026,0.4712762061295706
Strep_C21027,0.23305302815717163
Strep_C21028,0.23305302815717163
Strep_C21029,0.23305302815717163
Strep_C2102,0.11634201451864289
Strep_C21030,0.23305302815717163
Strep_C21031,0.99999999
Strep_C21032,0.23305302815717163
Strep_C21033,0.23305302815717163
Strep_C21034,0.23305302815717163
Strep_C21035,0.35132537846575046
Strep_C21036,0.47311830745470035
Strep_C21037,0.2337017810381666
Strep_C21038,0.47311651524910325
Strep_C21039,0.47311651524910325
Strep_C2103,0.47311651524910325
Strep_C21040,0.2337017810381666
Strep_C21041,0.11634201451864289
Strep_C21042,0.11634201451864289
Strep_C21043,0.2337017810381666
Strep_C21044,0.11634201451864289
Strep_C21045,0.11634201451864289
Strep_C21046,0.11634201451864289
Strep_C21047,0.23370178103816636
Strep_C21048,0.99999999
Strep_C21049,0.7198634438443039
Strep_C2104,0.23305302815717163
Strep_C21050,0.11634201451864289
Strep_C21051,0.11634201451864289
Strep_C21052,0.11634201451864289
Strep_C21053,0.11634201451864289
Strep_C21054,0.1163415109155265
Strep_C21055,0.99999999
Strep_C21056,0.1163415109155265
Strep_C21057,0.5967214293920762
Strep_C21058,0.1163415109155265
Strep_C21059,0.1163415109155265
Strep_C2105,0.11634201451864289
Strep_C21060,0.1163415109155265
Strep_C21061,0.1163415109155265
Strep_C21062,0.1163415109155265
Strep_C21063,0.1163415109155265
Strep_C21064,0.1163415109155265
Strep_C21065,0.1163415109155265
Strep_C21066,0.3524582818100281
Strep_C21067,0.1163415109155265
Strep_C21068,0.1163415109155265
Strep_C21069,0.1163415109155265
Strep_C2106,0.23305302815717163
Strep_C21070,0.1163415109155265
Strep_C21071,0.99999999
Strep_C21072,0.11634201451864289
Strep_C21073,0.22283322077504625
Strep_C21074,0.23370228693111114
Strep_C21075,0.11634201451864289
Strep_C21076,0.47311830745470035
Strep_C21077,0.3524582818100281
Strep_C21078,0.99999999
Strep_C21079,0.11634201451864289
Strep_C2107,0.47311830745470035
Strep_C21080,0.11634201451864289
Strep_C21081,0.5967242474384321
Strep_C21082,0.11634201451864289
Strep_C21083,0.8889223478224411
Strep_C21084,0.5555542629982061
Strep_C21085,0.11136757272179186
Strep_C21086,0.11136757272179186
Strep_C21087,0.23305302815717163
Strep_C21088,0.23305302815717163
Strep_C21089,0.23305302815717163
Strep_C2108,0.99999999
Strep_C21090,0.1160600458814914
Strep_C21091,0.1160600458814914
Strep_C21092,0.23305302815717163
Strep_C21093,0.23305302815717163
Strep_C21094,0.1160600458814914
Strep_C21095,0.47311651524910325
Strep_C21096,0.557982185216091
Strep_C21097,0.47311830745470035
Strep_C21098,0.11634201451864289
Strep_C21099,0.2337017810381666
Strep_C2109,0.23305302815717163
Strep_C210,0.11634201451864289
Strep_C21100,0.23305302815717163
Strep_C21101,0.35245843672205746
Strep_C21102,0.11634201451864289
Strep_C21103,0.11634201451864289
Strep_C21104,0.11634201451864289
Strep_C21105,0.11634201451864289
Strep_C21106,0.11634201451864289
Strep_C21107,0.11634201451864289
Strep_C21108,0.11634201451864289
Strep_C21109,0.11634201451864289
Strep_C2110,0.1163415109155265
Strep_C21110,0.1163415109155265
Strep_C21111,0.1163415109155265
Strep_C21112,0.1163415109155265
Strep_C21113,0.1163415109155265
Strep_C21114,0.1163415109155265
Strep_C21115,0.1163415109155265
Strep_C21116,0.1163415109155265
Strep_C21117,0.1163415109155265
Strep_C21118,0.1163415109155265
Strep_C21119,0.3342595322757504
Strep_C2111,0.1163415109155265
Strep_C21120,0.1163415109155265
Strep_C21121,0.99999999
Strep_C21122,0.47311830745470035
Strep_C21123,0.99999999
Strep_C21124,0.11634201451864289
Strep_C21125,0.11634201451864289
Strep_C21126,0.99999999
Strep_C21127,0.47311830745470035
Strep_C21128,0.5967214293920762
Strep_C21129,0.11634201451864289
Strep_C2112,0.11136757272179186
Strep_C21130,0.11634201451864289
Strep_C21131,0.47311651524910325
Strep_C21132,0.11634201451864289
Strep_C21133,0.2337017810381666
Strep_C21134,0.47127620612957083
Strep_C21135,0.11634201451864289
Strep_C21136,0.11634201451864289
Strep_C21137,0.11634201451864289
Strep_C21138,0.11634201451864289
Strep_C21139,0.351325490499599
Strep_C2113,0.11634201451864289
Strep_C21140,0.11136757272179186
Strep_C21141,0.11136757272179186
Strep_C21142,0.11136757272179186
Strep_C21143,0.11136757272179186
Strep_C21144,0.8889131171654778
Strep_C21145,0.11136757272179186
Strep_C21146,0.99999999
Strep_C21147,0.11136757272179186
Strep_C21148,0.11136757272179186
Strep_C21149,0.11136757272179186
Strep_C2114,0.11634201451864289
Strep_C21150,0.11136757272179186
Strep_C21151,0.11136757272179186
Strep_C21152,0.11136757272179186
Strep_C21153,0.11136757272179186
Strep_C21154,0.99999999
Strep_C21155,0.23305302815717163
Strep_C21156,0.23305302815717163
Strep_C21157,0.23305302815717163
Strep_C21158,0.23305302815717163
Strep_C21159,0.35132537846575046
Strep_C2115,0.11634201451864289
Strep_C21160,0.7198634438443039
Strep_C21161,0.23305302815717163
Strep_C21162,0.1160600458814914
Strep_C21163,0.23305302815717163
Strep_C21164,0.35132537846575046
Strep_C21165,0.1160600458814914
Strep_C21166,0.471274539360154
Strep_C21167,0.47311830745470035
Strep_C21168,0.2337017810381666
Strep_C21169,0.2337017810381666
Strep_C2116,0.11634201451864289
Strep_C21170,0.35245843672205746
Strep_C21171,0.3524582818100281
Strep_C21172,0.2337017810381666
Strep_C21173,0.2337017810381666
Strep_C21174,0.11634201451864289
Strep_C21175,0.11634201451864289
Strep_C21176,0.2337017810381666
Strep_C21177,0.11634201451864289
Strep_C21178,0.11634201451864289
Strep_C21179,0.11634201451864289
Strep_C2117,0.11634201451864289
Strep_C21180,0.11634201451864289
Strep_C21181,0.11634201451864289
Strep_C21182,0.8673259655154397
Strep_C21183,0.11634201451864289
Strep_C21184,0.11634201451864289
Strep_C21185,0.23370178103816636
Strep_C21186,0.11634201451864289
Strep_C21187,0.11634201451864289
Strep_C21188,0.11634201451864289
Strep_C21189,0.1163415109155265
Strep_C2118,0.11136757272179186
Strep_C21190,0.1163415109155265
Strep_C21191,0.22283354305359118
Strep_C21192,0.1163415109155265
Strep_C21193,0.1163415109155265
Strep_C21194,0.1163415109155265
Strep_C21195,0.1163415109155265
Strep_C21196,0.22283354305359118
Strep_C21197,0.1163415109155265
Strep_C21198,0.1163415109155265
Strep_C21199,0.1163415109155265
Strep_C2119,0.11634201451864289
Strep_C211,0.11634201451864289
Strep_C21200,0.1163415109155265
Strep_C21201,0.1163415109155265
Strep_C21202,0.1163415109155265
Strep_C21203,0.1163415109155265
Strep_C21204,0.1163415109155265
Strep_C21205,0.1163415109155265
Strep_C21206,0.99999999
Strep_C21207,0.2337017810381666
Strep_C21208,0.11634201451864289
Strep_C21209,0.11634201451864289
Strep_C2120,0.351325490499599
Strep_C21210,0.5967242474384321
Strep_C21211,0.11634201451864289
Strep_C21212,0.11634201451864289
Strep_C21213,0.11634201451864289
Strep_C21214,0.11634201451864289
Strep_C21215,0.35245843672205746
Strep_C21216,0.11634201451864289
Strep_C21217,0.11634201451864289
Strep_C21218,0.11634201451864289
Strep_C21219,0.11634201451864289
Strep_C2121,0.11634201451864289
Strep_C21220,0.5967214293920762
Strep_C21221,0.11634201451864289
Strep_C21222,0.11634201451864289
Strep_C21223,0.11634201451864289
Strep_C21224,0.11634201451864289
Strep_C21225,0.11634201451864289
Strep_C21226,0.11136757272179186
Strep_C21227,0.11136757272179186
Strep_C21228,0.334259100712907
Strep_C21229,0.4460100629020958
Strep_C2122,0.11634201451864289
Strep_C21230,0.8889131171654778
Strep_C21231,0.11136757272179186
Strep_C21232,0.11136757272179186
Strep_C21233,0.11136757272179186
Strep_C21234,0.11136757272179186
Strep_C21235,0.11136757272179186
Strep_C21236,0.11136757272179186
Strep_C21237,0.23305302815717163
Strep_C21238,0.8524331858472348
Strep_C21239,0.23305302815717163
Strep_C2123,0.23370178103816636
Strep_C21240,0.1160600458814914
Strep_C21241,0.99999999
Strep_C21242,0.23305302815717163
Strep_C21243,0.1160600458814914
Strep_C21244,0.2337017810381666
Strep_C21245,0.2337017810381666
Strep_C21246,0.99999999
Strep_C21247,0.11634201451864289
Strep_C21248,0.2337017810381666
Strep_C21249,0.47311830745470035
Strep_C2124,0.11136757272179186
Strep_C21250,0.11634201451864289
Strep_C21251,0.11634201451864289
Strep_C21252,0.2337017810381666
Strep_C21253,0.11634201451864289
Strep_C21254,0.2337017810381666
Strep_C21255,0.11634201451864289
Strep_C21256,0.8524313909199117
Strep_C21257,0.23305302815717163
Strep_C21258,0.11634201451864289
Strep_C21259,0.11634201451864289
Strep_C2125,0.11634201451864289
Strep_C21260,0.11634201451864289
Strep_C21261,0.11634201451864289
Strep_C21262,0.11634201451864289
Strep_C21263,0.11634201451864289
Strep_C21264,0.11634201451864289
Strep_C21265,0.11634201451864289
Strep_C21266,0.11634201451864289
Strep_C21267,0.11634201451864289
Strep_C21268,0.11634201451864289
Strep_C21269,0.11634201451864289
Strep_C2126,0.1163415109155265
Strep_C21270,0.11634201451864289
Strep_C21271,0.1163415109155265
Strep_C21272,0.1163415109155265
Strep_C21273,0.99999999
Strep_C21274,0.1163415109155265
Strep_C21275,0.1163415109155265
Strep_C21276,0.1163415109155265
Strep_C21277,0.1163415109155265
Strep_C21278,0.1163415109155265
Strep_C21279,0.1163415109155265
Strep_C2127,0.23370178103816636
Strep_C21280,0.1163415109155265
Strep_C21281,0.23370228693111114
Strep_C21282,0.23370228693111114
Strep_C21283,0.1163415109155265
Strep_C21284,0.1163415109155265
Strep_C21285,0.1163415109155265
Strep_C21286,0.99999999
Strep_C21287,0.7198634438443039
Strep_C21288,0.11634201451864289
Strep_C21289,0.5967242474384321
Strep_C2128,0.5967214293920762
Strep_C21290,0.11634201451864289
Strep_C21291,0.11634201451864289
Strep_C21292,0.11634201451864289
Strep_C21293,0.11634201451864289
Strep_C21294,0.11634201451864289
Strep_C21295,0.11634201451864289
Strep_C21296,0.35245843672205746
Strep_C21297,0.11634201451864289
Strep_C21298,0.11634201451864289
Strep_C21299,0.99999999
Strep_C2129,0.11634201451864289
Strep_C212,0.35245843672205746
Strep_C21300,0.11634201451864289
Strep_C21301,0.11634201451864289
Strep_C21302,0.11634201451864289
Strep_C21303,0.23370178103816636
Strep_C21304,0.11634201451864289
Strep_C21305,0.5555542629982061
Strep_C21306,0.11634201451864289
Strep_C21307,0.11634201451864289
Strep_C21308,0.11136757272179186
Strep_C21309,0.99999999
Strep_C2130,0.1163415109155265
Strep_C21310,0.11136757272179186
Strep_C21311,0.11136757272179186
Strep_C21312,0.11136757272179186
Strep_C21313,0.11136757272179186
Strep_C21314,0.8889223478224411
Strep_C21315,0.11136757272179186
Strep_C21316,0.11136757272179186
Strep_C21317,0.11136757272179186
Strep_C21318,0.351325490499599
Strep_C21319,0.5936452796634148
Strep_C2131,0.3524582818100281
Strep_C21320,0.23305302815717163
Strep_C21321,0.2337017810381666
Strep_C21322,0.11634201451864289
Strep_C21323,0.11634201451864289
Strep_C21324,0.11634201451864289
Strep_C21325,0.23370178103816636
Strep_C21326,0.23370178103816636
Strep_C21327,0.11634201451864289
Strep_C21328,0.11634201451864289
Strep_C21329,0.11634201451864289
Strep_C2132,0.35245843672205746
Strep_C21330,0.11634201451864289
Strep_C21331,0.5967242474384321
Strep_C21332,0.47311830745470035
Strep_C21333,0.11634201451864289
Strep_C21334,0.11634201451864289
Strep_C21335,0.23370178103816636
Strep_C21336,0.23370178103816636
Strep_C21337,0.11634201451864289
Strep_C21338,0.11634201451864289
Strep_C21339,0.99999999
Strep_C2133,0.35245843672205746
Strep_C21340,0.23370178103816636
Strep_C21341,0.2337017810381666
Strep_C21342,0.11634201451864289
Strep_C21343,0.2337017810381666
Strep_C21344,0.11634201451864289
Strep_C21345,0.11634201451864289
Strep_C21346,0.1163415109155265
Strep_C21347,0.1163415109155265
Strep_C21348,0.1163415109155265
Strep_C21349,0.1163415109155265
Strep_C2134,0.11634201451864289
Strep_C21350,0.1163415109155265
Strep_C21351,0.99999999
Strep_C21352,0.47311830745470035
Strep_C21353,0.35245843672205746
Strep_C21354,0.2337017810381666
Strep_C21355,0.11634201451864289
Strep_C21356,0.23370178103816636
Strep_C21357,0.99999999
Strep_C21358,0.11634201451864289
Strep_C21359,0.47311830745470035
Strep_C2135,0.11634201451864289
Strep_C21360,0.11634201451864289
Strep_C21361,0.11634201451864289
Strep_C21362,0.351325490499599
Strep_C21363,0.99999999
Strep_C21364,0.351325490499599
Strep_C21365,0.11634201451864289
Strep_C21366,0.351325490499599
Strep_C21367,0.11634201451864289
Strep_C21368,0.11634201451864289
Strep_C21369,0.11634201451864289
Strep_C2136,0.99999999
Strep_C21370,0.11634201451864289
Strep_C21371,0.11634201451864289
Strep_C21372,0.11634201451864289
Strep_C21373,0.11634201451864289
Strep_C21374,0.11634201451864289
Strep_C21375,0.11136757272179186
Strep_C21376,0.11136757272179186
Strep_C21377,0.11136757272179186
Strep_C21378,0.11136757272179186
Strep_C21379,0.11136757272179186
Strep_C2137,0.47311830745470035
Strep_C21380,0.11136757272179186
Strep_C21381,0.11136757272179186
Strep_C21382,0.11136757272179186
Strep_C21383,0.351325490499599
Strep_C21384,0.23305302815717163
Strep_C21385,0.1160600458814914
Strep_C21386,0.23305302815717163
Strep_C21387,0.471274539360154
Strep_C21388,0.23305302815717163
Strep_C21389,0.1160600458814914
Strep_C2138,0.35245843672205746
Strep_C21390,0.1160600458814914
Strep_C21391,0.11634201451864289
Strep_C21392,0.8889131171654778
Strep_C21393,0.7198634438443039
Strep_C21394,0.35245843672205746
Strep_C21395,0.11634201451864289
Strep_C21396,0.11634201451864289
Strep_C21397,0.11634201451864289
Strep_C21398,0.35245843672205746
Strep_C21399,0.11634201451864289
Strep_C2139,0.5967214293920762
Strep_C213,0.35245843672205746
Strep_C21400,0.11634201451864289
Strep_C21401,0.99999999
Strep_C21402,0.2337017810381666
Strep_C21403,0.11634201451864289
Strep_C21404,0.1163415109155265
Strep_C21405,0.1163415109155265
Strep_C21406,0.3524582818100281
Strep_C21407,0.7847940789287989
Strep_C21408,0.1163415109155265
Strep_C21409,0.1163415109155265
Strep_C2140,0.2337017810381666
Strep_C21410,0.35132537846575046
Strep_C21411,0.1163415109155265
Strep_C21412,0.1163415109155265
Strep_C21413,0.1163415109155265
Strep_C21414,0.1163415109155265
Strep_C21415,0.1163415109155265
Strep_C21416,0.1163415109155265
Strep_C21417,0.8524313909199117
Strep_C21418,0.11634201451864289
Strep_C21419,0.2337017810381666
Strep_C2141,0.8524331858472348
Strep_C21420,0.11634201451864289
Strep_C21421,0.2337017810381666
Strep_C21422,0.7256406595528874
Strep_C21423,0.11634201451864289
Strep_C21424,0.47311830745470035
Strep_C21425,0.11634201451864289
Strep_C21426,0.47311830745470035
Strep_C21427,0.557982185216091
Strep_C21428,0.99999999
Strep_C21429,0.99999999
Strep_C2142,0.2337017810381666
Strep_C21430,0.8524331858472348
Strep_C21431,0.11634201451864289
Strep_C21432,0.11634201451864289
Strep_C21433,0.11634201451864289
Strep_C21434,0.11634201451864289
Strep_C21435,0.11634201451864289
Strep_C21436,0.11634201451864289
Strep_C21437,0.11634201451864289
Strep_C21438,0.11634201451864289
Strep_C21439,0.11136757272179186
Strep_C2143,0.11634201451864289
Strep_C21440,0.11136757272179186
Strep_C21441,0.11136757272179186
Strep_C21442,0.11136757272179186
Strep_C21443,0.11136757272179186
Strep_C21444,0.11136757272179186
Strep_C21445,0.11136757272179186
Strep_C21446,0.23305302815717163
Strep_C21447,0.99999999
Strep_C21448,0.23305302815717163
Strep_C21449,0.23305302815717163
Strep_C2144,0.7778659244097796
Strep_C21450,0.23305302815717163
Strep_C21451,0.23305302815717163
Strep_C21452,0.1160600458814914
Strep_C21453,0.47311830745470035
Strep_C21454,0.2337017810381666
Strep_C21455,0.2337017810381666
Strep_C21456,0.11634201451864289
Strep_C21457,0.11634201451864289
Strep_C21458,0.23370178103816636
Strep_C21459,0.7256406595528874
Strep_C2145,0.11634201451864289
Strep_C21460,0.11634201451864289
Strep_C21461,0.2337017810381666
Strep_C21462,0.2337017810381666
Strep_C21463,0.11634201451864289
Strep_C21464,0.11634201451864289
Strep_C21465,0.8524331858472348
Strep_C21466,0.11634201451864289
Strep_C21467,0.2337017810381666
Strep_C21468,0.11634201451864289
Strep_C21469,0.5967214293920762
Strep_C2146,0.99999999
Strep_C21470,0.11634201451864289
Strep_C21471,0.11634201451864289
Strep_C21472,0.11634201451864289
Strep_C21473,0.1163415109155265
Strep_C21474,0.1163415109155265
Strep_C21475,0.1163415109155265
Strep_C21476,0.1163415109155265
Strep_C21477,0.1163415109155265
Strep_C21478,0.99999999
Strep_C21479,0.1163415109155265
Strep_C2147,0.11136757272179186
Strep_C21480,0.1163415109155265
Strep_C21481,0.1163415109155265
Strep_C21482,0.7256406595528874
Strep_C21483,0.1163415109155265
Strep_C21484,0.1163415109155265
Strep_C21485,0.1163415109155265
Strep_C21486,0.1163415109155265
Strep_C21487,0.23305353040549365
Strep_C21488,0.1163415109155265
Strep_C21489,0.11634201451864289
Strep_C2148,0.47311830745470035
Strep_C21490,0.11634201451864289
Strep_C21491,0.47311830745470035
Strep_C21492,0.3524582818100281
Strep_C21493,0.11634201451864289
Strep_C21494,0.11634201451864289
Strep_C21495,0.47311830745470035
Strep_C21496,0.35245843672205746
Strep_C21497,0.8524331858472348
Strep_C21498,0.11634201451864289
Strep_C21499,0.2337017810381666
Strep_C2149,0.1163415109155265
Strep_C214,0.1163415109155265
Strep_C21500,0.7256406595528874
Strep_C21501,0.8524313909199117
Strep_C21502,0.3524582818100281
Strep_C21503,0.99999999
Strep_C21504,0.35245843672205746
Strep_C21505,0.11634201451864289
Strep_C21506,0.11634201451864289
Strep_C21507,0.11634201451864289
Strep_C21508,0.99999999
Strep_C21509,0.11634201451864289
Strep_C2150,0.11634201451864289
Strep_C21510,0.22283322077504625
Strep_C21511,0.11136757272179186
Strep_C21512,0.11136757272179186
Strep_C21513,0.11136757272179186
Strep_C21514,0.11136757272179186
Strep_C21515,0.11136757272179186
Strep_C21516,0.99999999
Strep_C21517,0.8889131171654778
Strep_C21518,0.22283322077504625
Strep_C21519,0.11136757272179186
Strep_C2151,0.44444989529753154
Strep_C21520,0.11136757272179186
Strep_C21521,0.44444957634747156
Strep_C21522,0.333266628208235
Strep_C21523,0.11136757272179186
Strep_C21524,0.23305302815717163
Strep_C21525,0.23305302815717163
Strep_C21526,0.8889131171654778
Strep_C21527,0.23305302815717163
Strep_C21528,0.23305302815717163
Strep_C21529,0.23305302815717163
Strep_C2152,0.11136757272179186
Strep_C21530,0.23305302815717163
Strep_C21531,0.1160600458814914
Strep_C21532,0.1160600458814914
Strep_C21533,0.23305302815717163
Strep_C21534,0.2337017810381666
Strep_C21535,0.5967214293920762
Strep_C21536,0.2337017810381666
Strep_C21537,0.2337017810381666
Strep_C21538,0.11634201451864289
Strep_C21539,0.99999999
Strep_C2153,0.44444989529753154
Strep_C21540,0.11634201451864289
Strep_C21541,0.11634201451864289
Strep_C21542,0.11634201451864289
Strep_C21543,0.11634201451864289
Strep_C21544,0.5967214293920762
Strep_C21545,0.1163415109155265
Strep_C21546,0.35132537846575046
Strep_C21547,0.1163415109155265
Strep_C21548,0.1163415109155265
Strep_C21549,0.1163415109155265
Strep_C2154,0.23305302815717163
Strep_C21550,0.1163415109155265
Strep_C21551,0.1163415109155265
Strep_C21552,0.1163415109155265
Strep_C21553,0.1163415109155265
Strep_C21554,0.1163415109155265
Strep_C21555,0.1163415109155265
Strep_C21556,0.3524582818100281
Strep_C21557,0.1163415109155265
Strep_C21558,0.8524331858472348
Strep_C21559,0.11634201451864289
Strep_C2155,0.23305302815717163
Strep_C21560,0.44601006290209577
Strep_C21561,0.11634201451864289
Strep_C21562,0.11634201451864289
Strep_C21563,0.7256406595528874
Strep_C21564,0.11634201451864289
Strep_C21565,0.11634201451864289
Strep_C21566,0.35245843672205746
Strep_C21567,0.11634201451864289
Strep_C21568,0.23370178103816636
Strep_C21569,0.11634201451864289
Strep_C2156,0.1163415109155265
Strep_C21570,0.2337017810381666
Strep_C21571,0.35245843672205746
Strep_C21572,0.5967214293920762
Strep_C21573,0.11634201451864289
Strep_C21574,0.99999999
Strep_C21575,0.8524313909199117
Strep_C21576,0.11634201451864289
Strep_C21577,0.11634201451864289
Strep_C21578,0.23370178103816636
Strep_C21579,0.11634201451864289
Strep_C2157,0.99999999
Strep_C21580,0.11634201451864289
Strep_C21581,0.11634201451864289
Strep_C21582,0.11634201451864289
Strep_C21583,0.11634201451864289
Strep_C21584,0.11634201451864289
Strep_C21585,0.11634201451864289
Strep_C21586,0.44444989529753154
Strep_C21587,0.11136757272179186
Strep_C21588,0.11136757272179186
Strep_C21589,0.7198634438443039
Strep_C2158,0.23370228693111114
Strep_C21590,0.23305302815717163
Strep_C21591,0.23305302815717163
Strep_C21592,0.23305302815717163
Strep_C21593,0.23305302815717163
Strep_C21594,0.23305302815717163
Strep_C21595,0.1160600458814914
Strep_C21596,0.2337017810381666
Strep_C21597,0.5967242474384321
Strep_C21598,0.11634201451864289
Strep_C21599,0.35245843672205746
Strep_C2159,0.11136757272179186
Strep_C215,0.23370178103816636
Strep_C21600,0.11634201451864289
Strep_C21601,0.11634201451864289
Strep_C21602,0.11634201451864289
Strep_C21603,0.11634201451864289
Strep_C21604,0.11634201451864289
Strep_C21605,0.11634201451864289
Strep_C21606,0.11634201451864289
Strep_C21607,0.11634201451864289
Strep_C21608,0.11634201451864289
Strep_C21609,0.23370228693111114
Strep_C2160,0.1160600458814914
Strep_C21610,0.11634201451864289
Strep_C21611,0.11634201451864289
Strep_C21612,0.11634201451864289
Strep_C21613,0.11634201451864289
Strep_C21614,0.11634201451864289
Strep_C21615,0.11634201451864289
Strep_C21616,0.11634201451864289
Strep_C21617,0.5555546390366239
Strep_C21618,0.11634201451864289
Strep_C21619,0.11634201451864289
Strep_C2161,0.8524331858472348
Strep_C21620,0.11634201451864289
Strep_C21621,0.11634201451864289
Strep_C21622,0.11634201451864289
Strep_C21623,0.1163415109155265
Strep_C21624,0.23370228693111114
Strep_C21625,0.1163415109155265
Strep_C21626,0.1163415109155265
Strep_C21627,0.1163415109155265
Strep_C21628,0.7256406595528874
Strep_C21629,0.1163415109155265
Strep_C2162,0.2337017810381666
Strep_C21630,0.1163415109155265
Strep_C21631,0.99999999
Strep_C21632,0.8889223478224411
Strep_C21633,0.11634201451864289
Strep_C21634,0.11634201451864289
Strep_C21635,0.11634201451864289
Strep_C21636,0.47311651524910325
Strep_C21637,0.8524331858472348
Strep_C21638,0.11634201451864289
Strep_C21639,0.99999999
Strep_C2163,0.47311651524910325
Strep_C21640,0.47311830745470035
Strep_C21641,0.11634201451864289
Strep_C21642,0.23370178103816636
Strep_C21643,0.23370178103816636
Strep_C21644,0.5967242474384321
Strep_C21645,0.471274539360154
Strep_C21646,0.11634201451864289
Strep_C21647,0.23305302815717163
Strep_C21648,0.11634201451864289
Strep_C21649,0.11634201451864289
Strep_C2164,0.3524582818100281
Strep_C21650,0.11634201451864289
Strep_C21651,0.11634201451864289
Strep_C21652,0.11634201451864289
Strep_C21653,0.11634201451864289
Strep_C21654,0.11634201451864289
Strep_C21655,0.11634201451864289
Strep_C21656,0.11136757272179186
Strep_C21657,0.11136757272179186
Strep_C21658,0.99999999
Strep_C21659,0.11136757272179186
Strep_C2165,0.11634201451864289
Strep_C21660,0.11136757272179186
Strep_C21661,0.11136757272179186
Strep_C21662,0.23305302815717163
Strep_C21663,0.1160600458814914
Strep_C21664,0.8524313909199117
Strep_C21665,0.23305302815717163
Strep_C21666,0.23305302815717163
Strep_C21667,0.23305302815717163
Strep_C21668,0.351325490499599
Strep_C21669,0.23305302815717163
Strep_C2166,0.99999999
Strep_C21670,0.23305302815717163
Strep_C21671,0.11634201451864289
Strep_C21672,0.2337017810381666
Strep_C21673,0.35245843672205746
Strep_C21674,0.11634201451864289
Strep_C21675,0.11634201451864289
Strep_C21676,0.11634201451864289
Strep_C21677,0.11634201451864289
Strep_C21678,0.11634201451864289
Strep_C21679,0.11634201451864289
Strep_C2167,0.11136757272179186
Strep_C21680,0.11634201451864289
Strep_C21681,0.8889131171654778
Strep_C21682,0.47311830745470035
Strep_C21683,0.47311830745470035
Strep_C21684,0.11634201451864289
Strep_C21685,0.35245843672205746
Strep_C21686,0.11634201451864289
Strep_C21687,0.11634201451864289
Strep_C21688,0.11634201451864289
Strep_C21689,0.11634201451864289
Strep_C2168,0.11634201451864289
Strep_C21690,0.11634201451864289
Strep_C21691,0.11634201451864289
Strep_C21692,0.35132537846575046
Strep_C21693,0.1163415109155265
Strep_C21694,0.1163415109155265
Strep_C21695,0.99999999
Strep_C21696,0.1163415109155265
Strep_C21697,0.1163415109155265
Strep_C21698,0.1163415109155265
Strep_C21699,0.1163415109155265
Strep_C2169,0.11634201451864289
Strep_C216,0.11634201451864289
Strep_C21700,0.1163415109155265
Strep_C21701,0.1163415109155265
Strep_C21702,0.1163415109155265
Strep_C21703,0.11634201451864289
Strep_C21704,0.11634201451864289
Strep_C21705,0.11634201451864289
Strep_C21706,0.11634201451864289
Strep_C21707,0.11634201451864289
Strep_C21708,0.7198634438443039
Strep_C21709,0.11634201451864289
Strep_C2170,0.5936427844819077
Strep_C21710,0.11634201451864289
Strep_C21711,0.47311830745470035
Strep_C21712,0.99999999
Strep_C21713,0.11634201451864289
Strep_C21714,0.11634201451864289
Strep_C21715,0.8524331858472348
Strep_C21716,0.11634201451864289
Strep_C21717,0.11634201451864289
Strep_C21718,0.11634201451864289
Strep_C21719,0.11634201451864289
Strep_C2171,0.1163415109155265
Strep_C21720,0.11634201451864289
Strep_C21721,0.11634201451864289
Strep_C21722,0.7198634438443039
Strep_C21723,0.47311651524910325
Strep_C21724,0.11634201451864289
Strep_C21725,0.11136757272179186
Strep_C21726,0.11136757272179186
Strep_C21727,0.99999999
Strep_C21728,0.11136757272179186
Strep_C21729,0.11136757272179186
Strep_C2172,0.23370228693111114
Strep_C21730,0.11136757272179186
Strep_C21731,0.11136757272179186
Strep_C21732,0.11136757272179186
Strep_C21733,0.11136757272179186
Strep_C21734,0.11136757272179186
Strep_C21735,0.11136757272179186
Strep_C21736,0.1160600458814914
Strep_C21737,0.8524313909199117
Strep_C21738,0.23305302815717163
Strep_C21739,0.23305302815717163
Strep_C2173,0.7198643407720242
Strep_C21740,0.7198643407720242
Strep_C21741,0.99999999
Strep_C21742,0.23305302815717163
Strep_C21743,0.23305302815717163
Strep_C21744,0.8524331858472348
Strep_C21745,0.23305302815717163
Strep_C21746,0.1160600458814914
Strep_C21747,0.1160600458814914
Strep_C21748,0.471274539360154
Strep_C21749,0.23305302815717163
Strep_C2174,0.47311830745470035
Strep_C21750,0.47311830745470035
Strep_C21751,0.8524331858472348
Strep_C21752,0.2337017810381666
Strep_C21753,0.11634201451864289
Strep_C21754,0.11634201451864289
Strep_C21755,0.23370178103816636
Strep_C21756,0.11634201451864289
Strep_C21757,0.11634201451864289
Strep_C21758,0.11634201451864289
Strep_C21759,0.11634201451864289
Strep_C2175,0.11634201451864289
Strep_C21760,0.22283322077504625
Strep_C21761,0.11634201451864289
Strep_C21762,0.11634201451864289
Strep_C21763,0.11634201451864289
Strep_C21764,0.11634201451864289
Strep_C21765,0.1163415109155265
Strep_C21766,0.99999999
Strep_C21767,0.1163415109155265
Strep_C21768,0.1163415109155265
Strep_C21769,0.1163415109155265
Strep_C2176,0.1163415109155265
Strep_C21770,0.1163415109155265
Strep_C21771,0.1163415109155265
Strep_C21772,0.1163415109155265
Strep_C21773,0.1163415109155265
Strep_C21774,0.99999999
Strep_C21775,0.7256404808820707
Strep_C21776,0.11634201451864289
Strep_C21777,0.11634201451864289
Strep_C21778,0.351325490499599
Strep_C21779,0.35245843672205746
Strep_C2177,0.11634201451864289
Strep_C21780,0.7198634438443039
Strep_C21781,0.11634201451864289
Strep_C21782,0.11634201451864289
Strep_C21783,0.2337017810381666
Strep_C21784,0.8524331858472348
Strep_C21785,0.11634201451864289
Strep_C21786,0.11634201451864289
Strep_C21787,0.11634201451864289
Strep_C21788,0.333266628208235
Strep_C21789,0.11136757272179186
Strep_C2178,0.3524582818100281
Strep_C21790,0.99999999
Strep_C21791,0.11136757272179186
Strep_C21792,0.11136757272179186
Strep_C21793,0.11136757272179186
Strep_C21794,0.11136757272179186
Strep_C21795,0.11136757272179186
Strep_C21796,0.11136757272179186
Strep_C21797,0.11136757272179186
Strep_C21798,0.23305302815717163
Strep_C21799,0.351325490499599
Strep_C2179,0.99999999
Strep_C217,0.1163415109155265
Strep_C21800,0.23305302815717163
Strep_C21801,0.23305302815717163
Strep_C21802,0.23305302815717163
Strep_C21803,0.23305302815717163
Strep_C21804,0.23305302815717163
Strep_C21805,0.23305302815717163
Strep_C21806,0.23305302815717163
Strep_C21807,0.5936452796634148
Strep_C21808,0.2337017810381666
Strep_C21809,0.7778659244097796
Strep_C2180,0.99999999
Strep_C21810,0.11634201451864289
Strep_C21811,0.11634201451864289
Strep_C21812,0.47311651524910325
Strep_C21813,0.11634201451864289
Strep_C21814,0.11634201451864289
Strep_C21815,0.11634201451864289
Strep_C21816,0.2337017810381666
Strep_C21817,0.11634201451864289
Strep_C21818,0.11634201451864289
Strep_C21819,0.11634201451864289
Strep_C2181,0.99999999
Strep_C21820,0.11634201451864289
Strep_C21821,0.11634201451864289
Strep_C21822,0.11634201451864289
Strep_C21823,0.11634201451864289
Strep_C21824,0.11634201451864289
Strep_C21825,0.47311830745470035
Strep_C21826,0.11634201451864289
Strep_C21827,0.11634201451864289
Strep_C21828,0.11634201451864289
Strep_C21829,0.2337017810381666
Strep_C2182,0.11136757272179186
Strep_C21830,0.47311830745470035
Strep_C21831,0.2337017810381666
Strep_C21832,0.2337017810381666
Strep_C21833,0.1163415109155265
Strep_C21834,0.1163415109155265
Strep_C21835,0.1163415109155265
Strep_C21836,0.1163415109155265
Strep_C21837,0.1163415109155265
Strep_C21838,0.1163415109155265
Strep_C21839,0.1163415109155265
Strep_C2183,0.11136757272179186
Strep_C21840,0.1163415109155265
Strep_C21841,0.1163415109155265
Strep_C21842,0.1163415109155265
Strep_C21843,0.23370228693111114
Strep_C21844,0.1163415109155265
Strep_C21845,0.23370228693111114
Strep_C21846,0.1163415109155265
Strep_C21847,0.99999999
Strep_C21848,0.11634201451864289
Strep_C21849,0.11634201451864289
Strep_C2184,0.99999999
Strep_C21850,0.11634201451864289
Strep_C21851,0.11634201451864289
Strep_C21852,0.8524331858472348
Strep_C21853,0.11634201451864289
Strep_C21854,0.11634201451864289
Strep_C21855,0.11634201451864289
Strep_C21856,0.5555546390366239
Strep_C21857,0.47311830745470035
Strep_C21858,0.11634201451864289
Strep_C21859,0.11634201451864289
Strep_C2185,0.11634201451864289
Strep_C21860,0.5967214293920762
Strep_C21861,0.11634201451864289
Strep_C21862,0.11634201451864289
Strep_C21863,0.11634201451864289
Strep_C21864,0.99999999
Strep_C21865,0.11136757272179186
Strep_C21866,0.11136757272179186
Strep_C21867,0.11136757272179186
Strep_C21868,0.11136757272179186
Strep_C21869,0.11136757272179186
Strep_C2186,0.35245843672205746
Strep_C21870,0.11136757272179186
Strep_C21871,0.351325490499599
Strep_C21872,0.23305302815717163
Strep_C21873,0.99999999
Strep_C21874,0.44444989529753154
Strep_C21875,0.11634201451864289
Strep_C21876,0.11634201451864289
Strep_C21877,0.35245843672205746
Strep_C21878,0.4712762061295706
Strep_C21879,0.35245843672205746
Strep_C2187,0.1163415109155265
Strep_C21880,0.11634201451864289
Strep_C21881,0.11634201451864289
Strep_C21882,0.2337017810381666
Strep_C21883,0.11634201451864289
Strep_C21884,0.5936452796634148
Strep_C21885,0.11634201451864289
Strep_C21886,0.11634201451864289
Strep_C21887,0.11634201451864289
Strep_C21888,0.23370228693111114
Strep_C21889,0.35245843672205746
Strep_C2188,0.11136757272179186
Strep_C21890,0.11634201451864289
Strep_C21891,0.5967214293920762
Strep_C21892,0.11634201451864289
Strep_C21893,0.11634201451864289
Strep_C21894,0.1163415109155265
Strep_C21895,0.1163415109155265
Strep_C21896,0.1163415109155265
Strep_C21897,0.23370228693111114
Strep_C21898,0.1163415109155265
Strep_C21899,0.23370228693111114
Strep_C2189,0.11634201451864289
Strep_C218,0.1163415109155265
Strep_C21900,0.1163415109155265
Strep_C21901,0.1163415109155265
Strep_C21902,0.1163415109155265
Strep_C21903,0.1163415109155265
Strep_C21904,0.1163415109155265
Strep_C21905,0.1163415109155265
Strep_C21906,0.1163415109155265
Strep_C21907,0.1163415109155265
Strep_C21908,0.1163415109155265
Strep_C21909,0.1163415109155265
Strep_C2190,0.1163415109155265
Strep_C21910,0.1163415109155265
Strep_C21911,0.47311830745470035
Strep_C21912,0.99999999
Strep_C21913,0.8524331858472348
Strep_C21914,0.99999999
Strep_C21915,0.47311830745470035
Strep_C21916,0.11634201451864289
Strep_C21917,0.11634201451864289
Strep_C21918,0.11634201451864289
Strep_C21919,0.35245843672205746
Strep_C2191,0.1163415109155265
Strep_C21920,0.11634201451864289
Strep_C21921,0.11634201451864289
Strep_C21922,0.11634201451864289
Strep_C21923,0.11634201451864289
Strep_C21924,0.11634201451864289
Strep_C21925,0.11634201451864289
Strep_C21926,0.23305302815717163
Strep_C21927,0.11634201451864289
Strep_C21928,0.23370178103816636
Strep_C21929,0.11634201451864289
Strep_C2192,0.23370228693111114
Strep_C21930,0.11634201451864289
Strep_C21931,0.5967214293920762
Strep_C21932,0.11634201451864289
Strep_C21933,0.2337017810381666
Strep_C21934,0.7256406595528874
Strep_C21935,0.11634201451864289
Strep_C21936,0.11634201451864289
Strep_C21937,0.11634201451864289
Strep_C21938,0.351325490499599
Strep_C21939,0.11634201451864289
Strep_C2193,0.23370178103816636
Strep_C21940,0.11634201451864289
Strep_C21941,0.11634201451864289
Strep_C21942,0.11136757272179186
Strep_C21943,0.11136757272179186
Strep_C21944,0.11136757272179186
Strep_C21945,0.11136757272179186
Strep_C21946,0.11136757272179186
Strep_C21947,0.11136757272179186
Strep_C21948,0.11136757272179186
Strep_C21949,0.23305302815717163
Strep_C2194,0.8673259655154397
Strep_C21950,0.23305302815717163
Strep_C21951,0.1160600458814914
Strep_C21952,0.47311830745470035
Strep_C21953,0.23370178103816636
Strep_C21954,0.2337017810381666
Strep_C21955,0.2337017810381666
Strep_C21956,0.11634201451864289
Strep_C21957,0.2337017810381666
Strep_C21958,0.47311830745470035
Strep_C21959,0.35245843672205746
Strep_C2195,0.11634201451864289
Strep_C21960,0.11634201451864289
Strep_C21961,0.11634201451864289
Strep_C21962,0.11634201451864289
Strep_C21963,0.11634201451864289
Strep_C21964,0.11634201451864289
Strep_C21965,0.11634201451864289
Strep_C21966,0.11634201451864289
Strep_C21967,0.11634201451864289
Strep_C21968,0.47311830745470035
Strep_C21969,0.11634201451864289
Strep_C2196,0.11634201451864289
Strep_C21970,0.11634201451864289
Strep_C21971,0.2337017810381666
Strep_C21972,0.35245843672205746
Strep_C21973,0.11634201451864289
Strep_C21974,0.11634201451864289
Strep_C21975,0.1163415109155265
Strep_C21976,0.1163415109155265
Strep_C21977,0.1163415109155265
Strep_C21978,0.1163415109155265
Strep_C21979,0.1163415109155265
Strep_C2197,0.11136757272179186
Strep_C21980,0.99999999
Strep_C21981,0.99999999
Strep_C21982,0.99999999
Strep_C21983,0.2337017810381666
Strep_C21984,0.8524331858472348
Strep_C21985,0.11634201451864289
Strep_C21986,0.11634201451864289
Strep_C21987,0.11634201451864289
Strep_C21988,0.11634201451864289
Strep_C21989,0.47311830745470035
Strep_C2198,0.99999999
Strep_C21990,0.11634201451864289
Strep_C21991,0.35245843672205746
Strep_C21992,0.7256406595528874
Strep_C21993,0.11634201451864289
Strep_C21994,0.11634201451864289
Strep_C21995,0.7198634438443039
Strep_C21996,0.11634201451864289
Strep_C21997,0.11634201451864289
Strep_C21998,0.11634201451864289
Strep_C21999,0.11634201451864289
Strep_C2199,0.1163415109155265
Strep_C219,0.1163415109155265
Strep_C21,0.1163415109155265
Strep_C22000,0.11634201451864289
Strep_C22001,0.11136757272179186
Strep_C22002,0.11136757272179186
Strep_C22003,0.11136757272179186
Strep_C22004,0.44444957634747156
Strep_C22005,0.11136757272179186
Strep_C22006,0.11136757272179186
Strep_C22007,0.11136757272179186
Strep_C22008,0.11136757272179186
Strep_C22009,0.11136757272179186
Strep_C2200,0.1163415109155265
Strep_C22010,0.22283322077504625
Strep_C22011,0.11136757272179186
Strep_C22012,0.11136757272179186
Strep_C22013,0.11136757272179186
Strep_C22014,0.23305302815717163
Strep_C22015,0.23305302815717163
Strep_C22016,0.351325490499599
Strep_C22017,0.351325490499599
Strep_C22018,0.23305302815717163
Strep_C22019,0.23305302815717163
Strep_C2201,0.1163415109155265
Strep_C22020,0.11634201451864289
Strep_C22021,0.2337017810381666
Strep_C22022,0.2337017810381666
Strep_C22023,0.2337017810381666
Strep_C22024,0.11634201451864289
Strep_C22025,0.11634201451864289
Strep_C22026,0.11634201451864289
Strep_C22027,0.11634201451864289
Strep_C22028,0.11634201451864289
Strep_C22029,0.11634201451864289
Strep_C2202,0.23370178103816636
Strep_C22030,0.23370178103816636
Strep_C22031,0.11634201451864289
Strep_C22032,0.471274539360154
Strep_C22033,0.11634201451864289
Strep_C22034,0.11634201451864289
Strep_C22035,0.11634201451864289
Strep_C22036,0.11634201451864289
Strep_C22037,0.11634201451864289
Strep_C22038,0.11634201451864289
Strep_C22039,0.11634201451864289
Strep_C2203,0.8889131171654778
Strep_C22040,0.11634201451864289
Strep_C22041,0.11634201451864289
Strep_C22042,0.11634201451864289
Strep_C22043,0.11634201451864289
Strep_C22044,0.11634201451864289
Strep_C22045,0.11634201451864289
Strep_C22046,0.11634201451864289
Strep_C22047,0.11634201451864289
Strep_C22048,0.1163415109155265
Strep_C22049,0.1163415109155265
Strep_C2204,0.11634201451864289
Strep_C22050,0.1163415109155265
Strep_C22051,0.1163415109155265
Strep_C22052,0.1163415109155265
Strep_C22053,0.1163415109155265
Strep_C22054,0.1163415109155265
Strep_C22055,0.1163415109155265
Strep_C22056,0.5967214293920762
Strep_C22057,0.1163415109155265
Strep_C22058,0.1163415109155265
Strep_C22059,0.1163415109155265
Strep_C2205,0.2337017810381666
Strep_C22060,0.1163415109155265
Strep_C22061,0.1163415109155265
Strep_C22062,0.1163415109155265
Strep_C22063,0.1163415109155265
Strep_C22064,0.23370228693111114
Strep_C22065,0.1163415109155265
Strep_C22066,0.1163415109155265
Strep_C22067,0.99999999
Strep_C22068,0.23370178103816636
Strep_C22069,0.99999999
Strep_C2206,0.5967214293920762
Strep_C22070,0.11634201451864289
Strep_C22071,0.35245843672205746
Strep_C22072,0.11634201451864289
Strep_C22073,0.23370228693111114
Strep_C22074,0.11634201451864289
Strep_C22075,0.7256406595528874
Strep_C22076,0.11634201451864289
Strep_C22077,0.47311830745470035
Strep_C22078,0.5967214293920762
Strep_C22079,0.99999999
Strep_C2207,0.11634201451864289
Strep_C22080,0.11634201451864289
Strep_C22081,0.11634201451864289
Strep_C22082,0.11634201451864289
Strep_C22083,0.11634201451864289
Strep_C22084,0.11634201451864289
Strep_C22085,0.11634201451864289
Strep_C22086,0.351325490499599
Strep_C22087,0.2337017810381666
Strep_C22088,0.11634201451864289
Strep_C22089,0.333266628208235
Strep_C2208,0.2337017810381666
Strep_C22090,0.11136757272179186
Strep_C22091,0.11136757272179186
Strep_C22092,0.11136757272179186
Strep_C22093,0.11136757272179186
Strep_C22094,0.11136757272179186
Strep_C22095,0.23305302815717163
Strep_C22096,0.351325490499599
Strep_C22097,0.23305302815717163
Strep_C22098,0.23305302815717163
Strep_C22099,0.8524313909199117
Strep_C2209,0.35245843672205746
Strep_C220,0.1163415109155265
Strep_C22100,0.5936452796634148
Strep_C22101,0.23305302815717163
Strep_C22102,0.23305302815717163
Strep_C22103,0.7198634438443039
Strep_C22104,0.11634201451864289
Strep_C22105,0.47311830745470035
Strep_C22106,0.11634201451864289
Strep_C22107,0.35245843672205746
Strep_C22108,0.11634201451864289
Strep_C22109,0.11634201451864289
Strep_C2210,0.1163415109155265
Strep_C22110,0.11634201451864289
Strep_C22111,0.11634201451864289
Strep_C22112,0.11634201451864289
Strep_C22113,0.11634201451864289
Strep_C22114,0.11634201451864289
Strep_C22115,0.23370178103816636
Strep_C22116,0.11634201451864289
Strep_C22117,0.35245843672205746
Strep_C22118,0.8889131171654778
Strep_C22119,0.23370178103816636
Strep_C2211,0.11634201451864289
Strep_C22120,0.11634201451864289
Strep_C22121,0.5967214293920762
Strep_C22122,0.11634201451864289
Strep_C22123,0.11634201451864289
Strep_C22124,0.334259100712907
Strep_C22125,0.11634201451864289
Strep_C22126,0.11634201451864289
Strep_C22127,0.47311830745470035
Strep_C22128,0.11634201451864289
Strep_C22129,0.1163415109155265
Strep_C2212,0.1160600458814914
Strep_C22130,0.1163415109155265
Strep_C22131,0.1163415109155265
Strep_C22132,0.1163415109155265
Strep_C22133,0.1163415109155265
Strep_C22134,0.1163415109155265
Strep_C22135,0.1163415109155265
Strep_C22136,0.1163415109155265
Strep_C22137,0.1163415109155265
Strep_C22138,0.1163415109155265
Strep_C22139,0.99999999
Strep_C2213,0.1163415109155265
Strep_C22140,0.47311830745470035
Strep_C22141,0.11634201451864289
Strep_C22142,0.11634201451864289
Strep_C22143,0.11634201451864289
Strep_C22144,0.11634201451864289
Strep_C22145,0.11634201451864289
Strep_C22146,0.35245843672205746
Strep_C22147,0.99999999
Strep_C22148,0.11634201451864289
Strep_C22149,0.11634201451864289
Strep_C2214,0.23305302815717163
Strep_C22150,0.11634201451864289
Strep_C22151,0.11634201451864289
Strep_C22152,0.23370178103816636
Strep_C22153,0.11634201451864289
Strep_C22154,0.5967214293920762
Strep_C22155,0.8524313909199117
Strep_C22156,0.7198634438443039
Strep_C22157,0.99999999
Strep_C22158,0.11634201451864289
Strep_C22159,0.11634201451864289
Strep_C2215,0.23305302815717163
Strep_C22160,0.11634201451864289
Strep_C22161,0.11634201451864289
Strep_C22162,0.11634201451864289
Strep_C22163,0.11634201451864289
Strep_C22164,0.11634201451864289
Strep_C22165,0.11634201451864289
Strep_C22166,0.11634201451864289
Strep_C22167,0.11634201451864289
Strep_C22168,0.2337017810381666
Strep_C22169,0.11634201451864289
Strep_C2216,0.8524331858472348
Strep_C22170,0.11136757272179186
Strep_C22171,0.11136757272179186
Strep_C22172,0.11136757272179186
Strep_C22173,0.11136757272179186
Strep_C22174,0.99999999
Strep_C22175,0.1160600458814914
Strep_C22176,0.23305302815717163
Strep_C22177,0.23305302815717163
Strep_C22178,0.23305302815717163
Strep_C22179,0.351325490499599
Strep_C2217,0.23305302815717163
Strep_C22180,0.23305302815717163
Strep_C22181,0.23305302815717163
Strep_C22182,0.11634201451864289
Strep_C22183,0.47311830745470035
Strep_C22184,0.47311830745470035
Strep_C22185,0.11634201451864289
Strep_C22186,0.2337017810381666
Strep_C22187,0.3524582818100281
Strep_C22188,0.35245843672205746
Strep_C22189,0.47311830745470035
Strep_C2218,0.23370178103816636
Strep_C22190,0.11634201451864289
Strep_C22191,0.23305302815717163
Strep_C22192,0.11634201451864289
Strep_C22193,0.11634201451864289
Strep_C22194,0.99999999
Strep_C22195,0.11634201451864289
Strep_C22196,0.5967242474384321
Strep_C22197,0.11634201451864289
Strep_C22198,0.2337017810381666
Strep_C22199,0.11634201451864289
Strep_C2219,0.1163415109155265
Strep_C221,0.334259100712907
Strep_C22200,0.11634201451864289
Strep_C22201,0.11634201451864289
Strep_C22202,0.11634201451864289
Strep_C22203,0.99999999
Strep_C22204,0.23370228693111114
Strep_C22205,0.1163415109155265
Strep_C22206,0.35132537846575046
Strep_C22207,0.1163415109155265
Strep_C22208,0.1163415109155265
Strep_C22209,0.1163415109155265
Strep_C2220,0.99999999
Strep_C22210,0.1163415109155265
Strep_C22211,0.23370228693111114
Strep_C22212,0.1163415109155265
Strep_C22213,0.1163415109155265
Strep_C22214,0.1163415109155265
Strep_C22215,0.1163415109155265
Strep_C22216,0.1163415109155265
Strep_C22217,0.1163415109155265
Strep_C22218,0.1163415109155265
Strep_C22219,0.1163415109155265
Strep_C2221,0.5967214293920762
Strep_C22220,0.1163415109155265
Strep_C22221,0.1163415109155265
Strep_C22222,0.99999999
Strep_C22223,0.11634201451864289
Strep_C22224,0.11634201451864289
Strep_C22225,0.11634201451864289
Strep_C22226,0.99999999
Strep_C22227,0.7256406595528874
Strep_C22228,0.99999999
Strep_C22229,0.5967242474384321
Strep_C2222,0.11634201451864289
Strep_C22230,0.11634201451864289
Strep_C22231,0.11634201451864289
Strep_C22232,0.11634201451864289
Strep_C22233,0.11634201451864289
Strep_C22234,0.11136757272179186
Strep_C22235,0.11136757272179186
Strep_C22236,0.11136757272179186
Strep_C22237,0.11136757272179186
Strep_C22238,0.11136757272179186
Strep_C22239,0.11136757272179186
Strep_C2223,0.11634201451864289
Strep_C22240,0.11136757272179186
Strep_C22241,0.11136757272179186
Strep_C22242,0.11136757272179186
Strep_C22243,0.1160600458814914
Strep_C22244,0.23305302815717163
Strep_C22245,0.23305302815717163
Strep_C22246,0.23305302815717163
Strep_C22247,0.1160600458814914
Strep_C22248,0.23305302815717163
Strep_C22249,0.1160600458814914
Strep_C2224,0.11634201451864289
Strep_C22250,0.2337017810381666
Strep_C22251,0.8524331858472348
Strep_C22252,0.11634201451864289
Strep_C22253,0.11634201451864289
Strep_C22254,0.351325490499599
Strep_C22255,0.11634201451864289
Strep_C22256,0.11634201451864289
Strep_C22257,0.11634201451864289
Strep_C22258,0.11634201451864289
Strep_C22259,0.11634201451864289
Strep_C2225,0.11136757272179186
Strep_C22260,0.11634201451864289
Strep_C22261,0.11634201451864289
Strep_C22262,0.11634201451864289
Strep_C22263,0.11634201451864289
Strep_C22264,0.11634201451864289
Strep_C22265,0.11634201451864289
Strep_C22266,0.11634201451864289
Strep_C22267,0.2337017810381666
Strep_C22268,0.1163415109155265
Strep_C22269,0.1163415109155265
Strep_C2226,0.8524331858472348
Strep_C22270,0.1163415109155265
Strep_C22271,0.1163415109155265
Strep_C22272,0.1163415109155265
Strep_C22273,0.1163415109155265
Strep_C22274,0.1163415109155265
Strep_C22275,0.23370228693111114
Strep_C22276,0.1163415109155265
Strep_C22277,0.1163415109155265
Strep_C22278,0.5967214293920762
Strep_C22279,0.1163415109155265
Strep_C2227,0.11136757272179186
Strep_C22280,0.1163415109155265
Strep_C22281,0.1163415109155265
Strep_C22282,0.47311830745470035
Strep_C22283,0.99999999
Strep_C22284,0.47311830745470035
Strep_C22285,0.99999999
Strep_C22286,0.11634201451864289
Strep_C22287,0.11634201451864289
Strep_C22288,0.11634201451864289
Strep_C22289,0.11634201451864289
Strep_C2228,0.8889223478224411
Strep_C22290,0.47311830745470035
Strep_C22291,0.11634201451864289
Strep_C22292,0.35245843672205746
Strep_C22293,0.11634201451864289
Strep_C22294,0.99999999
Strep_C22295,0.23370178103816636
Strep_C22296,0.35245843672205746
Strep_C22297,0.11634201451864289
Strep_C22298,0.7256406595528874
Strep_C22299,0.11634201451864289
Strep_C2229,0.11634201451864289
Strep_C222,0.1163415109155265
Strep_C22300,0.351325490499599
Strep_C22301,0.11634201451864289
Strep_C22302,0.5967242474384321
Strep_C22303,0.11634201451864289
Strep_C22304,0.11634201451864289
Strep_C22305,0.11634201451864289
Strep_C22306,0.11634201451864289
Strep_C22307,0.11634201451864289
Strep_C22308,0.11634201451864289
Strep_C22309,0.11136757272179186
Strep_C2230,0.8889131171654778
Strep_C22310,0.11136757272179186
Strep_C22311,0.11136757272179186
Strep_C22312,0.11136757272179186
Strep_C22313,0.11136757272179186
Strep_C22314,0.11136757272179186
Strep_C22315,0.11136757272179186
Strep_C22316,0.11136757272179186
Strep_C22317,0.11136757272179186
Strep_C22318,0.11136757272179186
Strep_C22319,0.23305302815717163
Strep_C2231,0.11634201451864289
Strep_C22320,0.5936452796634148
Strep_C22321,0.23305302815717163
Strep_C22322,0.5936427844819077
Strep_C22323,0.23305302815717163
Strep_C22324,0.1160600458814914
Strep_C22325,0.23370178103816636
Strep_C22326,0.2337017810381666
Strep_C22327,0.35245843672205746
Strep_C22328,0.2337017810381666
Strep_C22329,0.11634201451864289
Strep_C2232,0.11136757272179186
Strep_C22330,0.11634201451864289
Strep_C22331,0.11634201451864289
Strep_C22332,0.11634201451864289
Strep_C22333,0.11634201451864289
Strep_C22334,0.7198634438443039
Strep_C22335,0.2337017810381666
Strep_C22336,0.11634201451864289
Strep_C22337,0.11634201451864289
Strep_C22338,0.11634201451864289
Strep_C22339,0.47311830745470035
Strep_C2233,0.35245843672205746
Strep_C22340,0.23370178103816636
Strep_C22341,0.11634201451864289
Strep_C22342,0.2337017810381666
Strep_C22343,0.11634201451864289
Strep_C22344,0.11634201451864289
Strep_C22345,0.11634201451864289
Strep_C22346,0.1163415109155265
Strep_C22347,0.1163415109155265
Strep_C22348,0.99999999
Strep_C22349,0.1163415109155265
Strep_C2234,0.11634201451864289
Strep_C22350,0.1163415109155265
Strep_C22351,0.1163415109155265
Strep_C22352,0.1163415109155265
Strep_C22353,0.1163415109155265
Strep_C22354,0.1163415109155265
Strep_C22355,0.99999999
Strep_C22356,0.5967242474384321
Strep_C22357,0.11634201451864289
Strep_C22358,0.11634201451864289
Strep_C22359,0.7198634438443039
Strep_C2235,0.1163415109155265
Strep_C22360,0.99999999
Strep_C22361,0.11634201451864289
Strep_C22362,0.11634201451864289
Strep_C22363,0.11634201451864289
Strep_C22364,0.99999999
Strep_C22365,0.11634201451864289
Strep_C22366,0.23370178103816636
Strep_C22367,0.11634201451864289
Strep_C22368,0.11634201451864289
Strep_C22369,0.7256406595528874
Strep_C2236,0.7256406595528874
Strep_C22370,0.11634201451864289
Strep_C22371,0.11634201451864289
Strep_C22372,0.11634201451864289
Strep_C22373,0.11634201451864289
Strep_C22374,0.11634201451864289
Strep_C22375,0.11634201451864289
Strep_C22376,0.99999999
Strep_C22377,0.11634201451864289
Strep_C22378,0.11634201451864289
Strep_C22379,0.11634201451864289
Strep_C2237,0.47311830745470035
Strep_C22380,0.11136757272179186
Strep_C22381,0.11136757272179186
Strep_C22382,0.11136757272179186
Strep_C22383,0.11136757272179186
Strep_C22384,0.8889223478224411
Strep_C22385,0.11136757272179186
Strep_C22386,0.11136757272179186
Strep_C22387,0.11136757272179186
Strep_C22388,0.11136757272179186
Strep_C22389,0.23305302815717163
Strep_C2238,0.3342595322757504
Strep_C22390,0.23305302815717163
Strep_C22391,0.23305302815717163
Strep_C22392,0.5555546390366239
Strep_C22393,0.23305302815717163
Strep_C22394,0.23305302815717163
Strep_C22395,0.23305302815717163
Strep_C22396,0.23305302815717163
Strep_C22397,0.471274539360154
Strep_C22398,0.35132537846575046
Strep_C22399,0.1160600458814914
Strep_C2239,0.8673259655154397
Strep_C223,0.2337017810381666
Strep_C22400,0.2337017810381666
Strep_C22401,0.8524331858472348
Strep_C22402,0.2337017810381666
Strep_C22403,0.11634201451864289
Strep_C22404,0.2337017810381666
Strep_C22405,0.2337017810381666
Strep_C22406,0.2337017810381666
Strep_C22407,0.11634201451864289
Strep_C22408,0.11634201451864289
Strep_C22409,0.23305302815717163
Strep_C2240,0.11136757272179186
Strep_C22410,0.23370228693111114
Strep_C22411,0.47311830745470035
Strep_C22412,0.11634201451864289
Strep_C22413,0.35245843672205746
Strep_C22414,0.11634201451864289
Strep_C22415,0.11634201451864289
Strep_C22416,0.1163415109155265
Strep_C22417,0.1163415109155265
Strep_C22418,0.1163415109155265
Strep_C22419,0.1163415109155265
Strep_C2241,0.11136757272179186
Strep_C22420,0.1163415109155265
Strep_C22421,0.1163415109155265
Strep_C22422,0.1163415109155265
Strep_C22423,0.1163415109155265
Strep_C22424,0.1163415109155265
Strep_C22425,0.1163415109155265
Strep_C22426,0.1163415109155265
Strep_C22427,0.1163415109155265
Strep_C22428,0.5967242474384321
Strep_C22429,0.47311830745470035
Strep_C2242,0.99999999
Strep_C22430,0.23370228693111114
Strep_C22431,0.11634201451864289
Strep_C22432,0.11634201451864289
Strep_C22433,0.11634201451864289
Strep_C22434,0.11634201451864289
Strep_C22435,0.8524331858472348
Strep_C22436,0.99999999
Strep_C22437,0.99999999
Strep_C22438,0.11634201451864289
Strep_C22439,0.5967214293920762
Strep_C2243,0.11634201451864289
Strep_C22440,0.35245843672205746
Strep_C22441,0.47311651524910325
Strep_C22442,0.11634201451864289
Strep_C22443,0.11634201451864289
Strep_C22444,0.11634201451864289
Strep_C22445,0.11634201451864289
Strep_C22446,0.11634201451864289
Strep_C22447,0.11634201451864289
Strep_C22448,0.11634201451864289
Strep_C22449,0.333266628208235
Strep_C2244,0.1163415109155265
Strep_C22450,0.11136757272179186
Strep_C22451,0.11136757272179186
Strep_C22452,0.11136757272179186
Strep_C22453,0.11136757272179186
Strep_C22454,0.333266628208235
Strep_C22455,0.11136757272179186
Strep_C22456,0.11136757272179186
Strep_C22457,0.11136757272179186
Strep_C22458,0.11136757272179186
Strep_C22459,0.11136757272179186
Strep_C2245,0.1163415109155265
Strep_C22460,0.333266628208235
Strep_C22461,0.11136757272179186
Strep_C22462,0.11136757272179186
Strep_C22463,0.11136757272179186
Strep_C22464,0.23305302815717163
Strep_C22465,0.23305302815717163
Strep_C22466,0.1160600458814914
Strep_C22467,0.23305302815717163
Strep_C22468,0.1160600458814914
Strep_C22469,0.2337017810381666
Strep_C2246,0.471274539360154
Strep_C22470,0.35245843672205746
Strep_C22471,0.11634201451864289
Strep_C22472,0.11634201451864289
Strep_C22473,0.11634201451864289
Strep_C22474,0.11634201451864289
Strep_C22475,0.11634201451864289
Strep_C22476,0.11634201451864289
Strep_C22477,0.11634201451864289
Strep_C22478,0.11634201451864289
Strep_C22479,0.11634201451864289
Strep_C2247,0.3524582818100281
Strep_C22480,0.11634201451864289
Strep_C22481,0.11634201451864289
Strep_C22482,0.11634201451864289
Strep_C22483,0.35245843672205746
Strep_C22484,0.11634201451864289
Strep_C22485,0.11634201451864289
Strep_C22486,0.11634201451864289
Strep_C22487,0.11634201451864289
Strep_C22488,0.11634201451864289
Strep_C22489,0.47311830745470035
Strep_C2248,0.11634201451864289
Strep_C22490,0.3524582818100281
Strep_C22491,0.35245843672205746
Strep_C22492,0.11634201451864289
Strep_C22493,0.47311830745470035
Strep_C22494,0.23370178103816636
Strep_C22495,0.23370228693111114
Strep_C22496,0.2337017810381666
Strep_C22497,0.11634201451864289
Strep_C22498,0.1163415109155265
Strep_C22499,0.1163415109155265
Strep_C2249,0.11136757272179186
Strep_C224,0.11136757272179186
Strep_C22500,0.1163415109155265
Strep_C22501,0.1163415109155265
Strep_C22502,0.1163415109155265
Strep_C22503,0.1163415109155265
Strep_C22504,0.1163415109155265
Strep_C22505,0.35132537846575046
Strep_C22506,0.1163415109155265
Strep_C22507,0.1163415109155265
Strep_C22508,0.1163415109155265
Strep_C22509,0.1163415109155265
Strep_C2250,0.11136757272179186
Strep_C22510,0.5967242474384321
Strep_C22511,0.47311651524910325
Strep_C22512,0.99999999
Strep_C22513,0.99999999
Strep_C22514,0.35245843672205746
Strep_C22515,0.11634201451864289
Strep_C22516,0.47311830745470035
Strep_C22517,0.47311830745470035
Strep_C22518,0.47311830745470035
Strep_C22519,0.47311830745470035
Strep_C2251,0.11136757272179186
Strep_C22520,0.7198634438443039
Strep_C22521,0.35245843672205746
Strep_C22522,0.11634201451864289
Strep_C22523,0.11634201451864289
Strep_C22524,0.44444989529753154
Strep_C22525,0.23370228693111114
Strep_C22526,0.351325490499599
Strep_C22527,0.5967214293920762
Strep_C22528,0.351325490499599
Strep_C22529,0.11634201451864289
Strep_C2252,0.11634201451864289
Strep_C22530,0.4712762061295706
Strep_C22531,0.11634201451864289
Strep_C22532,0.3342595322757504
Strep_C22533,0.11634201451864289
Strep_C22534,0.11634201451864289
Strep_C22535,0.11136757272179186
Strep_C22536,0.99999999
Strep_C22537,0.7778688864057204
Strep_C22538,0.99999999
Strep_C22539,0.11136757272179186
Strep_C2253,0.1163415109155265
Strep_C22540,0.11136757272179186
Strep_C22541,0.11136757272179186
Strep_C22542,0.11136757272179186
Strep_C22543,0.11136757272179186
Strep_C22544,0.11136757272179186
Strep_C22545,0.11136757272179186
Strep_C22546,0.11136757272179186
Strep_C22547,0.23305302815717163
Strep_C22548,0.23305302815717163
Strep_C22549,0.1160600458814914
Strep_C2254,0.11634201451864289
Strep_C22550,0.1160600458814914
Strep_C22551,0.23305302815717163
Strep_C22552,0.23305302815717163
Strep_C22553,0.1160600458814914
Strep_C22554,0.2337017810381666
Strep_C22555,0.2337017810381666
Strep_C22556,0.8524313909199117
Strep_C22557,0.2337017810381666
Strep_C22558,0.7778659244097796
Strep_C22559,0.11634201451864289
Strep_C2255,0.47311830745470035
Strep_C22560,0.2337017810381666
Strep_C22561,0.11634201451864289
Strep_C22562,0.11634201451864289
Strep_C22563,0.11634201451864289
Strep_C22564,0.11634201451864289
Strep_C22565,0.11634201451864289
Strep_C22566,0.23370178103816636
Strep_C22567,0.11634201451864289
Strep_C22568,0.11634201451864289
Strep_C22569,0.11634201451864289
Strep_C2256,0.1163415109155265
Strep_C22570,0.11634201451864289
Strep_C22571,0.11634201451864289
Strep_C22572,0.2337017810381666
Strep_C22573,0.11634201451864289
Strep_C22574,0.47311830745470035
Strep_C22575,0.1163415109155265
Strep_C22576,0.1163415109155265
Strep_C22577,0.1163415109155265
Strep_C22578,0.471274539360154
Strep_C22579,0.1163415109155265
Strep_C2257,0.47311830745470035
Strep_C22580,0.99999999
Strep_C22581,0.1163415109155265
Strep_C22582,0.3524582818100281
Strep_C22583,0.1163415109155265
Strep_C22584,0.1163415109155265
Strep_C22585,0.1163415109155265
Strep_C22586,0.1163415109155265
Strep_C22587,0.1163415109155265
Strep_C22588,0.1163415109155265
Strep_C22589,0.1163415109155265
Strep_C2258,0.7847940789287989
Strep_C22590,0.1163415109155265
Strep_C22591,0.1163415109155265
Strep_C22592,0.1163415109155265
Strep_C22593,0.1163415109155265
Strep_C22594,0.99999999
Strep_C22595,0.5967242474384321
Strep_C22596,0.11634201451864289
Strep_C22597,0.11634201451864289
Strep_C22598,0.11634201451864289
Strep_C22599,0.99999999
Strep_C2259,0.11136757272179186
Strep_C225,0.11136757272179186
Strep_C22600,0.11634201451864289
Strep_C22601,0.11634201451864289
Strep_C22602,0.99999999
Strep_C22603,0.11634201451864289
Strep_C22604,0.11634201451864289
Strep_C22605,0.11634201451864289
Strep_C22606,0.8524313909199117
Strep_C22607,0.11634201451864289
Strep_C22608,0.11634201451864289
Strep_C22609,0.351325490499599
Strep_C2260,0.5555542629982061
Strep_C22610,0.99999999
Strep_C22611,0.23370228693111114
Strep_C22612,0.11634201451864289
Strep_C22613,0.99999999
Strep_C22614,0.11634201451864289
Strep_C22615,0.11634201451864289
Strep_C22616,0.11634201451864289
Strep_C22617,0.11634201451864289
Strep_C22618,0.11634201451864289
Strep_C22619,0.11136757272179186
Strep_C2261,0.23305302815717163
Strep_C22620,0.11136757272179186
Strep_C22621,0.11136757272179186
Strep_C22622,0.11136757272179186
Strep_C22623,0.11136757272179186
Strep_C22624,0.11136757272179186
Strep_C22625,0.11136757272179186
Strep_C22626,0.11136757272179186
Strep_C22627,0.11136757272179186
Strep_C22628,0.11136757272179186
Strep_C22629,0.11136757272179186
Strep_C2262,0.11634201451864289
Strep_C22630,0.11136757272179186
Strep_C22631,0.8524331858472348
Strep_C22632,0.8524331858472348
Strep_C22633,0.23305302815717163
Strep_C22634,0.23305302815717163
Strep_C22635,0.23305302815717163
Strep_C22636,0.2337017810381666
Strep_C22637,0.11634201451864289
Strep_C22638,0.11634201451864289
Strep_C22639,0.35245843672205746
Strep_C2263,0.11634201451864289
Strep_C22640,0.11634201451864289
Strep_C22641,0.2337017810381666
Strep_C22642,0.11634201451864289
Strep_C22643,0.99999999
Strep_C22644,0.2337017810381666
Strep_C22645,0.11634201451864289
Strep_C22646,0.11634201451864289
Strep_C22647,0.2337017810381666
Strep_C22648,0.11634201451864289
Strep_C22649,0.11634201451864289
Strep_C2264,0.11634201451864289
Strep_C22650,0.47127620612957083
Strep_C22651,0.23370178103816636
Strep_C22652,0.11634201451864289
Strep_C22653,0.11634201451864289
Strep_C22654,0.35245843672205746
Strep_C22655,0.11634201451864289
Strep_C22656,0.35245843672205746
Strep_C22657,0.11634201451864289
Strep_C22658,0.11634201451864289
Strep_C22659,0.35245843672205746
Strep_C2265,0.2337017810381666
Strep_C22660,0.1163415109155265
Strep_C22661,0.1163415109155265
Strep_C22662,0.1163415109155265
Strep_C22663,0.1163415109155265
Strep_C22664,0.1163415109155265
Strep_C22665,0.1163415109155265
Strep_C22666,0.99999999
Strep_C22667,0.1163415109155265
Strep_C22668,0.1163415109155265
Strep_C22669,0.1163415109155265
Strep_C2266,0.11634201451864289
Strep_C22670,0.1163415109155265
Strep_C22671,0.99999999
Strep_C22672,0.99999999
Strep_C22673,0.8889131171654778
Strep_C22674,0.11634201451864289
Strep_C22675,0.11634201451864289
Strep_C22676,0.23305302815717163
Strep_C22677,0.11634201451864289
Strep_C22678,0.23370178103816636
Strep_C22679,0.47311830745470035
Strep_C2267,0.1163415109155265
Strep_C22680,0.35245843672205746
Strep_C22681,0.99999999
Strep_C22682,0.11634201451864289
Strep_C22683,0.11634201451864289
Strep_C22684,0.471274539360154
Strep_C22685,0.11634201451864289
Strep_C22686,0.11634201451864289
Strep_C22687,0.11634201451864289
Strep_C22688,0.23370178103816636
Strep_C22689,0.7198634438443039
Strep_C2268,0.1163415109155265
Strep_C22690,0.11634201451864289
Strep_C22691,0.11634201451864289
Strep_C22692,0.11634201451864289
Strep_C22693,0.11634201451864289
Strep_C22694,0.22283322077504625
Strep_C22695,0.11634201451864289
Strep_C22696,0.11634201451864289
Strep_C22697,0.11634201451864289
Strep_C22698,0.22283322077504625
Strep_C22699,0.333266628208235
Strep_C2269,0.35245843672205746
Strep_C226,0.35245843672205746
Strep_C22700,0.11136757272179186
Strep_C22701,0.11136757272179186
Strep_C22702,0.11136757272179186
Strep_C22703,0.11136757272179186
Strep_C22704,0.22283354305359118
Strep_C22705,0.44444989529753154
Strep_C22706,0.11136757272179186
Strep_C22707,0.11136757272179186
Strep_C22708,0.11136757272179186
Strep_C22709,0.1160600458814914
Strep_C2270,0.22283322077504625
Strep_C22710,0.1160600458814914
Strep_C22711,0.23305302815717163
Strep_C22712,0.23305302815717163
Strep_C22713,0.471274539360154
Strep_C22714,0.7198634438443039
Strep_C22715,0.1160600458814914
Strep_C22716,0.1160600458814914
Strep_C22717,0.35245843672205746
Strep_C22718,0.11634201451864289
Strep_C22719,0.11634201451864289
Strep_C2271,0.11634201451864289
Strep_C22720,0.8889131171654778
Strep_C22721,0.2337017810381666
Strep_C22722,0.11634201451864289
Strep_C22723,0.11634201451864289
Strep_C22724,0.11634201451864289
Strep_C22725,0.11634201451864289
Strep_C22726,0.11634201451864289
Strep_C22727,0.11634201451864289
Strep_C22728,0.11634201451864289
Strep_C22729,0.11634201451864289
Strep_C2272,0.7778659244097796
Strep_C22730,0.11634201451864289
Strep_C22731,0.5936427844819077
Strep_C22732,0.47311651524910325
Strep_C22733,0.3524582818100281
Strep_C22734,0.11634201451864289
Strep_C22735,0.11634201451864289
Strep_C22736,0.11634201451864289
Strep_C22737,0.11634201451864289
Strep_C22738,0.11634201451864289
Strep_C22739,0.11634201451864289
Strep_C2273,0.1163415109155265
Strep_C22740,0.11634201451864289
Strep_C22741,0.11634201451864289
Strep_C22742,0.11634201451864289
Strep_C22743,0.1163415109155265
Strep_C22744,0.1163415109155265
Strep_C22745,0.1163415109155265
Strep_C22746,0.1163415109155265
Strep_C22747,0.1163415109155265
Strep_C22748,0.1163415109155265
Strep_C22749,0.1163415109155265
Strep_C2274,0.11634201451864289
Strep_C22750,0.1163415109155265
Strep_C22751,0.23370178103816636
Strep_C22752,0.99999999
Strep_C22753,0.47311830745470035
Strep_C22754,0.99999999
Strep_C22755,0.11634201451864289
Strep_C22756,0.11634201451864289
Strep_C22757,0.11634201451864289
Strep_C22758,0.23370178103816636
Strep_C22759,0.22283322077504625
Strep_C2275,0.11634201451864289
Strep_C22760,0.99999999
Strep_C22761,0.99999999
Strep_C22762,0.5936452796634148
Strep_C22763,0.47311830745470035
Strep_C22764,0.11634201451864289
Strep_C22765,0.11634201451864289
Strep_C22766,0.11634201451864289
Strep_C22767,0.8889131171654778
Strep_C22768,0.471274539360154
Strep_C22769,0.3524582818100281
Strep_C2276,0.11136757272179186
Strep_C22770,0.11634201451864289
Strep_C22771,0.23305302815717163
Strep_C22772,0.11634201451864289
Strep_C22773,0.11634201451864289
Strep_C22774,0.11634201451864289
Strep_C22775,0.11634201451864289
Strep_C22776,0.11634201451864289
Strep_C22777,0.11634201451864289
Strep_C22778,0.11634201451864289
Strep_C22779,0.11634201451864289
Strep_C2277,0.11136757272179186
Strep_C22780,0.11136757272179186
Strep_C22781,0.11136757272179186
Strep_C22782,0.11136757272179186
Strep_C22783,0.11136757272179186
Strep_C22784,0.11136757272179186
Strep_C22785,0.11136757272179186
Strep_C22786,0.11136757272179186
Strep_C22787,0.333266628208235
Strep_C22788,0.23305302815717163
Strep_C22789,0.23305302815717163
Strep_C2278,0.2337017810381666
Strep_C22790,0.23305302815717163
Strep_C22791,0.23305302815717163
Strep_C22792,0.23305302815717163
Strep_C22793,0.23305302815717163
Strep_C22794,0.23305302815717163
Strep_C22795,0.1160600458814914
Strep_C22796,0.1160600458814914
Strep_C22797,0.1160600458814914
Strep_C22798,0.1160600458814914
Strep_C22799,0.2337017810381666
Strep_C2279,0.11634201451864289
Strep_C227,0.11634201451864289
Strep_C22800,0.3524582818100281
Strep_C22801,0.47311830745470035
Strep_C22802,0.11634201451864289
Strep_C22803,0.11634201451864289
Strep_C22804,0.11634201451864289
Strep_C22805,0.5967214293920762
Strep_C22806,0.351325490499599
Strep_C22807,0.11634201451864289
Strep_C22808,0.11634201451864289
Strep_C22809,0.23370178103816636
Strep_C2280,0.11634201451864289
Strep_C22810,0.11634201451864289
Strep_C22811,0.11634201451864289
Strep_C22812,0.35245843672205746
Strep_C22813,0.7198634438443039
Strep_C22814,0.11634201451864289
Strep_C22815,0.11634201451864289
Strep_C22816,0.2337017810381666
Strep_C22817,0.11634201451864289
Strep_C22818,0.2337017810381666
Strep_C22819,0.11634201451864289
Strep_C2281,0.1163415109155265
Strep_C22820,0.11634201451864289
Strep_C22821,0.1163415109155265
Strep_C22822,0.1163415109155265
Strep_C22823,0.1163415109155265
Strep_C22824,0.22283354305359118
Strep_C22825,0.99999999
Strep_C22826,0.1163415109155265
Strep_C22827,0.1163415109155265
Strep_C22828,0.35132537846575046
Strep_C22829,0.1163415109155265
Strep_C2282,0.23370178103816636
Strep_C22830,0.1163415109155265
Strep_C22831,0.1163415109155265
Strep_C22832,0.35245843672205746
Strep_C22833,0.47311830745470035
Strep_C22834,0.11634201451864289
Strep_C22835,0.11634201451864289
Strep_C22836,0.11634201451864289
Strep_C22837,0.11634201451864289
Strep_C22838,0.11634201451864289
Strep_C22839,0.47311651524910325
Strep_C2283,0.11634201451864289
Strep_C22840,0.47311651524910325
Strep_C22841,0.47311830745470035
Strep_C22842,0.11634201451864289
Strep_C22843,0.99999999
Strep_C22844,0.11634201451864289
Strep_C22845,0.11634201451864289
Strep_C22846,0.11634201451864289
Strep_C22847,0.11634201451864289
Strep_C22848,0.11634201451864289
Strep_C22849,0.11634201451864289
Strep_C2284,0.11136757272179186
Strep_C22850,0.99999999
Strep_C22851,0.5967242474384321
Strep_C22852,0.7778688864057204
Strep_C22853,0.11634201451864289
Strep_C22854,0.11634201451864289
Strep_C22855,0.11634201451864289
Strep_C22856,0.11634201451864289
Strep_C22857,0.11634201451864289
Strep_C22858,0.11634201451864289
Strep_C22859,0.11634201451864289
Strep_C2285,0.11136757272179186
Strep_C22860,0.23370228693111114
Strep_C22861,0.35245843672205746
Strep_C22862,0.11634201451864289
Strep_C22863,0.11136757272179186
Strep_C22864,0.333266628208235
Strep_C22865,0.11136757272179186
Strep_C22866,0.11136757272179186
Strep_C22867,0.44601006290209577
Strep_C22868,0.11136757272179186
Strep_C22869,0.11136757272179186
Strep_C2286,0.11136757272179186
Strep_C22870,0.11136757272179186
Strep_C22871,0.22283322077504625
Strep_C22872,0.11136757272179186
Strep_C22873,0.22283354305359118
Strep_C22874,0.11136757272179186
Strep_C22875,0.11136757272179186
Strep_C22876,0.351325490499599
Strep_C22877,0.47127620612957083
Strep_C22878,0.8889131171654778
Strep_C22879,0.23305302815717163
Strep_C2287,0.11136757272179186
Strep_C22880,0.23305302815717163
Strep_C22881,0.99999999
Strep_C22882,0.23305302815717163
Strep_C22883,0.23305302815717163
Strep_C22884,0.99999999
Strep_C22885,0.47311830745470035
Strep_C22886,0.11634201451864289
Strep_C22887,0.11634201451864289
Strep_C22888,0.5936452796634148
Strep_C22889,0.11634201451864289
Strep_C2288,0.23305302815717163
Strep_C22890,0.11634201451864289
Strep_C22891,0.47311830745470035
Strep_C22892,0.11634201451864289
Strep_C22893,0.11634201451864289
Strep_C22894,0.11634201451864289
Strep_C22895,0.11634201451864289
Strep_C22896,0.23305302815717163
Strep_C22897,0.11634201451864289
Strep_C22898,0.23370178103816636
Strep_C22899,0.99999999
Strep_C2289,0.1163415109155265
Strep_C228,0.99999999
Strep_C22900,0.11634201451864289
Strep_C22901,0.11634201451864289
Strep_C22902,0.11634201451864289
Strep_C22903,0.23370178103816636
Strep_C22904,0.11634201451864289
Strep_C22905,0.11634201451864289
Strep_C22906,0.11634201451864289
Strep_C22907,0.11634201451864289
Strep_C22908,0.11634201451864289
Strep_C22909,0.2337017810381666
Strep_C2290,0.1163415109155265
Strep_C22910,0.11634201451864289
Strep_C22911,0.1163415109155265
Strep_C22912,0.1163415109155265
Strep_C22913,0.1163415109155265
Strep_C22914,0.1163415109155265
Strep_C22915,0.1163415109155265
Strep_C22916,0.1163415109155265
Strep_C22917,0.47311830745470035
Strep_C22918,0.11634201451864289
Strep_C22919,0.99999999
Strep_C2291,0.99999999
Strep_C22920,0.47311830745470035
Strep_C22921,0.11634201451864289
Strep_C22922,0.11634201451864289
Strep_C22923,0.11634201451864289
Strep_C22924,0.11634201451864289
Strep_C22925,0.11634201451864289
Strep_C22926,0.11634201451864289
Strep_C22927,0.11634201451864289
Strep_C22928,0.23370178103816636
Strep_C22929,0.11634201451864289
Strep_C2292,0.11634201451864289
Strep_C22930,0.11634201451864289
Strep_C22931,0.23370178103816636
Strep_C22932,0.7256406595528874
Strep_C22933,0.11634201451864289
Strep_C22934,0.23370228693111114
Strep_C22935,0.11634201451864289
Strep_C22936,0.11634201451864289
Strep_C22937,0.23370178103816636
Strep_C22938,0.11634201451864289
Strep_C22939,0.11634201451864289
Strep_C2293,0.11136757272179186
Strep_C22940,0.8524331858472348
Strep_C22941,0.11634201451864289
Strep_C22942,0.11634201451864289
Strep_C22943,0.11634201451864289
Strep_C22944,0.11136757272179186
Strep_C22945,0.333266628208235
Strep_C22946,0.11136757272179186
Strep_C22947,0.11136757272179186
Strep_C22948,0.333266628208235
Strep_C22949,0.22283322077504625
Strep_C2294,0.23305302815717163
Strep_C22950,0.11136757272179186
Strep_C22951,0.11136757272179186
Strep_C22952,0.11136757272179186
Strep_C22953,0.11136757272179186
Strep_C22954,0.11136757272179186
Strep_C22955,0.23305302815717163
Strep_C22956,0.23305302815717163
Strep_C22957,0.99999999
Strep_C22958,0.1160600458814914
Strep_C22959,0.2337017810381666
Strep_C2295,0.7198643407720242
Strep_C22960,0.3524582818100281
Strep_C22961,0.2337017810381666
Strep_C22962,0.3524582818100281
Strep_C22963,0.23370178103816636
Strep_C22964,0.2337017810381666
Strep_C22965,0.11634201451864289
Strep_C22966,0.35245843672205746
Strep_C22967,0.11634201451864289
Strep_C22968,0.11634201451864289
Strep_C22969,0.11634201451864289
Strep_C2296,0.7198634438443039
Strep_C22970,0.11634201451864289
Strep_C22971,0.11634201451864289
Strep_C22972,0.2337017810381666
Strep_C22973,0.11634201451864289
Strep_C22974,0.11634201451864289
Strep_C22975,0.11634201451864289
Strep_C22976,0.1163415109155265
Strep_C22977,0.1163415109155265
Strep_C22978,0.1163415109155265
Strep_C22979,0.1163415109155265
Strep_C2297,0.23305302815717163
Strep_C22980,0.1163415109155265
Strep_C22981,0.1163415109155265
Strep_C22982,0.1163415109155265
Strep_C22983,0.1163415109155265
Strep_C22984,0.1163415109155265
Strep_C22985,0.1163415109155265
Strep_C22986,0.471274539360154
Strep_C22987,0.1163415109155265
Strep_C22988,0.1163415109155265
Strep_C22989,0.8889223478224411
Strep_C2298,0.11634201451864289
Strep_C22990,0.99999999
Strep_C22991,0.35245843672205746
Strep_C22992,0.11634201451864289
Strep_C22993,0.351325490499599
Strep_C22994,0.11634201451864289
Strep_C22995,0.23370178103816636
Strep_C22996,0.35245843672205746
Strep_C22997,0.35245843672205746
Strep_C22998,0.11634201451864289
Strep_C22999,0.7198634438443039
Strep_C2299,0.99999999
Strep_C229,0.1160600458814914
Strep_C22,0.11634201451864289
Strep_C23000,0.5967214293920762
Strep_C23001,0.47311830745470035
Strep_C23002,0.7256406595528874
Strep_C23003,0.99999999
Strep_C23004,0.11634201451864289
Strep_C23005,0.5967214293920762
Strep_C23006,0.11634201451864289
Strep_C23007,0.11634201451864289
Strep_C23008,0.11634201451864289
Strep_C23009,0.11634201451864289
Strep_C2300,0.11136757272179186
Strep_C23010,0.11634201451864289
Strep_C23011,0.11634201451864289
Strep_C23012,0.11634201451864289
Strep_C23013,0.11634201451864289
Strep_C23014,0.11634201451864289
Strep_C23015,0.11634201451864289
Strep_C23016,0.23370228693111114
Strep_C23017,0.11634201451864289
Strep_C23018,0.11634201451864289
Strep_C23019,0.11634201451864289
Strep_C2301,0.11634201451864289
Strep_C23020,0.11634201451864289
Strep_C23021,0.11634201451864289
Strep_C23022,0.11634201451864289
Strep_C23023,0.11634201451864289
Strep_C23024,0.11634201451864289
Strep_C23025,0.47311651524910325
Strep_C23026,0.11634201451864289
Strep_C23027,0.11634201451864289
Strep_C23028,0.11136757272179186
Strep_C23029,0.11136757272179186
Strep_C2302,0.1163415109155265
Strep_C23030,0.22283322077504625
Strep_C23031,0.11136757272179186
Strep_C23032,0.11136757272179186
Strep_C23033,0.11136757272179186
Strep_C23034,0.11136757272179186
Strep_C23035,0.11136757272179186
Strep_C23036,0.99999999
Strep_C23037,0.11136757272179186
Strep_C23038,0.11136757272179186
Strep_C23039,0.11136757272179186
Strep_C2303,0.11634201451864289
Strep_C23040,0.23305302815717163
Strep_C23041,0.7198634438443039
Strep_C23042,0.23305302815717163
Strep_C23043,0.23305302815717163
Strep_C23044,0.23305302815717163
Strep_C23045,0.23305302815717163
Strep_C23046,0.1160600458814914
Strep_C23047,0.23305302815717163
Strep_C23048,0.23305302815717163
Strep_C23049,0.23305302815717163
Strep_C2304,0.35245843672205746
Strep_C23050,0.23370178103816636
Strep_C23051,0.2337017810381666
Strep_C23052,0.11634201451864289
Strep_C23053,0.11634201451864289
Strep_C23054,0.2337017810381666
Strep_C23055,0.35245843672205746
Strep_C23056,0.11634201451864289
Strep_C23057,0.11634201451864289
Strep_C23058,0.11634201451864289
Strep_C23059,0.11634201451864289
Strep_C2305,0.23305302815717163
Strep_C23060,0.2337017810381666
Strep_C23061,0.11634201451864289
Strep_C23062,0.11634201451864289
Strep_C23063,0.11634201451864289
Strep_C23064,0.11634201451864289
Strep_C23065,0.11634201451864289
Strep_C23066,0.11634201451864289
Strep_C23067,0.11634201451864289
Strep_C23068,0.11634201451864289
Strep_C23069,0.11634201451864289
Strep_C2306,0.351325490499599
Strep_C23070,0.23370178103816636
Strep_C23071,0.11634201451864289
Strep_C23072,0.11634201451864289
Strep_C23073,0.11634201451864289
Strep_C23074,0.11634201451864289
Strep_C23075,0.11634201451864289
Strep_C23076,0.11634201451864289
Strep_C23077,0.1163415109155265
Strep_C23078,0.1163415109155265
Strep_C23079,0.1163415109155265
Strep_C2307,0.8524313909199117
Strep_C23080,0.1163415109155265
Strep_C23081,0.22283354305359118
Strep_C23082,0.1163415109155265
Strep_C23083,0.1163415109155265
Strep_C23084,0.1163415109155265
Strep_C23085,0.1163415109155265
Strep_C23086,0.1163415109155265
Strep_C23087,0.1163415109155265
Strep_C23088,0.1163415109155265
Strep_C23089,0.99999999
Strep_C2308,0.11634201451864289
Strep_C23090,0.35245843672205746
Strep_C23091,0.8524331858472348
Strep_C23092,0.11634201451864289
Strep_C23093,0.8673259655154397
Strep_C23094,0.23370178103816636
Strep_C23095,0.99999999
Strep_C23096,0.2337017810381666
Strep_C23097,0.11634201451864289
Strep_C23098,0.11634201451864289
Strep_C23099,0.11634201451864289
Strep_C2309,0.1163415109155265
Strep_C230,0.23305302815717163
Strep_C23100,0.11634201451864289
Strep_C23101,0.7256406595528874
Strep_C23102,0.47311830745470035
Strep_C23103,0.47311830745470035
Strep_C23104,0.47311830745470035
Strep_C23105,0.11634201451864289
Strep_C23106,0.35245843672205746
Strep_C23107,0.11634201451864289
Strep_C23108,0.23370178103816636
Strep_C23109,0.11634201451864289
Strep_C2310,0.11634201451864289
Strep_C23110,0.99999999
Strep_C23111,0.5967214293920762
Strep_C23112,0.11634201451864289
Strep_C23113,0.11634201451864289
Strep_C23114,0.471274539360154
Strep_C23115,0.11634201451864289
Strep_C23116,0.11634201451864289
Strep_C23117,0.11634201451864289
Strep_C23118,0.23370228693111114
Strep_C23119,0.11634201451864289
Strep_C2311,0.11136757272179186
Strep_C23120,0.11634201451864289
Strep_C23121,0.2337017810381666
Strep_C23122,0.11634201451864289
Strep_C23123,0.11634201451864289
Strep_C23124,0.2337017810381666
Strep_C23125,0.11136757272179186
Strep_C23126,0.11136757272179186
Strep_C23127,0.11136757272179186
Strep_C23128,0.11136757272179186
Strep_C23129,0.11136757272179186
Strep_C2312,0.99999999
Strep_C23130,0.11136757272179186
Strep_C23131,0.11136757272179186
Strep_C23132,0.11136757272179186
Strep_C23133,0.11136757272179186
Strep_C23134,0.11136757272179186
Strep_C23135,0.11136757272179186
Strep_C23136,0.23305302815717163
Strep_C23137,0.35132537846575046
Strep_C23138,0.351325490499599
Strep_C23139,0.8889131171654778
Strep_C2313,0.11634201451864289
Strep_C23140,0.351325490499599
Strep_C23141,0.99999999
Strep_C23142,0.23305302815717163
Strep_C23143,0.23305302815717163
Strep_C23144,0.35132537846575046
Strep_C23145,0.23305302815717163
Strep_C23146,0.2337017810381666
Strep_C23147,0.2337017810381666
Strep_C23148,0.11634201451864289
Strep_C23149,0.2337017810381666
Strep_C2314,0.11634201451864289
Strep_C23150,0.2337017810381666
Strep_C23151,0.5967214293920762
Strep_C23152,0.11634201451864289
Strep_C23153,0.11634201451864289
Strep_C23154,0.11634201451864289
Strep_C23155,0.11634201451864289
Strep_C23156,0.11634201451864289
Strep_C23157,0.11634201451864289
Strep_C23158,0.11634201451864289
Strep_C23159,0.47311830745470035
Strep_C2315,0.11634201451864289
Strep_C23160,0.11634201451864289
Strep_C23161,0.351325490499599
Strep_C23162,0.11634201451864289
Strep_C23163,0.47311651524910325
Strep_C23164,0.11634201451864289
Strep_C23165,0.35245843672205746
Strep_C23166,0.11634201451864289
Strep_C23167,0.11634201451864289
Strep_C23168,0.35245843672205746
Strep_C23169,0.11634201451864289
Strep_C2316,0.35245843672205746
Strep_C23170,0.11634201451864289
Strep_C23171,0.11634201451864289
Strep_C23172,0.11634201451864289
Strep_C23173,0.11634201451864289
Strep_C23174,0.2337017810381666
Strep_C23175,0.11634201451864289
Strep_C23176,0.11634201451864289
Strep_C23177,0.99999999
Strep_C23178,0.1163415109155265
Strep_C23179,0.99999999
Strep_C2317,0.99999999
Strep_C23180,0.1163415109155265
Strep_C23181,0.1163415109155265
Strep_C23182,0.3342595322757504
Strep_C23183,0.47311651524910325
Strep_C23184,0.1163415109155265
Strep_C23185,0.1163415109155265
Strep_C23186,0.1163415109155265
Strep_C23187,0.1163415109155265
Strep_C23188,0.1163415109155265
Strep_C23189,0.5967214293920762
Strep_C2318,0.11136757272179186
Strep_C23190,0.99999999
Strep_C23191,0.11634201451864289
Strep_C23192,0.11634201451864289
Strep_C23193,0.11634201451864289
Strep_C23194,0.35245843672205746
Strep_C23195,0.11634201451864289
Strep_C23196,0.3524582818100281
Strep_C23197,0.35245843672205746
Strep_C23198,0.5967214293920762
Strep_C23199,0.11634201451864289
Strep_C2319,0.11136757272179186
Strep_C231,0.11634201451864289
Strep_C23200,0.11634201451864289
Strep_C23201,0.11634201451864289
Strep_C23202,0.670453025682897
Strep_C23203,0.11634201451864289
Strep_C23204,0.5967242474384321
Strep_C23205,0.99999999
Strep_C23206,0.23370228693111114
Strep_C23207,0.23370178103816636
Strep_C23208,0.11634201451864289
Strep_C23209,0.11634201451864289
Strep_C2320,0.23305302815717163
Strep_C23210,0.11634201451864289
Strep_C23211,0.11634201451864289
Strep_C23212,0.11634201451864289
Strep_C23213,0.11634201451864289
Strep_C23214,0.11634201451864289
Strep_C23215,0.11634201451864289
Strep_C23216,0.11634201451864289
Strep_C23217,0.11634201451864289
Strep_C23218,0.7256406595528874
Strep_C23219,0.44444989529753154
Strep_C2321,0.2337017810381666
Strep_C23220,0.351325490499599
Strep_C23221,0.11634201451864289
Strep_C23222,0.8889131171654778
Strep_C23223,0.11136757272179186
Strep_C23224,0.11136757272179186
Strep_C23225,0.11136757272179186
Strep_C23226,0.11136757272179186
Strep_C23227,0.11136757272179186
Strep_C23228,0.35132537846575046
Strep_C23229,0.351325490499599
Strep_C2322,0.11634201451864289
Strep_C23230,0.23305302815717163
Strep_C23231,0.23305302815717163
Strep_C23232,0.23305302815717163
Strep_C23233,0.23305302815717163
Strep_C23234,0.35132537846575046
Strep_C23235,0.5936427844819077
Strep_C23236,0.351325490499599
Strep_C23237,0.23305302815717163
Strep_C23238,0.23305302815717163
Strep_C23239,0.47311830745470035
Strep_C2323,0.1163415109155265
Strep_C23240,0.47311830745470035
Strep_C23241,0.3524582818100281
Strep_C23242,0.11634201451864289
Strep_C23243,0.11634201451864289
Strep_C23244,0.2337017810381666
Strep_C23245,0.11634201451864289
Strep_C23246,0.11634201451864289
Strep_C23247,0.11634201451864289
Strep_C23248,0.11634201451864289
Strep_C23249,0.23370178103816636
Strep_C2324,0.1163415109155265
Strep_C23250,0.11634201451864289
Strep_C23251,0.11634201451864289
Strep_C23252,0.11634201451864289
Strep_C23253,0.11634201451864289
Strep_C23254,0.11634201451864289
Strep_C23255,0.11634201451864289
Strep_C23256,0.11634201451864289
Strep_C23257,0.1163415109155265
Strep_C23258,0.99999999
Strep_C23259,0.1163415109155265
Strep_C2325,0.23370178103816636
Strep_C23260,0.1163415109155265
Strep_C23261,0.1163415109155265
Strep_C23262,0.1163415109155265
Strep_C23263,0.1163415109155265
Strep_C23264,0.1163415109155265
Strep_C23265,0.99999999
Strep_C23266,0.47311830745470035
Strep_C23267,0.11634201451864289
Strep_C23268,0.47311830745470035
Strep_C23269,0.11634201451864289
Strep_C2326,0.47311830745470035
Strep_C23270,0.11634201451864289
Strep_C23271,0.11634201451864289
Strep_C23272,0.23370178103816636
Strep_C23273,0.47311830745470035
Strep_C23274,0.11634201451864289
Strep_C23275,0.11634201451864289
Strep_C23276,0.11634201451864289
Strep_C23277,0.11634201451864289
Strep_C23278,0.11634201451864289
Strep_C23279,0.11634201451864289
Strep_C2327,0.7256406595528874
Strep_C23280,0.11634201451864289
Strep_C23281,0.23370178103816636
Strep_C23282,0.23370228693111114
Strep_C23283,0.11634201451864289
Strep_C23284,0.11634201451864289
Strep_C23285,0.11634201451864289
Strep_C23286,0.11634201451864289
Strep_C23287,0.11634201451864289
Strep_C23288,0.11634201451864289
Strep_C23289,0.11634201451864289
Strep_C2328,0.23305302815717163
Strep_C23290,0.11634201451864289
Strep_C23291,0.11634201451864289
Strep_C23292,0.2337017810381666
Strep_C23293,0.11634201451864289
Strep_C23294,0.11634201451864289
Strep_C23295,0.11136757272179186
Strep_C23296,0.11136757272179186
Strep_C23297,0.11136757272179186
Strep_C23298,0.11136757272179186
Strep_C23299,0.11136757272179186
Strep_C2329,0.11634201451864289
Strep_C232,0.1163415109155265
Strep_C23300,0.11136757272179186
Strep_C23301,0.11136757272179186
Strep_C23302,0.11136757272179186
Strep_C23303,0.11136757272179186
Strep_C23304,0.11136757272179186
Strep_C23305,0.23305302815717163
Strep_C23306,0.23305302815717163
Strep_C23307,0.6665403377533278
Strep_C23308,0.333266628208235
Strep_C23309,0.23305302815717163
Strep_C2330,0.11634201451864289
Strep_C23310,0.1160600458814914
Strep_C23311,0.23305302815717163
Strep_C23312,0.23305302815717163
Strep_C23313,0.1160600458814914
Strep_C23314,0.1160600458814914
Strep_C23315,0.35245843672205746
Strep_C23316,0.11634201451864289
Strep_C23317,0.11634201451864289
Strep_C23318,0.11634201451864289
Strep_C23319,0.23370178103816636
Strep_C2331,0.11634201451864289
Strep_C23320,0.11634201451864289
Strep_C23321,0.5967242474384321
Strep_C23322,0.2337017810381666
Strep_C23323,0.47311830745470035
Strep_C23324,0.11634201451864289
Strep_C23325,0.11634201451864289
Strep_C23326,0.11634201451864289
Strep_C23327,0.11634201451864289
Strep_C23328,0.11634201451864289
Strep_C23329,0.11634201451864289
Strep_C2332,0.23370228693111114
Strep_C23330,0.11634201451864289
Strep_C23331,0.35245843672205746
Strep_C23332,0.11634201451864289
Strep_C23333,0.11634201451864289
Strep_C23334,0.11634201451864289
Strep_C23335,0.3524582818100281
Strep_C23336,0.11634201451864289
Strep_C23337,0.11634201451864289
Strep_C23338,0.11634201451864289
Strep_C23339,0.1163415109155265
Strep_C2333,0.11634201451864289
Strep_C23340,0.1163415109155265
Strep_C23341,0.1163415109155265
Strep_C23342,0.1163415109155265
Strep_C23343,0.1163415109155265
Strep_C23344,0.1163415109155265
Strep_C23345,0.1163415109155265
Strep_C23346,0.1163415109155265
Strep_C23347,0.1163415109155265
Strep_C23348,0.1163415109155265
Strep_C23349,0.1163415109155265
Strep_C2334,0.11634201451864289
Strep_C23350,0.1163415109155265
Strep_C23351,0.1163415109155265
Strep_C23352,0.1163415109155265
Strep_C23353,0.99999999
Strep_C23354,0.99999999
Strep_C23355,0.11634201451864289
Strep_C23356,0.2337017810381666
Strep_C23357,0.99999999
Strep_C23358,0.11634201451864289
Strep_C23359,0.11634201451864289
Strep_C2335,0.11136757272179186
Strep_C23360,0.35245843672205746
Strep_C23361,0.7198634438443039
Strep_C23362,0.11634201451864289
Strep_C23363,0.11634201451864289
Strep_C23364,0.11634201451864289
Strep_C23365,0.99999999
Strep_C23366,0.11634201451864289
Strep_C23367,0.11634201451864289
Strep_C23368,0.11634201451864289
Strep_C23369,0.35245843672205746
Strep_C2336,0.471274539360154
Strep_C23370,0.11634201451864289
Strep_C23371,0.11634201451864289
Strep_C23372,0.99999999
Strep_C23373,0.23370228693111114
Strep_C23374,0.11634201451864289
Strep_C23375,0.11634201451864289
Strep_C23376,0.11634201451864289
Strep_C23377,0.11634201451864289
Strep_C23378,0.23370228693111114
Strep_C23379,0.11634201451864289
Strep_C2337,0.23305302815717163
Strep_C23380,0.8524331858472348
Strep_C23381,0.11634201451864289
Strep_C23382,0.11634201451864289
Strep_C23383,0.11136757272179186
Strep_C23384,0.11136757272179186
Strep_C23385,0.11136757272179186
Strep_C23386,0.23305302815717163
Strep_C23387,0.23305302815717163
Strep_C23388,0.23305302815717163
Strep_C23389,0.23305302815717163
Strep_C2338,0.23305302815717163
Strep_C23390,0.23305302815717163
Strep_C23391,0.23305302815717163
Strep_C23392,0.1160600458814914
Strep_C23393,0.1160600458814914
Strep_C23394,0.1160600458814914
Strep_C23395,0.1160600458814914
Strep_C23396,0.2337017810381666
Strep_C23397,0.2337017810381666
Strep_C23398,0.47311830745470035
Strep_C23399,0.11634201451864289
Strep_C2339,0.2337017810381666
Strep_C233,0.1163415109155265
Strep_C23400,0.11634201451864289
Strep_C23401,0.11634201451864289
Strep_C23402,0.11634201451864289
Strep_C23403,0.11634201451864289
Strep_C23404,0.11634201451864289
Strep_C23405,0.11634201451864289
Strep_C23406,0.11634201451864289
Strep_C23407,0.11634201451864289
Strep_C23408,0.11634201451864289
Strep_C23409,0.23370178103816636
Strep_C2340,0.11634201451864289
Strep_C23410,0.11634201451864289
Strep_C23411,0.11634201451864289
Strep_C23412,0.11634201451864289
Strep_C23413,0.1163415109155265
Strep_C23414,0.1163415109155265
Strep_C23415,0.1163415109155265
Strep_C23416,0.1163415109155265
Strep_C23417,0.1163415109155265
Strep_C23418,0.1163415109155265
Strep_C23419,0.1163415109155265
Strep_C2341,0.2337017810381666
Strep_C23420,0.1163415109155265
Strep_C23421,0.99999999
Strep_C23422,0.7256404808820707
Strep_C23423,0.99999999
Strep_C23424,0.99999999
Strep_C23425,0.47127620612957083
Strep_C23426,0.5967242474384321
Strep_C23427,0.11634201451864289
Strep_C23428,0.23370178103816636
Strep_C23429,0.2337017810381666
Strep_C2342,0.11634201451864289
Strep_C23430,0.11634201451864289
Strep_C23431,0.35245843672205746
Strep_C23432,0.11634201451864289
Strep_C23433,0.7256406595528874
Strep_C23434,0.5967214293920762
Strep_C23435,0.23370178103816636
Strep_C23436,0.11634201451864289
Strep_C23437,0.11634201451864289
Strep_C23438,0.11634201451864289
Strep_C23439,0.11634201451864289
Strep_C2343,0.35245843672205746
Strep_C23440,0.2337017810381666
Strep_C23441,0.23370228693111114
Strep_C23442,0.3342595322757504
Strep_C23443,0.351325490499599
Strep_C23444,0.11634201451864289
Strep_C23445,0.11634201451864289
Strep_C23446,0.11634201451864289
Strep_C23447,0.8524331858472348
Strep_C23448,0.11634201451864289
Strep_C23449,0.11634201451864289
Strep_C2344,0.2337017810381666
Strep_C23450,0.11136757272179186
Strep_C23451,0.11136757272179186
Strep_C23452,0.11136757272179186
Strep_C23453,0.11136757272179186
Strep_C23454,0.11136757272179186
Strep_C23455,0.11136757272179186
Strep_C23456,0.11136757272179186
Strep_C23457,0.11136757272179186
Strep_C23458,0.23305302815717163
Strep_C23459,0.23305302815717163
Strep_C2345,0.11634201451864289
Strep_C23460,0.23305302815717163
Strep_C23461,0.1160600458814914
Strep_C23462,0.23305302815717163
Strep_C23463,0.1160600458814914
Strep_C23464,0.23305302815717163
Strep_C23465,0.23305302815717163
Strep_C23466,0.1160600458814914
Strep_C23467,0.1160600458814914
Strep_C23468,0.1160600458814914
Strep_C23469,0.7198643407720242
Strep_C2346,0.99999999
Strep_C23470,0.11634201451864289
Strep_C23471,0.11634201451864289
Strep_C23472,0.11634201451864289
Strep_C23473,0.11634201451864289
Strep_C23474,0.11634201451864289
Strep_C23475,0.2337017810381666
Strep_C23476,0.4712762061295706
Strep_C23477,0.11634201451864289
Strep_C23478,0.35245843672205746
Strep_C23479,0.11634201451864289
Strep_C2347,0.11136757272179186
Strep_C23480,0.11634201451864289
Strep_C23481,0.11634201451864289
Strep_C23482,0.23305302815717163
Strep_C23483,0.11634201451864289
Strep_C23484,0.11634201451864289
Strep_C23485,0.11634201451864289
Strep_C23486,0.11634201451864289
Strep_C23487,0.11634201451864289
Strep_C23488,0.11634201451864289
Strep_C23489,0.11634201451864289
Strep_C2348,0.1163415109155265
Strep_C23490,0.11634201451864289
Strep_C23491,0.2337017810381666
Strep_C23492,0.1163415109155265
Strep_C23493,0.1163415109155265
Strep_C23494,0.1163415109155265
Strep_C23495,0.1163415109155265
Strep_C23496,0.1163415109155265
Strep_C23497,0.1163415109155265
Strep_C23498,0.1163415109155265
Strep_C23499,0.1163415109155265
Strep_C2349,0.1163415109155265
Strep_C234,0.11634201451864289
Strep_C23500,0.471274539360154
Strep_C23501,0.1163415109155265
Strep_C23502,0.1163415109155265
Strep_C23503,0.1163415109155265
Strep_C23504,0.1163415109155265
Strep_C23505,0.99999999
Strep_C23506,0.23370178103816636
Strep_C23507,0.99999999
Strep_C23508,0.47311830745470035
Strep_C23509,0.7198634438443039
Strep_C2350,0.1163415109155265
Strep_C23510,0.11634201451864289
Strep_C23511,0.557982185216091
Strep_C23512,0.2337017810381666
Strep_C23513,0.11634201451864289
Strep_C23514,0.11634201451864289
Strep_C23515,0.5967242474384321
Strep_C23516,0.11634201451864289
Strep_C23517,0.47311830745470035
Strep_C23518,0.11634201451864289
Strep_C23519,0.3524582818100281
Strep_C2351,0.1163415109155265
Strep_C23520,0.47311651524910325
Strep_C23521,0.5967242474384321
Strep_C23522,0.11634201451864289
Strep_C23523,0.11634201451864289
Strep_C23524,0.23370228693111114
Strep_C23525,0.11634201451864289
Strep_C23526,0.11634201451864289
Strep_C23527,0.7847940789287989
Strep_C23528,0.11634201451864289
Strep_C23529,0.11634201451864289
Strep_C2352,0.23370228693111114
Strep_C23530,0.11634201451864289
Strep_C23531,0.2337017810381666
Strep_C23532,0.351325490499599
Strep_C23533,0.11634201451864289
Strep_C23534,0.11634201451864289
Strep_C23535,0.11634201451864289
Strep_C23536,0.23370228693111114
Strep_C23537,0.11136757272179186
Strep_C23538,0.11136757272179186
Strep_C23539,0.11136757272179186
Strep_C2353,0.1163415109155265
Strep_C23540,0.11136757272179186
Strep_C23541,0.11136757272179186
Strep_C23542,0.11136757272179186
Strep_C23543,0.11136757272179186
Strep_C23544,0.11136757272179186
Strep_C23545,0.11136757272179186
Strep_C23546,0.23305302815717163
Strep_C23547,0.23305302815717163
Strep_C23548,0.23305302815717163
Strep_C23549,0.23305302815717163
Strep_C2354,0.47127620612957083
Strep_C23550,0.23305302815717163
Strep_C23551,0.23305302815717163
Strep_C23552,0.23305302815717163
Strep_C23553,0.23305302815717163
Strep_C23554,0.1160600458814914
Strep_C23555,0.23305302815717163
Strep_C23556,0.23305302815717163
Strep_C23557,0.99999999
Strep_C23558,0.2337017810381666
Strep_C23559,0.2337017810381666
Strep_C2355,0.1163415109155265
Strep_C23560,0.11634201451864289
Strep_C23561,0.11634201451864289
Strep_C23562,0.2337017810381666
Strep_C23563,0.11634201451864289
Strep_C23564,0.11634201451864289
Strep_C23565,0.11634201451864289
Strep_C23566,0.11634201451864289
Strep_C23567,0.11634201451864289
Strep_C23568,0.11634201451864289
Strep_C23569,0.11634201451864289
Strep_C2356,0.99999999
Strep_C23570,0.23370228693111114
Strep_C23571,0.1163415109155265
Strep_C23572,0.1163415109155265
Strep_C23573,0.1163415109155265
Strep_C23574,0.1163415109155265
Strep_C23575,0.1163415109155265
Strep_C23576,0.99999999
Strep_C23577,0.1163415109155265
Strep_C23578,0.1163415109155265
Strep_C23579,0.99999999
Strep_C2357,0.11634201451864289
Strep_C23580,0.1163415109155265
Strep_C23581,0.7198634438443039
Strep_C23582,0.99999999
Strep_C23583,0.99999999
Strep_C23584,0.99999999
Strep_C23585,0.99999999
Strep_C23586,0.47311830745470035
Strep_C23587,0.35245843672205746
Strep_C23588,0.47311830745470035
Strep_C23589,0.35245843672205746
Strep_C2358,0.35245843672205746
Strep_C23590,0.47311830745470035
Strep_C23591,0.11634201451864289
Strep_C23592,0.11634201451864289
Strep_C23593,0.11634201451864289
Strep_C23594,0.8524313909199117
Strep_C23595,0.7256406595528874
Strep_C23596,0.11634201451864289
Strep_C23597,0.11634201451864289
Strep_C23598,0.11634201451864289
Strep_C23599,0.11634201451864289
Strep_C2359,0.11634201451864289
Strep_C235,0.1160600458814914
Strep_C23600,0.11634201451864289
Strep_C23601,0.11634201451864289
Strep_C23602,0.7256406595528874
Strep_C23603,0.11634201451864289
Strep_C23604,0.22283322077504625
Strep_C23605,0.22283322077504625
Strep_C23606,0.3524582818100281
Strep_C23607,0.11634201451864289
Strep_C23608,0.11136757272179186
Strep_C23609,0.11136757272179186
Strep_C2360,0.23370178103816636
Strep_C23610,0.11136757272179186
Strep_C23611,0.11136757272179186
Strep_C23612,0.11136757272179186
Strep_C23613,0.11136757272179186
Strep_C23614,0.11136757272179186
Strep_C23615,0.11136757272179186
Strep_C23616,0.11136757272179186
Strep_C23617,0.11136757272179186
Strep_C23618,0.11136757272179186
Strep_C23619,0.23305302815717163
Strep_C2361,0.1163415109155265
Strep_C23620,0.351325490499599
Strep_C23621,0.1160600458814914
Strep_C23622,0.99999999
Strep_C23623,0.23305302815717163
Strep_C23624,0.1160600458814914
Strep_C23625,0.99999999
Strep_C23626,0.23305302815717163
Strep_C23627,0.44444989529753154
Strep_C23628,0.23305302815717163
Strep_C23629,0.23305302815717163
Strep_C2362,0.11634201451864289
Strep_C23630,0.23305302815717163
Strep_C23631,0.8524313909199117
Strep_C23632,0.23305302815717163
Strep_C23633,0.2337017810381666
Strep_C23634,0.47311830745470035
Strep_C23635,0.11634201451864289
Strep_C23636,0.11634201451864289
Strep_C23637,0.11634201451864289
Strep_C23638,0.11634201451864289
Strep_C23639,0.2337017810381666
Strep_C2363,0.22283322077504625
Strep_C23640,0.11634201451864289
Strep_C23641,0.11634201451864289
Strep_C23642,0.35245843672205746
Strep_C23643,0.11634201451864289
Strep_C23644,0.11634201451864289
Strep_C23645,0.11634201451864289
Strep_C23646,0.11634201451864289
Strep_C23647,0.11634201451864289
Strep_C23648,0.23370228693111114
Strep_C23649,0.23370178103816636
Strep_C2364,0.11136757272179186
Strep_C23650,0.11634201451864289
Strep_C23651,0.11634201451864289
Strep_C23652,0.11634201451864289
Strep_C23653,0.11634201451864289
Strep_C23654,0.11634201451864289
Strep_C23655,0.11634201451864289
Strep_C23656,0.2337017810381666
Strep_C23657,0.11634201451864289
Strep_C23658,0.11634201451864289
Strep_C23659,0.11634201451864289
Strep_C2365,0.99999999
Strep_C23660,0.1163415109155265
Strep_C23661,0.1163415109155265
Strep_C23662,0.35132537846575046
Strep_C23663,0.1163415109155265
Strep_C23664,0.1163415109155265
Strep_C23665,0.1163415109155265
Strep_C23666,0.1163415109155265
Strep_C23667,0.99999999
Strep_C23668,0.1163415109155265
Strep_C23669,0.1163415109155265
Strep_C2366,0.5967214293920762
Strep_C23670,0.1163415109155265
Strep_C23671,0.1163415109155265
Strep_C23672,0.7256406595528874
Strep_C23673,0.1163415109155265
Strep_C23674,0.1163415109155265
Strep_C23675,0.1163415109155265
Strep_C23676,0.99999999
Strep_C23677,0.99999999
Strep_C23678,0.47311830745470035
Strep_C23679,0.11634201451864289
Strep_C2367,0.99999999
Strep_C23680,0.11634201451864289
Strep_C23681,0.47311830745470035
Strep_C23682,0.99999999
Strep_C23683,0.11634201451864289
Strep_C23684,0.11634201451864289
Strep_C23685,0.11634201451864289
Strep_C23686,0.7198634438443039
Strep_C23687,0.11634201451864289
Strep_C23688,0.5967214293920762
Strep_C23689,0.11634201451864289
Strep_C2368,0.1163415109155265
Strep_C23690,0.11634201451864289
Strep_C23691,0.11634201451864289
Strep_C23692,0.7256406595528874
Strep_C23693,0.11634201451864289
Strep_C23694,0.47311651524910325
Strep_C23695,0.11634201451864289
Strep_C23696,0.11634201451864289
Strep_C23697,0.11634201451864289
Strep_C23698,0.11634201451864289
Strep_C23699,0.11634201451864289
Strep_C2369,0.1163415109155265
Strep_C236,0.35245843672205746
Strep_C23700,0.11634201451864289
Strep_C23701,0.11634201451864289
Strep_C23702,0.11136757272179186
Strep_C23703,0.11136757272179186
Strep_C23704,0.11136757272179186
Strep_C23705,0.11136757272179186
Strep_C23706,0.99999999
Strep_C23707,0.11136757272179186
Strep_C23708,0.99999999
Strep_C23709,0.11136757272179186
Strep_C2370,0.11634201451864289
Strep_C23710,0.11136757272179186
Strep_C23711,0.11136757272179186
Strep_C23712,0.351325490499599
Strep_C23713,0.47127620612957083
Strep_C23714,0.23305302815717163
Strep_C23715,0.23305302815717163
Strep_C23716,0.471274539360154
Strep_C23717,0.23305302815717163
Strep_C23718,0.23305302815717163
Strep_C23719,0.23305302815717163
Strep_C2371,0.99999999
Strep_C23720,0.23305302815717163
Strep_C23721,0.1160600458814914
Strep_C23722,0.1160600458814914
Strep_C23723,0.47127620612957083
Strep_C23724,0.44601006290209577
Strep_C23725,0.47311830745470035
Strep_C23726,0.11634201451864289
Strep_C23727,0.11634201451864289
Strep_C23728,0.351325490499599
Strep_C23729,0.8889131171654778
Strep_C2372,0.11136757272179186
Strep_C23730,0.11634201451864289
Strep_C23731,0.23370178103816636
Strep_C23732,0.5967242474384321
Strep_C23733,0.11634201451864289
Strep_C23734,0.23370178103816636
Strep_C23735,0.11634201451864289
Strep_C23736,0.11634201451864289
Strep_C23737,0.11634201451864289
Strep_C23738,0.11634201451864289
Strep_C23739,0.11634201451864289
Strep_C2373,0.99999999
Strep_C23740,0.11634201451864289
Strep_C23741,0.1163415109155265
Strep_C23742,0.1163415109155265
Strep_C23743,0.1163415109155265
Strep_C23744,0.1163415109155265
Strep_C23745,0.1163415109155265
Strep_C23746,0.35132537846575046
Strep_C23747,0.99999999
Strep_C23748,0.1163415109155265
Strep_C23749,0.1163415109155265
Strep_C2374,0.23305302815717163
Strep_C23750,0.7198634438443039
Strep_C23751,0.8524331858472348
Strep_C23752,0.2337017810381666
Strep_C23753,0.47127620612957083
Strep_C23754,0.4712762061295706
Strep_C23755,0.23370178103816636
Strep_C23756,0.11634201451864289
Strep_C23757,0.99999999
Strep_C23758,0.11634201451864289
Strep_C23759,0.11634201451864289
Strep_C2375,0.23305302815717163
Strep_C23760,0.47311830745470035
Strep_C23761,0.5936427844819077
Strep_C23762,0.35245843672205746
Strep_C23763,0.47311651524910325
Strep_C23764,0.11634201451864289
Strep_C23765,0.11634201451864289
Strep_C23766,0.11634201451864289
Strep_C23767,0.11634201451864289
Strep_C23768,0.23370178103816636
Strep_C23769,0.5967214293920762
Strep_C2376,0.9053588679153928
Strep_C23770,0.11634201451864289
Strep_C23771,0.6665403377533278
Strep_C23772,0.11634201451864289
Strep_C23773,0.11634201451864289
Strep_C23774,0.11634201451864289
Strep_C23775,0.11136757272179186
Strep_C23776,0.557982185216091
Strep_C23777,0.11136757272179186
Strep_C23778,0.11136757272179186
Strep_C23779,0.23305302815717163
Strep_C2377,0.11634201451864289
Strep_C23780,0.7198634438443039
Strep_C23781,0.23305302815717163
Strep_C23782,0.23305302815717163
Strep_C23783,0.1160600458814914
Strep_C23784,0.23305302815717163
Strep_C23785,0.3524582818100281
Strep_C23786,0.47311651524910325
Strep_C23787,0.2337017810381666
Strep_C23788,0.11634201451864289
Strep_C23789,0.11634201451864289
Strep_C2378,0.47311651524910325
Strep_C23790,0.11634201451864289
Strep_C23791,0.11634201451864289
Strep_C23792,0.11634201451864289
Strep_C23793,0.11634201451864289
Strep_C23794,0.11634201451864289
Strep_C23795,0.11634201451864289
Strep_C23796,0.11634201451864289
Strep_C23797,0.11634201451864289
Strep_C23798,0.11634201451864289
Strep_C23799,0.11634201451864289
Strep_C2379,0.11634201451864289
Strep_C237,0.23370228693111114
Strep_C23800,0.11634201451864289
Strep_C23801,0.11634201451864289
Strep_C23802,0.11634201451864289
Strep_C23803,0.11634201451864289
Strep_C23804,0.11634201451864289
Strep_C23805,0.1163415109155265
Strep_C23806,0.1163415109155265
Strep_C23807,0.1163415109155265
Strep_C23808,0.1163415109155265
Strep_C23809,0.1163415109155265
Strep_C2380,0.99999999
Strep_C23810,0.1163415109155265
Strep_C23811,0.5967214293920762
Strep_C23812,0.1163415109155265
Strep_C23813,0.1163415109155265
Strep_C23814,0.1163415109155265
Strep_C23815,0.1163415109155265
Strep_C23816,0.1163415109155265
Strep_C23817,0.1163415109155265
Strep_C23818,0.99999999
Strep_C23819,0.99999999
Strep_C2381,0.1163415109155265
Strep_C23820,0.11634201451864289
Strep_C23821,0.99999999
Strep_C23822,0.7256406595528874
Strep_C23823,0.11634201451864289
Strep_C23824,0.11634201451864289
Strep_C23825,0.11634201451864289
Strep_C23826,0.2337017810381666
Strep_C23827,0.3524582818100281
Strep_C23828,0.11634201451864289
Strep_C23829,0.11634201451864289
Strep_C2382,0.1163415109155265
Strep_C23830,0.11634201451864289
Strep_C23831,0.471274539360154
Strep_C23832,0.351325490499599
Strep_C23833,0.11634201451864289
Strep_C23834,0.11634201451864289
Strep_C23835,0.11634201451864289
Strep_C23836,0.23370228693111114
Strep_C23837,0.11634201451864289
Strep_C23838,0.11634201451864289
Strep_C23839,0.11634201451864289
Strep_C2383,0.1163415109155265
Strep_C23840,0.11634201451864289
Strep_C23841,0.11634201451864289
Strep_C23842,0.11634201451864289
Strep_C23843,0.11634201451864289
Strep_C23844,0.6665426254504294
Strep_C23845,0.11634201451864289
Strep_C23846,0.11634201451864289
Strep_C23847,0.99999999
Strep_C23848,0.11634201451864289
Strep_C23849,0.11136757272179186
Strep_C2384,0.1163415109155265
Strep_C23850,0.333266628208235
Strep_C23851,0.11136757272179186
Strep_C23852,0.333266628208235
Strep_C23853,0.11136757272179186
Strep_C23854,0.99999999
Strep_C23855,0.23305302815717163
Strep_C23856,0.23305302815717163
Strep_C23857,0.1160600458814914
Strep_C23858,0.7198634438443039
Strep_C23859,0.23305302815717163
Strep_C2385,0.1163415109155265
Strep_C23860,0.23305302815717163
Strep_C23861,0.23305302815717163
Strep_C23862,0.23305302815717163
Strep_C23863,0.23305302815717163
Strep_C23864,0.23305302815717163
Strep_C23865,0.1160600458814914
Strep_C23866,0.11634201451864289
Strep_C23867,0.5967214293920762
Strep_C23868,0.2337017810381666
Strep_C23869,0.99999999
Strep_C2386,0.47311830745470035
Strep_C23870,0.11634201451864289
Strep_C23871,0.11634201451864289
Strep_C23872,0.2337017810381666
Strep_C23873,0.11634201451864289
Strep_C23874,0.11634201451864289
Strep_C23875,0.11634201451864289
Strep_C23876,0.11634201451864289
Strep_C23877,0.47311651524910325
Strep_C23878,0.23305302815717163
Strep_C23879,0.11634201451864289
Strep_C2387,0.11634201451864289
Strep_C23880,0.11634201451864289
Strep_C23881,0.7198634438443039
Strep_C23882,0.11634201451864289
Strep_C23883,0.35245843672205746
Strep_C23884,0.23370178103816636
Strep_C23885,0.23370228693111114
Strep_C23886,0.7256406595528874
Strep_C23887,0.11634201451864289
Strep_C23888,0.99999999
Strep_C23889,0.11634201451864289
Strep_C2388,0.47311651524910325
Strep_C23890,0.11634201451864289
Strep_C23891,0.11634201451864289
Strep_C23892,0.11634201451864289
Strep_C23893,0.1163415109155265
Strep_C23894,0.1163415109155265
Strep_C23895,0.1163415109155265
Strep_C23896,0.1163415109155265
Strep_C23897,0.1163415109155265
Strep_C23898,0.1163415109155265
Strep_C23899,0.1163415109155265
Strep_C2389,0.11634201451864289
Strep_C238,0.2337017810381666
Strep_C23900,0.1163415109155265
Strep_C23901,0.1163415109155265
Strep_C23902,0.1163415109155265
Strep_C23903,0.1163415109155265
Strep_C23904,0.1163415109155265
Strep_C23905,0.1163415109155265
Strep_C23906,0.99999999
Strep_C23907,0.8889131171654778
Strep_C23908,0.47311830745470035
Strep_C23909,0.47311830745470035
Strep_C2390,0.11136757272179186
Strep_C23910,0.5936452796634148
Strep_C23911,0.11634201451864289
Strep_C23912,0.11634201451864289
Strep_C23913,0.8889131171654778
Strep_C23914,0.23370228693111114
Strep_C23915,0.11634201451864289
Strep_C23916,0.11634201451864289
Strep_C23917,0.35245843672205746
Strep_C23918,0.23370178103816636
Strep_C23919,0.5967214293920762
Strep_C2391,0.47127620612957083
Strep_C23920,0.11634201451864289
Strep_C23921,0.11634201451864289
Strep_C23922,0.11634201451864289
Strep_C23923,0.47311830745470035
Strep_C23924,0.35245843672205746
Strep_C23925,0.11634201451864289
Strep_C23926,0.2337017810381666
Strep_C23927,0.23370228693111114
Strep_C23928,0.11634201451864289
Strep_C23929,0.11634201451864289
Strep_C2392,0.23305302815717163
Strep_C23930,0.23370228693111114
Strep_C23931,0.351325490499599
Strep_C23932,0.351325490499599
Strep_C23933,0.11634201451864289
Strep_C23934,0.5936452796634148
Strep_C23935,0.351325490499599
Strep_C23936,0.11634201451864289
Strep_C23937,0.11634201451864289
Strep_C23938,0.11634201451864289
Strep_C23939,0.351325490499599
Strep_C2393,0.1163415109155265
Strep_C23940,0.11634201451864289
Strep_C23941,0.11634201451864289
Strep_C23942,0.2337017810381666
Strep_C23943,0.2337017810381666
Strep_C23944,0.7778659244097796
Strep_C23945,0.11136757272179186
Strep_C23946,0.11136757272179186
Strep_C23947,0.11136757272179186
Strep_C23948,0.11136757272179186
Strep_C23949,0.11136757272179186
Strep_C2394,0.11634201451864289
Strep_C23950,0.11136757272179186
Strep_C23951,0.11136757272179186
Strep_C23952,0.11136757272179186
Strep_C23953,0.351325490499599
Strep_C23954,0.8524331858472348
Strep_C23955,0.351325490499599
Strep_C23956,0.23305302815717163
Strep_C23957,0.333266628208235
Strep_C23958,0.23305302815717163
Strep_C23959,0.11634201451864289
Strep_C2395,0.11634201451864289
Strep_C23960,0.23370178103816636
Strep_C23961,0.11634201451864289
Strep_C23962,0.47311830745470035
Strep_C23963,0.47311651524910325
Strep_C23964,0.11634201451864289
Strep_C23965,0.11634201451864289
Strep_C23966,0.11634201451864289
Strep_C23967,0.47311830745470035
Strep_C23968,0.11634201451864289
Strep_C23969,0.11634201451864289
Strep_C2396,0.11136757272179186
Strep_C23970,0.11634201451864289
Strep_C23971,0.1163415109155265
Strep_C23972,0.1163415109155265
Strep_C23973,0.1163415109155265
Strep_C23974,0.1163415109155265
Strep_C23975,0.23370228693111114
Strep_C23976,0.1163415109155265
Strep_C23977,0.1163415109155265
Strep_C23978,0.23370228693111114
Strep_C23979,0.1163415109155265
Strep_C2397,0.11136757272179186
Strep_C23980,0.1163415109155265
Strep_C23981,0.1163415109155265
Strep_C23982,0.1163415109155265
Strep_C23983,0.1163415109155265
Strep_C23984,0.1163415109155265
Strep_C23985,0.5936452796634148
Strep_C23986,0.11634201451864289
Strep_C23987,0.11634201451864289
Strep_C23988,0.11634201451864289
Strep_C23989,0.5936452796634148
Strep_C2398,0.23305302815717163
Strep_C23990,0.47311830745470035
Strep_C23991,0.7256404808820707
Strep_C23992,0.11634201451864289
Strep_C23993,0.23370178103816636
Strep_C23994,0.99999999
Strep_C23995,0.11634201451864289
Strep_C23996,0.5967242474384321
Strep_C23997,0.471274539360154
Strep_C23998,0.11634201451864289
Strep_C23999,0.11634201451864289
Strep_C2399,0.1163415109155265
Strep_C239,0.7256406595528874
Strep_C23,0.11634201451864289
Strep_C24000,0.35245843672205746
Strep_C24001,0.11634201451864289
Strep_C24002,0.11634201451864289
Strep_C24003,0.11634201451864289
Strep_C24004,0.11634201451864289
Strep_C24005,0.11136757272179186
Strep_C24006,0.333266628208235
Strep_C24007,0.99999999
Strep_C24008,0.11136757272179186
Strep_C24009,0.333266628208235
Strep_C2400,0.1163415109155265
Strep_C24010,0.11136757272179186
Strep_C24011,0.11136757272179186
Strep_C24012,0.99999999
Strep_C24013,0.11136757272179186
Strep_C24014,0.11136757272179186
Strep_C24015,0.11136757272179186
Strep_C24016,0.11136757272179186
Strep_C24017,0.23305302815717163
Strep_C24018,0.23305302815717163
Strep_C24019,0.23305302815717163
Strep_C2401,0.1163415109155265
Strep_C24020,0.471274539360154
Strep_C24021,0.23305302815717163
Strep_C24022,0.1160600458814914
Strep_C24023,0.2337017810381666
Strep_C24024,0.11634201451864289
Strep_C24025,0.11634201451864289
Strep_C24026,0.47311830745470035
Strep_C24027,0.35245843672205746
Strep_C24028,0.11634201451864289
Strep_C24029,0.11634201451864289
Strep_C2402,0.47311830745470035
Strep_C24030,0.11634201451864289
Strep_C24031,0.11634201451864289
Strep_C24032,0.11634201451864289
Strep_C24033,0.11634201451864289
Strep_C24034,0.11634201451864289
Strep_C24035,0.11634201451864289
Strep_C24036,0.11634201451864289
Strep_C24037,0.11634201451864289
Strep_C24038,0.11634201451864289
Strep_C24039,0.11634201451864289
Strep_C2403,0.11634201451864289
Strep_C24040,0.8524331858472348
Strep_C24041,0.11634201451864289
Strep_C24042,0.11634201451864289
Strep_C24043,0.11634201451864289
Strep_C24044,0.1163415109155265
Strep_C24045,0.1163415109155265
Strep_C24046,0.1163415109155265
Strep_C24047,0.1163415109155265
Strep_C24048,0.7256406595528874
Strep_C24049,0.8889223478224411
Strep_C2404,0.23370178103816636
Strep_C24050,0.1163415109155265
Strep_C24051,0.1163415109155265
Strep_C24052,0.1163415109155265
Strep_C24053,0.1163415109155265
Strep_C24054,0.1163415109155265
Strep_C24055,0.1163415109155265
Strep_C24056,0.1163415109155265
Strep_C24057,0.1163415109155265
Strep_C24058,0.99999999
Strep_C24059,0.99999999
Strep_C2405,0.11634201451864289
Strep_C24060,0.99999999
Strep_C24061,0.11634201451864289
Strep_C24062,0.2337017810381666
Strep_C24063,0.11634201451864289
Strep_C24064,0.11634201451864289
Strep_C24065,0.11634201451864289
Strep_C24066,0.11634201451864289
Strep_C24067,0.11634201451864289
Strep_C24068,0.11634201451864289
Strep_C24069,0.351325490499599
Strep_C2406,0.7256406595528874
Strep_C24070,0.11634201451864289
Strep_C24071,0.47311830745470035
Strep_C24072,0.11634201451864289
Strep_C24073,0.5967214293920762
Strep_C24074,0.11634201451864289
Strep_C24075,0.11634201451864289
Strep_C24076,0.351325490499599
Strep_C24077,0.2337017810381666
Strep_C24078,0.11634201451864289
Strep_C24079,0.8524313909199117
Strep_C2407,0.47127620612957083
Strep_C24080,0.11634201451864289
Strep_C24081,0.351325490499599
Strep_C24082,0.11634201451864289
Strep_C24083,0.23370228693111114
Strep_C24084,0.11634201451864289
Strep_C24085,0.11634201451864289
Strep_C24086,0.11634201451864289
Strep_C24087,0.11634201451864289
Strep_C24088,0.22283322077504625
Strep_C24089,0.44444989529753154
Strep_C2408,0.11634201451864289
Strep_C24090,0.11136757272179186
Strep_C24091,0.11136757272179186
Strep_C24092,0.11136757272179186
Strep_C24093,0.11136757272179186
Strep_C24094,0.11136757272179186
Strep_C24095,0.11136757272179186
Strep_C24096,0.8889131171654778
Strep_C24097,0.11136757272179186
Strep_C24098,0.23305302815717163
Strep_C24099,0.4712762061295706
Strep_C2409,0.11136757272179186
Strep_C240,0.11136757272179186
Strep_C24100,0.23305302815717163
Strep_C24101,0.4712762061295706
Strep_C24102,0.23305302815717163
Strep_C24103,0.23305302815717163
Strep_C24104,0.333266628208235
Strep_C24105,0.1160600458814914
Strep_C24106,0.23305302815717163
Strep_C24107,0.23305302815717163
Strep_C24108,0.1160600458814914
Strep_C24109,0.1160600458814914
Strep_C2410,0.23305302815717163
Strep_C24110,0.35245843672205746
Strep_C24111,0.2337017810381666
Strep_C24112,0.47311651524910325
Strep_C24113,0.11634201451864289
Strep_C24114,0.2337017810381666
Strep_C24115,0.11634201451864289
Strep_C24116,0.35245843672205746
Strep_C24117,0.2337017810381666
Strep_C24118,0.11634201451864289
Strep_C24119,0.11634201451864289
Strep_C2411,0.23305302815717163
Strep_C24120,0.11634201451864289
Strep_C24121,0.11634201451864289
Strep_C24122,0.11634201451864289
Strep_C24123,0.2337017810381666
Strep_C24124,0.11634201451864289
Strep_C24125,0.11634201451864289
Strep_C24126,0.11634201451864289
Strep_C24127,0.11634201451864289
Strep_C24128,0.11634201451864289
Strep_C24129,0.11634201451864289
Strep_C2412,0.557982185216091
Strep_C24130,0.11634201451864289
Strep_C24131,0.11634201451864289
Strep_C24132,0.11634201451864289
Strep_C24133,0.99999999
Strep_C24134,0.11634201451864289
Strep_C24135,0.11634201451864289
Strep_C24136,0.11634201451864289
Strep_C24137,0.11634201451864289
Strep_C24138,0.11634201451864289
Strep_C24139,0.11634201451864289
Strep_C2413,0.2337017810381666
Strep_C24140,0.11634201451864289
Strep_C24141,0.11634201451864289
Strep_C24142,0.11634201451864289
Strep_C24143,0.11634201451864289
Strep_C24144,0.11634201451864289
Strep_C24145,0.11634201451864289
Strep_C24146,0.1163415109155265
Strep_C24147,0.1163415109155265
Strep_C24148,0.1163415109155265
Strep_C24149,0.1163415109155265
Strep_C2414,0.1163415109155265
Strep_C24150,0.1163415109155265
Strep_C24151,0.23370228693111114
Strep_C24152,0.1163415109155265
Strep_C24153,0.1163415109155265
Strep_C24154,0.1163415109155265
Strep_C24155,0.1163415109155265
Strep_C24156,0.1163415109155265
Strep_C24157,0.1163415109155265
Strep_C24158,0.1163415109155265
Strep_C24159,0.1163415109155265
Strep_C2415,0.99999999
Strep_C24160,0.7256406595528874
Strep_C24161,0.1163415109155265
Strep_C24162,0.99999999
Strep_C24163,0.11634201451864289
Strep_C24164,0.11634201451864289
Strep_C24165,0.11634201451864289
Strep_C24166,0.11634201451864289
Strep_C24167,0.23370178103816636
Strep_C24168,0.2337017810381666
Strep_C24169,0.47311830745470035
Strep_C2416,0.8889131171654778
Strep_C24170,0.7256406595528874
Strep_C24171,0.11634201451864289
Strep_C24172,0.5967214293920762
Strep_C24173,0.11634201451864289
Strep_C24174,0.99999999
Strep_C24175,0.8524331858472348
Strep_C24176,0.7256406595528874
Strep_C24177,0.23370178103816636
Strep_C24178,0.35245843672205746
Strep_C24179,0.11634201451864289
Strep_C2417,0.11136757272179186
Strep_C24180,0.22283322077504625
Strep_C24181,0.11634201451864289
Strep_C24182,0.11634201451864289
Strep_C24183,0.11634201451864289
Strep_C24184,0.11634201451864289
Strep_C24185,0.11634201451864289
Strep_C24186,0.11634201451864289
Strep_C24187,0.11634201451864289
Strep_C24188,0.11634201451864289
Strep_C24189,0.11634201451864289
Strep_C2418,0.1163415109155265
Strep_C24190,0.11634201451864289
Strep_C24191,0.2337017810381666
Strep_C24192,0.11634201451864289
Strep_C24193,0.11634201451864289
Strep_C24194,0.11136757272179186
Strep_C24195,0.11136757272179186
Strep_C24196,0.11136757272179186
Strep_C24197,0.11136757272179186
Strep_C24198,0.11136757272179186
Strep_C24199,0.11136757272179186
Strep_C2419,0.11634201451864289
Strep_C241,0.11136757272179186
Strep_C24200,0.11136757272179186
Strep_C24201,0.22283322077504625
Strep_C24202,0.11136757272179186
Strep_C24203,0.99999999
Strep_C24204,0.47127620612957083
Strep_C24205,0.23305302815717163
Strep_C24206,0.1160600458814914
Strep_C24207,0.1160600458814914
Strep_C24208,0.5967214293920762
Strep_C24209,0.35245843672205746
Strep_C2420,0.11634201451864289
Strep_C24210,0.2337017810381666
Strep_C24211,0.11634201451864289
Strep_C24212,0.2337017810381666
Strep_C24213,0.2337017810381666
Strep_C24214,0.11634201451864289
Strep_C24215,0.2337017810381666
Strep_C24216,0.11634201451864289
Strep_C24217,0.35245843672205746
Strep_C24218,0.2337017810381666
Strep_C24219,0.11634201451864289
Strep_C2421,0.7256406595528874
Strep_C24220,0.5936452796634148
Strep_C24221,0.11634201451864289
Strep_C24222,0.35245843672205746
Strep_C24223,0.11634201451864289
Strep_C24224,0.11634201451864289
Strep_C24225,0.11634201451864289
Strep_C24226,0.11634201451864289
Strep_C24227,0.11634201451864289
Strep_C24228,0.11634201451864289
Strep_C24229,0.2337017810381666
Strep_C2422,0.99999999
Strep_C24230,0.23370228693111114
Strep_C24231,0.1163415109155265
Strep_C24232,0.1163415109155265
Strep_C24233,0.1163415109155265
Strep_C24234,0.1163415109155265
Strep_C24235,0.1163415109155265
Strep_C24236,0.1163415109155265
Strep_C24237,0.1163415109155265
Strep_C24238,0.99999999
Strep_C24239,0.99999999
Strep_C2423,0.11136757272179186
Strep_C24240,0.99999999
Strep_C24241,0.7256406595528874
Strep_C24242,0.99999999
Strep_C24243,0.99999999
Strep_C24244,0.99999999
Strep_C24245,0.99999999
Strep_C24246,0.11634201451864289
Strep_C24247,0.2337017810381666
Strep_C24248,0.7256406595528874
Strep_C24249,0.11634201451864289
Strep_C2424,0.23305302815717163
Strep_C24250,0.47311830745470035
Strep_C24251,0.35245843672205746
Strep_C24252,0.11634201451864289
Strep_C24253,0.11634201451864289
Strep_C24254,0.11634201451864289
Strep_C24255,0.99999999
Strep_C24256,0.11634201451864289
Strep_C24257,0.35245843672205746
Strep_C24258,0.99999999
Strep_C24259,0.11634201451864289
Strep_C2425,0.8673259655154397
Strep_C24260,0.8524313909199117
Strep_C24261,0.11634201451864289
Strep_C24262,0.11634201451864289
Strep_C24263,0.7256406595528874
Strep_C24264,0.23370228693111114
Strep_C24265,0.11634201451864289
Strep_C24266,0.351325490499599
Strep_C24267,0.351325490499599
Strep_C24268,0.11634201451864289
Strep_C24269,0.11634201451864289
Strep_C2426,0.1163415109155265
Strep_C24270,0.11634201451864289
Strep_C24271,0.11634201451864289
Strep_C24272,0.11634201451864289
Strep_C24273,0.11634201451864289
Strep_C24274,0.11634201451864289
Strep_C24275,0.11634201451864289
Strep_C24276,0.11634201451864289
Strep_C24277,0.11634201451864289
Strep_C24278,0.11634201451864289
Strep_C24279,0.11634201451864289
Strep_C2427,0.5967214293920762
Strep_C24280,0.11634201451864289
Strep_C24281,0.11634201451864289
Strep_C24282,0.99999999
Strep_C24283,0.11136757272179186
Strep_C24284,0.11136757272179186
Strep_C24285,0.4460100629020958
Strep_C24286,0.11136757272179186
Strep_C24287,0.11136757272179186
Strep_C24288,0.11136757272179186
Strep_C24289,0.11136757272179186
Strep_C2428,0.1163415109155265
Strep_C24290,0.22283322077504625
Strep_C24291,0.11136757272179186
Strep_C24292,0.23305302815717163
Strep_C24293,0.23305302815717163
Strep_C24294,0.23305302815717163
Strep_C24295,0.23305302815717163
Strep_C24296,0.351325490499599
Strep_C24297,0.23305302815717163
Strep_C24298,0.4712762061295706
Strep_C24299,0.23305302815717163
Strep_C2429,0.11136757272179186
Strep_C242,0.35245843672205746
Strep_C24300,0.2337017810381666
Strep_C24301,0.3524582818100281
Strep_C24302,0.11634201451864289
Strep_C24303,0.11634201451864289
Strep_C24304,0.11634201451864289
Strep_C24305,0.11634201451864289
Strep_C24306,0.11634201451864289
Strep_C24307,0.11634201451864289
Strep_C24308,0.11634201451864289
Strep_C24309,0.11634201451864289
Strep_C2430,0.23305302815717163
Strep_C24310,0.47311830745470035
Strep_C24311,0.11634201451864289
Strep_C24312,0.11634201451864289
Strep_C24313,0.11634201451864289
Strep_C24314,0.1163415109155265
Strep_C24315,0.1163415109155265
Strep_C24316,0.1163415109155265
Strep_C24317,0.1163415109155265
Strep_C24318,0.23370228693111114
Strep_C24319,0.1163415109155265
Strep_C2431,0.47311830745470035
Strep_C24320,0.1163415109155265
Strep_C24321,0.3524582818100281
Strep_C24322,0.1163415109155265
Strep_C24323,0.1163415109155265
Strep_C24324,0.1163415109155265
Strep_C24325,0.1163415109155265
Strep_C24326,0.1163415109155265
Strep_C24327,0.1163415109155265
Strep_C24328,0.1163415109155265
Strep_C24329,0.1163415109155265
Strep_C2432,0.11634201451864289
Strep_C24330,0.1163415109155265
Strep_C24331,0.35132537846575046
Strep_C24332,0.1163415109155265
Strep_C24333,0.1163415109155265
Strep_C24334,0.1163415109155265
Strep_C24335,0.1163415109155265
Strep_C24336,0.99999999
Strep_C24337,0.99999999
Strep_C24338,0.11634201451864289
Strep_C24339,0.23370178103816636
Strep_C2433,0.23305302815717163
Strep_C24340,0.11634201451864289
Strep_C24341,0.11634201451864289
Strep_C24342,0.11634201451864289
Strep_C24343,0.11634201451864289
Strep_C24344,0.11634201451864289
Strep_C24345,0.99999999
Strep_C24346,0.11634201451864289
Strep_C24347,0.11634201451864289
Strep_C24348,0.2337017810381666
Strep_C24349,0.11634201451864289
Strep_C2434,0.99999999
Strep_C24350,0.11634201451864289
Strep_C24351,0.23370178103816636
Strep_C24352,0.11634201451864289
Strep_C24353,0.11634201451864289
Strep_C24354,0.8524313909199117
Strep_C24355,0.99999999
Strep_C24356,0.3524582818100281
Strep_C24357,0.11634201451864289
Strep_C24358,0.351325490499599
Strep_C24359,0.11634201451864289
Strep_C2435,0.11634201451864289
Strep_C24360,0.11634201451864289
Strep_C24361,0.11634201451864289
Strep_C24362,0.11634201451864289
Strep_C24363,0.351325490499599
Strep_C24364,0.11634201451864289
Strep_C24365,0.2337017810381666
Strep_C24366,0.11634201451864289
Strep_C24367,0.11634201451864289
Strep_C24368,0.23370228693111114
Strep_C24369,0.22283322077504625
Strep_C2436,0.11634201451864289
Strep_C24370,0.11136757272179186
Strep_C24371,0.22283354305359118
Strep_C24372,0.557982185216091
Strep_C24373,0.99999999
Strep_C24374,0.333266628208235
Strep_C24375,0.11136757272179186
Strep_C24376,0.11136757272179186
Strep_C24377,0.23305302815717163
Strep_C24378,0.23305302815717163
Strep_C24379,0.23305302815717163
Strep_C2437,0.44444957634747156
Strep_C24380,0.23305302815717163
Strep_C24381,0.23305302815717163
Strep_C24382,0.23305302815717163
Strep_C24383,0.1160600458814914
Strep_C24384,0.1160600458814914
Strep_C24385,0.1160600458814914
Strep_C24386,0.11634201451864289
Strep_C24387,0.22283322077504625
Strep_C24388,0.2337017810381666
Strep_C24389,0.11634201451864289
Strep_C2438,0.11634201451864289
Strep_C24390,0.2337017810381666
Strep_C24391,0.35245843672205746
Strep_C24392,0.2337017810381666
Strep_C24393,0.11634201451864289
Strep_C24394,0.23370228693111114
Strep_C24395,0.11634201451864289
Strep_C24396,0.11634201451864289
Strep_C24397,0.11634201451864289
Strep_C24398,0.11634201451864289
Strep_C24399,0.11634201451864289
Strep_C2439,0.2337017810381666
Strep_C243,0.11634201451864289
Strep_C24400,0.11634201451864289
Strep_C24401,0.11634201451864289
Strep_C24402,0.11634201451864289
Strep_C24403,0.1163415109155265
Strep_C24404,0.47311651524910325
Strep_C24405,0.1163415109155265
Strep_C24406,0.1163415109155265
Strep_C24407,0.1163415109155265
Strep_C24408,0.1163415109155265
Strep_C24409,0.1163415109155265
Strep_C2440,0.11634201451864289
Strep_C24410,0.1163415109155265
Strep_C24411,0.1163415109155265
Strep_C24412,0.1163415109155265
Strep_C24413,0.1163415109155265
Strep_C24414,0.2337017810381666
Strep_C24415,0.7256406595528874
Strep_C24416,0.11634201451864289
Strep_C24417,0.6704550730094094
Strep_C24418,0.99999999
Strep_C24419,0.23370178103816636
Strep_C2441,0.1163415109155265
Strep_C24420,0.11634201451864289
Strep_C24421,0.11634201451864289
Strep_C24422,0.11634201451864289
Strep_C24423,0.11634201451864289
Strep_C24424,0.99999999
Strep_C24425,0.11634201451864289
Strep_C24426,0.35245843672205746
Strep_C24427,0.5967214293920762
Strep_C24428,0.351325490499599
Strep_C24429,0.7256406595528874
Strep_C2442,0.7256406595528874
Strep_C24430,0.23370178103816636
Strep_C24431,0.11634201451864289
Strep_C24432,0.11634201451864289
Strep_C24433,0.2337017810381666
Strep_C24434,0.11634201451864289
Strep_C24435,0.11634201451864289
Strep_C24436,0.23370228693111114
Strep_C24437,0.11634201451864289
Strep_C24438,0.11634201451864289
Strep_C24439,0.11634201451864289
Strep_C2443,0.8889223478224411
Strep_C24440,0.11136757272179186
Strep_C24441,0.11136757272179186
Strep_C24442,0.22283322077504625
Strep_C24443,0.11136757272179186
Strep_C24444,0.11136757272179186
Strep_C24445,0.99999999
Strep_C24446,0.11136757272179186
Strep_C24447,0.99999999
Strep_C24448,0.23305302815717163
Strep_C24449,0.23305302815717163
Strep_C2444,0.11136757272179186
Strep_C24450,0.23305302815717163
Strep_C24451,0.7198634438443039
Strep_C24452,0.471274539360154
Strep_C24453,0.23305302815717163
Strep_C24454,0.23305302815717163
Strep_C24455,0.23305302815717163
Strep_C24456,0.23305302815717163
Strep_C24457,0.351325490499599
Strep_C24458,0.1160600458814914
Strep_C24459,0.35245843672205746
Strep_C2445,0.1160600458814914
Strep_C24460,0.2337017810381666
Strep_C24461,0.99999999
Strep_C24462,0.11634201451864289
Strep_C24463,0.11634201451864289
Strep_C24464,0.23370178103816636
Strep_C24465,0.11634201451864289
Strep_C24466,0.11634201451864289
Strep_C24467,0.11634201451864289
Strep_C24468,0.11634201451864289
Strep_C24469,0.2337017810381666
Strep_C2446,0.23305302815717163
Strep_C24470,0.11634201451864289
Strep_C24471,0.23305302815717163
Strep_C24472,0.11634201451864289
Strep_C24473,0.23370228693111114
Strep_C24474,0.11634201451864289
Strep_C24475,0.11634201451864289
Strep_C24476,0.11634201451864289
Strep_C24477,0.11634201451864289
Strep_C24478,0.23370228693111114
Strep_C24479,0.11634201451864289
Strep_C2447,0.11634201451864289
Strep_C24480,0.11634201451864289
Strep_C24481,0.1163415109155265
Strep_C24482,0.1163415109155265
Strep_C24483,0.1163415109155265
Strep_C24484,0.1163415109155265
Strep_C24485,0.1163415109155265
Strep_C24486,0.1163415109155265
Strep_C24487,0.1163415109155265
Strep_C24488,0.23370228693111114
Strep_C24489,0.1163415109155265
Strep_C2448,0.11634201451864289
Strep_C24490,0.1163415109155265
Strep_C24491,0.1163415109155265
Strep_C24492,0.1163415109155265
Strep_C24493,0.1163415109155265
Strep_C24494,0.1163415109155265
Strep_C24495,0.1163415109155265
Strep_C24496,0.1163415109155265
Strep_C24497,0.99999999
Strep_C24498,0.11634201451864289
Strep_C24499,0.11634201451864289
Strep_C2449,0.99999999
Strep_C244,0.11136757272179186
Strep_C24500,0.23370228693111114
Strep_C24501,0.11634201451864289
Strep_C24502,0.11634201451864289
Strep_C24503,0.11634201451864289
Strep_C24504,0.11634201451864289
Strep_C24505,0.11634201451864289
Strep_C24506,0.47311830745470035
Strep_C24507,0.11634201451864289
Strep_C24508,0.11634201451864289
Strep_C24509,0.99999999
Strep_C2450,0.11136757272179186
Strep_C24510,0.8524331858472348
Strep_C24511,0.11634201451864289
Strep_C24512,0.99999999
Strep_C24513,0.11634201451864289
Strep_C24514,0.351325490499599
Strep_C24515,0.11634201451864289
Strep_C24516,0.11634201451864289
Strep_C24517,0.3524582818100281
Strep_C24518,0.11634201451864289
Strep_C24519,0.11634201451864289
Strep_C2451,0.1160600458814914
Strep_C24520,0.11634201451864289
Strep_C24521,0.11634201451864289
Strep_C24522,0.11634201451864289
Strep_C24523,0.11136757272179186
Strep_C24524,0.11136757272179186
Strep_C24525,0.11136757272179186
Strep_C24526,0.23305302815717163
Strep_C24527,0.23305302815717163
Strep_C24528,0.471274539360154
Strep_C24529,0.23305302815717163
Strep_C2452,0.5967242474384321
Strep_C24530,0.1160600458814914
Strep_C24531,0.7778688864057204
Strep_C24532,0.23305302815717163
Strep_C24533,0.23305302815717163
Strep_C24534,0.1160600458814914
Strep_C24535,0.23305353040549365
Strep_C24536,0.1160600458814914
Strep_C24537,0.2337017810381666
Strep_C24538,0.11634201451864289
Strep_C24539,0.23370178103816636
Strep_C2453,0.2337017810381666
Strep_C24540,0.11634201451864289
Strep_C24541,0.351325490499599
Strep_C24542,0.2337017810381666
Strep_C24543,0.11634201451864289
Strep_C24544,0.11634201451864289
Strep_C24545,0.11634201451864289
Strep_C24546,0.11634201451864289
Strep_C24547,0.11634201451864289
Strep_C24548,0.35132537846575046
Strep_C24549,0.11634201451864289
Strep_C2454,0.11634201451864289
Strep_C24550,0.11634201451864289
Strep_C24551,0.11634201451864289
Strep_C24552,0.11634201451864289
Strep_C24553,0.11634201451864289
Strep_C24554,0.11634201451864289
Strep_C24555,0.11634201451864289
Strep_C24556,0.11634201451864289
Strep_C24557,0.11634201451864289
Strep_C24558,0.11634201451864289
Strep_C24559,0.11634201451864289
Strep_C2455,0.1163415109155265
Strep_C24560,0.11634201451864289
Strep_C24561,0.11634201451864289
Strep_C24562,0.11634201451864289
Strep_C24563,0.1163415109155265
Strep_C24564,0.1163415109155265
Strep_C24565,0.1163415109155265
Strep_C24566,0.3342595322757504
Strep_C24567,0.1163415109155265
Strep_C24568,0.1163415109155265
Strep_C24569,0.1163415109155265
Strep_C2456,0.11634201451864289
Strep_C24570,0.1163415109155265
Strep_C24571,0.1163415109155265
Strep_C24572,0.1163415109155265
Strep_C24573,0.1163415109155265
Strep_C24574,0.8889223478224411
Strep_C24575,0.99999999
Strep_C24576,0.99999999
Strep_C24577,0.11634201451864289
Strep_C24578,0.11634201451864289
Strep_C24579,0.11634201451864289
Strep_C2457,0.47311830745470035
Strep_C24580,0.11634201451864289
Strep_C24581,0.11634201451864289
Strep_C24582,0.11634201451864289
Strep_C24583,0.11634201451864289
Strep_C24584,0.471274539360154
Strep_C24585,0.11634201451864289
Strep_C24586,0.11634201451864289
Strep_C24587,0.11634201451864289
Strep_C24588,0.11634201451864289
Strep_C24589,0.35245843672205746
Strep_C2458,0.47311830745470035
Strep_C24590,0.11634201451864289
Strep_C24591,0.11634201451864289
Strep_C24592,0.11634201451864289
Strep_C24593,0.11634201451864289
Strep_C24594,0.11634201451864289
Strep_C24595,0.11634201451864289
Strep_C24596,0.11634201451864289
Strep_C24597,0.11634201451864289
Strep_C24598,0.351325490499599
Strep_C24599,0.11634201451864289
Strep_C2459,0.1163415109155265
Strep_C245,0.1163415109155265
Strep_C24600,0.11136757272179186
Strep_C24601,0.11136757272179186
Strep_C24602,0.11136757272179186
Strep_C24603,0.11136757272179186
Strep_C24604,0.11136757272179186
Strep_C24605,0.11136757272179186
Strep_C24606,0.11136757272179186
Strep_C24607,0.23305302815717163
Strep_C24608,0.1160600458814914
Strep_C24609,0.23305302815717163
Strep_C2460,0.1163415109155265
Strep_C24610,0.23305302815717163
Strep_C24611,0.23305302815717163
Strep_C24612,0.23305302815717163
Strep_C24613,0.23305302815717163
Strep_C24614,0.1160600458814914
Strep_C24615,0.23305302815717163
Strep_C24616,0.23305302815717163
Strep_C24617,0.23305302815717163
Strep_C24618,0.23305302815717163
Strep_C24619,0.23305302815717163
Strep_C2461,0.23305302815717163
Strep_C24620,0.5967214293920762
Strep_C24621,0.2337017810381666
Strep_C24622,0.11634201451864289
Strep_C24623,0.2337017810381666
Strep_C24624,0.2337017810381666
Strep_C24625,0.23370178103816636
Strep_C24626,0.11634201451864289
Strep_C24627,0.11634201451864289
Strep_C24628,0.11634201451864289
Strep_C24629,0.47311830745470035
Strep_C2462,0.2337017810381666
Strep_C24630,0.11634201451864289
Strep_C24631,0.2337017810381666
Strep_C24632,0.23370228693111114
Strep_C24633,0.11634201451864289
Strep_C24634,0.2337017810381666
Strep_C24635,0.1163415109155265
Strep_C24636,0.1163415109155265
Strep_C24637,0.1163415109155265
Strep_C24638,0.1163415109155265
Strep_C24639,0.1163415109155265
Strep_C2463,0.8524331858472348
Strep_C24640,0.1163415109155265
Strep_C24641,0.1163415109155265
Strep_C24642,0.1163415109155265
Strep_C24643,0.47311651524910325
Strep_C24644,0.1163415109155265
Strep_C24645,0.1163415109155265
Strep_C24646,0.99999999
Strep_C24647,0.99999999
Strep_C24648,0.2337017810381666
Strep_C24649,0.99999999
Strep_C2464,0.11634201451864289
Strep_C24650,0.99999999
Strep_C24651,0.11634201451864289
Strep_C24652,0.11634201451864289
Strep_C24653,0.47311830745470035
Strep_C24654,0.11634201451864289
Strep_C24655,0.11634201451864289
Strep_C24656,0.11634201451864289
Strep_C24657,0.2337017810381666
Strep_C24658,0.11634201451864289
Strep_C24659,0.47311830745470035
Strep_C2465,0.1163415109155265
Strep_C24660,0.23370228693111114
Strep_C24661,0.99999999
Strep_C24662,0.11634201451864289
Strep_C24663,0.351325490499599
Strep_C24664,0.471274539360154
Strep_C24665,0.2337017810381666
Strep_C24666,0.11634201451864289
Strep_C24667,0.11634201451864289
Strep_C24668,0.11634201451864289
Strep_C24669,0.11634201451864289
Strep_C2466,0.35245843672205746
Strep_C24670,0.11634201451864289
Strep_C24671,0.11634201451864289
Strep_C24672,0.11634201451864289
Strep_C24673,0.11634201451864289
Strep_C24674,0.11634201451864289
Strep_C24675,0.11634201451864289
Strep_C24676,0.471274539360154
Strep_C24677,0.11136757272179186
Strep_C24678,0.11136757272179186
Strep_C24679,0.11136757272179186
Strep_C2467,0.47311830745470035
Strep_C24680,0.11136757272179186
Strep_C24681,0.11136757272179186
Strep_C24682,0.11136757272179186
Strep_C24683,0.11136757272179186
Strep_C24684,0.11136757272179186
Strep_C24685,0.23305302815717163
Strep_C24686,0.23305302815717163
Strep_C24687,0.351325490499599
Strep_C24688,0.23305302815717163
Strep_C24689,0.351325490499599
Strep_C2468,0.11634201451864289
Strep_C24690,0.23305302815717163
Strep_C24691,0.333266628208235
Strep_C24692,0.5936427844819077
Strep_C24693,0.1160600458814914
Strep_C24694,0.23370178103816636
Strep_C24695,0.11634201451864289
Strep_C24696,0.47311830745470035
Strep_C24697,0.11634201451864289
Strep_C24698,0.11634201451864289
Strep_C24699,0.11634201451864289
Strep_C2469,0.11634201451864289
Strep_C246,0.351325490499599
Strep_C24700,0.23370178103816636
Strep_C24701,0.11634201451864289
Strep_C24702,0.11634201451864289
Strep_C24703,0.11634201451864289
Strep_C24704,0.11634201451864289
Strep_C24705,0.11634201451864289
Strep_C24706,0.99999999
Strep_C24707,0.11634201451864289
Strep_C24708,0.11634201451864289
Strep_C24709,0.11634201451864289
Strep_C2470,0.11136757272179186
Strep_C24710,0.11634201451864289
Strep_C24711,0.2337017810381666
Strep_C24712,0.11634201451864289
Strep_C24713,0.1163415109155265
Strep_C24714,0.5936427844819077
Strep_C24715,0.1163415109155265
Strep_C24716,0.1163415109155265
Strep_C24717,0.1163415109155265
Strep_C24718,0.1163415109155265
Strep_C24719,0.1163415109155265
Strep_C2471,0.23305302815717163
Strep_C24720,0.1163415109155265
Strep_C24721,0.1163415109155265
Strep_C24722,0.1163415109155265
Strep_C24723,0.99999999
Strep_C24724,0.99999999
Strep_C24725,0.47311830745470035
Strep_C24726,0.11634201451864289
Strep_C24727,0.11634201451864289
Strep_C24728,0.5967214293920762
Strep_C24729,0.47311830745470035
Strep_C2472,0.99999999
Strep_C24730,0.11634201451864289
Strep_C24731,0.47311830745470035
Strep_C24732,0.2337017810381666
Strep_C24733,0.11634201451864289
Strep_C24734,0.99999999
Strep_C24735,0.334259100712907
Strep_C24736,0.11634201451864289
Strep_C24737,0.11634201451864289
Strep_C24738,0.8524313909199117
Strep_C24739,0.47127620612957083
Strep_C2473,0.1163415109155265
Strep_C24740,0.11634201451864289
Strep_C24741,0.11634201451864289
Strep_C24742,0.99999999
Strep_C24743,0.5967214293920762
Strep_C24744,0.11634201451864289
Strep_C24745,0.11634201451864289
Strep_C24746,0.47311651524910325
Strep_C24747,0.11634201451864289
Strep_C24748,0.11634201451864289
Strep_C24749,0.11634201451864289
Strep_C2474,0.11634201451864289
Strep_C24750,0.11634201451864289
Strep_C24751,0.11634201451864289
Strep_C24752,0.11634201451864289
Strep_C24753,0.11634201451864289
Strep_C24754,0.11634201451864289
Strep_C24755,0.11634201451864289
Strep_C24756,0.11634201451864289
Strep_C24757,0.11136757272179186
Strep_C24758,0.44600966595465286
Strep_C24759,0.11136757272179186
Strep_C2475,0.47311830745470035
Strep_C24760,0.11136757272179186
Strep_C24761,0.11136757272179186
Strep_C24762,0.11136757272179186
Strep_C24763,0.11136757272179186
Strep_C24764,0.11136757272179186
Strep_C24765,0.11136757272179186
Strep_C24766,0.11136757272179186
Strep_C24767,0.23305302815717163
Strep_C24768,0.23305302815717163
Strep_C24769,0.23305302815717163
Strep_C2476,0.11634201451864289
Strep_C24770,0.23305302815717163
Strep_C24771,0.4712762061295706
Strep_C24772,0.8524331858472348
Strep_C24773,0.23305302815717163
Strep_C24774,0.23305302815717163
Strep_C24775,0.23305302815717163
Strep_C24776,0.1160600458814914
Strep_C24777,0.11634201451864289
Strep_C24778,0.35245843672205746
Strep_C24779,0.3524582818100281
Strep_C2477,0.11634201451864289
Strep_C24780,0.11634201451864289
Strep_C24781,0.11634201451864289
Strep_C24782,0.11634201451864289
Strep_C24783,0.11634201451864289
Strep_C24784,0.11634201451864289
Strep_C24785,0.2337017810381666
Strep_C24786,0.11634201451864289
Strep_C24787,0.11634201451864289
Strep_C24788,0.11634201451864289
Strep_C24789,0.35245843672205746
Strep_C2478,0.7256406595528874
Strep_C24790,0.23370178103816636
Strep_C24791,0.7256406595528874
Strep_C24792,0.23370178103816636
Strep_C24793,0.11634201451864289
Strep_C24794,0.11634201451864289
Strep_C24795,0.11634201451864289
Strep_C24796,0.11634201451864289
Strep_C24797,0.11634201451864289
Strep_C24798,0.11634201451864289
Strep_C24799,0.11634201451864289
Strep_C2479,0.1163415109155265
Strep_C247,0.11634201451864289
Strep_C24800,0.11634201451864289
Strep_C24801,0.11634201451864289
Strep_C24802,0.11634201451864289
Strep_C24803,0.11634201451864289
Strep_C24804,0.1163415109155265
Strep_C24805,0.1163415109155265
Strep_C24806,0.1163415109155265
Strep_C24807,0.3524582818100281
Strep_C24808,0.1163415109155265
Strep_C24809,0.1163415109155265
Strep_C2480,0.1163415109155265
Strep_C24810,0.5967214293920762
Strep_C24811,0.1163415109155265
Strep_C24812,0.99999999
Strep_C24813,0.99999999
Strep_C24814,0.11634201451864289
Strep_C24815,0.11634201451864289
Strep_C24816,0.11634201451864289
Strep_C24817,0.47311830745470035
Strep_C24818,0.11634201451864289
Strep_C24819,0.35245843672205746
Strep_C2481,0.47311830745470035
Strep_C24820,0.7847940789287989
Strep_C24821,0.99999999
Strep_C24822,0.11634201451864289
Strep_C24823,0.2337017810381666
Strep_C24824,0.47311651524910325
Strep_C24825,0.11634201451864289
Strep_C24826,0.11634201451864289
Strep_C24827,0.11634201451864289
Strep_C24828,0.5555542629982061
Strep_C24829,0.3524582818100281
Strep_C2482,0.99999999
Strep_C24830,0.23370178103816636
Strep_C24831,0.11634201451864289
Strep_C24832,0.11634201451864289
Strep_C24833,0.11634201451864289
Strep_C24834,0.11634201451864289
Strep_C24835,0.11634201451864289
Strep_C24836,0.11634201451864289
Strep_C24837,0.11634201451864289
Strep_C24838,0.11634201451864289
Strep_C24839,0.11634201451864289
Strep_C2483,0.8889131171654778
Strep_C24840,0.11634201451864289
Strep_C24841,0.11136757272179186
Strep_C24842,0.11136757272179186
Strep_C24843,0.11136757272179186
Strep_C24844,0.11136757272179186
Strep_C24845,0.11136757272179186
Strep_C24846,0.11136757272179186
Strep_C24847,0.351325490499599
Strep_C24848,0.23305302815717163
Strep_C24849,0.23305302815717163
Strep_C2484,0.44444989529753154
Strep_C24850,0.23305302815717163
Strep_C24851,0.23305302815717163
Strep_C24852,0.23305302815717163
Strep_C24853,0.23305302815717163
Strep_C24854,0.1160600458814914
Strep_C24855,0.351325490499599
Strep_C24856,0.1160600458814914
Strep_C24857,0.23305302815717163
Strep_C24858,0.1160600458814914
Strep_C24859,0.1160600458814914
Strep_C2485,0.1160600458814914
Strep_C24860,0.2337017810381666
Strep_C24861,0.47311830745470035
Strep_C24862,0.2337017810381666
Strep_C24863,0.2337017810381666
Strep_C24864,0.11634201451864289
Strep_C24865,0.23370228693111114
Strep_C24866,0.11634201451864289
Strep_C24867,0.11634201451864289
Strep_C24868,0.11634201451864289
Strep_C24869,0.2337017810381666
Strep_C2486,0.47311830745470035
Strep_C24870,0.11634201451864289
Strep_C24871,0.11634201451864289
Strep_C24872,0.11634201451864289
Strep_C24873,0.22283322077504625
Strep_C24874,0.11634201451864289
Strep_C24875,0.11634201451864289
Strep_C24876,0.11634201451864289
Strep_C24877,0.11634201451864289
Strep_C24878,0.11634201451864289
Strep_C24879,0.11634201451864289
Strep_C2487,0.11634201451864289
Strep_C24880,0.11634201451864289
Strep_C24881,0.2337017810381666
Strep_C24882,0.11634201451864289
Strep_C24883,0.11634201451864289
Strep_C24884,0.11634201451864289
Strep_C24885,0.11634201451864289
Strep_C24886,0.1163415109155265
Strep_C24887,0.1163415109155265
Strep_C24888,0.1163415109155265
Strep_C24889,0.1163415109155265
Strep_C2488,0.23370178103816636
Strep_C24890,0.1163415109155265
Strep_C24891,0.1163415109155265
Strep_C24892,0.1163415109155265
Strep_C24893,0.22283354305359118
Strep_C24894,0.1163415109155265
Strep_C24895,0.1163415109155265
Strep_C24896,0.47311830745470035
Strep_C24897,0.8889223478224411
Strep_C24898,0.11634201451864289
Strep_C24899,0.11634201451864289
Strep_C2489,0.11634201451864289
Strep_C248,0.47311651524910325
Strep_C24900,0.47311830745470035
Strep_C24901,0.11634201451864289
Strep_C24902,0.35245843672205746
Strep_C24903,0.47311830745470035
Strep_C24904,0.11634201451864289
Strep_C24905,0.5967214293920762
Strep_C24906,0.11634201451864289
Strep_C24907,0.11634201451864289
Strep_C24908,0.23370228693111114
Strep_C24909,0.23370228693111114
Strep_C2490,0.99999999
Strep_C24910,0.11634201451864289
Strep_C24911,0.11634201451864289
Strep_C24912,0.11634201451864289
Strep_C24913,0.11634201451864289
Strep_C24914,0.351325490499599
Strep_C24915,0.11634201451864289
Strep_C24916,0.11634201451864289
Strep_C24917,0.11136757272179186
Strep_C24918,0.11136757272179186
Strep_C24919,0.333266628208235
Strep_C2491,0.11634201451864289
Strep_C24920,0.11136757272179186
Strep_C24921,0.22283322077504625
Strep_C24922,0.11136757272179186
Strep_C24923,0.11136757272179186
Strep_C24924,0.1160600458814914
Strep_C24925,0.1160600458814914
Strep_C24926,0.23305302815717163
Strep_C24927,0.23305302815717163
Strep_C24928,0.23305302815717163
Strep_C24929,0.23305302815717163
Strep_C2492,0.5555546390366239
Strep_C24930,0.23305302815717163
Strep_C24931,0.23305302815717163
Strep_C24932,0.1160600458814914
Strep_C24933,0.2337017810381666
Strep_C24934,0.2337017810381666
Strep_C24935,0.11634201451864289
Strep_C24936,0.2337017810381666
Strep_C24937,0.2337017810381666
Strep_C24938,0.2337017810381666
Strep_C24939,0.11634201451864289
Strep_C2493,0.11136757272179186
Strep_C24940,0.11634201451864289
Strep_C24941,0.11634201451864289
Strep_C24942,0.11634201451864289
Strep_C24943,0.11634201451864289
Strep_C24944,0.11634201451864289
Strep_C24945,0.11634201451864289
Strep_C24946,0.11634201451864289
Strep_C24947,0.11634201451864289
Strep_C24948,0.11634201451864289
Strep_C24949,0.11634201451864289
Strep_C2494,0.7256406595528874
Strep_C24950,0.11634201451864289
Strep_C24951,0.11634201451864289
Strep_C24952,0.11634201451864289
Strep_C24953,0.1163415109155265
Strep_C24954,0.1163415109155265
Strep_C24955,0.1163415109155265
Strep_C24956,0.1163415109155265
Strep_C24957,0.1163415109155265
Strep_C24958,0.1163415109155265
Strep_C24959,0.1163415109155265
Strep_C2495,0.47311830745470035
Strep_C24960,0.1163415109155265
Strep_C24961,0.1163415109155265
Strep_C24962,0.47311830745470035
Strep_C24963,0.5936452796634148
Strep_C24964,0.11634201451864289
Strep_C24965,0.47311830745470035
Strep_C24966,0.11634201451864289
Strep_C24967,0.2337017810381666
Strep_C24968,0.11634201451864289
Strep_C24969,0.11634201451864289
Strep_C2496,0.47311830745470035
Strep_C24970,0.11634201451864289
Strep_C24971,0.11634201451864289
Strep_C24972,0.11634201451864289
Strep_C24973,0.11634201451864289
Strep_C24974,0.11634201451864289
Strep_C24975,0.11634201451864289
Strep_C24976,0.11634201451864289
Strep_C24977,0.11634201451864289
Strep_C24978,0.11634201451864289
Strep_C24979,0.11634201451864289
Strep_C2497,0.11634201451864289
Strep_C24980,0.11634201451864289
Strep_C24981,0.99999999
Strep_C24982,0.11136757272179186
Strep_C24983,0.11136757272179186
Strep_C24984,0.11136757272179186
Strep_C24985,0.11136757272179186
Strep_C24986,0.22283354305359118
Strep_C24987,0.333266628208235
Strep_C24988,0.11136757272179186
Strep_C24989,0.23305302815717163
Strep_C2498,0.23370228693111114
Strep_C24990,0.23305302815717163
Strep_C24991,0.23305302815717163
Strep_C24992,0.23305302815717163
Strep_C24993,0.23305302815717163
Strep_C24994,0.23305302815717163
Strep_C24995,0.351325490499599
Strep_C24996,0.23305302815717163
Strep_C24997,0.1160600458814914
Strep_C24998,0.47311830745470035
Strep_C24999,0.5936452796634148
Strep_C2499,0.1163415109155265
Strep_C249,0.11634201451864289
Strep_C24,0.11634201451864289
Strep_C25000,0.11634201451864289
Strep_C25001,0.11634201451864289
Strep_C25002,0.11634201451864289
Strep_C25003,0.11634201451864289
Strep_C25004,0.2337017810381666
Strep_C25005,0.11634201451864289
Strep_C25006,0.11634201451864289
Strep_C25007,0.11634201451864289
Strep_C25008,0.11634201451864289
Strep_C25009,0.11634201451864289
Strep_C2500,0.3524582818100281
Strep_C25010,0.557982185216091
Strep_C25011,0.47311830745470035
Strep_C25012,0.23370178103816636
Strep_C25013,0.11634201451864289
Strep_C25014,0.11634201451864289
Strep_C25015,0.11634201451864289
Strep_C25016,0.11634201451864289
Strep_C25017,0.11634201451864289
Strep_C25018,0.11634201451864289
Strep_C25019,0.22283354305359118
Strep_C2501,0.11634201451864289
Strep_C25020,0.1163415109155265
Strep_C25021,0.1163415109155265
Strep_C25022,0.23370228693111114
Strep_C25023,0.35132537846575046
Strep_C25024,0.99999999
Strep_C25025,0.1163415109155265
Strep_C25026,0.1163415109155265
Strep_C25027,0.1163415109155265
Strep_C25028,0.1163415109155265
Strep_C25029,0.1163415109155265
Strep_C2502,0.11136757272179186
Strep_C25030,0.1163415109155265
Strep_C25031,0.1163415109155265
Strep_C25032,0.1163415109155265
Strep_C25033,0.1163415109155265
Strep_C25034,0.1163415109155265
Strep_C25035,0.1163415109155265
Strep_C25036,0.99999999
Strep_C25037,0.11634201451864289
Strep_C25038,0.7198643407720242
Strep_C25039,0.11634201451864289
Strep_C2503,0.2337017810381666
Strep_C25040,0.11634201451864289
Strep_C25041,0.11634201451864289
Strep_C25042,0.3342595322757504
Strep_C25043,0.11634201451864289
Strep_C25044,0.23370178103816636
Strep_C25045,0.99999999
Strep_C25046,0.23370178103816636
Strep_C25047,0.2337017810381666
Strep_C25048,0.99999999
Strep_C25049,0.11634201451864289
Strep_C2504,0.11634201451864289
Strep_C25050,0.11634201451864289
Strep_C25051,0.47311830745470035
Strep_C25052,0.11634201451864289
Strep_C25053,0.8524313909199117
Strep_C25054,0.11634201451864289
Strep_C25055,0.99999999
Strep_C25056,0.11634201451864289
Strep_C25057,0.11634201451864289
Strep_C25058,0.11634201451864289
Strep_C25059,0.44600966595465286
Strep_C2505,0.23370178103816636
Strep_C25060,0.11634201451864289
Strep_C25061,0.11634201451864289
Strep_C25062,0.11634201451864289
Strep_C25063,0.11634201451864289
Strep_C25064,0.11634201451864289
Strep_C25065,0.11634201451864289
Strep_C25066,0.11634201451864289
Strep_C25067,0.11634201451864289
Strep_C25068,0.11634201451864289
Strep_C25069,0.11136757272179186
Strep_C2506,0.47311830745470035
Strep_C25070,0.11136757272179186
Strep_C25071,0.11136757272179186
Strep_C25072,0.11136757272179186
Strep_C25073,0.334259100712907
Strep_C25074,0.11136757272179186
Strep_C25075,0.11136757272179186
Strep_C25076,0.11136757272179186
Strep_C25077,0.23305302815717163
Strep_C25078,0.23305302815717163
Strep_C25079,0.23305302815717163
Strep_C2507,0.351325490499599
Strep_C25080,0.1160600458814914
Strep_C25081,0.99999999
Strep_C25082,0.2337017810381666
Strep_C25083,0.11634201451864289
Strep_C25084,0.47311830745470035
Strep_C25085,0.11634201451864289
Strep_C25086,0.2337017810381666
Strep_C25087,0.11634201451864289
Strep_C25088,0.11634201451864289
Strep_C25089,0.11634201451864289
Strep_C2508,0.11634201451864289
Strep_C25090,0.11634201451864289
Strep_C25091,0.11634201451864289
Strep_C25092,0.11634201451864289
Strep_C25093,0.11634201451864289
Strep_C25094,0.11634201451864289
Strep_C25095,0.11634201451864289
Strep_C25096,0.23370178103816636
Strep_C25097,0.11634201451864289
Strep_C25098,0.3524582818100281
Strep_C25099,0.6704550730094094
Strep_C2509,0.23305302815717163
Strep_C250,0.11136757272179186
Strep_C25100,0.1163415109155265
Strep_C25101,0.1163415109155265
Strep_C25102,0.1163415109155265
Strep_C25103,0.1163415109155265
Strep_C25104,0.1163415109155265
Strep_C25105,0.1163415109155265
Strep_C25106,0.471274539360154
Strep_C25107,0.1163415109155265
Strep_C25108,0.1163415109155265
Strep_C25109,0.1163415109155265
Strep_C2510,0.1160600458814914
Strep_C25110,0.99999999
Strep_C25111,0.11634201451864289
Strep_C25112,0.2337017810381666
Strep_C25113,0.99999999
Strep_C25114,0.99999999
Strep_C25115,0.47311830745470035
Strep_C25116,0.11634201451864289
Strep_C25117,0.5967214293920762
Strep_C25118,0.47311830745470035
Strep_C25119,0.11634201451864289
Strep_C2511,0.23305302815717163
Strep_C25120,0.11634201451864289
Strep_C25121,0.11634201451864289
Strep_C25122,0.11634201451864289
Strep_C25123,0.99999999
Strep_C25124,0.23370228693111114
Strep_C25125,0.11634201451864289
Strep_C25126,0.5936427844819077
Strep_C25127,0.23370228693111114
Strep_C25128,0.23370178103816636
Strep_C25129,0.11634201451864289
Strep_C2512,0.351325490499599
Strep_C25130,0.11634201451864289
Strep_C25131,0.11634201451864289
Strep_C25132,0.11634201451864289
Strep_C25133,0.11634201451864289
Strep_C25134,0.11136757272179186
Strep_C25135,0.11136757272179186
Strep_C25136,0.99999999
Strep_C25137,0.11136757272179186
Strep_C25138,0.11136757272179186
Strep_C25139,0.22283354305359118
Strep_C2513,0.11634201451864289
Strep_C25140,0.11136757272179186
Strep_C25141,0.1160600458814914
Strep_C25142,0.23305302815717163
Strep_C25143,0.1160600458814914
Strep_C25144,0.23305302815717163
Strep_C25145,0.47127620612957083
Strep_C25146,0.23305302815717163
Strep_C25147,0.23305302815717163
Strep_C25148,0.1160600458814914
Strep_C25149,0.23305302815717163
Strep_C2514,0.23370178103816636
Strep_C25150,0.333266628208235
Strep_C25151,0.99999999
Strep_C25152,0.23370228693111114
Strep_C25153,0.2337017810381666
Strep_C25154,0.2337017810381666
Strep_C25155,0.11634201451864289
Strep_C25156,0.2337017810381666
Strep_C25157,0.11634201451864289
Strep_C25158,0.11634201451864289
Strep_C25159,0.7198634438443039
Strep_C2515,0.5967242474384321
Strep_C25160,0.11634201451864289
Strep_C25161,0.11634201451864289
Strep_C25162,0.11634201451864289
Strep_C25163,0.23370178103816636
Strep_C25164,0.11634201451864289
Strep_C25165,0.99999999
Strep_C25166,0.11634201451864289
Strep_C25167,0.11634201451864289
Strep_C25168,0.11634201451864289
Strep_C25169,0.11634201451864289
Strep_C2516,0.1163415109155265
Strep_C25170,0.11634201451864289
Strep_C25171,0.35245843672205746
Strep_C25172,0.11634201451864289
Strep_C25173,0.11634201451864289
Strep_C25174,0.11634201451864289
Strep_C25175,0.23370228693111114
Strep_C25176,0.11634201451864289
Strep_C25177,0.11634201451864289
Strep_C25178,0.11634201451864289
Strep_C25179,0.11634201451864289
Strep_C2517,0.1163415109155265
Strep_C25180,0.1163415109155265
Strep_C25181,0.1163415109155265
Strep_C25182,0.1163415109155265
Strep_C25183,0.1163415109155265
Strep_C25184,0.1163415109155265
Strep_C25185,0.1163415109155265
Strep_C25186,0.1163415109155265
Strep_C25187,0.1163415109155265
Strep_C25188,0.23370228693111114
Strep_C25189,0.1163415109155265
Strep_C2518,0.99999999
Strep_C25190,0.1163415109155265
Strep_C25191,0.1163415109155265
Strep_C25192,0.471274539360154
Strep_C25193,0.1163415109155265
Strep_C25194,0.1163415109155265
Strep_C25195,0.5936427844819077
Strep_C25196,0.8524331858472348
Strep_C25197,0.99999999
Strep_C25198,0.99999999
Strep_C25199,0.35245843672205746
Strep_C2519,0.2337017810381666
Strep_C251,0.11634201451864289
Strep_C25200,0.11634201451864289
Strep_C25201,0.7256406595528874
Strep_C25202,0.7198634438443039
Strep_C25203,0.47311830745470035
Strep_C25204,0.11634201451864289
Strep_C25205,0.23370178103816636
Strep_C25206,0.11634201451864289
Strep_C25207,0.11634201451864289
Strep_C25208,0.47127620612957083
Strep_C25209,0.8889131171654778
Strep_C2520,0.6704550730094094
Strep_C25210,0.11634201451864289
Strep_C25211,0.11634201451864289
Strep_C25212,0.3342595322757504
Strep_C25213,0.11634201451864289
Strep_C25214,0.11634201451864289
Strep_C25215,0.47311651524910325
Strep_C25216,0.11634201451864289
Strep_C25217,0.11634201451864289
Strep_C25218,0.11634201451864289
Strep_C25219,0.11634201451864289
Strep_C2521,0.23305302815717163
Strep_C25220,0.11634201451864289
Strep_C25221,0.11634201451864289
Strep_C25222,0.11634201451864289
Strep_C25223,0.11634201451864289
Strep_C25224,0.11634201451864289
Strep_C25225,0.11634201451864289
Strep_C25226,0.11136757272179186
Strep_C25227,0.11136757272179186
Strep_C25228,0.11136757272179186
Strep_C25229,0.11136757272179186
Strep_C2522,0.1160600458814914
Strep_C25230,0.11136757272179186
Strep_C25231,0.11136757272179186
Strep_C25232,0.11136757272179186
Strep_C25233,0.11136757272179186
Strep_C25234,0.11136757272179186
Strep_C25235,0.11136757272179186
Strep_C25236,0.11136757272179186
Strep_C25237,0.1160600458814914
Strep_C25238,0.1160600458814914
Strep_C25239,0.8524331858472348
Strep_C2523,0.47311830745470035
Strep_C25240,0.6665403377533278
Strep_C25241,0.23305302815717163
Strep_C25242,0.1160600458814914
Strep_C25243,0.1160600458814914
Strep_C25244,0.1160600458814914
Strep_C25245,0.1160600458814914
Strep_C25246,0.23305302815717163
Strep_C25247,0.23305302815717163
Strep_C25248,0.23305302815717163
Strep_C25249,0.1160600458814914
Strep_C2524,0.11634201451864289
Strep_C25250,0.47311830745470035
Strep_C25251,0.35245843672205746
Strep_C25252,0.3524582818100281
Strep_C25253,0.2337017810381666
Strep_C25254,0.2337017810381666
Strep_C25255,0.2337017810381666
Strep_C25256,0.11634201451864289
Strep_C25257,0.11634201451864289
Strep_C25258,0.11634201451864289
Strep_C25259,0.11634201451864289
Strep_C2525,0.47311830745470035
Strep_C25260,0.11634201451864289
Strep_C25261,0.11634201451864289
Strep_C25262,0.11634201451864289
Strep_C25263,0.11634201451864289
Strep_C25264,0.11634201451864289
Strep_C25265,0.11634201451864289
Strep_C25266,0.11634201451864289
Strep_C25267,0.11634201451864289
Strep_C25268,0.11634201451864289
Strep_C25269,0.11634201451864289
Strep_C2526,0.1163415109155265
Strep_C25270,0.11634201451864289
Strep_C25271,0.11634201451864289
Strep_C25272,0.11634201451864289
Strep_C25273,0.1163415109155265
Strep_C25274,0.1163415109155265
Strep_C25275,0.1163415109155265
Strep_C25276,0.23370228693111114
Strep_C25277,0.1163415109155265
Strep_C25278,0.1163415109155265
Strep_C25279,0.1163415109155265
Strep_C2527,0.11634201451864289
Strep_C25280,0.1163415109155265
Strep_C25281,0.1163415109155265
Strep_C25282,0.1163415109155265
Strep_C25283,0.1163415109155265
Strep_C25284,0.99999999
Strep_C25285,0.99999999
Strep_C25286,0.7198634438443039
Strep_C25287,0.5967242474384321
Strep_C25288,0.35245843672205746
Strep_C25289,0.8524313909199117
Strep_C2528,0.5555542629982061
Strep_C25290,0.99999999
Strep_C25291,0.23370178103816636
Strep_C25292,0.35245843672205746
Strep_C25293,0.11634201451864289
Strep_C25294,0.11634201451864289
Strep_C25295,0.11634201451864289
Strep_C25296,0.2337017810381666
Strep_C25297,0.47311830745470035
Strep_C25298,0.7198634438443039
Strep_C25299,0.99999999
Strep_C2529,0.11634201451864289
Strep_C252,0.11634201451864289
Strep_C25300,0.11634201451864289
Strep_C25301,0.5967214293920762
Strep_C25302,0.5967214293920762
Strep_C25303,0.11634201451864289
Strep_C25304,0.11634201451864289
Strep_C25305,0.11634201451864289
Strep_C25306,0.11136757272179186
Strep_C25307,0.99999999
Strep_C25308,0.11136757272179186
Strep_C25309,0.11136757272179186
Strep_C2530,0.35245843672205746
Strep_C25310,0.11136757272179186
Strep_C25311,0.11136757272179186
Strep_C25312,0.11136757272179186
Strep_C25313,0.11136757272179186
Strep_C25314,0.11136757272179186
Strep_C25315,0.11136757272179186
Strep_C25316,0.11136757272179186
Strep_C25317,0.11136757272179186
Strep_C25318,0.11136757272179186
Strep_C25319,0.23305302815717163
Strep_C2531,0.1163415109155265
Strep_C25320,0.99999999
Strep_C25321,0.23305302815717163
Strep_C25322,0.8524313909199117
Strep_C25323,0.8524331858472348
Strep_C25324,0.23305302815717163
Strep_C25325,0.23305302815717163
Strep_C25326,0.1160600458814914
Strep_C25327,0.47311651524910325
Strep_C25328,0.2337017810381666
Strep_C25329,0.11634201451864289
Strep_C2532,0.2337017810381666
Strep_C25330,0.2337017810381666
Strep_C25331,0.11634201451864289
Strep_C25332,0.11634201451864289
Strep_C25333,0.23370178103816636
Strep_C25334,0.11634201451864289
Strep_C25335,0.11634201451864289
Strep_C25336,0.11634201451864289
Strep_C25337,0.11634201451864289
Strep_C25338,0.23370178103816636
Strep_C25339,0.11634201451864289
Strep_C2533,0.11136757272179186
Strep_C25340,0.11634201451864289
Strep_C25341,0.11634201451864289
Strep_C25342,0.2337017810381666
Strep_C25343,0.11634201451864289
Strep_C25344,0.11634201451864289
Strep_C25345,0.11634201451864289
Strep_C25346,0.1163415109155265
Strep_C25347,0.1163415109155265
Strep_C25348,0.1163415109155265
Strep_C25349,0.1163415109155265
Strep_C2534,0.23305302815717163
Strep_C25350,0.1163415109155265
Strep_C25351,0.1163415109155265
Strep_C25352,0.1163415109155265
Strep_C25353,0.1163415109155265
Strep_C25354,0.1163415109155265
Strep_C25355,0.99999999
Strep_C25356,0.47311830745470035
Strep_C25357,0.99999999
Strep_C25358,0.99999999
Strep_C25359,0.11634201451864289
Strep_C2535,0.99999999
Strep_C25360,0.11634201451864289
Strep_C25361,0.47311830745470035
Strep_C25362,0.11634201451864289
Strep_C25363,0.11634201451864289
Strep_C25364,0.11634201451864289
Strep_C25365,0.11634201451864289
Strep_C25366,0.3524582818100281
Strep_C25367,0.5967214293920762
Strep_C25368,0.11634201451864289
Strep_C25369,0.35245843672205746
Strep_C2536,0.47311830745470035
Strep_C25370,0.11634201451864289
Strep_C25371,0.11634201451864289
Strep_C25372,0.11634201451864289
Strep_C25373,0.11634201451864289
Strep_C25374,0.11634201451864289
Strep_C25375,0.11634201451864289
Strep_C25376,0.11634201451864289
Strep_C25377,0.11634201451864289
Strep_C25378,0.11634201451864289
Strep_C25379,0.11634201451864289
Strep_C2537,0.11634201451864289
Strep_C25380,0.11634201451864289
Strep_C25381,0.11136757272179186
Strep_C25382,0.11136757272179186
Strep_C25383,0.11136757272179186
Strep_C25384,0.11136757272179186
Strep_C25385,0.99999999
Strep_C25386,0.11136757272179186
Strep_C25387,0.11136757272179186
Strep_C25388,0.11136757272179186
Strep_C25389,0.11136757272179186
Strep_C2538,0.11634201451864289
Strep_C25390,0.11136757272179186
Strep_C25391,0.11136757272179186
Strep_C25392,0.351325490499599
Strep_C25393,0.23305302815717163
Strep_C25394,0.4712762061295706
Strep_C25395,0.23305302815717163
Strep_C25396,0.35132537846575046
Strep_C25397,0.23305302815717163
Strep_C25398,0.23305302815717163
Strep_C25399,0.23305302815717163
Strep_C2539,0.7256406595528874
Strep_C253,0.23305302815717163
Strep_C25400,0.1160600458814914
Strep_C25401,0.1160600458814914
Strep_C25402,0.23305302815717163
Strep_C25403,0.1160600458814914
Strep_C25404,0.2337017810381666
Strep_C25405,0.23370228693111114
Strep_C25406,0.11634201451864289
Strep_C25407,0.23370228693111114
Strep_C25408,0.11634201451864289
Strep_C25409,0.11634201451864289
Strep_C2540,0.5936427844819077
Strep_C25410,0.11634201451864289
Strep_C25411,0.11634201451864289
Strep_C25412,0.11634201451864289
Strep_C25413,0.11634201451864289
Strep_C25414,0.2337017810381666
Strep_C25415,0.11634201451864289
Strep_C25416,0.1163415109155265
Strep_C25417,0.1163415109155265
Strep_C25418,0.1163415109155265
Strep_C25419,0.1163415109155265
Strep_C2541,0.1163415109155265
Strep_C25420,0.1163415109155265
Strep_C25421,0.1163415109155265
Strep_C25422,0.1163415109155265
Strep_C25423,0.1163415109155265
Strep_C25424,0.1163415109155265
Strep_C25425,0.1163415109155265
Strep_C25426,0.99999999
Strep_C25427,0.5936452796634148
Strep_C25428,0.47311830745470035
Strep_C25429,0.47311830745470035
Strep_C2542,0.47311830745470035
Strep_C25430,0.11634201451864289
Strep_C25431,0.11634201451864289
Strep_C25432,0.11634201451864289
Strep_C25433,0.5936452796634148
Strep_C25434,0.47311830745470035
Strep_C25435,0.23370178103816636
Strep_C25436,0.7198643407720242
Strep_C25437,0.8524331858472348
Strep_C25438,0.47311830745470035
Strep_C25439,0.11634201451864289
Strep_C2543,0.5967214293920762
Strep_C25440,0.11634201451864289
Strep_C25441,0.47311830745470035
Strep_C25442,0.11634201451864289
Strep_C25443,0.11634201451864289
Strep_C25444,0.471274539360154
Strep_C25445,0.11634201451864289
Strep_C25446,0.47311651524910325
Strep_C25447,0.11634201451864289
Strep_C25448,0.2337017810381666
Strep_C25449,0.22283322077504625
Strep_C2544,0.11634201451864289
Strep_C25450,0.11634201451864289
Strep_C25451,0.11634201451864289
Strep_C25452,0.23370228693111114
Strep_C25453,0.11136757272179186
Strep_C25454,0.11136757272179186
Strep_C25455,0.11136757272179186
Strep_C25456,0.1160600458814914
Strep_C25457,0.351325490499599
Strep_C25458,0.23305302815717163
Strep_C25459,0.1160600458814914
Strep_C2545,0.11136757272179186
Strep_C25460,0.1160600458814914
Strep_C25461,0.23305302815717163
Strep_C25462,0.23305302815717163
Strep_C25463,0.1160600458814914
Strep_C25464,0.47311830745470035
Strep_C25465,0.11634201451864289
Strep_C25466,0.35245843672205746
Strep_C25467,0.11634201451864289
Strep_C25468,0.11634201451864289
Strep_C25469,0.11634201451864289
Strep_C2546,0.8524331858472348
Strep_C25470,0.11634201451864289
Strep_C25471,0.11634201451864289
Strep_C25472,0.11634201451864289
Strep_C25473,0.11634201451864289
Strep_C25474,0.23370178103816636
Strep_C25475,0.35245843672205746
Strep_C25476,0.11634201451864289
Strep_C25477,0.11634201451864289
Strep_C25478,0.11634201451864289
Strep_C25479,0.35245843672205746
Strep_C2547,0.2337017810381666
Strep_C25480,0.11634201451864289
Strep_C25481,0.11634201451864289
Strep_C25482,0.8524331858472348
Strep_C25483,0.23370178103816636
Strep_C25484,0.11634201451864289
Strep_C25485,0.11634201451864289
Strep_C25486,0.11634201451864289
Strep_C25487,0.11634201451864289
Strep_C25488,0.1163415109155265
Strep_C25489,0.1163415109155265
Strep_C2548,0.47311830745470035
Strep_C25490,0.1163415109155265
Strep_C25491,0.1163415109155265
Strep_C25492,0.7198643407720242
Strep_C25493,0.1163415109155265
Strep_C25494,0.1163415109155265
Strep_C25495,0.1163415109155265
Strep_C25496,0.1163415109155265
Strep_C25497,0.1163415109155265
Strep_C25498,0.1163415109155265
Strep_C25499,0.35132537846575046
Strep_C2549,0.8889131171654778
Strep_C254,0.11136757272179186
Strep_C25500,0.1163415109155265
Strep_C25501,0.1163415109155265
Strep_C25502,0.1163415109155265
Strep_C25503,0.1163415109155265
Strep_C25504,0.99999999
Strep_C25505,0.47311830745470035
Strep_C25506,0.99999999
Strep_C25507,0.5555546390366239
Strep_C25508,0.11634201451864289
Strep_C25509,0.11634201451864289
Strep_C2550,0.99999999
Strep_C25510,0.11634201451864289
Strep_C25511,0.11634201451864289
Strep_C25512,0.23370178103816636
Strep_C25513,0.11634201451864289
Strep_C25514,0.5967214293920762
Strep_C25515,0.47311830745470035
Strep_C25516,0.11634201451864289
Strep_C25517,0.47311651524910325
Strep_C25518,0.35245843672205746
Strep_C25519,0.11634201451864289
Strep_C2551,0.8524313909199117
Strep_C25520,0.11634201451864289
Strep_C25521,0.35245843672205746
Strep_C25522,0.47311651524910325
Strep_C25523,0.7778659244097796
Strep_C25524,0.11634201451864289
Strep_C25525,0.99999999
Strep_C25526,0.23370228693111114
Strep_C25527,0.11634201451864289
Strep_C25528,0.11634201451864289
Strep_C25529,0.11634201451864289
Strep_C2552,0.5967214293920762
Strep_C25530,0.11634201451864289
Strep_C25531,0.11634201451864289
Strep_C25532,0.99999999
Strep_C25533,0.11634201451864289
Strep_C25534,0.11634201451864289
Strep_C25535,0.11634201451864289
Strep_C25536,0.11136757272179186
Strep_C25537,0.11136757272179186
Strep_C25538,0.11136757272179186
Strep_C25539,0.11136757272179186
Strep_C2553,0.11634201451864289
Strep_C25540,0.11136757272179186
Strep_C25541,0.11136757272179186
Strep_C25542,0.11136757272179186
Strep_C25543,0.11136757272179186
Strep_C25544,0.23305302815717163
Strep_C25545,0.23305302815717163
Strep_C25546,0.23305302815717163
Strep_C25547,0.23305302815717163
Strep_C25548,0.23305302815717163
Strep_C25549,0.23305302815717163
Strep_C2554,0.11634201451864289
Strep_C25550,0.23305302815717163
Strep_C25551,0.35132537846575046
Strep_C25552,0.2337017810381666
Strep_C25553,0.35245843672205746
Strep_C25554,0.11634201451864289
Strep_C25555,0.11634201451864289
Strep_C25556,0.11634201451864289
Strep_C25557,0.11634201451864289
Strep_C25558,0.11634201451864289
Strep_C25559,0.11634201451864289
Strep_C2555,0.471274539360154
Strep_C25560,0.11634201451864289
Strep_C25561,0.23370178103816636
Strep_C25562,0.11634201451864289
Strep_C25563,0.11634201451864289
Strep_C25564,0.11634201451864289
Strep_C25565,0.7778659244097796
Strep_C25566,0.11634201451864289
Strep_C25567,0.11634201451864289
Strep_C25568,0.11634201451864289
Strep_C25569,0.11634201451864289
Strep_C2556,0.11634201451864289
Strep_C25570,0.11634201451864289
Strep_C25571,0.11634201451864289
Strep_C25572,0.11634201451864289
Strep_C25573,0.11634201451864289
Strep_C25574,0.1163415109155265
Strep_C25575,0.1163415109155265
Strep_C25576,0.1163415109155265
Strep_C25577,0.1163415109155265
Strep_C25578,0.1163415109155265
Strep_C25579,0.3524582818100281
Strep_C2557,0.47311830745470035
Strep_C25580,0.1163415109155265
Strep_C25581,0.1163415109155265
Strep_C25582,0.1163415109155265
Strep_C25583,0.1163415109155265
Strep_C25584,0.23370228693111114
Strep_C25585,0.47311830745470035
Strep_C25586,0.11634201451864289
Strep_C25587,0.35245843672205746
Strep_C25588,0.471274539360154
Strep_C25589,0.5967214293920762
Strep_C2558,0.1163415109155265
Strep_C25590,0.11634201451864289
Strep_C25591,0.2337017810381666
Strep_C25592,0.11634201451864289
Strep_C25593,0.99999999
Strep_C25594,0.7198634438443039
Strep_C25595,0.5967242474384321
Strep_C25596,0.11634201451864289
Strep_C25597,0.7256406595528874
Strep_C25598,0.11634201451864289
Strep_C25599,0.11634201451864289
Strep_C2559,0.99999999
Strep_C255,0.7256406595528874
Strep_C25600,0.11634201451864289
Strep_C25601,0.23370228693111114
Strep_C25602,0.11634201451864289
Strep_C25603,0.11634201451864289
Strep_C25604,0.11136757272179186
Strep_C25605,0.11136757272179186
Strep_C25606,0.11136757272179186
Strep_C25607,0.99999999
Strep_C25608,0.11136757272179186
Strep_C25609,0.333266628208235
Strep_C2560,0.99999999
Strep_C25610,0.23305302815717163
Strep_C25611,0.1160600458814914
Strep_C25612,0.23305302815717163
Strep_C25613,0.5936452796634148
Strep_C25614,0.1160600458814914
Strep_C25615,0.3524582818100281
Strep_C25616,0.35245843672205746
Strep_C25617,0.3524582818100281
Strep_C25618,0.2337017810381666
Strep_C25619,0.11634201451864289
Strep_C2561,0.8889223478224411
Strep_C25620,0.11634201451864289
Strep_C25621,0.2337017810381666
Strep_C25622,0.11634201451864289
Strep_C25623,0.11634201451864289
Strep_C25624,0.11634201451864289
Strep_C25625,0.5936427844819077
Strep_C25626,0.11634201451864289
Strep_C25627,0.11634201451864289
Strep_C25628,0.11634201451864289
Strep_C25629,0.11634201451864289
Strep_C2562,0.11136757272179186
Strep_C25630,0.11634201451864289
Strep_C25631,0.1163415109155265
Strep_C25632,0.1163415109155265
Strep_C25633,0.1163415109155265
Strep_C25634,0.1163415109155265
Strep_C25635,0.1163415109155265
Strep_C25636,0.1163415109155265
Strep_C25637,0.23370228693111114
Strep_C25638,0.1163415109155265
Strep_C25639,0.1163415109155265
Strep_C2563,0.11634201451864289
Strep_C25640,0.1163415109155265
Strep_C25641,0.99999999
Strep_C25642,0.5967242474384321
Strep_C25643,0.47311830745470035
Strep_C25644,0.35245843672205746
Strep_C25645,0.11634201451864289
Strep_C25646,0.47311830745470035
Strep_C25647,0.99999999
Strep_C25648,0.11634201451864289
Strep_C25649,0.47311830745470035
Strep_C2564,0.11634201451864289
Strep_C25650,0.8524331858472348
Strep_C25651,0.99999999
Strep_C25652,0.23370228693111114
Strep_C25653,0.11634201451864289
Strep_C25654,0.11634201451864289
Strep_C25655,0.11634201451864289
Strep_C25656,0.5936452796634148
Strep_C25657,0.11634201451864289
Strep_C25658,0.11634201451864289
Strep_C25659,0.11136757272179186
Strep_C2565,0.1163415109155265
Strep_C25660,0.11136757272179186
Strep_C25661,0.7778659244097796
Strep_C25662,0.11136757272179186
Strep_C25663,0.11136757272179186
Strep_C25664,0.11136757272179186
Strep_C25665,0.11136757272179186
Strep_C25666,0.23305302815717163
Strep_C25667,0.7198634438443039
Strep_C25668,0.8524331858472348
Strep_C25669,0.1160600458814914
Strep_C2566,0.1163415109155265
Strep_C25670,0.333266628208235
Strep_C25671,0.23305302815717163
Strep_C25672,0.351325490499599
Strep_C25673,0.8524331858472348
Strep_C25674,0.23305302815717163
Strep_C25675,0.23305302815717163
Strep_C25676,0.23305302815717163
Strep_C25677,0.1160600458814914
Strep_C25678,0.2337017810381666
Strep_C25679,0.99999999
Strep_C2567,0.11634201451864289
Strep_C25680,0.11634201451864289
Strep_C25681,0.2337017810381666
Strep_C25682,0.2337017810381666
Strep_C25683,0.11634201451864289
Strep_C25684,0.23370178103816636
Strep_C25685,0.11634201451864289
Strep_C25686,0.2337017810381666
Strep_C25687,0.11634201451864289
Strep_C25688,0.11634201451864289
Strep_C25689,0.11634201451864289
Strep_C2568,0.99999999
Strep_C25690,0.11634201451864289
Strep_C25691,0.11634201451864289
Strep_C25692,0.23370178103816636
Strep_C25693,0.35245843672205746
Strep_C25694,0.11634201451864289
Strep_C25695,0.1163415109155265
Strep_C25696,0.1163415109155265
Strep_C25697,0.1163415109155265
Strep_C25698,0.1163415109155265
Strep_C25699,0.1163415109155265
Strep_C2569,0.99999999
Strep_C256,0.11634201451864289
Strep_C25700,0.47311651524910325
Strep_C25701,0.1163415109155265
Strep_C25702,0.1163415109155265
Strep_C25703,0.1163415109155265
Strep_C25704,0.1163415109155265
Strep_C25705,0.1163415109155265
Strep_C25706,0.11634201451864289
Strep_C25707,0.99999999
Strep_C25708,0.5967242474384321
Strep_C25709,0.11634201451864289
Strep_C2570,0.99999999
Strep_C25710,0.557982185216091
Strep_C25711,0.99999999
Strep_C25712,0.11634201451864289
Strep_C25713,0.11634201451864289
Strep_C25714,0.35245843672205746
Strep_C25715,0.11634201451864289
Strep_C25716,0.11634201451864289
Strep_C25717,0.11634201451864289
Strep_C25718,0.11634201451864289
Strep_C25719,0.7256406595528874
Strep_C2571,0.11634201451864289
Strep_C25720,0.5967214293920762
Strep_C25721,0.23370228693111114
Strep_C25722,0.8889131171654778
Strep_C25723,0.11634201451864289
Strep_C25724,0.23370178103816636
Strep_C25725,0.11634201451864289
Strep_C25726,0.11634201451864289
Strep_C25727,0.11634201451864289
Strep_C25728,0.7256406595528874
Strep_C25729,0.11634201451864289
Strep_C2572,0.11136757272179186
Strep_C25730,0.11634201451864289
Strep_C25731,0.11634201451864289
Strep_C25732,0.11634201451864289
Strep_C25733,0.11634201451864289
Strep_C25734,0.11136757272179186
Strep_C25735,0.11136757272179186
Strep_C25736,0.8889131171654778
Strep_C25737,0.11136757272179186
Strep_C25738,0.11136757272179186
Strep_C25739,0.23305302815717163
Strep_C2573,0.99999999
Strep_C25740,0.23305302815717163
Strep_C25741,0.23305302815717163
Strep_C25742,0.1160600458814914
Strep_C25743,0.11634201451864289
Strep_C25744,0.2337017810381666
Strep_C25745,0.11634201451864289
Strep_C25746,0.11634201451864289
Strep_C25747,0.11634201451864289
Strep_C25748,0.11634201451864289
Strep_C25749,0.11634201451864289
Strep_C2574,0.1160600458814914
Strep_C25750,0.11634201451864289
Strep_C25751,0.1163415109155265
Strep_C25752,0.1163415109155265
Strep_C25753,0.1163415109155265
Strep_C25754,0.1163415109155265
Strep_C25755,0.1163415109155265
Strep_C25756,0.1163415109155265
Strep_C25757,0.1163415109155265
Strep_C25758,0.1163415109155265
Strep_C25759,0.7256406595528874
Strep_C2575,0.351325490499599
Strep_C25760,0.7778659244097796
Strep_C25761,0.7256406595528874
Strep_C25762,0.47311651524910325
Strep_C25763,0.3524582818100281
Strep_C25764,0.11634201451864289
Strep_C25765,0.11634201451864289
Strep_C25766,0.11634201451864289
Strep_C25767,0.11634201451864289
Strep_C25768,0.47311830745470035
Strep_C25769,0.47311830745470035
Strep_C2576,0.23305302815717163
Strep_C25770,0.11634201451864289
Strep_C25771,0.99999999
Strep_C25772,0.11634201451864289
Strep_C25773,0.11634201451864289
Strep_C25774,0.47311830745470035
Strep_C25775,0.11634201451864289
Strep_C25776,0.47127620612957083
Strep_C25777,0.99999999
Strep_C25778,0.7256406595528874
Strep_C25779,0.11634201451864289
Strep_C2577,0.47311830745470035
Strep_C25780,0.22283322077504625
Strep_C25781,0.11634201451864289
Strep_C25782,0.11634201451864289
Strep_C25783,0.11136757272179186
Strep_C25784,0.11136757272179186
Strep_C25785,0.11136757272179186
Strep_C25786,0.7778659244097796
Strep_C25787,0.22283322077504625
Strep_C25788,0.22283354305359118
Strep_C25789,0.11136757272179186
Strep_C2578,0.1163415109155265
Strep_C25790,0.11136757272179186
Strep_C25791,0.471274539360154
Strep_C25792,0.23305302815717163
Strep_C25793,0.23305302815717163
Strep_C25794,0.351325490499599
Strep_C25795,0.23305302815717163
Strep_C25796,0.23305302815717163
Strep_C25797,0.99999999
Strep_C25798,0.23305302815717163
Strep_C25799,0.23305302815717163
Strep_C2579,0.1163415109155265
Strep_C257,0.23370178103816636
Strep_C25800,0.23305302815717163
Strep_C25801,0.23305302815717163
Strep_C25802,0.23305302815717163
Strep_C25803,0.23305302815717163
Strep_C25804,0.1160600458814914
Strep_C25805,0.23370178103816636
Strep_C25806,0.35245843672205746
Strep_C25807,0.2337017810381666
Strep_C25808,0.11634201451864289
Strep_C25809,0.11634201451864289
Strep_C2580,0.2337017810381666
Strep_C25810,0.11634201451864289
Strep_C25811,0.11634201451864289
Strep_C25812,0.11634201451864289
Strep_C25813,0.11634201451864289
Strep_C25814,0.11634201451864289
Strep_C25815,0.11634201451864289
Strep_C25816,0.5936452796634148
Strep_C25817,0.23370178103816636
Strep_C25818,0.11634201451864289
Strep_C25819,0.11634201451864289
Strep_C2581,0.5967214293920762
Strep_C25820,0.11634201451864289
Strep_C25821,0.11634201451864289
Strep_C25822,0.11634201451864289
Strep_C25823,0.11634201451864289
Strep_C25824,0.1163415109155265
Strep_C25825,0.1163415109155265
Strep_C25826,0.1163415109155265
Strep_C25827,0.1163415109155265
Strep_C25828,0.1163415109155265
Strep_C25829,0.1163415109155265
Strep_C2582,0.11634201451864289
Strep_C25830,0.1163415109155265
Strep_C25831,0.1163415109155265
Strep_C25832,0.1163415109155265
Strep_C25833,0.1163415109155265
Strep_C25834,0.1163415109155265
Strep_C25835,0.1163415109155265
Strep_C25836,0.1163415109155265
Strep_C25837,0.99999999
Strep_C25838,0.99999999
Strep_C25839,0.47311830745470035
Strep_C2583,0.11136757272179186
Strep_C25840,0.11634201451864289
Strep_C25841,0.351325490499599
Strep_C25842,0.11634201451864289
Strep_C25843,0.5967214293920762
Strep_C25844,0.11634201451864289
Strep_C25845,0.11634201451864289
Strep_C25846,0.23370178103816636
Strep_C25847,0.11634201451864289
Strep_C25848,0.557982185216091
Strep_C25849,0.23370178103816636
Strep_C2584,0.23305302815717163
Strep_C25850,0.11634201451864289
Strep_C25851,0.11634201451864289
Strep_C25852,0.11634201451864289
Strep_C25853,0.11634201451864289
Strep_C25854,0.11634201451864289
Strep_C25855,0.47311651524910325
Strep_C25856,0.11634201451864289
Strep_C25857,0.11634201451864289
Strep_C25858,0.11634201451864289
Strep_C25859,0.11634201451864289
Strep_C2585,0.47311830745470035
Strep_C25860,0.11634201451864289
Strep_C25861,0.11634201451864289
Strep_C25862,0.11634201451864289
Strep_C25863,0.11136757272179186
Strep_C25864,0.11136757272179186
Strep_C25865,0.11136757272179186
Strep_C25866,0.11136757272179186
Strep_C25867,0.11136757272179186
Strep_C25868,0.11136757272179186
Strep_C25869,0.333266628208235
Strep_C2586,0.47311830745470035
Strep_C25870,0.11136757272179186
Strep_C25871,0.11136757272179186
Strep_C25872,0.11136757272179186
Strep_C25873,0.23305302815717163
Strep_C25874,0.23305302815717163
Strep_C25875,0.351325490499599
Strep_C25876,0.23305302815717163
Strep_C25877,0.23305302815717163
Strep_C25878,0.1160600458814914
Strep_C25879,0.1160600458814914
Strep_C2587,0.3524582818100281
Strep_C25880,0.2337017810381666
Strep_C25881,0.99999999
Strep_C25882,0.35245843672205746
Strep_C25883,0.11634201451864289
Strep_C25884,0.11634201451864289
Strep_C25885,0.2337017810381666
Strep_C25886,0.11634201451864289
Strep_C25887,0.11634201451864289
Strep_C25888,0.11634201451864289
Strep_C25889,0.11634201451864289
Strep_C2588,0.1163415109155265
Strep_C25890,0.11634201451864289
Strep_C25891,0.11634201451864289
Strep_C25892,0.11634201451864289
Strep_C25893,0.3524582818100281
Strep_C25894,0.11634201451864289
Strep_C25895,0.11634201451864289
Strep_C25896,0.11634201451864289
Strep_C25897,0.11634201451864289
Strep_C25898,0.11634201451864289
Strep_C25899,0.11634201451864289
Strep_C2589,0.1163415109155265
Strep_C258,0.333266628208235
Strep_C25900,0.1163415109155265
Strep_C25901,0.1163415109155265
Strep_C25902,0.1163415109155265
Strep_C25903,0.1163415109155265
Strep_C25904,0.1163415109155265
Strep_C25905,0.1163415109155265
Strep_C25906,0.1163415109155265
Strep_C25907,0.1163415109155265
Strep_C25908,0.1163415109155265
Strep_C25909,0.1163415109155265
Strep_C2590,0.11634201451864289
Strep_C25910,0.1163415109155265
Strep_C25911,0.1163415109155265
Strep_C25912,0.1163415109155265
Strep_C25913,0.99999999
Strep_C25914,0.99999999
Strep_C25915,0.99999999
Strep_C25916,0.11634201451864289
Strep_C25917,0.2337017810381666
Strep_C25918,0.11634201451864289
Strep_C25919,0.11634201451864289
Strep_C2591,0.5936452796634148
Strep_C25920,0.47311830745470035
Strep_C25921,0.47311651524910325
Strep_C25922,0.11634201451864289
Strep_C25923,0.11634201451864289
Strep_C25924,0.2337017810381666
Strep_C25925,0.11634201451864289
Strep_C25926,0.557982185216091
Strep_C25927,0.23370228693111114
Strep_C25928,0.23370178103816636
Strep_C25929,0.11634201451864289
Strep_C2592,0.333266628208235
Strep_C25930,0.23370228693111114
Strep_C25931,0.99999999
Strep_C25932,0.11634201451864289
Strep_C25933,0.11634201451864289
Strep_C25934,0.11634201451864289
Strep_C25935,0.23370228693111114
Strep_C25936,0.11634201451864289
Strep_C25937,0.8524331858472348
Strep_C25938,0.11634201451864289
Strep_C25939,0.11136757272179186
Strep_C2593,0.99999999
Strep_C25940,0.99999999
Strep_C25941,0.11136757272179186
Strep_C25942,0.11136757272179186
Strep_C25943,0.11136757272179186
Strep_C25944,0.23305302815717163
Strep_C25945,0.23305302815717163
Strep_C25946,0.35132537846575046
Strep_C25947,0.1160600458814914
Strep_C25948,0.333266628208235
Strep_C25949,0.23305302815717163
Strep_C2594,0.23305302815717163
Strep_C25950,0.1160600458814914
Strep_C25951,0.23305302815717163
Strep_C25952,0.1160600458814914
Strep_C25953,0.47311651524910325
Strep_C25954,0.2337017810381666
Strep_C25955,0.11634201451864289
Strep_C25956,0.2337017810381666
Strep_C25957,0.11634201451864289
Strep_C25958,0.23370228693111114
Strep_C25959,0.11634201451864289
Strep_C2595,0.99999999
Strep_C25960,0.23370228693111114
Strep_C25961,0.11634201451864289
Strep_C25962,0.11634201451864289
Strep_C25963,0.11634201451864289
Strep_C25964,0.11634201451864289
Strep_C25965,0.1163415109155265
Strep_C25966,0.1163415109155265
Strep_C25967,0.1163415109155265
Strep_C25968,0.1163415109155265
Strep_C25969,0.1163415109155265
Strep_C2596,0.7256406595528874
Strep_C25970,0.1163415109155265
Strep_C25971,0.1163415109155265
Strep_C25972,0.99999999
Strep_C25973,0.1163415109155265
Strep_C25974,0.1163415109155265
Strep_C25975,0.1163415109155265
Strep_C25976,0.1163415109155265
Strep_C25977,0.1163415109155265
Strep_C25978,0.11634201451864289
Strep_C25979,0.11634201451864289
Strep_C2597,0.11634201451864289
Strep_C25980,0.11634201451864289
Strep_C25981,0.11634201451864289
Strep_C25982,0.5967214293920762
Strep_C25983,0.11634201451864289
Strep_C25984,0.11634201451864289
Strep_C25985,0.11634201451864289
Strep_C25986,0.11634201451864289
Strep_C25987,0.11634201451864289
Strep_C25988,0.44444989529753154
Strep_C25989,0.11634201451864289
Strep_C2598,0.23370228693111114
Strep_C25990,0.11634201451864289
Strep_C25991,0.11634201451864289
Strep_C25992,0.11634201451864289
Strep_C25993,0.11136757272179186
Strep_C25994,0.11136757272179186
Strep_C25995,0.11136757272179186
Strep_C25996,0.99999999
Strep_C25997,0.11136757272179186
Strep_C25998,0.23305302815717163
Strep_C25999,0.23305302815717163
Strep_C2599,0.99999999
Strep_C259,0.2337017810381666
Strep_C25,0.11634201451864289
Strep_C26000,0.23305302815717163
Strep_C26001,0.23305302815717163
Strep_C26002,0.351325490499599
Strep_C26003,0.1160600458814914
Strep_C26004,0.11634201451864289
Strep_C26005,0.2337017810381666
Strep_C26006,0.11634201451864289
Strep_C26007,0.11634201451864289
Strep_C26008,0.35245843672205746
Strep_C26009,0.11634201451864289
Strep_C2600,0.2337017810381666
Strep_C26010,0.11634201451864289
Strep_C26011,0.11634201451864289
Strep_C26012,0.11634201451864289
Strep_C26013,0.11634201451864289
Strep_C26014,0.11634201451864289
Strep_C26015,0.11634201451864289
Strep_C26016,0.11634201451864289
Strep_C26017,0.11634201451864289
Strep_C26018,0.11634201451864289
Strep_C26019,0.11634201451864289
Strep_C2601,0.11634201451864289
Strep_C26020,0.11634201451864289
Strep_C26021,0.23370228693111114
Strep_C26022,0.11634201451864289
Strep_C26023,0.11634201451864289
Strep_C26024,0.11634201451864289
Strep_C26025,0.11634201451864289
Strep_C26026,0.11634201451864289
Strep_C26027,0.11634201451864289
Strep_C26028,0.11634201451864289
Strep_C26029,0.1163415109155265
Strep_C2602,0.11634201451864289
Strep_C26030,0.1163415109155265
Strep_C26031,0.1163415109155265
Strep_C26032,0.1163415109155265
Strep_C26033,0.1163415109155265
Strep_C26034,0.1163415109155265
Strep_C26035,0.1163415109155265
Strep_C26036,0.1163415109155265
Strep_C26037,0.1163415109155265
Strep_C26038,0.471274539360154
Strep_C26039,0.1163415109155265
Strep_C2603,0.99999999
Strep_C26040,0.1163415109155265
Strep_C26041,0.1163415109155265
Strep_C26042,0.99999999
Strep_C26043,0.35245843672205746
Strep_C26044,0.11634201451864289
Strep_C26045,0.11634201451864289
Strep_C26046,0.334259100712907
Strep_C26047,0.7256406595528874
Strep_C26048,0.11634201451864289
Strep_C26049,0.11634201451864289
Strep_C2604,0.11136757272179186
Strep_C26050,0.11634201451864289
Strep_C26051,0.11634201451864289
Strep_C26052,0.47311830745470035
Strep_C26053,0.351325490499599
Strep_C26054,0.23370228693111114
Strep_C26055,0.11634201451864289
Strep_C26056,0.11634201451864289
Strep_C26057,0.11634201451864289
Strep_C26058,0.11634201451864289
Strep_C26059,0.11634201451864289
Strep_C2605,0.11136757272179186
Strep_C26060,0.35245843672205746
Strep_C26061,0.11634201451864289
Strep_C26062,0.11634201451864289
Strep_C26063,0.11634201451864289
Strep_C26064,0.11634201451864289
Strep_C26065,0.11136757272179186
Strep_C26066,0.99999999
Strep_C26067,0.11136757272179186
Strep_C26068,0.11136757272179186
Strep_C26069,0.99999999
Strep_C2606,0.22283354305359118
Strep_C26070,0.11136757272179186
Strep_C26071,0.11136757272179186
Strep_C26072,0.11136757272179186
Strep_C26073,0.23305302815717163
Strep_C26074,0.23305302815717163
Strep_C26075,0.23305302815717163
Strep_C26076,0.4712762061295706
Strep_C26077,0.4712762061295706
Strep_C26078,0.1160600458814914
Strep_C26079,0.5936452796634148
Strep_C2607,0.11136757272179186
Strep_C26080,0.1160600458814914
Strep_C26081,0.23305302815717163
Strep_C26082,0.1160600458814914
Strep_C26083,0.1160600458814914
Strep_C26084,0.1160600458814914
Strep_C26085,0.2337017810381666
Strep_C26086,0.2337017810381666
Strep_C26087,0.11634201451864289
Strep_C26088,0.23370178103816636
Strep_C26089,0.11634201451864289
Strep_C2608,0.8889131171654778
Strep_C26090,0.2337017810381666
Strep_C26091,0.11634201451864289
Strep_C26092,0.11634201451864289
Strep_C26093,0.11634201451864289
Strep_C26094,0.11634201451864289
Strep_C26095,0.11634201451864289
Strep_C26096,0.11634201451864289
Strep_C26097,0.11634201451864289
Strep_C26098,0.11634201451864289
Strep_C26099,0.11634201451864289
Strep_C2609,0.11136757272179186
Strep_C260,0.1163415109155265
Strep_C26100,0.11634201451864289
Strep_C26101,0.11634201451864289
Strep_C26102,0.11634201451864289
Strep_C26103,0.11634201451864289
Strep_C26104,0.11634201451864289
Strep_C26105,0.11634201451864289
Strep_C26106,0.1163415109155265
Strep_C26107,0.1163415109155265
Strep_C26108,0.1163415109155265
Strep_C26109,0.1163415109155265
Strep_C2610,0.99999999
Strep_C26110,0.1163415109155265
Strep_C26111,0.1163415109155265
Strep_C26112,0.1163415109155265
Strep_C26113,0.1163415109155265
Strep_C26114,0.1163415109155265
Strep_C26115,0.1163415109155265
Strep_C26116,0.1163415109155265
Strep_C26117,0.1163415109155265
Strep_C26118,0.1163415109155265
Strep_C26119,0.1163415109155265
Strep_C2611,0.23305302815717163
Strep_C26120,0.1163415109155265
Strep_C26121,0.99999999
Strep_C26122,0.11634201451864289
Strep_C26123,0.11634201451864289
Strep_C26124,0.11634201451864289
Strep_C26125,0.11634201451864289
Strep_C26126,0.2337017810381666
Strep_C26127,0.11634201451864289
Strep_C26128,0.11634201451864289
Strep_C26129,0.11634201451864289
Strep_C2612,0.8524331858472348
Strep_C26130,0.11634201451864289
Strep_C26131,0.99999999
Strep_C26132,0.11634201451864289
Strep_C26133,0.11634201451864289
Strep_C26134,0.11634201451864289
Strep_C26135,0.11634201451864289
Strep_C26136,0.23370228693111114
Strep_C26137,0.11634201451864289
Strep_C26138,0.11634201451864289
Strep_C26139,0.11634201451864289
Strep_C2613,0.11634201451864289
Strep_C26140,0.11136757272179186
Strep_C26141,0.99999999
Strep_C26142,0.99999999
Strep_C26143,0.11136757272179186
Strep_C26144,0.11136757272179186
Strep_C26145,0.11136757272179186
Strep_C26146,0.23305302815717163
Strep_C26147,0.8524331858472348
Strep_C26148,0.1160600458814914
Strep_C26149,0.23305302815717163
Strep_C2614,0.23305302815717163
Strep_C26150,0.351325490499599
Strep_C26151,0.23305302815717163
Strep_C26152,0.1160600458814914
Strep_C26153,0.35245843672205746
Strep_C26154,0.11634201451864289
Strep_C26155,0.11634201451864289
Strep_C26156,0.11634201451864289
Strep_C26157,0.11634201451864289
Strep_C26158,0.11634201451864289
Strep_C26159,0.11634201451864289
Strep_C2615,0.23305302815717163
Strep_C26160,0.23370178103816636
Strep_C26161,0.11634201451864289
Strep_C26162,0.11634201451864289
Strep_C26163,0.23370228693111114
Strep_C26164,0.11634201451864289
Strep_C26165,0.11634201451864289
Strep_C26166,0.11634201451864289
Strep_C26167,0.11634201451864289
Strep_C26168,0.11634201451864289
Strep_C26169,0.11634201451864289
Strep_C2616,0.11634201451864289
Strep_C26170,0.11634201451864289
Strep_C26171,0.1163415109155265
Strep_C26172,0.1163415109155265
Strep_C26173,0.3524582818100281
Strep_C26174,0.1163415109155265
Strep_C26175,0.1163415109155265
Strep_C26176,0.1163415109155265
Strep_C26177,0.1163415109155265
Strep_C26178,0.11634201451864289
Strep_C26179,0.8889223478224411
Strep_C2617,0.23370178103816636
Strep_C26180,0.11634201451864289
Strep_C26181,0.11634201451864289
Strep_C26182,0.11634201451864289
Strep_C26183,0.11634201451864289
Strep_C26184,0.11634201451864289
Strep_C26185,0.8524331858472348
Strep_C26186,0.11634201451864289
Strep_C26187,0.11634201451864289
Strep_C26188,0.11634201451864289
Strep_C26189,0.11634201451864289
Strep_C2618,0.11634201451864289
Strep_C26190,0.11634201451864289
Strep_C26191,0.11634201451864289
Strep_C26192,0.11634201451864289
Strep_C26193,0.11634201451864289
Strep_C26194,0.11634201451864289
Strep_C26195,0.11634201451864289
Strep_C26196,0.11136757272179186
Strep_C26197,0.23305302815717163
Strep_C26198,0.23305302815717163
Strep_C26199,0.1160600458814914
Strep_C2619,0.23370178103816636
Strep_C261,0.2337017810381666
Strep_C26200,0.2337017810381666
Strep_C26201,0.11634201451864289
Strep_C26202,0.11634201451864289
Strep_C26203,0.11634201451864289
Strep_C26204,0.11634201451864289
Strep_C26205,0.11634201451864289
Strep_C26206,0.11634201451864289
Strep_C26207,0.11634201451864289
Strep_C26208,0.11634201451864289
Strep_C26209,0.11634201451864289
Strep_C2620,0.47311830745470035
Strep_C26210,0.11634201451864289
Strep_C26211,0.8524313909199117
Strep_C26212,0.11634201451864289
Strep_C26213,0.47311830745470035
Strep_C26214,0.11634201451864289
Strep_C26215,0.35245843672205746
Strep_C26216,0.11634201451864289
Strep_C26217,0.11634201451864289
Strep_C26218,0.23370228693111114
Strep_C26219,0.334259100712907
Strep_C2621,0.1163415109155265
Strep_C26220,0.11634201451864289
Strep_C26221,0.11634201451864289
Strep_C26222,0.11634201451864289
Strep_C26223,0.1163415109155265
Strep_C26224,0.1163415109155265
Strep_C26225,0.1163415109155265
Strep_C26226,0.1163415109155265
Strep_C26227,0.1163415109155265
Strep_C26228,0.1163415109155265
Strep_C26229,0.1163415109155265
Strep_C2622,0.1163415109155265
Strep_C26230,0.1163415109155265
Strep_C26231,0.1163415109155265
Strep_C26232,0.1163415109155265
Strep_C26233,0.99999999
Strep_C26234,0.23370228693111114
Strep_C26235,0.11634201451864289
Strep_C26236,0.47311830745470035
Strep_C26237,0.11634201451864289
Strep_C26238,0.11634201451864289
Strep_C26239,0.11634201451864289
Strep_C2623,0.1163415109155265
Strep_C26240,0.11634201451864289
Strep_C26241,0.11634201451864289
Strep_C26242,0.11634201451864289
Strep_C26243,0.5967214293920762
Strep_C26244,0.351325490499599
Strep_C26245,0.11634201451864289
Strep_C26246,0.11634201451864289
Strep_C26247,0.351325490499599
Strep_C26248,0.11634201451864289
Strep_C26249,0.11634201451864289
Strep_C2624,0.23370178103816636
Strep_C26250,0.2337017810381666
Strep_C26251,0.11634201451864289
Strep_C26252,0.11634201451864289
Strep_C26253,0.11634201451864289
Strep_C26254,0.11634201451864289
Strep_C26255,0.11634201451864289
Strep_C26256,0.11634201451864289
Strep_C26257,0.11634201451864289
Strep_C26258,0.11634201451864289
Strep_C26259,0.11136757272179186
Strep_C2625,0.5967242474384321
Strep_C26260,0.11136757272179186
Strep_C26261,0.11136757272179186
Strep_C26262,0.11136757272179186
Strep_C26263,0.11136757272179186
Strep_C26264,0.11136757272179186
Strep_C26265,0.23305302815717163
Strep_C26266,0.23305302815717163
Strep_C26267,0.8889131171654778
Strep_C26268,0.23305302815717163
Strep_C26269,0.7198634438443039
Strep_C2626,0.351325490499599
Strep_C26270,0.1160600458814914
Strep_C26271,0.11634201451864289
Strep_C26272,0.8524313909199117
Strep_C26273,0.11634201451864289
Strep_C26274,0.11634201451864289
Strep_C26275,0.11634201451864289
Strep_C26276,0.11634201451864289
Strep_C26277,0.11634201451864289
Strep_C26278,0.11634201451864289
Strep_C26279,0.11634201451864289
Strep_C2627,0.11136757272179186
Strep_C26280,0.11634201451864289
Strep_C26281,0.23370178103816636
Strep_C26282,0.11634201451864289
Strep_C26283,0.11634201451864289
Strep_C26284,0.23370228693111114
Strep_C26285,0.11634201451864289
Strep_C26286,0.11634201451864289
Strep_C26287,0.1163415109155265
Strep_C26288,0.1163415109155265
Strep_C26289,0.1163415109155265
Strep_C2628,0.11136757272179186
Strep_C26290,0.1163415109155265
Strep_C26291,0.1163415109155265
Strep_C26292,0.1163415109155265
Strep_C26293,0.1163415109155265
Strep_C26294,0.1163415109155265
Strep_C26295,0.1163415109155265
Strep_C26296,0.1163415109155265
Strep_C26297,0.99999999
Strep_C26298,0.11634201451864289
Strep_C26299,0.11634201451864289
Strep_C2629,0.11136757272179186
Strep_C262,0.11634201451864289
Strep_C26300,0.11634201451864289
Strep_C26301,0.47311830745470035
Strep_C26302,0.11634201451864289
Strep_C26303,0.5936452796634148
Strep_C26304,0.11634201451864289
Strep_C26305,0.11634201451864289
Strep_C26306,0.47127620612957083
Strep_C26307,0.11634201451864289
Strep_C26308,0.23370178103816636
Strep_C26309,0.11634201451864289
Strep_C2630,0.351325490499599
Strep_C26310,0.11634201451864289
Strep_C26311,0.11634201451864289
Strep_C26312,0.11634201451864289
Strep_C26313,0.11634201451864289
Strep_C26314,0.333266628208235
Strep_C26315,0.11136757272179186
Strep_C26316,0.99999999
Strep_C26317,0.1160600458814914
Strep_C26318,0.23305302815717163
Strep_C26319,0.23305302815717163
Strep_C2631,0.8889223478224411
Strep_C26320,0.23305302815717163
Strep_C26321,0.35245843672205746
Strep_C26322,0.11634201451864289
Strep_C26323,0.23370228693111114
Strep_C26324,0.35245843672205746
Strep_C26325,0.11634201451864289
Strep_C26326,0.11634201451864289
Strep_C26327,0.11634201451864289
Strep_C26328,0.11634201451864289
Strep_C26329,0.11634201451864289
Strep_C2632,0.11634201451864289
Strep_C26330,0.2337017810381666
Strep_C26331,0.11634201451864289
Strep_C26332,0.11634201451864289
Strep_C26333,0.11634201451864289
Strep_C26334,0.11634201451864289
Strep_C26335,0.8524331858472348
Strep_C26336,0.11634201451864289
Strep_C26337,0.11634201451864289
Strep_C26338,0.11634201451864289
Strep_C26339,0.11634201451864289
Strep_C2633,0.11634201451864289
Strep_C26340,0.11634201451864289
Strep_C26341,0.11634201451864289
Strep_C26342,0.11634201451864289
Strep_C26343,0.11634201451864289
Strep_C26344,0.11634201451864289
Strep_C26345,0.11634201451864289
Strep_C26346,0.11634201451864289
Strep_C26347,0.11634201451864289
Strep_C26348,0.1163415109155265
Strep_C26349,0.1163415109155265
Strep_C2634,0.47311830745470035
Strep_C26350,0.1163415109155265
Strep_C26351,0.1163415109155265
Strep_C26352,0.1163415109155265
Strep_C26353,0.5967214293920762
Strep_C26354,0.11634201451864289
Strep_C26355,0.11634201451864289
Strep_C26356,0.47311830745470035
Strep_C26357,0.11634201451864289
Strep_C26358,0.11634201451864289
Strep_C26359,0.11634201451864289
Strep_C2635,0.1163415109155265
Strep_C26360,0.2337017810381666
Strep_C26361,0.8889131171654778
Strep_C26362,0.5967214293920762
Strep_C26363,0.11634201451864289
Strep_C26364,0.35245843672205746
Strep_C26365,0.11634201451864289
Strep_C26366,0.11634201451864289
Strep_C26367,0.11634201451864289
Strep_C26368,0.11634201451864289
Strep_C26369,0.11634201451864289
Strep_C2636,0.1163415109155265
Strep_C26370,0.11634201451864289
Strep_C26371,0.11634201451864289
Strep_C26372,0.11634201451864289
Strep_C26373,0.22283322077504625
Strep_C26374,0.11136757272179186
Strep_C26375,0.11136757272179186
Strep_C26376,0.11136757272179186
Strep_C26377,0.23305302815717163
Strep_C26378,0.6665426254504294
Strep_C26379,0.23305302815717163
Strep_C2637,0.23370228693111114
Strep_C26380,0.1160600458814914
Strep_C26381,0.7198643407720242
Strep_C26382,0.35245843672205746
Strep_C26383,0.11634201451864289
Strep_C26384,0.11634201451864289
Strep_C26385,0.11634201451864289
Strep_C26386,0.11634201451864289
Strep_C26387,0.5967214293920762
Strep_C26388,0.23370178103816636
Strep_C26389,0.11634201451864289
Strep_C2638,0.99999999
Strep_C26390,0.11634201451864289
Strep_C26391,0.11634201451864289
Strep_C26392,0.11634201451864289
Strep_C26393,0.11634201451864289
Strep_C26394,0.2337017810381666
Strep_C26395,0.11634201451864289
Strep_C26396,0.11634201451864289
Strep_C26397,0.11634201451864289
Strep_C26398,0.11634201451864289
Strep_C26399,0.23370178103816636
Strep_C2639,0.23305302815717163
Strep_C263,0.1163415109155265
Strep_C26400,0.11634201451864289
Strep_C26401,0.11634201451864289
Strep_C26402,0.11634201451864289
Strep_C26403,0.11634201451864289
Strep_C26404,0.1163415109155265
Strep_C26405,0.1163415109155265
Strep_C26406,0.1163415109155265
Strep_C26407,0.1163415109155265
Strep_C26408,0.1163415109155265
Strep_C26409,0.1163415109155265
Strep_C2640,0.23305302815717163
Strep_C26410,0.1163415109155265
Strep_C26411,0.1163415109155265
Strep_C26412,0.1163415109155265
Strep_C26413,0.1163415109155265
Strep_C26414,0.99999999
Strep_C26415,0.99999999
Strep_C26416,0.99999999
Strep_C26417,0.99999999
Strep_C26418,0.11634201451864289
Strep_C26419,0.2337017810381666
Strep_C2641,0.23305302815717163
Strep_C26420,0.11634201451864289
Strep_C26421,0.35245843672205746
Strep_C26422,0.35245843672205746
Strep_C26423,0.11634201451864289
Strep_C26424,0.11634201451864289
Strep_C26425,0.11634201451864289
Strep_C26426,0.8524313909199117
Strep_C26427,0.11634201451864289
Strep_C26428,0.23370228693111114
Strep_C26429,0.11634201451864289
Strep_C2642,0.2337017810381666
Strep_C26430,0.11634201451864289
Strep_C26431,0.11634201451864289
Strep_C26432,0.11634201451864289
Strep_C26433,0.11634201451864289
Strep_C26434,0.11634201451864289
Strep_C26435,0.11634201451864289
Strep_C26436,0.11634201451864289
Strep_C26437,0.22283322077504625
Strep_C26438,0.11136757272179186
Strep_C26439,0.11136757272179186
Strep_C2643,0.99999999
Strep_C26440,0.11136757272179186
Strep_C26441,0.22283322077504625
Strep_C26442,0.11136757272179186
Strep_C26443,0.11136757272179186
Strep_C26444,0.11136757272179186
Strep_C26445,0.11136757272179186
Strep_C26446,0.11136757272179186
Strep_C26447,0.11136757272179186
Strep_C26448,0.23305302815717163
Strep_C26449,0.47127620612957083
Strep_C2644,0.11634201451864289
Strep_C26450,0.23305302815717163
Strep_C26451,0.23305302815717163
Strep_C26452,0.1160600458814914
Strep_C26453,0.1160600458814914
Strep_C26454,0.23370178103816636
Strep_C26455,0.11634201451864289
Strep_C26456,0.670453025682897
Strep_C26457,0.11634201451864289
Strep_C26458,0.11634201451864289
Strep_C26459,0.11634201451864289
Strep_C2645,0.11634201451864289
Strep_C26460,0.11634201451864289
Strep_C26461,0.11634201451864289
Strep_C26462,0.11634201451864289
Strep_C26463,0.11634201451864289
Strep_C26464,0.11634201451864289
Strep_C26465,0.11634201451864289
Strep_C26466,0.11634201451864289
Strep_C26467,0.11634201451864289
Strep_C26468,0.11634201451864289
Strep_C26469,0.11634201451864289
Strep_C2646,0.11634201451864289
Strep_C26470,0.1163415109155265
Strep_C26471,0.1163415109155265
Strep_C26472,0.1163415109155265
Strep_C26473,0.1163415109155265
Strep_C26474,0.1163415109155265
Strep_C26475,0.1163415109155265
Strep_C26476,0.1163415109155265
Strep_C26477,0.99999999
Strep_C26478,0.99999999
Strep_C26479,0.99999999
Strep_C2647,0.11634201451864289
Strep_C26480,0.11634201451864289
Strep_C26481,0.8524313909199117
Strep_C26482,0.11634201451864289
Strep_C26483,0.99999999
Strep_C26484,0.23370228693111114
Strep_C26485,0.11634201451864289
Strep_C26486,0.5967214293920762
Strep_C26487,0.11634201451864289
Strep_C26488,0.11634201451864289
Strep_C26489,0.11634201451864289
Strep_C2648,0.35245843672205746
Strep_C26490,0.11634201451864289
Strep_C26491,0.11634201451864289
Strep_C26492,0.11634201451864289
Strep_C26493,0.11634201451864289
Strep_C26494,0.11136757272179186
Strep_C26495,0.11136757272179186
Strep_C26496,0.23305302815717163
Strep_C26497,0.23305302815717163
Strep_C26498,0.23305302815717163
Strep_C26499,0.23305302815717163
Strep_C2649,0.11634201451864289
Strep_C264,0.7198634438443039
Strep_C26500,0.2337017810381666
Strep_C26501,0.11634201451864289
Strep_C26502,0.11634201451864289
Strep_C26503,0.11634201451864289
Strep_C26504,0.11634201451864289
Strep_C26505,0.11634201451864289
Strep_C26506,0.11634201451864289
Strep_C26507,0.11634201451864289
Strep_C26508,0.11634201451864289
Strep_C26509,0.11634201451864289
Strep_C2650,0.35245843672205746
Strep_C26510,0.47311830745470035
Strep_C26511,0.11634201451864289
Strep_C26512,0.11634201451864289
Strep_C26513,0.11634201451864289
Strep_C26514,0.11634201451864289
Strep_C26515,0.1163415109155265
Strep_C26516,0.1163415109155265
Strep_C26517,0.1163415109155265
Strep_C26518,0.1163415109155265
Strep_C26519,0.1163415109155265
Strep_C2651,0.1163415109155265
Strep_C26520,0.99999999
Strep_C26521,0.99999999
Strep_C26522,0.99999999
Strep_C26523,0.99999999
Strep_C26524,0.11634201451864289
Strep_C26525,0.11634201451864289
Strep_C26526,0.23370178103816636
Strep_C26527,0.11634201451864289
Strep_C26528,0.11634201451864289
Strep_C26529,0.11634201451864289
Strep_C2652,0.7256406595528874
Strep_C26530,0.11634201451864289
Strep_C26531,0.11634201451864289
Strep_C26532,0.11634201451864289
Strep_C26533,0.11634201451864289
Strep_C26534,0.11634201451864289
Strep_C26535,0.35245843672205746
Strep_C26536,0.23370178103816636
Strep_C26537,0.5967214293920762
Strep_C26538,0.11634201451864289
Strep_C26539,0.11634201451864289
Strep_C2653,0.7198634438443039
Strep_C26540,0.11634201451864289
Strep_C26541,0.11634201451864289
Strep_C26542,0.11634201451864289
Strep_C26543,0.351325490499599
Strep_C26544,0.11136757272179186
Strep_C26545,0.11136757272179186
Strep_C26546,0.6665403377533278
Strep_C26547,0.11136757272179186
Strep_C26548,0.11136757272179186
Strep_C26549,0.11136757272179186
Strep_C2654,0.11634201451864289
Strep_C26550,0.1160600458814914
Strep_C26551,0.99999999
Strep_C26552,0.23305302815717163
Strep_C26553,0.23305302815717163
Strep_C26554,0.23305302815717163
Strep_C26555,0.23305302815717163
Strep_C26556,0.35245843672205746
Strep_C26557,0.11634201451864289
Strep_C26558,0.11634201451864289
Strep_C26559,0.11634201451864289
Strep_C2655,0.11136757272179186
Strep_C26560,0.23370178103816636
Strep_C26561,0.11634201451864289
Strep_C26562,0.11634201451864289
Strep_C26563,0.11634201451864289
Strep_C26564,0.11634201451864289
Strep_C26565,0.11634201451864289
Strep_C26566,0.11634201451864289
Strep_C26567,0.11634201451864289
Strep_C26568,0.11634201451864289
Strep_C26569,0.11634201451864289
Strep_C2656,0.23305302815717163
Strep_C26570,0.1163415109155265
Strep_C26571,0.1163415109155265
Strep_C26572,0.1163415109155265
Strep_C26573,0.1163415109155265
Strep_C26574,0.1163415109155265
Strep_C26575,0.1163415109155265
Strep_C26576,0.1163415109155265
Strep_C26577,0.8889223478224411
Strep_C26578,0.1163415109155265
Strep_C26579,0.1163415109155265
Strep_C2657,0.23305302815717163
Strep_C26580,0.1163415109155265
Strep_C26581,0.1163415109155265
Strep_C26582,0.1163415109155265
Strep_C26583,0.1163415109155265
Strep_C26584,0.1163415109155265
Strep_C26585,0.1163415109155265
Strep_C26586,0.1163415109155265
Strep_C26587,0.1163415109155265
Strep_C26588,0.8524331858472348
Strep_C26589,0.8524313909199117
Strep_C2658,0.23305302815717163
Strep_C26590,0.35245843672205746
Strep_C26591,0.47311830745470035
Strep_C26592,0.11634201451864289
Strep_C26593,0.35245843672205746
Strep_C26594,0.11634201451864289
Strep_C26595,0.11634201451864289
Strep_C26596,0.11634201451864289
Strep_C26597,0.35245843672205746
Strep_C26598,0.11634201451864289
Strep_C26599,0.11634201451864289
Strep_C2659,0.11634201451864289
Strep_C265,0.11634201451864289
Strep_C26600,0.11634201451864289
Strep_C26601,0.11634201451864289
Strep_C26602,0.8524313909199117
Strep_C26603,0.35245843672205746
Strep_C26604,0.99999999
Strep_C26605,0.47311651524910325
Strep_C26606,0.11634201451864289
Strep_C26607,0.11634201451864289
Strep_C26608,0.11634201451864289
Strep_C26609,0.7198634438443039
Strep_C2660,0.99999999
Strep_C26610,0.11634201451864289
Strep_C26611,0.11634201451864289
Strep_C26612,0.11634201451864289
Strep_C26613,0.11136757272179186
Strep_C26614,0.11136757272179186
Strep_C26615,0.11136757272179186
Strep_C26616,0.11136757272179186
Strep_C26617,0.11136757272179186
Strep_C26618,0.23305302815717163
Strep_C26619,0.23305302815717163
Strep_C2661,0.11634201451864289
Strep_C26620,0.1160600458814914
Strep_C26621,0.2337017810381666
Strep_C26622,0.23370228693111114
Strep_C26623,0.11634201451864289
Strep_C26624,0.11634201451864289
Strep_C26625,0.11634201451864289
Strep_C26626,0.11634201451864289
Strep_C26627,0.11634201451864289
Strep_C26628,0.11634201451864289
Strep_C26629,0.11634201451864289
Strep_C2662,0.7256406595528874
Strep_C26630,0.11634201451864289
Strep_C26631,0.11634201451864289
Strep_C26632,0.11634201451864289
Strep_C26633,0.11634201451864289
Strep_C26634,0.11634201451864289
Strep_C26635,0.11634201451864289
Strep_C26636,0.11634201451864289
Strep_C26637,0.11634201451864289
Strep_C26638,0.11634201451864289
Strep_C26639,0.11634201451864289
Strep_C2663,0.1163415109155265
Strep_C26640,0.11634201451864289
Strep_C26641,0.1163415109155265
Strep_C26642,0.1163415109155265
Strep_C26643,0.23370228693111114
Strep_C26644,0.1163415109155265
Strep_C26645,0.5967214293920762
Strep_C26646,0.1163415109155265
Strep_C26647,0.1163415109155265
Strep_C26648,0.47311830745470035
Strep_C26649,0.99999999
Strep_C2664,0.1163415109155265
Strep_C26650,0.11634201451864289
Strep_C26651,0.11634201451864289
Strep_C26652,0.2337017810381666
Strep_C26653,0.11634201451864289
Strep_C26654,0.11634201451864289
Strep_C26655,0.99999999
Strep_C26656,0.11634201451864289
Strep_C26657,0.11634201451864289
Strep_C26658,0.11634201451864289
Strep_C26659,0.11634201451864289
Strep_C2665,0.1163415109155265
Strep_C26660,0.3524582818100281
Strep_C26661,0.11634201451864289
Strep_C26662,0.11634201451864289
Strep_C26663,0.11634201451864289
Strep_C26664,0.11634201451864289
Strep_C26665,0.11634201451864289
Strep_C26666,0.11634201451864289
Strep_C26667,0.11634201451864289
Strep_C26668,0.11634201451864289
Strep_C26669,0.11634201451864289
Strep_C2666,0.1163415109155265
Strep_C26670,0.11136757272179186
Strep_C26671,0.11136757272179186
Strep_C26672,0.11136757272179186
Strep_C26673,0.11136757272179186
Strep_C26674,0.334259100712907
Strep_C26675,0.11136757272179186
Strep_C26676,0.23305302815717163
Strep_C26677,0.23305302815717163
Strep_C26678,0.23305302815717163
Strep_C26679,0.351325490499599
Strep_C2667,0.11136757272179186
Strep_C26680,0.23305302815717163
Strep_C26681,0.23305302815717163
Strep_C26682,0.1160600458814914
Strep_C26683,0.2337017810381666
Strep_C26684,0.670453025682897
Strep_C26685,0.11634201451864289
Strep_C26686,0.2337017810381666
Strep_C26687,0.2337017810381666
Strep_C26688,0.11634201451864289
Strep_C26689,0.11634201451864289
Strep_C2668,0.471274539360154
Strep_C26690,0.11634201451864289
Strep_C26691,0.11634201451864289
Strep_C26692,0.11634201451864289
Strep_C26693,0.11634201451864289
Strep_C26694,0.11634201451864289
Strep_C26695,0.11634201451864289
Strep_C26696,0.11634201451864289
Strep_C26697,0.11634201451864289
Strep_C26698,0.11634201451864289
Strep_C26699,0.11634201451864289
Strep_C2669,0.47311830745470035
Strep_C266,0.11634201451864289
Strep_C26700,0.11634201451864289
Strep_C26701,0.11634201451864289
Strep_C26702,0.11634201451864289
Strep_C26703,0.11634201451864289
Strep_C26704,0.11634201451864289
Strep_C26705,0.1163415109155265
Strep_C26706,0.1163415109155265
Strep_C26707,0.1163415109155265
Strep_C26708,0.1163415109155265
Strep_C26709,0.1163415109155265
Strep_C2670,0.11634201451864289
Strep_C26710,0.1163415109155265
Strep_C26711,0.1163415109155265
Strep_C26712,0.1163415109155265
Strep_C26713,0.1163415109155265
Strep_C26714,0.1163415109155265
Strep_C26715,0.1163415109155265
Strep_C26716,0.1163415109155265
Strep_C26717,0.1163415109155265
Strep_C26718,0.1163415109155265
Strep_C26719,0.1163415109155265
Strep_C2671,0.9053588679153928
Strep_C26720,0.99999999
Strep_C26721,0.99999999
Strep_C26722,0.99999999
Strep_C26723,0.11634201451864289
Strep_C26724,0.99999999
Strep_C26725,0.11634201451864289
Strep_C26726,0.22283322077504625
Strep_C26727,0.11634201451864289
Strep_C26728,0.35245843672205746
Strep_C26729,0.8889131171654778
Strep_C2672,0.47311651524910325
Strep_C26730,0.2337017810381666
Strep_C26731,0.11634201451864289
Strep_C26732,0.11634201451864289
Strep_C26733,0.11634201451864289
Strep_C26734,0.7778659244097796
Strep_C26735,0.11634201451864289
Strep_C26736,0.11634201451864289
Strep_C26737,0.11634201451864289
Strep_C26738,0.11634201451864289
Strep_C26739,0.11136757272179186
Strep_C2673,0.1163415109155265
Strep_C26740,0.11136757272179186
Strep_C26741,0.8889131171654778
Strep_C26742,0.11136757272179186
Strep_C26743,0.11136757272179186
Strep_C26744,0.11136757272179186
Strep_C26745,0.35132537846575046
Strep_C26746,0.23305302815717163
Strep_C26747,0.1160600458814914
Strep_C26748,0.1160600458814914
Strep_C26749,0.23305302815717163
Strep_C2674,0.1163415109155265
Strep_C26750,0.8524331858472348
Strep_C26751,0.8524313909199117
Strep_C26752,0.1160600458814914
Strep_C26753,0.23305302815717163
Strep_C26754,0.11634201451864289
Strep_C26755,0.2337017810381666
Strep_C26756,0.2337017810381666
Strep_C26757,0.11634201451864289
Strep_C26758,0.11634201451864289
Strep_C26759,0.2337017810381666
Strep_C2675,0.5967242474384321
Strep_C26760,0.11634201451864289
Strep_C26761,0.11634201451864289
Strep_C26762,0.11634201451864289
Strep_C26763,0.22283322077504625
Strep_C26764,0.11634201451864289
Strep_C26765,0.11634201451864289
Strep_C26766,0.11634201451864289
Strep_C26767,0.23370178103816636
Strep_C26768,0.11634201451864289
Strep_C26769,0.11634201451864289
Strep_C2676,0.99999999
Strep_C26770,0.11634201451864289
Strep_C26771,0.11634201451864289
Strep_C26772,0.35245843672205746
Strep_C26773,0.11634201451864289
Strep_C26774,0.11634201451864289
Strep_C26775,0.11634201451864289
Strep_C26776,0.11634201451864289
Strep_C26777,0.1163415109155265
Strep_C26778,0.1163415109155265
Strep_C26779,0.23370228693111114
Strep_C2677,0.22283354305359118
Strep_C26780,0.1163415109155265
Strep_C26781,0.1163415109155265
Strep_C26782,0.1163415109155265
Strep_C26783,0.1163415109155265
Strep_C26784,0.1163415109155265
Strep_C26785,0.1163415109155265
Strep_C26786,0.8889131171654778
Strep_C26787,0.8524331858472348
Strep_C26788,0.23370178103816636
Strep_C26789,0.11634201451864289
Strep_C2678,0.5555546390366239
Strep_C26790,0.11634201451864289
Strep_C26791,0.11634201451864289
Strep_C26792,0.11634201451864289
Strep_C26793,0.11634201451864289
Strep_C26794,0.99999999
Strep_C26795,0.11634201451864289
Strep_C26796,0.11634201451864289
Strep_C26797,0.11634201451864289
Strep_C26798,0.11634201451864289
Strep_C26799,0.47311830745470035
Strep_C2679,0.11136757272179186
Strep_C267,0.11634201451864289
Strep_C26800,0.2337017810381666
Strep_C26801,0.11634201451864289
Strep_C26802,0.11634201451864289
Strep_C26803,0.11634201451864289
Strep_C26804,0.11634201451864289
Strep_C26805,0.11634201451864289
Strep_C26806,0.11634201451864289
Strep_C26807,0.11136757272179186
Strep_C26808,0.11136757272179186
Strep_C26809,0.11136757272179186
Strep_C2680,0.23305302815717163
Strep_C26810,0.11136757272179186
Strep_C26811,0.11136757272179186
Strep_C26812,0.11136757272179186
Strep_C26813,0.1160600458814914
Strep_C26814,0.99999999
Strep_C26815,0.1160600458814914
Strep_C26816,0.1160600458814914
Strep_C26817,0.1160600458814914
Strep_C26818,0.23305302815717163
Strep_C26819,0.1160600458814914
Strep_C2681,0.23305302815717163
Strep_C26820,0.5967242474384321
Strep_C26821,0.35245843672205746
Strep_C26822,0.2337017810381666
Strep_C26823,0.47311830745470035
Strep_C26824,0.11634201451864289
Strep_C26825,0.11634201451864289
Strep_C26826,0.11634201451864289
Strep_C26827,0.11634201451864289
Strep_C26828,0.23370178103816636
Strep_C26829,0.11634201451864289
Strep_C2682,0.5967242474384321
Strep_C26830,0.23305302815717163
Strep_C26831,0.11634201451864289
Strep_C26832,0.11634201451864289
Strep_C26833,0.11634201451864289
Strep_C26834,0.8524313909199117
Strep_C26835,0.11634201451864289
Strep_C26836,0.11634201451864289
Strep_C26837,0.11634201451864289
Strep_C26838,0.1163415109155265
Strep_C26839,0.1163415109155265
Strep_C2683,0.11634201451864289
Strep_C26840,0.1163415109155265
Strep_C26841,0.7256406595528874
Strep_C26842,0.1163415109155265
Strep_C26843,0.471274539360154
Strep_C26844,0.1163415109155265
Strep_C26845,0.1163415109155265
Strep_C26846,0.1163415109155265
Strep_C26847,0.1163415109155265
Strep_C26848,0.1163415109155265
Strep_C26849,0.1163415109155265
Strep_C2684,0.2337017810381666
Strep_C26850,0.1163415109155265
Strep_C26851,0.11634201451864289
Strep_C26852,0.11634201451864289
Strep_C26853,0.11634201451864289
Strep_C26854,0.11634201451864289
Strep_C26855,0.11634201451864289
Strep_C26856,0.11634201451864289
Strep_C26857,0.47311830745470035
Strep_C26858,0.35245843672205746
Strep_C26859,0.11634201451864289
Strep_C2685,0.23305302815717163
Strep_C26860,0.11634201451864289
Strep_C26861,0.11634201451864289
Strep_C26862,0.99999999
Strep_C26863,0.11634201451864289
Strep_C26864,0.11634201451864289
Strep_C26865,0.11634201451864289
Strep_C26866,0.11634201451864289
Strep_C26867,0.11634201451864289
Strep_C26868,0.11634201451864289
Strep_C26869,0.11136757272179186
Strep_C2686,0.47311830745470035
Strep_C26870,0.22283322077504625
Strep_C26871,0.11136757272179186
Strep_C26872,0.11136757272179186
Strep_C26873,0.11136757272179186
Strep_C26874,0.11136757272179186
Strep_C26875,0.11136757272179186
Strep_C26876,0.11136757272179186
Strep_C26877,0.8524313909199117
Strep_C26878,0.23305302815717163
Strep_C26879,0.1160600458814914
Strep_C2687,0.1163415109155265
Strep_C26880,0.23305302815717163
Strep_C26881,0.23305302815717163
Strep_C26882,0.1160600458814914
Strep_C26883,0.11634201451864289
Strep_C26884,0.2337017810381666
Strep_C26885,0.11634201451864289
Strep_C26886,0.2337017810381666
Strep_C26887,0.11634201451864289
Strep_C26888,0.11634201451864289
Strep_C26889,0.11634201451864289
Strep_C2688,0.7256406595528874
Strep_C26890,0.11634201451864289
Strep_C26891,0.11634201451864289
Strep_C26892,0.11634201451864289
Strep_C26893,0.11634201451864289
Strep_C26894,0.11634201451864289
Strep_C26895,0.11634201451864289
Strep_C26896,0.11634201451864289
Strep_C26897,0.2337017810381666
Strep_C26898,0.11634201451864289
Strep_C26899,0.11634201451864289
Strep_C2689,0.1163415109155265
Strep_C268,0.11634201451864289
Strep_C26900,0.11634201451864289
Strep_C26901,0.11634201451864289
Strep_C26902,0.11634201451864289
Strep_C26903,0.11634201451864289
Strep_C26904,0.7256406595528874
Strep_C26905,0.11634201451864289
Strep_C26906,0.1163415109155265
Strep_C26907,0.1163415109155265
Strep_C26908,0.1163415109155265
Strep_C26909,0.1163415109155265
Strep_C2690,0.11634201451864289
Strep_C26910,0.1163415109155265
Strep_C26911,0.1163415109155265
Strep_C26912,0.1163415109155265
Strep_C26913,0.1163415109155265
Strep_C26914,0.1163415109155265
Strep_C26915,0.1163415109155265
Strep_C26916,0.99999999
Strep_C26917,0.7256406595528874
Strep_C26918,0.11634201451864289
Strep_C26919,0.11634201451864289
Strep_C2691,0.11634201451864289
Strep_C26920,0.5936452796634148
Strep_C26921,0.11634201451864289
Strep_C26922,0.11634201451864289
Strep_C26923,0.11634201451864289
Strep_C26924,0.11634201451864289
Strep_C26925,0.11634201451864289
Strep_C26926,0.11634201451864289
Strep_C26927,0.11634201451864289
Strep_C26928,0.11634201451864289
Strep_C26929,0.11634201451864289
Strep_C2692,0.99999999
Strep_C26930,0.11634201451864289
Strep_C26931,0.11634201451864289
Strep_C26932,0.11634201451864289
Strep_C26933,0.11634201451864289
Strep_C26934,0.11634201451864289
Strep_C26935,0.11634201451864289
Strep_C26936,0.11634201451864289
Strep_C26937,0.11634201451864289
Strep_C26938,0.11634201451864289
Strep_C26939,0.11634201451864289
Strep_C2693,0.11634201451864289
Strep_C26940,0.11634201451864289
Strep_C26941,0.11634201451864289
Strep_C26942,0.11634201451864289
Strep_C26943,0.11136757272179186
Strep_C26944,0.23305302815717163
Strep_C26945,0.1160600458814914
Strep_C26946,0.23305302815717163
Strep_C26947,0.23305302815717163
Strep_C26948,0.1160600458814914
Strep_C26949,0.11634201451864289
Strep_C2694,0.99999999
Strep_C26950,0.2337017810381666
Strep_C26951,0.11634201451864289
Strep_C26952,0.11634201451864289
Strep_C26953,0.11634201451864289
Strep_C26954,0.11634201451864289
Strep_C26955,0.11634201451864289
Strep_C26956,0.11634201451864289
Strep_C26957,0.23370178103816636
Strep_C26958,0.11634201451864289
Strep_C26959,0.11634201451864289
Strep_C2695,0.23370178103816636
Strep_C26960,0.35245843672205746
Strep_C26961,0.11634201451864289
Strep_C26962,0.11634201451864289
Strep_C26963,0.47311830745470035
Strep_C26964,0.11634201451864289
Strep_C26965,0.11634201451864289
Strep_C26966,0.11634201451864289
Strep_C26967,0.11634201451864289
Strep_C26968,0.11634201451864289
Strep_C26969,0.11634201451864289
Strep_C2696,0.8524313909199117
Strep_C26970,0.2337017810381666
Strep_C26971,0.11634201451864289
Strep_C26972,0.1163415109155265
Strep_C26973,0.471274539360154
Strep_C26974,0.1163415109155265
Strep_C26975,0.1163415109155265
Strep_C26976,0.1163415109155265
Strep_C26977,0.1163415109155265
Strep_C26978,0.1163415109155265
Strep_C26979,0.1163415109155265
Strep_C2697,0.11634201451864289
Strep_C26980,0.1163415109155265
Strep_C26981,0.1163415109155265
Strep_C26982,0.99999999
Strep_C26983,0.99999999
Strep_C26984,0.99999999
Strep_C26985,0.47311830745470035
Strep_C26986,0.35245843672205746
Strep_C26987,0.47311830745470035
Strep_C26988,0.2337017810381666
Strep_C26989,0.5936452796634148
Strep_C2698,0.11634201451864289
Strep_C26990,0.11634201451864289
Strep_C26991,0.11634201451864289
Strep_C26992,0.11634201451864289
Strep_C26993,0.2337017810381666
Strep_C26994,0.11634201451864289
Strep_C26995,0.23370178103816636
Strep_C26996,0.11634201451864289
Strep_C26997,0.11634201451864289
Strep_C26998,0.11634201451864289
Strep_C26999,0.11634201451864289
Strep_C2699,0.5967242474384321
Strep_C269,0.5967242474384321
Strep_C26,0.1163415109155265
Strep_C27000,0.47311651524910325
Strep_C27001,0.11634201451864289
Strep_C27002,0.11634201451864289
Strep_C27003,0.99999999
Strep_C27004,0.11634201451864289
Strep_C27005,0.11634201451864289
Strep_C27006,0.23370228693111114
Strep_C27007,0.11634201451864289
Strep_C27008,0.11634201451864289
Strep_C27009,0.11634201451864289
Strep_C2700,0.1163415109155265
Strep_C27010,0.11634201451864289
Strep_C27011,0.11634201451864289
Strep_C27012,0.11634201451864289
Strep_C27013,0.11634201451864289
Strep_C27014,0.2337017810381666
Strep_C27015,0.11634201451864289
Strep_C27016,0.11634201451864289
Strep_C27017,0.351325490499599
Strep_C27018,0.11634201451864289
Strep_C27019,0.11136757272179186
Strep_C2701,0.99999999
Strep_C27020,0.11136757272179186
Strep_C27021,0.11136757272179186
Strep_C27022,0.7847940789287989
Strep_C27023,0.11136757272179186
Strep_C27024,0.35132537846575046
Strep_C27025,0.8524331858472348
Strep_C27026,0.23305302815717163
Strep_C27027,0.8524331858472348
Strep_C27028,0.23305302815717163
Strep_C27029,0.47311830745470035
Strep_C2702,0.11634201451864289
Strep_C27030,0.11634201451864289
Strep_C27031,0.47311830745470035
Strep_C27032,0.11634201451864289
Strep_C27033,0.11634201451864289
Strep_C27034,0.11634201451864289
Strep_C27035,0.11634201451864289
Strep_C27036,0.2337017810381666
Strep_C27037,0.11634201451864289
Strep_C27038,0.11634201451864289
Strep_C27039,0.11634201451864289
Strep_C2703,0.47311830745470035
Strep_C27040,0.11634201451864289
Strep_C27041,0.1163415109155265
Strep_C27042,0.1163415109155265
Strep_C27043,0.1163415109155265
Strep_C27044,0.1163415109155265
Strep_C27045,0.1163415109155265
Strep_C27046,0.1163415109155265
Strep_C27047,0.1163415109155265
Strep_C27048,0.1163415109155265
Strep_C27049,0.99999999
Strep_C2704,0.23370228693111114
Strep_C27050,0.47311830745470035
Strep_C27051,0.11634201451864289
Strep_C27052,0.11634201451864289
Strep_C27053,0.11634201451864289
Strep_C27054,0.11634201451864289
Strep_C27055,0.11634201451864289
Strep_C27056,0.5967242474384321
Strep_C27057,0.35245843672205746
Strep_C27058,0.11634201451864289
Strep_C27059,0.11634201451864289
Strep_C2705,0.11136757272179186
Strep_C27060,0.47311651524910325
Strep_C27061,0.11634201451864289
Strep_C27062,0.11634201451864289
Strep_C27063,0.11634201451864289
Strep_C27064,0.11634201451864289
Strep_C27065,0.11634201451864289
Strep_C27066,0.11634201451864289
Strep_C27067,0.11136757272179186
Strep_C27068,0.11136757272179186
Strep_C27069,0.333266628208235
Strep_C2706,0.1160600458814914
Strep_C27070,0.99999999
Strep_C27071,0.11136757272179186
Strep_C27072,0.1160600458814914
Strep_C27073,0.23305302815717163
Strep_C27074,0.23305302815717163
Strep_C27075,0.99999999
Strep_C27076,0.23305302815717163
Strep_C27077,0.23305302815717163
Strep_C27078,0.11634201451864289
Strep_C27079,0.2337017810381666
Strep_C2707,0.11634201451864289
Strep_C27080,0.11634201451864289
Strep_C27081,0.11634201451864289
Strep_C27082,0.11634201451864289
Strep_C27083,0.11634201451864289
Strep_C27084,0.11634201451864289
Strep_C27085,0.11634201451864289
Strep_C27086,0.11634201451864289
Strep_C27087,0.11634201451864289
Strep_C27088,0.11634201451864289
Strep_C27089,0.11634201451864289
Strep_C2708,0.3524582818100281
Strep_C27090,0.11634201451864289
Strep_C27091,0.11634201451864289
Strep_C27092,0.11634201451864289
Strep_C27093,0.11634201451864289
Strep_C27094,0.11634201451864289
Strep_C27095,0.11634201451864289
Strep_C27096,0.11634201451864289
Strep_C27097,0.11634201451864289
Strep_C27098,0.3524582818100281
Strep_C27099,0.11634201451864289
Strep_C2709,0.11634201451864289
Strep_C270,0.11634201451864289
Strep_C27100,0.11634201451864289
Strep_C27101,0.11634201451864289
Strep_C27102,0.11634201451864289
Strep_C27103,0.471274539360154
Strep_C27104,0.1163415109155265
Strep_C27105,0.1163415109155265
Strep_C27106,0.1163415109155265
Strep_C27107,0.1163415109155265
Strep_C27108,0.1163415109155265
Strep_C27109,0.1163415109155265
Strep_C2710,0.11634201451864289
Strep_C27110,0.1163415109155265
Strep_C27111,0.1163415109155265
Strep_C27112,0.35132537846575046
Strep_C27113,0.1163415109155265
Strep_C27114,0.1163415109155265
Strep_C27115,0.1163415109155265
Strep_C27116,0.99999999
Strep_C27117,0.47311830745470035
Strep_C27118,0.99999999
Strep_C27119,0.47311830745470035
Strep_C2711,0.1163415109155265
Strep_C27120,0.11634201451864289
Strep_C27121,0.2337017810381666
Strep_C27122,0.11634201451864289
Strep_C27123,0.47311830745470035
Strep_C27124,0.11634201451864289
Strep_C27125,0.8524313909199117
Strep_C27126,0.5967214293920762
Strep_C27127,0.99999999
Strep_C27128,0.11634201451864289
Strep_C27129,0.11634201451864289
Strep_C2712,0.1163415109155265
Strep_C27130,0.11634201451864289
Strep_C27131,0.11634201451864289
Strep_C27132,0.11634201451864289
Strep_C27133,0.11136757272179186
Strep_C27134,0.11136757272179186
Strep_C27135,0.11136757272179186
Strep_C27136,0.1160600458814914
Strep_C27137,0.23305302815717163
Strep_C27138,0.23305302815717163
Strep_C27139,0.23305302815717163
Strep_C2713,0.47311651524910325
Strep_C27140,0.23305302815717163
Strep_C27141,0.23305302815717163
Strep_C27142,0.1160600458814914
Strep_C27143,0.5967242474384321
Strep_C27144,0.2337017810381666
Strep_C27145,0.11634201451864289
Strep_C27146,0.11634201451864289
Strep_C27147,0.23370178103816636
Strep_C27148,0.11634201451864289
Strep_C27149,0.11634201451864289
Strep_C2714,0.3342595322757504
Strep_C27150,0.11634201451864289
Strep_C27151,0.11634201451864289
Strep_C27152,0.11634201451864289
Strep_C27153,0.11634201451864289
Strep_C27154,0.11634201451864289
Strep_C27155,0.11634201451864289
Strep_C27156,0.11634201451864289
Strep_C27157,0.11634201451864289
Strep_C27158,0.11634201451864289
Strep_C27159,0.11634201451864289
Strep_C2715,0.11634201451864289
Strep_C27160,0.99999999
Strep_C27161,0.11634201451864289
Strep_C27162,0.11634201451864289
Strep_C27163,0.23370178103816636
Strep_C27164,0.11634201451864289
Strep_C27165,0.11634201451864289
Strep_C27166,0.11634201451864289
Strep_C27167,0.11634201451864289
Strep_C27168,0.1163415109155265
Strep_C27169,0.1163415109155265
Strep_C2716,0.23370178103816636
Strep_C27170,0.1163415109155265
Strep_C27171,0.1163415109155265
Strep_C27172,0.1163415109155265
Strep_C27173,0.1163415109155265
Strep_C27174,0.3524582818100281
Strep_C27175,0.99999999
Strep_C27176,0.1163415109155265
Strep_C27177,0.1163415109155265
Strep_C27178,0.1163415109155265
Strep_C27179,0.1163415109155265
Strep_C2717,0.11634201451864289
Strep_C27180,0.1163415109155265
Strep_C27181,0.99999999
Strep_C27182,0.99999999
Strep_C27183,0.7256406595528874
Strep_C27184,0.11634201451864289
Strep_C27185,0.11634201451864289
Strep_C27186,0.11634201451864289
Strep_C27187,0.11634201451864289
Strep_C27188,0.11634201451864289
Strep_C27189,0.11634201451864289
Strep_C2718,0.11634201451864289
Strep_C27190,0.11634201451864289
Strep_C27191,0.11634201451864289
Strep_C27192,0.23370178103816636
Strep_C27193,0.11634201451864289
Strep_C27194,0.11634201451864289
Strep_C27195,0.11634201451864289
Strep_C27196,0.11634201451864289
Strep_C27197,0.2337017810381666
Strep_C27198,0.35245843672205746
Strep_C27199,0.11634201451864289
Strep_C2719,0.11634201451864289
Strep_C271,0.11634201451864289
Strep_C27200,0.11634201451864289
Strep_C27201,0.99999999
Strep_C27202,0.11634201451864289
Strep_C27203,0.11136757272179186
Strep_C27204,0.11136757272179186
Strep_C27205,0.23305302815717163
Strep_C27206,0.23305302815717163
Strep_C27207,0.351325490499599
Strep_C27208,0.23305302815717163
Strep_C27209,0.23305302815717163
Strep_C2720,0.11634201451864289
Strep_C27210,0.1160600458814914
Strep_C27211,0.1160600458814914
Strep_C27212,0.1160600458814914
Strep_C27213,0.35245843672205746
Strep_C27214,0.35245843672205746
Strep_C27215,0.35245843672205746
Strep_C27216,0.2337017810381666
Strep_C27217,0.2337017810381666
Strep_C27218,0.2337017810381666
Strep_C27219,0.11634201451864289
Strep_C2721,0.99999999
Strep_C27220,0.11634201451864289
Strep_C27221,0.11634201451864289
Strep_C27222,0.11634201451864289
Strep_C27223,0.11634201451864289
Strep_C27224,0.11634201451864289
Strep_C27225,0.11634201451864289
Strep_C27226,0.11634201451864289
Strep_C27227,0.11634201451864289
Strep_C27228,0.11634201451864289
Strep_C27229,0.11634201451864289
Strep_C2722,0.11136757272179186
Strep_C27230,0.11634201451864289
Strep_C27231,0.11634201451864289
Strep_C27232,0.11634201451864289
Strep_C27233,0.1163415109155265
Strep_C27234,0.1163415109155265
Strep_C27235,0.1163415109155265
Strep_C27236,0.1163415109155265
Strep_C27237,0.1163415109155265
Strep_C27238,0.1163415109155265
Strep_C27239,0.11634201451864289
Strep_C2723,0.23305302815717163
Strep_C27240,0.47311830745470035
Strep_C27241,0.11634201451864289
Strep_C27242,0.11634201451864289
Strep_C27243,0.11634201451864289
Strep_C27244,0.11634201451864289
Strep_C27245,0.11634201451864289
Strep_C27246,0.11634201451864289
Strep_C27247,0.11634201451864289
Strep_C27248,0.11634201451864289
Strep_C27249,0.5967214293920762
Strep_C2724,0.2337017810381666
Strep_C27250,0.5555542629982061
Strep_C27251,0.11634201451864289
Strep_C27252,0.11136757272179186
Strep_C27253,0.11136757272179186
Strep_C27254,0.99999999
Strep_C27255,0.11136757272179186
Strep_C27256,0.23305302815717163
Strep_C27257,0.1160600458814914
Strep_C27258,0.99999999
Strep_C27259,0.23305302815717163
Strep_C2725,0.11634201451864289
Strep_C27260,0.351325490499599
Strep_C27261,0.23305302815717163
Strep_C27262,0.23305302815717163
Strep_C27263,0.23305302815717163
Strep_C27264,0.23305302815717163
Strep_C27265,0.1160600458814914
Strep_C27266,0.1160600458814914
Strep_C27267,0.11634201451864289
Strep_C27268,0.2337017810381666
Strep_C27269,0.35245843672205746
Strep_C2726,0.2337017810381666
Strep_C27270,0.2337017810381666
Strep_C27271,0.11634201451864289
Strep_C27272,0.11634201451864289
Strep_C27273,0.11634201451864289
Strep_C27274,0.11634201451864289
Strep_C27275,0.11634201451864289
Strep_C27276,0.11634201451864289
Strep_C27277,0.23370178103816636
Strep_C27278,0.11634201451864289
Strep_C27279,0.11634201451864289
Strep_C2727,0.11634201451864289
Strep_C27280,0.11634201451864289
Strep_C27281,0.1163415109155265
Strep_C27282,0.1163415109155265
Strep_C27283,0.1163415109155265
Strep_C27284,0.1163415109155265
Strep_C27285,0.1163415109155265
Strep_C27286,0.1163415109155265
Strep_C27287,0.557982185216091
Strep_C27288,0.99999999
Strep_C27289,0.99999999
Strep_C2728,0.2337017810381666
Strep_C27290,0.99999999
Strep_C27291,0.99999999
Strep_C27292,0.2337017810381666
Strep_C27293,0.99999999
Strep_C27294,0.11634201451864289
Strep_C27295,0.11634201451864289
Strep_C27296,0.11634201451864289
Strep_C27297,0.23370178103816636
Strep_C27298,0.11634201451864289
Strep_C27299,0.11634201451864289
Strep_C2729,0.11634201451864289
Strep_C272,0.1163415109155265
Strep_C27300,0.11634201451864289
Strep_C27301,0.11634201451864289
Strep_C27302,0.11634201451864289
Strep_C27303,0.11634201451864289
Strep_C27304,0.11634201451864289
Strep_C27305,0.11634201451864289
Strep_C27306,0.471274539360154
Strep_C27307,0.23370228693111114
Strep_C27308,0.11634201451864289
Strep_C27309,0.11634201451864289
Strep_C2730,0.351325490499599
Strep_C27310,0.11634201451864289
Strep_C27311,0.11634201451864289
Strep_C27312,0.11634201451864289
Strep_C27313,0.11634201451864289
Strep_C27314,0.11634201451864289
Strep_C27315,0.22283354305359118
Strep_C27316,0.11136757272179186
Strep_C27317,0.11136757272179186
Strep_C27318,0.99999999
Strep_C27319,0.1160600458814914
Strep_C2731,0.2337017810381666
Strep_C27320,0.11634201451864289
Strep_C27321,0.11634201451864289
Strep_C27322,0.35245843672205746
Strep_C27323,0.11634201451864289
Strep_C27324,0.11634201451864289
Strep_C27325,0.11634201451864289
Strep_C27326,0.11634201451864289
Strep_C27327,0.11634201451864289
Strep_C27328,0.23370228693111114
Strep_C27329,0.11634201451864289
Strep_C2732,0.11634201451864289
Strep_C27330,0.11634201451864289
Strep_C27331,0.11634201451864289
Strep_C27332,0.11634201451864289
Strep_C27333,0.2337017810381666
Strep_C27334,0.23370228693111114
Strep_C27335,0.11634201451864289
Strep_C27336,0.23370228693111114
Strep_C27337,0.1163415109155265
Strep_C27338,0.1163415109155265
Strep_C27339,0.1163415109155265
Strep_C2733,0.1163415109155265
Strep_C27340,0.1163415109155265
Strep_C27341,0.1163415109155265
Strep_C27342,0.1163415109155265
Strep_C27343,0.1163415109155265
Strep_C27344,0.11634201451864289
Strep_C27345,0.47311830745470035
Strep_C27346,0.44601006290209577
Strep_C27347,0.11634201451864289
Strep_C27348,0.23370178103816636
Strep_C27349,0.2337017810381666
Strep_C2734,0.2337017810381666
Strep_C27350,0.11634201451864289
Strep_C27351,0.23370178103816636
Strep_C27352,0.11634201451864289
Strep_C27353,0.351325490499599
Strep_C27354,0.11634201451864289
Strep_C27355,0.11634201451864289
Strep_C27356,0.11634201451864289
Strep_C27357,0.11634201451864289
Strep_C27358,0.11634201451864289
Strep_C27359,0.35245843672205746
Strep_C2735,0.23370178103816636
Strep_C27360,0.11634201451864289
Strep_C27361,0.11634201451864289
Strep_C27362,0.11634201451864289
Strep_C27363,0.11136757272179186
Strep_C27364,0.99999999
Strep_C27365,0.11136757272179186
Strep_C27366,0.11136757272179186
Strep_C27367,0.11136757272179186
Strep_C27368,0.11136757272179186
Strep_C27369,0.23305302815717163
Strep_C2736,0.47311830745470035
Strep_C27370,0.23305302815717163
Strep_C27371,0.23305302815717163
Strep_C27372,0.23305302815717163
Strep_C27373,0.1160600458814914
Strep_C27374,0.11634201451864289
Strep_C27375,0.5936452796634148
Strep_C27376,0.47311830745470035
Strep_C27377,0.670453025682897
Strep_C27378,0.23370178103816636
Strep_C27379,0.11634201451864289
Strep_C2737,0.7256406595528874
Strep_C27380,0.11634201451864289
Strep_C27381,0.11634201451864289
Strep_C27382,0.11634201451864289
Strep_C27383,0.11634201451864289
Strep_C27384,0.11634201451864289
Strep_C27385,0.11634201451864289
Strep_C27386,0.23370178103816636
Strep_C27387,0.11634201451864289
Strep_C27388,0.11634201451864289
Strep_C27389,0.11634201451864289
Strep_C2738,0.11136757272179186
Strep_C27390,0.23370178103816636
Strep_C27391,0.11634201451864289
Strep_C27392,0.11634201451864289
Strep_C27393,0.11634201451864289
Strep_C27394,0.11634201451864289
Strep_C27395,0.1163415109155265
Strep_C27396,0.1163415109155265
Strep_C27397,0.1163415109155265
Strep_C27398,0.1163415109155265
Strep_C27399,0.47311830745470035
Strep_C2739,0.1160600458814914
Strep_C273,0.23370228693111114
Strep_C27400,0.47311830745470035
Strep_C27401,0.11634201451864289
Strep_C27402,0.47311830745470035
Strep_C27403,0.11634201451864289
Strep_C27404,0.11634201451864289
Strep_C27405,0.11634201451864289
Strep_C27406,0.11634201451864289
Strep_C27407,0.35245843672205746
Strep_C27408,0.11634201451864289
Strep_C27409,0.11634201451864289
Strep_C2740,0.11634201451864289
Strep_C27410,0.11634201451864289
Strep_C27411,0.23370228693111114
Strep_C27412,0.11634201451864289
Strep_C27413,0.11634201451864289
Strep_C27414,0.99999999
Strep_C27415,0.11634201451864289
Strep_C27416,0.11634201451864289
Strep_C27417,0.11634201451864289
Strep_C27418,0.11136757272179186
Strep_C27419,0.11136757272179186
Strep_C2741,0.35245843672205746
Strep_C27420,0.11136757272179186
Strep_C27421,0.7778688864057204
Strep_C27422,0.11136757272179186
Strep_C27423,0.11136757272179186
Strep_C27424,0.11136757272179186
Strep_C27425,0.11136757272179186
Strep_C27426,0.5936452796634148
Strep_C27427,0.23305302815717163
Strep_C27428,0.23305302815717163
Strep_C27429,0.23305302815717163
Strep_C2742,0.35245843672205746
Strep_C27430,0.1160600458814914
Strep_C27431,0.47311651524910325
Strep_C27432,0.35245843672205746
Strep_C27433,0.11634201451864289
Strep_C27434,0.11634201451864289
Strep_C27435,0.11634201451864289
Strep_C27436,0.11634201451864289
Strep_C27437,0.23370178103816636
Strep_C27438,0.11634201451864289
Strep_C27439,0.11634201451864289
Strep_C2743,0.23305302815717163
Strep_C27440,0.11634201451864289
Strep_C27441,0.11634201451864289
Strep_C27442,0.11634201451864289
Strep_C27443,0.11634201451864289
Strep_C27444,0.11634201451864289
Strep_C27445,0.1163415109155265
Strep_C27446,0.1163415109155265
Strep_C27447,0.23370228693111114
Strep_C27448,0.1163415109155265
Strep_C27449,0.1163415109155265
Strep_C2744,0.23305302815717163
Strep_C27450,0.1163415109155265
Strep_C27451,0.1163415109155265
Strep_C27452,0.1163415109155265
Strep_C27453,0.1163415109155265
Strep_C27454,0.99999999
Strep_C27455,0.11634201451864289
Strep_C27456,0.11634201451864289
Strep_C27457,0.11634201451864289
Strep_C27458,0.47311830745470035
Strep_C27459,0.11634201451864289
Strep_C2745,0.23370178103816636
Strep_C27460,0.11634201451864289
Strep_C27461,0.11634201451864289
Strep_C27462,0.99999999
Strep_C27463,0.3524582818100281
Strep_C27464,0.23370178103816636
Strep_C27465,0.11634201451864289
Strep_C27466,0.11634201451864289
Strep_C27467,0.11634201451864289
Strep_C27468,0.11634201451864289
Strep_C27469,0.23370228693111114
Strep_C2746,0.23370228693111114
Strep_C27470,0.11634201451864289
Strep_C27471,0.11634201451864289
Strep_C27472,0.11634201451864289
Strep_C27473,0.11634201451864289
Strep_C27474,0.11136757272179186
Strep_C27475,0.333266628208235
Strep_C27476,0.11136757272179186
Strep_C27477,0.11136757272179186
Strep_C27478,0.11136757272179186
Strep_C27479,0.23305302815717163
Strep_C2747,0.1163415109155265
Strep_C27480,0.23305302815717163
Strep_C27481,0.23305302815717163
Strep_C27482,0.99999999
Strep_C27483,0.23305302815717163
Strep_C27484,0.23305302815717163
Strep_C27485,0.23305302815717163
Strep_C27486,0.23305302815717163
Strep_C27487,0.1160600458814914
Strep_C27488,0.1160600458814914
Strep_C27489,0.1160600458814914
Strep_C2748,0.1163415109155265
Strep_C27490,0.11634201451864289
Strep_C27491,0.11634201451864289
Strep_C27492,0.11634201451864289
Strep_C27493,0.11634201451864289
Strep_C27494,0.11634201451864289
Strep_C27495,0.11634201451864289
Strep_C27496,0.11634201451864289
Strep_C27497,0.11634201451864289
Strep_C27498,0.11634201451864289
Strep_C27499,0.11634201451864289
Strep_C2749,0.7778659244097796
Strep_C274,0.11634201451864289
Strep_C27500,0.23370178103816636
Strep_C27501,0.11634201451864289
Strep_C27502,0.11634201451864289
Strep_C27503,0.11634201451864289
Strep_C27504,0.11634201451864289
Strep_C27505,0.11634201451864289
Strep_C27506,0.11634201451864289
Strep_C27507,0.11634201451864289
Strep_C27508,0.11634201451864289
Strep_C27509,0.11634201451864289
Strep_C2750,0.5555546390366239
Strep_C27510,0.1163415109155265
Strep_C27511,0.1163415109155265
Strep_C27512,0.1163415109155265
Strep_C27513,0.1163415109155265
Strep_C27514,0.1163415109155265
Strep_C27515,0.1163415109155265
Strep_C27516,0.1163415109155265
Strep_C27517,0.1163415109155265
Strep_C27518,0.1163415109155265
Strep_C27519,0.5967214293920762
Strep_C2751,0.11136757272179186
Strep_C27520,0.1163415109155265
Strep_C27521,0.1163415109155265
Strep_C27522,0.1163415109155265
Strep_C27523,0.1163415109155265
Strep_C27524,0.1163415109155265
Strep_C27525,0.11634201451864289
Strep_C27526,0.11634201451864289
Strep_C27527,0.2337017810381666
Strep_C27528,0.5936452796634148
Strep_C27529,0.47311830745470035
Strep_C2752,0.23305302815717163
Strep_C27530,0.11634201451864289
Strep_C27531,0.11634201451864289
Strep_C27532,0.11634201451864289
Strep_C27533,0.35245843672205746
Strep_C27534,0.35245843672205746
Strep_C27535,0.11634201451864289
Strep_C27536,0.2337017810381666
Strep_C27537,0.11634201451864289
Strep_C27538,0.11634201451864289
Strep_C27539,0.99999999
Strep_C2753,0.23370178103816636
Strep_C27540,0.11634201451864289
Strep_C27541,0.471274539360154
Strep_C27542,0.11634201451864289
Strep_C27543,0.11634201451864289
Strep_C27544,0.11634201451864289
Strep_C27545,0.11634201451864289
Strep_C27546,0.11634201451864289
Strep_C27547,0.11634201451864289
Strep_C27548,0.11634201451864289
Strep_C27549,0.11136757272179186
Strep_C2754,0.11634201451864289
Strep_C27550,0.11136757272179186
Strep_C27551,0.11136757272179186
Strep_C27552,0.23305302815717163
Strep_C27553,0.23305302815717163
Strep_C27554,0.23305302815717163
Strep_C27555,0.23305302815717163
Strep_C27556,0.23305302815717163
Strep_C27557,0.11634201451864289
Strep_C27558,0.35245843672205746
Strep_C27559,0.11634201451864289
Strep_C2755,0.2337017810381666
Strep_C27560,0.11634201451864289
Strep_C27561,0.11634201451864289
Strep_C27562,0.23370178103816636
Strep_C27563,0.11634201451864289
Strep_C27564,0.11634201451864289
Strep_C27565,0.11634201451864289
Strep_C27566,0.11634201451864289
Strep_C27567,0.8524331858472348
Strep_C27568,0.11634201451864289
Strep_C27569,0.11634201451864289
Strep_C2756,0.1163415109155265
Strep_C27570,0.11634201451864289
Strep_C27571,0.11634201451864289
Strep_C27572,0.11634201451864289
Strep_C27573,0.7256406595528874
Strep_C27574,0.1163415109155265
Strep_C27575,0.1163415109155265
Strep_C27576,0.1163415109155265
Strep_C27577,0.1163415109155265
Strep_C27578,0.1163415109155265
Strep_C27579,0.1163415109155265
Strep_C2757,0.1163415109155265
Strep_C27580,0.1163415109155265
Strep_C27581,0.1163415109155265
Strep_C27582,0.7256406595528874
Strep_C27583,0.11634201451864289
Strep_C27584,0.99999999
Strep_C27585,0.99999999
Strep_C27586,0.11634201451864289
Strep_C27587,0.11634201451864289
Strep_C27588,0.11634201451864289
Strep_C27589,0.11634201451864289
Strep_C2758,0.3524582818100281
Strep_C27590,0.11634201451864289
Strep_C27591,0.11634201451864289
Strep_C27592,0.11634201451864289
Strep_C27593,0.99999999
Strep_C27594,0.11634201451864289
Strep_C27595,0.11634201451864289
Strep_C27596,0.11634201451864289
Strep_C27597,0.11634201451864289
Strep_C27598,0.11634201451864289
Strep_C27599,0.23370228693111114
Strep_C2759,0.23370228693111114
Strep_C275,0.11136757272179186
Strep_C27600,0.11634201451864289
Strep_C27601,0.11634201451864289
Strep_C27602,0.11634201451864289
Strep_C27603,0.11634201451864289
Strep_C27604,0.11634201451864289
Strep_C27605,0.11634201451864289
Strep_C27606,0.11634201451864289
Strep_C27607,0.11634201451864289
Strep_C27608,0.11136757272179186
Strep_C27609,0.44444989529753154
Strep_C2760,0.47311830745470035
Strep_C27610,0.11136757272179186
Strep_C27611,0.23305302815717163
Strep_C27612,0.23305302815717163
Strep_C27613,0.23305302815717163
Strep_C27614,0.23305302815717163
Strep_C27615,0.23305302815717163
Strep_C27616,0.23305302815717163
Strep_C27617,0.23305302815717163
Strep_C27618,0.1160600458814914
Strep_C27619,0.3332670835289933
Strep_C2761,0.5936452796634148
Strep_C27620,0.471274539360154
Strep_C27621,0.35245843672205746
Strep_C27622,0.35245843672205746
Strep_C27623,0.11634201451864289
Strep_C27624,0.11634201451864289
Strep_C27625,0.11634201451864289
Strep_C27626,0.11634201451864289
Strep_C27627,0.11634201451864289
Strep_C27628,0.11634201451864289
Strep_C27629,0.23370178103816636
Strep_C2762,0.8524331858472348
Strep_C27630,0.11634201451864289
Strep_C27631,0.11634201451864289
Strep_C27632,0.11634201451864289
Strep_C27633,0.11634201451864289
Strep_C27634,0.11634201451864289
Strep_C27635,0.11634201451864289
Strep_C27636,0.11634201451864289
Strep_C27637,0.11634201451864289
Strep_C27638,0.11634201451864289
Strep_C27639,0.5967214293920762
Strep_C2763,0.47311830745470035
Strep_C27640,0.1163415109155265
Strep_C27641,0.1163415109155265
Strep_C27642,0.1163415109155265
Strep_C27643,0.1163415109155265
Strep_C27644,0.1163415109155265
Strep_C27645,0.1163415109155265
Strep_C27646,0.1163415109155265
Strep_C27647,0.8524331858472348
Strep_C27648,0.11634201451864289
Strep_C27649,0.11634201451864289
Strep_C2764,0.47311830745470035
Strep_C27650,0.2337017810381666
Strep_C27651,0.23370178103816636
Strep_C27652,0.11634201451864289
Strep_C27653,0.11634201451864289
Strep_C27654,0.11634201451864289
Strep_C27655,0.11634201451864289
Strep_C27656,0.11634201451864289
Strep_C27657,0.11634201451864289
Strep_C27658,0.11634201451864289
Strep_C27659,0.11634201451864289
Strep_C2765,0.11634201451864289
Strep_C27660,0.11634201451864289
Strep_C27661,0.11634201451864289
Strep_C27662,0.11634201451864289
Strep_C27663,0.11634201451864289
Strep_C27664,0.11634201451864289
Strep_C27665,0.11136757272179186
Strep_C27666,0.11136757272179186
Strep_C27667,0.11136757272179186
Strep_C27668,0.11136757272179186
Strep_C27669,0.11136757272179186
Strep_C2766,0.99999999
Strep_C27670,0.11136757272179186
Strep_C27671,0.11136757272179186
Strep_C27672,0.11136757272179186
Strep_C27673,0.11136757272179186
Strep_C27674,0.11136757272179186
Strep_C27675,0.11136757272179186
Strep_C27676,0.11136757272179186
Strep_C27677,0.23305302815717163
Strep_C27678,0.1160600458814914
Strep_C27679,0.23305302815717163
Strep_C2767,0.11136757272179186
Strep_C27680,0.1160600458814914
Strep_C27681,0.1160600458814914
Strep_C27682,0.23305302815717163
Strep_C27683,0.23305302815717163
Strep_C27684,0.23305302815717163
Strep_C27685,0.1160600458814914
Strep_C27686,0.11634201451864289
Strep_C27687,0.11634201451864289
Strep_C27688,0.11634201451864289
Strep_C27689,0.11634201451864289
Strep_C2768,0.23305302815717163
Strep_C27690,0.11634201451864289
Strep_C27691,0.11634201451864289
Strep_C27692,0.11634201451864289
Strep_C27693,0.11634201451864289
Strep_C27694,0.2337017810381666
Strep_C27695,0.35245843672205746
Strep_C27696,0.11634201451864289
Strep_C27697,0.99999999
Strep_C27698,0.11634201451864289
Strep_C27699,0.11634201451864289
Strep_C2769,0.1160600458814914
Strep_C276,0.23370178103816636
Strep_C27700,0.11634201451864289
Strep_C27701,0.11634201451864289
Strep_C27702,0.11634201451864289
Strep_C27703,0.11634201451864289
Strep_C27704,0.11634201451864289
Strep_C27705,0.23370178103816636
Strep_C27706,0.11634201451864289
Strep_C27707,0.11634201451864289
Strep_C27708,0.11634201451864289
Strep_C27709,0.11634201451864289
Strep_C2770,0.334259100712907
Strep_C27710,0.1163415109155265
Strep_C27711,0.1163415109155265
Strep_C27712,0.1163415109155265
Strep_C27713,0.1163415109155265
Strep_C27714,0.1163415109155265
Strep_C27715,0.1163415109155265
Strep_C27716,0.99999999
Strep_C27717,0.1163415109155265
Strep_C27718,0.99999999
Strep_C27719,0.334259100712907
Strep_C2771,0.23370228693111114
Strep_C27720,0.11634201451864289
Strep_C27721,0.11634201451864289
Strep_C27722,0.2337017810381666
Strep_C27723,0.11634201451864289
Strep_C27724,0.11634201451864289
Strep_C27725,0.47311830745470035
Strep_C27726,0.23370178103816636
Strep_C27727,0.47311830745470035
Strep_C27728,0.11634201451864289
Strep_C27729,0.11634201451864289
Strep_C2772,0.11634201451864289
Strep_C27730,0.11634201451864289
Strep_C27731,0.11634201451864289
Strep_C27732,0.11634201451864289
Strep_C27733,0.11634201451864289
Strep_C27734,0.11634201451864289
Strep_C27735,0.11136757272179186
Strep_C27736,0.11136757272179186
Strep_C27737,0.11136757272179186
Strep_C27738,0.11136757272179186
Strep_C27739,0.11136757272179186
Strep_C2773,0.23370178103816636
Strep_C27740,0.11136757272179186
Strep_C27741,0.23305302815717163
Strep_C27742,0.23305302815717163
Strep_C27743,0.351325490499599
Strep_C27744,0.1160600458814914
Strep_C27745,0.8524331858472348
Strep_C27746,0.1160600458814914
Strep_C27747,0.333266628208235
Strep_C27748,0.1160600458814914
Strep_C27749,0.23305302815717163
Strep_C2774,0.11634201451864289
Strep_C27750,0.1160600458814914
Strep_C27751,0.1160600458814914
Strep_C27752,0.23370178103816636
Strep_C27753,0.11634201451864289
Strep_C27754,0.11634201451864289
Strep_C27755,0.11634201451864289
Strep_C27756,0.2337017810381666
Strep_C27757,0.11634201451864289
Strep_C27758,0.11634201451864289
Strep_C27759,0.11634201451864289
Strep_C2775,0.5967242474384321
Strep_C27760,0.11634201451864289
Strep_C27761,0.11634201451864289
Strep_C27762,0.5967214293920762
Strep_C27763,0.11634201451864289
Strep_C27764,0.11634201451864289
Strep_C27765,0.1163415109155265
Strep_C27766,0.1163415109155265
Strep_C27767,0.1163415109155265
Strep_C27768,0.1163415109155265
Strep_C27769,0.1163415109155265
Strep_C2776,0.11634201451864289
Strep_C27770,0.1163415109155265
Strep_C27771,0.99999999
Strep_C27772,0.47311651524910325
Strep_C27773,0.99999999
Strep_C27774,0.47311830745470035
Strep_C27775,0.7778688864057204
Strep_C27776,0.5967242474384321
Strep_C27777,0.11634201451864289
Strep_C27778,0.11634201451864289
Strep_C27779,0.11634201451864289
Strep_C2777,0.23370178103816636
Strep_C27780,0.11634201451864289
Strep_C27781,0.11634201451864289
Strep_C27782,0.5967242474384321
Strep_C27783,0.23370178103816636
Strep_C27784,0.11634201451864289
Strep_C27785,0.2337017810381666
Strep_C27786,0.2337017810381666
Strep_C27787,0.11634201451864289
Strep_C27788,0.11634201451864289
Strep_C27789,0.351325490499599
Strep_C2778,0.6665403377533278
Strep_C27790,0.11634201451864289
Strep_C27791,0.11634201451864289
Strep_C27792,0.11634201451864289
Strep_C27793,0.11634201451864289
Strep_C27794,0.11634201451864289
Strep_C27795,0.11634201451864289
Strep_C27796,0.11634201451864289
Strep_C27797,0.11634201451864289
Strep_C27798,0.11634201451864289
Strep_C27799,0.22283322077504625
Strep_C2779,0.6665426254504294
Strep_C277,0.5967214293920762
Strep_C27800,0.11136757272179186
Strep_C27801,0.11136757272179186
Strep_C27802,0.11136757272179186
Strep_C27803,0.11136757272179186
Strep_C27804,0.11136757272179186
Strep_C27805,0.23305302815717163
Strep_C27806,0.23305302815717163
Strep_C27807,0.8524331858472348
Strep_C27808,0.1160600458814914
Strep_C27809,0.1160600458814914
Strep_C2780,0.11136757272179186
Strep_C27810,0.35245843672205746
Strep_C27811,0.11634201451864289
Strep_C27812,0.11634201451864289
Strep_C27813,0.11634201451864289
Strep_C27814,0.11634201451864289
Strep_C27815,0.11634201451864289
Strep_C27816,0.11634201451864289
Strep_C27817,0.11634201451864289
Strep_C27818,0.11634201451864289
Strep_C27819,0.35245843672205746
Strep_C2781,0.11136757272179186
Strep_C27820,0.11634201451864289
Strep_C27821,0.11634201451864289
Strep_C27822,0.11634201451864289
Strep_C27823,0.11634201451864289
Strep_C27824,0.1163415109155265
Strep_C27825,0.1163415109155265
Strep_C27826,0.1163415109155265
Strep_C27827,0.1163415109155265
Strep_C27828,0.1163415109155265
Strep_C27829,0.1163415109155265
Strep_C2782,0.23305302815717163
Strep_C27830,0.1163415109155265
Strep_C27831,0.1163415109155265
Strep_C27832,0.1163415109155265
Strep_C27833,0.1163415109155265
Strep_C27834,0.1163415109155265
Strep_C27835,0.1163415109155265
Strep_C27836,0.1163415109155265
Strep_C27837,0.1163415109155265
Strep_C27838,0.99999999
Strep_C27839,0.99999999
Strep_C2783,0.23305302815717163
Strep_C27840,0.99999999
Strep_C27841,0.11634201451864289
Strep_C27842,0.11634201451864289
Strep_C27843,0.11634201451864289
Strep_C27844,0.11634201451864289
Strep_C27845,0.11634201451864289
Strep_C27846,0.2337017810381666
Strep_C27847,0.11634201451864289
Strep_C27848,0.11634201451864289
Strep_C27849,0.47311830745470035
Strep_C2784,0.2337017810381666
Strep_C27850,0.11634201451864289
Strep_C27851,0.11634201451864289
Strep_C27852,0.3524582818100281
Strep_C27853,0.11634201451864289
Strep_C27854,0.11634201451864289
Strep_C27855,0.11634201451864289
Strep_C27856,0.11634201451864289
Strep_C27857,0.11634201451864289
Strep_C27858,0.11634201451864289
Strep_C27859,0.11634201451864289
Strep_C2785,0.11634201451864289
Strep_C27860,0.11634201451864289
Strep_C27861,0.11634201451864289
Strep_C27862,0.11136757272179186
Strep_C27863,0.11136757272179186
Strep_C27864,0.11136757272179186
Strep_C27865,0.11136757272179186
Strep_C27866,0.11136757272179186
Strep_C27867,0.23305302815717163
Strep_C27868,0.1160600458814914
Strep_C27869,0.23305302815717163
Strep_C2786,0.47311830745470035
Strep_C27870,0.23305302815717163
Strep_C27871,0.1160600458814914
Strep_C27872,0.1160600458814914
Strep_C27873,0.23305302815717163
Strep_C27874,0.11634201451864289
Strep_C27875,0.11634201451864289
Strep_C27876,0.11634201451864289
Strep_C27877,0.11634201451864289
Strep_C27878,0.11634201451864289
Strep_C27879,0.11634201451864289
Strep_C2787,0.11634201451864289
Strep_C27880,0.11634201451864289
Strep_C27881,0.11634201451864289
Strep_C27882,0.11634201451864289
Strep_C27883,0.11634201451864289
Strep_C27884,0.11634201451864289
Strep_C27885,0.11634201451864289
Strep_C27886,0.1163415109155265
Strep_C27887,0.35132537846575046
Strep_C27888,0.1163415109155265
Strep_C27889,0.99999999
Strep_C2788,0.1163415109155265
Strep_C27890,0.1163415109155265
Strep_C27891,0.23370228693111114
Strep_C27892,0.1163415109155265
Strep_C27893,0.557982185216091
Strep_C27894,0.11634201451864289
Strep_C27895,0.11634201451864289
Strep_C27896,0.11634201451864289
Strep_C27897,0.11634201451864289
Strep_C27898,0.47311830745470035
Strep_C27899,0.5967214293920762
Strep_C2789,0.1163415109155265
Strep_C278,0.1163415109155265
Strep_C27900,0.11634201451864289
Strep_C27901,0.11634201451864289
Strep_C27902,0.11634201451864289
Strep_C27903,0.11634201451864289
Strep_C27904,0.11634201451864289
Strep_C27905,0.11634201451864289
Strep_C27906,0.471274539360154
Strep_C27907,0.11634201451864289
Strep_C27908,0.11634201451864289
Strep_C27909,0.11634201451864289
Strep_C2790,0.7256406595528874
Strep_C27910,0.11634201451864289
Strep_C27911,0.11634201451864289
Strep_C27912,0.11136757272179186
Strep_C27913,0.11136757272179186
Strep_C27914,0.11136757272179186
Strep_C27915,0.11136757272179186
Strep_C27916,0.11136757272179186
Strep_C27917,0.11136757272179186
Strep_C27918,0.351325490499599
Strep_C27919,0.23305302815717163
Strep_C2791,0.7256406595528874
Strep_C27920,0.23305302815717163
Strep_C27921,0.333266628208235
Strep_C27922,0.1160600458814914
Strep_C27923,0.1160600458814914
Strep_C27924,0.23305302815717163
Strep_C27925,0.23305302815717163
Strep_C27926,0.557982185216091
Strep_C27927,0.23370178103816636
Strep_C27928,0.11634201451864289
Strep_C27929,0.2337017810381666
Strep_C2792,0.8524331858472348
Strep_C27930,0.11634201451864289
Strep_C27931,0.11634201451864289
Strep_C27932,0.11634201451864289
Strep_C27933,0.11634201451864289
Strep_C27934,0.11634201451864289
Strep_C27935,0.11634201451864289
Strep_C27936,0.11634201451864289
Strep_C27937,0.11634201451864289
Strep_C27938,0.11634201451864289
Strep_C27939,0.23370178103816636
Strep_C2793,0.11136757272179186
Strep_C27940,0.11634201451864289
Strep_C27941,0.11634201451864289
Strep_C27942,0.11634201451864289
Strep_C27943,0.11634201451864289
Strep_C27944,0.11634201451864289
Strep_C27945,0.11634201451864289
Strep_C27946,0.1163415109155265
Strep_C27947,0.1163415109155265
Strep_C27948,0.1163415109155265
Strep_C27949,0.1163415109155265
Strep_C2794,0.11136757272179186
Strep_C27950,0.1163415109155265
Strep_C27951,0.1163415109155265
Strep_C27952,0.1163415109155265
Strep_C27953,0.7256406595528874
Strep_C27954,0.1163415109155265
Strep_C27955,0.1163415109155265
Strep_C27956,0.1163415109155265
Strep_C27957,0.8889131171654778
Strep_C27958,0.8524331858472348
Strep_C27959,0.99999999
Strep_C2795,0.99999999
Strep_C27960,0.11634201451864289
Strep_C27961,0.11634201451864289
Strep_C27962,0.11634201451864289
Strep_C27963,0.47311830745470035
Strep_C27964,0.11634201451864289
Strep_C27965,0.11634201451864289
Strep_C27966,0.11634201451864289
Strep_C27967,0.5967214293920762
Strep_C27968,0.11634201451864289
Strep_C27969,0.11634201451864289
Strep_C2796,0.11634201451864289
Strep_C27970,0.11634201451864289
Strep_C27971,0.11634201451864289
Strep_C27972,0.11634201451864289
Strep_C27973,0.11634201451864289
Strep_C27974,0.11634201451864289
Strep_C27975,0.11634201451864289
Strep_C27976,0.11634201451864289
Strep_C27977,0.11634201451864289
Strep_C27978,0.11634201451864289
Strep_C27979,0.11136757272179186
Strep_C2797,0.11634201451864289
Strep_C27980,0.11136757272179186
Strep_C27981,0.11136757272179186
Strep_C27982,0.11136757272179186
Strep_C27983,0.11136757272179186
Strep_C27984,0.11136757272179186
Strep_C27985,0.23305302815717163
Strep_C27986,0.23305302815717163
Strep_C27987,0.23305302815717163
Strep_C27988,0.23305302815717163
Strep_C27989,0.1160600458814914
Strep_C2798,0.47311830745470035
Strep_C27990,0.23305302815717163
Strep_C27991,0.1160600458814914
Strep_C27992,0.11634201451864289
Strep_C27993,0.2337017810381666
Strep_C27994,0.11634201451864289
Strep_C27995,0.4712762061295706
Strep_C27996,0.11634201451864289
Strep_C27997,0.11634201451864289
Strep_C27998,0.11634201451864289
Strep_C27999,0.11634201451864289
Strep_C2799,0.47311830745470035
Strep_C279,0.11634201451864289
Strep_C27,0.1163415109155265
Strep_C28000,0.11634201451864289
Strep_C28001,0.11634201451864289
Strep_C28002,0.23370178103816636
Strep_C28003,0.11634201451864289
Strep_C28004,0.11634201451864289
Strep_C28005,0.11634201451864289
Strep_C28006,0.11634201451864289
Strep_C28007,0.11634201451864289
Strep_C28008,0.23370178103816636
Strep_C28009,0.11634201451864289
Strep_C2800,0.11634201451864289
Strep_C28010,0.11634201451864289
Strep_C28011,0.11634201451864289
Strep_C28012,0.1163415109155265
Strep_C28013,0.1163415109155265
Strep_C28014,0.3342595322757504
Strep_C28015,0.1163415109155265
Strep_C28016,0.1163415109155265
Strep_C28017,0.1163415109155265
Strep_C28018,0.1163415109155265
Strep_C28019,0.1163415109155265
Strep_C2801,0.11136757272179186
Strep_C28020,0.99999999
Strep_C28021,0.11634201451864289
Strep_C28022,0.7778659244097796
Strep_C28023,0.99999999
Strep_C28024,0.11634201451864289
Strep_C28025,0.11634201451864289
Strep_C28026,0.11634201451864289
Strep_C28027,0.11634201451864289
Strep_C28028,0.11634201451864289
Strep_C28029,0.11634201451864289
Strep_C2802,0.7778659244097796
Strep_C28030,0.11634201451864289
Strep_C28031,0.11634201451864289
Strep_C28032,0.11634201451864289
Strep_C28033,0.11634201451864289
Strep_C28034,0.11634201451864289
Strep_C28035,0.11634201451864289
Strep_C28036,0.11634201451864289
Strep_C28037,0.11634201451864289
Strep_C28038,0.11634201451864289
Strep_C28039,0.11634201451864289
Strep_C2803,0.11136757272179186
Strep_C28040,0.11634201451864289
Strep_C28041,0.11136757272179186
Strep_C28042,0.11136757272179186
Strep_C28043,0.11136757272179186
Strep_C28044,0.11136757272179186
Strep_C28045,0.23305302815717163
Strep_C28046,0.23305302815717163
Strep_C28047,0.23305302815717163
Strep_C28048,0.23305302815717163
Strep_C28049,0.23305302815717163
Strep_C2804,0.23305302815717163
Strep_C28050,0.1160600458814914
Strep_C28051,0.11634201451864289
Strep_C28052,0.11634201451864289
Strep_C28053,0.11634201451864289
Strep_C28054,0.11634201451864289
Strep_C28055,0.11634201451864289
Strep_C28056,0.11634201451864289
Strep_C28057,0.11634201451864289
Strep_C28058,0.5967242474384321
Strep_C28059,0.11634201451864289
Strep_C2805,0.2337017810381666
Strep_C28060,0.11634201451864289
Strep_C28061,0.11634201451864289
Strep_C28062,0.11634201451864289
Strep_C28063,0.11634201451864289
Strep_C28064,0.11634201451864289
Strep_C28065,0.11634201451864289
Strep_C28066,0.11634201451864289
Strep_C28067,0.11634201451864289
Strep_C28068,0.11634201451864289
Strep_C28069,0.11634201451864289
Strep_C2806,0.47311830745470035
Strep_C28070,0.11634201451864289
Strep_C28071,0.11634201451864289
Strep_C28072,0.23370178103816636
Strep_C28073,0.11634201451864289
Strep_C28074,0.11634201451864289
Strep_C28075,0.11634201451864289
Strep_C28076,0.11634201451864289
Strep_C28077,0.11634201451864289
Strep_C28078,0.11634201451864289
Strep_C28079,0.11634201451864289
Strep_C2807,0.6704550730094094
Strep_C28080,0.11634201451864289
Strep_C28081,0.1163415109155265
Strep_C28082,0.1163415109155265
Strep_C28083,0.1163415109155265
Strep_C28084,0.1163415109155265
Strep_C28085,0.1163415109155265
Strep_C28086,0.99999999
Strep_C28087,0.334259100712907
Strep_C28088,0.99999999
Strep_C28089,0.11634201451864289
Strep_C2808,0.1163415109155265
Strep_C28090,0.23370178103816636
Strep_C28091,0.11634201451864289
Strep_C28092,0.11634201451864289
Strep_C28093,0.11634201451864289
Strep_C28094,0.11634201451864289
Strep_C28095,0.351325490499599
Strep_C28096,0.5936452796634148
Strep_C28097,0.11634201451864289
Strep_C28098,0.11634201451864289
Strep_C28099,0.11634201451864289
Strep_C2809,0.23370228693111114
Strep_C280,0.7256406595528874
Strep_C28100,0.11634201451864289
Strep_C28101,0.11634201451864289
Strep_C28102,0.11634201451864289
Strep_C28103,0.11634201451864289
Strep_C28104,0.11634201451864289
Strep_C28105,0.11634201451864289
Strep_C28106,0.11136757272179186
Strep_C28107,0.11136757272179186
Strep_C28108,0.11136757272179186
Strep_C28109,0.11136757272179186
Strep_C2810,0.11634201451864289
Strep_C28110,0.11136757272179186
Strep_C28111,0.11136757272179186
Strep_C28112,0.23305302815717163
Strep_C28113,0.471274539360154
Strep_C28114,0.1160600458814914
Strep_C28115,0.47127620612957083
Strep_C28116,0.23305302815717163
Strep_C28117,0.1160600458814914
Strep_C28118,0.11634201451864289
Strep_C28119,0.11634201451864289
Strep_C2811,0.47311830745470035
Strep_C28120,0.11634201451864289
Strep_C28121,0.11634201451864289
Strep_C28122,0.11634201451864289
Strep_C28123,0.11634201451864289
Strep_C28124,0.11634201451864289
Strep_C28125,0.11634201451864289
Strep_C28126,0.11634201451864289
Strep_C28127,0.11634201451864289
Strep_C28128,0.11634201451864289
Strep_C28129,0.5936427844819077
Strep_C2812,0.11634201451864289
Strep_C28130,0.23370178103816636
Strep_C28131,0.11634201451864289
Strep_C28132,0.11634201451864289
Strep_C28133,0.11634201451864289
Strep_C28134,0.11634201451864289
Strep_C28135,0.11634201451864289
Strep_C28136,0.8889223478224411
Strep_C28137,0.11634201451864289
Strep_C28138,0.11634201451864289
Strep_C28139,0.11634201451864289
Strep_C2813,0.99999999
Strep_C28140,0.11634201451864289
Strep_C28141,0.11634201451864289
Strep_C28142,0.11634201451864289
Strep_C28143,0.1163415109155265
Strep_C28144,0.1163415109155265
Strep_C28145,0.1163415109155265
Strep_C28146,0.1163415109155265
Strep_C28147,0.1163415109155265
Strep_C28148,0.1163415109155265
Strep_C28149,0.1163415109155265
Strep_C2814,0.47311830745470035
Strep_C28150,0.1163415109155265
Strep_C28151,0.1163415109155265
Strep_C28152,0.1163415109155265
Strep_C28153,0.1163415109155265
Strep_C28154,0.1163415109155265
Strep_C28155,0.1163415109155265
Strep_C28156,0.1163415109155265
Strep_C28157,0.1163415109155265
Strep_C28158,0.47311830745470035
Strep_C28159,0.99999999
Strep_C2815,0.23370178103816636
Strep_C28160,0.99999999
Strep_C28161,0.99999999
Strep_C28162,0.47311830745470035
Strep_C28163,0.47311830745470035
Strep_C28164,0.11634201451864289
Strep_C28165,0.11634201451864289
Strep_C28166,0.7198643407720242
Strep_C28167,0.11634201451864289
Strep_C28168,0.11634201451864289
Strep_C28169,0.11634201451864289
Strep_C2816,0.11634201451864289
Strep_C28170,0.11634201451864289
Strep_C28171,0.11634201451864289
Strep_C28172,0.11634201451864289
Strep_C28173,0.11634201451864289
Strep_C28174,0.11634201451864289
Strep_C28175,0.5555542629982061
Strep_C28176,0.23370228693111114
Strep_C28177,0.11634201451864289
Strep_C28178,0.35245843672205746
Strep_C28179,0.351325490499599
Strep_C2817,0.99999999
Strep_C28180,0.11634201451864289
Strep_C28181,0.11634201451864289
Strep_C28182,0.11634201451864289
Strep_C28183,0.11634201451864289
Strep_C28184,0.11634201451864289
Strep_C28185,0.11634201451864289
Strep_C28186,0.11634201451864289
Strep_C28187,0.11634201451864289
Strep_C28188,0.11634201451864289
Strep_C28189,0.99999999
Strep_C2818,0.351325490499599
Strep_C28190,0.44444989529753154
Strep_C28191,0.11136757272179186
Strep_C28192,0.1160600458814914
Strep_C28193,0.23305302815717163
Strep_C28194,0.1160600458814914
Strep_C28195,0.2337017810381666
Strep_C28196,0.2337017810381666
Strep_C28197,0.35245843672205746
Strep_C28198,0.11634201451864289
Strep_C28199,0.11634201451864289
Strep_C2819,0.11634201451864289
Strep_C281,0.11136757272179186
Strep_C28200,0.2337017810381666
Strep_C28201,0.2337017810381666
Strep_C28202,0.11634201451864289
Strep_C28203,0.11634201451864289
Strep_C28204,0.11634201451864289
Strep_C28205,0.11634201451864289
Strep_C28206,0.11634201451864289
Strep_C28207,0.11634201451864289
Strep_C28208,0.35132537846575046
Strep_C28209,0.11634201451864289
Strep_C2820,0.11136757272179186
Strep_C28210,0.11634201451864289
Strep_C28211,0.11634201451864289
Strep_C28212,0.11634201451864289
Strep_C28213,0.11634201451864289
Strep_C28214,0.11634201451864289
Strep_C28215,0.11634201451864289
Strep_C28216,0.11634201451864289
Strep_C28217,0.11634201451864289
Strep_C28218,0.11634201451864289
Strep_C28219,0.11634201451864289
Strep_C2821,0.23305302815717163
Strep_C28220,0.11634201451864289
Strep_C28221,0.1163415109155265
Strep_C28222,0.1163415109155265
Strep_C28223,0.1163415109155265
Strep_C28224,0.1163415109155265
Strep_C28225,0.1163415109155265
Strep_C28226,0.99999999
Strep_C28227,0.99999999
Strep_C28228,0.47311830745470035
Strep_C28229,0.99999999
Strep_C2822,0.23305302815717163
Strep_C28230,0.99999999
Strep_C28231,0.11634201451864289
Strep_C28232,0.11634201451864289
Strep_C28233,0.11634201451864289
Strep_C28234,0.11634201451864289
Strep_C28235,0.2337017810381666
Strep_C28236,0.11634201451864289
Strep_C28237,0.11634201451864289
Strep_C28238,0.11634201451864289
Strep_C28239,0.11634201451864289
Strep_C2823,0.23305302815717163
Strep_C28240,0.11634201451864289
Strep_C28241,0.11634201451864289
Strep_C28242,0.7256406595528874
Strep_C28243,0.99999999
Strep_C28244,0.8524313909199117
Strep_C28245,0.11634201451864289
Strep_C28246,0.11634201451864289
Strep_C28247,0.11634201451864289
Strep_C28248,0.35245843672205746
Strep_C28249,0.11634201451864289
Strep_C2824,0.23305302815717163
Strep_C28250,0.11634201451864289
Strep_C28251,0.11634201451864289
Strep_C28252,0.11634201451864289
Strep_C28253,0.11634201451864289
Strep_C28254,0.11634201451864289
Strep_C28255,0.11634201451864289
Strep_C28256,0.11634201451864289
Strep_C28257,0.11136757272179186
Strep_C28258,0.11136757272179186
Strep_C28259,0.11136757272179186
Strep_C2825,0.7778659244097796
Strep_C28260,0.11136757272179186
Strep_C28261,0.11136757272179186
Strep_C28262,0.11136757272179186
Strep_C28263,0.1160600458814914
Strep_C28264,0.23305302815717163
Strep_C28265,0.351325490499599
Strep_C28266,0.23305302815717163
Strep_C28267,0.23305302815717163
Strep_C28268,0.1160600458814914
Strep_C28269,0.1160600458814914
Strep_C2826,0.23305302815717163
Strep_C28270,0.11634201451864289
Strep_C28271,0.2337017810381666
Strep_C28272,0.11634201451864289
Strep_C28273,0.35245843672205746
Strep_C28274,0.11634201451864289
Strep_C28275,0.11634201451864289
Strep_C28276,0.11634201451864289
Strep_C28277,0.11634201451864289
Strep_C28278,0.11634201451864289
Strep_C28279,0.11634201451864289
Strep_C2827,0.99999999
Strep_C28280,0.11634201451864289
Strep_C28281,0.11634201451864289
Strep_C28282,0.23370178103816636
Strep_C28283,0.11634201451864289
Strep_C28284,0.11634201451864289
Strep_C28285,0.11634201451864289
Strep_C28286,0.11634201451864289
Strep_C28287,0.11634201451864289
Strep_C28288,0.11634201451864289
Strep_C28289,0.11634201451864289
Strep_C2828,0.11634201451864289
Strep_C28290,0.3524582818100281
Strep_C28291,0.7198634438443039
Strep_C28292,0.2337017810381666
Strep_C28293,0.11634201451864289
Strep_C28294,0.11634201451864289
Strep_C28295,0.11634201451864289
Strep_C28296,0.11634201451864289
Strep_C28297,0.11634201451864289
Strep_C28298,0.1163415109155265
Strep_C28299,0.1163415109155265
Strep_C2829,0.5967214293920762
Strep_C282,0.11634201451864289
Strep_C28300,0.1163415109155265
Strep_C28301,0.1163415109155265
Strep_C28302,0.1163415109155265
Strep_C28303,0.1163415109155265
Strep_C28304,0.1163415109155265
Strep_C28305,0.1163415109155265
Strep_C28306,0.99999999
Strep_C28307,0.99999999
Strep_C28308,0.99999999
Strep_C28309,0.8524331858472348
Strep_C2830,0.11634201451864289
Strep_C28310,0.99999999
Strep_C28311,0.11634201451864289
Strep_C28312,0.47311830745470035
Strep_C28313,0.11634201451864289
Strep_C28314,0.11634201451864289
Strep_C28315,0.11634201451864289
Strep_C28316,0.47311830745470035
Strep_C28317,0.47311830745470035
Strep_C28318,0.22283322077504625
Strep_C28319,0.11634201451864289
Strep_C2831,0.11634201451864289
Strep_C28320,0.11634201451864289
Strep_C28321,0.11634201451864289
Strep_C28322,0.11634201451864289
Strep_C28323,0.11136757272179186
Strep_C28324,0.11136757272179186
Strep_C28325,0.557982185216091
Strep_C28326,0.11136757272179186
Strep_C28327,0.11136757272179186
Strep_C28328,0.23305302815717163
Strep_C28329,0.351325490499599
Strep_C2832,0.1163415109155265
Strep_C28330,0.23305302815717163
Strep_C28331,0.23305302815717163
Strep_C28332,0.2337017810381666
Strep_C28333,0.11634201451864289
Strep_C28334,0.11634201451864289
Strep_C28335,0.11634201451864289
Strep_C28336,0.11634201451864289
Strep_C28337,0.23305302815717163
Strep_C28338,0.11634201451864289
Strep_C28339,0.11634201451864289
Strep_C2833,0.99999999
Strep_C28340,0.11634201451864289
Strep_C28341,0.11634201451864289
Strep_C28342,0.11634201451864289
Strep_C28343,0.11634201451864289
Strep_C28344,0.11634201451864289
Strep_C28345,0.11634201451864289
Strep_C28346,0.11634201451864289
Strep_C28347,0.11634201451864289
Strep_C28348,0.1163415109155265
Strep_C28349,0.1163415109155265
Strep_C2834,0.11634201451864289
Strep_C28350,0.1163415109155265
Strep_C28351,0.1163415109155265
Strep_C28352,0.9053588679153928
Strep_C28353,0.99999999
Strep_C28354,0.11634201451864289
Strep_C28355,0.22283322077504625
Strep_C28356,0.99999999
Strep_C28357,0.11634201451864289
Strep_C28358,0.11634201451864289
Strep_C28359,0.23370178103816636
Strep_C2835,0.11634201451864289
Strep_C28360,0.7198634438443039
Strep_C28361,0.47311830745470035
Strep_C28362,0.11634201451864289
Strep_C28363,0.11634201451864289
Strep_C28364,0.471274539360154
Strep_C28365,0.11634201451864289
Strep_C28366,0.11634201451864289
Strep_C28367,0.11634201451864289
Strep_C28368,0.11634201451864289
Strep_C28369,0.11634201451864289
Strep_C2836,0.11136757272179186
Strep_C28370,0.11136757272179186
Strep_C28371,0.44601006290209577
Strep_C28372,0.11136757272179186
Strep_C28373,0.11136757272179186
Strep_C28374,0.11136757272179186
Strep_C28375,0.11136757272179186
Strep_C28376,0.99999999
Strep_C28377,0.23305302815717163
Strep_C28378,0.1160600458814914
Strep_C28379,0.23305302815717163
Strep_C2837,0.11136757272179186
Strep_C28380,0.23305302815717163
Strep_C28381,0.7198634438443039
Strep_C28382,0.1160600458814914
Strep_C28383,0.23305302815717163
Strep_C28384,0.1160600458814914
Strep_C28385,0.2337017810381666
Strep_C28386,0.11634201451864289
Strep_C28387,0.11634201451864289
Strep_C28388,0.11634201451864289
Strep_C28389,0.11634201451864289
Strep_C2838,0.99999999
Strep_C28390,0.11634201451864289
Strep_C28391,0.11634201451864289
Strep_C28392,0.35245843672205746
Strep_C28393,0.47311830745470035
Strep_C28394,0.11634201451864289
Strep_C28395,0.11634201451864289
Strep_C28396,0.11634201451864289
Strep_C28397,0.11634201451864289
Strep_C28398,0.11634201451864289
Strep_C28399,0.11634201451864289
Strep_C2839,0.11136757272179186
Strep_C283,0.11634201451864289
Strep_C28400,0.11634201451864289
Strep_C28401,0.1163415109155265
Strep_C28402,0.1163415109155265
Strep_C28403,0.1163415109155265
Strep_C28404,0.1163415109155265
Strep_C28405,0.1163415109155265
Strep_C28406,0.1163415109155265
Strep_C28407,0.1163415109155265
Strep_C28408,0.47311830745470035
Strep_C28409,0.47311830745470035
Strep_C2840,0.11136757272179186
Strep_C28410,0.47311830745470035
Strep_C28411,0.4712762061295706
Strep_C28412,0.11634201451864289
Strep_C28413,0.11634201451864289
Strep_C28414,0.11634201451864289
Strep_C28415,0.11634201451864289
Strep_C28416,0.44601006290209577
Strep_C28417,0.11634201451864289
Strep_C28418,0.22283322077504625
Strep_C28419,0.11634201451864289
Strep_C2841,0.11634201451864289
Strep_C28420,0.11634201451864289
Strep_C28421,0.11136757272179186
Strep_C28422,0.11136757272179186
Strep_C28423,0.334259100712907
Strep_C28424,0.11136757272179186
Strep_C28425,0.5555546390366239
Strep_C28426,0.11136757272179186
Strep_C28427,0.351325490499599
Strep_C28428,0.23305302815717163
Strep_C28429,0.23305302815717163
Strep_C2842,0.23370228693111114
Strep_C28430,0.23305302815717163
Strep_C28431,0.23305302815717163
Strep_C28432,0.351325490499599
Strep_C28433,0.23305302815717163
Strep_C28434,0.1160600458814914
Strep_C28435,0.11634201451864289
Strep_C28436,0.11634201451864289
Strep_C28437,0.11634201451864289
Strep_C28438,0.2337017810381666
Strep_C28439,0.35245843672205746
Strep_C2843,0.11634201451864289
Strep_C28440,0.11634201451864289
Strep_C28441,0.11634201451864289
Strep_C28442,0.11634201451864289
Strep_C28443,0.11634201451864289
Strep_C28444,0.11634201451864289
Strep_C28445,0.11634201451864289
Strep_C28446,0.11634201451864289
Strep_C28447,0.11634201451864289
Strep_C28448,0.11634201451864289
Strep_C28449,0.11634201451864289
Strep_C2844,0.47311830745470035
Strep_C28450,0.11634201451864289
Strep_C28451,0.11634201451864289
Strep_C28452,0.11634201451864289
Strep_C28453,0.11634201451864289
Strep_C28454,0.11634201451864289
Strep_C28455,0.11634201451864289
Strep_C28456,0.11634201451864289
Strep_C28457,0.11634201451864289
Strep_C28458,0.11634201451864289
Strep_C28459,0.11634201451864289
Strep_C2845,0.5967242474384321
Strep_C28460,0.11634201451864289
Strep_C28461,0.1163415109155265
Strep_C28462,0.1163415109155265
Strep_C28463,0.1163415109155265
Strep_C28464,0.1163415109155265
Strep_C28465,0.1163415109155265
Strep_C28466,0.1163415109155265
Strep_C28467,0.1163415109155265
Strep_C28468,0.1163415109155265
Strep_C28469,0.99999999
Strep_C2846,0.1163415109155265
Strep_C28470,0.5967214293920762
Strep_C28471,0.47311830745470035
Strep_C28472,0.47311830745470035
Strep_C28473,0.99999999
Strep_C28474,0.11634201451864289
Strep_C28475,0.3524582818100281
Strep_C28476,0.11634201451864289
Strep_C28477,0.47311830745470035
Strep_C28478,0.11634201451864289
Strep_C28479,0.5967214293920762
Strep_C2847,0.7198643407720242
Strep_C28480,0.23370228693111114
Strep_C28481,0.11634201451864289
Strep_C28482,0.11634201451864289
Strep_C28483,0.11634201451864289
Strep_C28484,0.11634201451864289
Strep_C28485,0.11634201451864289
Strep_C28486,0.11634201451864289
Strep_C28487,0.11634201451864289
Strep_C28488,0.11136757272179186
Strep_C28489,0.11136757272179186
Strep_C2848,0.1163415109155265
Strep_C28490,0.11136757272179186
Strep_C28491,0.11136757272179186
Strep_C28492,0.1160600458814914
Strep_C28493,0.99999999
Strep_C28494,0.1160600458814914
Strep_C28495,0.23305302815717163
Strep_C28496,0.1160600458814914
Strep_C28497,0.2337017810381666
Strep_C28498,0.11634201451864289
Strep_C28499,0.11634201451864289
Strep_C2849,0.1163415109155265
Strep_C284,0.2337017810381666
Strep_C28500,0.11634201451864289
Strep_C28501,0.11634201451864289
Strep_C28502,0.11634201451864289
Strep_C28503,0.11634201451864289
Strep_C28504,0.11634201451864289
Strep_C28505,0.11634201451864289
Strep_C28506,0.11634201451864289
Strep_C28507,0.11634201451864289
Strep_C28508,0.11634201451864289
Strep_C28509,0.11634201451864289
Strep_C2850,0.99999999
Strep_C28510,0.11634201451864289
Strep_C28511,0.11634201451864289
Strep_C28512,0.11634201451864289
Strep_C28513,0.11634201451864289
Strep_C28514,0.11634201451864289
Strep_C28515,0.11634201451864289
Strep_C28516,0.11634201451864289
Strep_C28517,0.11634201451864289
Strep_C28518,0.11634201451864289
Strep_C28519,0.11634201451864289
Strep_C2851,0.2337017810381666
Strep_C28520,0.11634201451864289
Strep_C28521,0.1163415109155265
Strep_C28522,0.1163415109155265
Strep_C28523,0.1163415109155265
Strep_C28524,0.1163415109155265
Strep_C28525,0.1163415109155265
Strep_C28526,0.1163415109155265
Strep_C28527,0.1163415109155265
Strep_C28528,0.1163415109155265
Strep_C28529,0.1163415109155265
Strep_C2852,0.11634201451864289
Strep_C28530,0.99999999
Strep_C28531,0.7256406595528874
Strep_C28532,0.99999999
Strep_C28533,0.11634201451864289
Strep_C28534,0.3524582818100281
Strep_C28535,0.11634201451864289
Strep_C28536,0.11634201451864289
Strep_C28537,0.11634201451864289
Strep_C28538,0.11634201451864289
Strep_C28539,0.11634201451864289
Strep_C2853,0.11634201451864289
Strep_C28540,0.11634201451864289
Strep_C28541,0.11634201451864289
Strep_C28542,0.11634201451864289
Strep_C28543,0.11634201451864289
Strep_C28544,0.11634201451864289
Strep_C28545,0.11634201451864289
Strep_C28546,0.11634201451864289
Strep_C28547,0.11634201451864289
Strep_C28548,0.11634201451864289
Strep_C28549,0.11634201451864289
Strep_C2854,0.11136757272179186
Strep_C28550,0.11634201451864289
Strep_C28551,0.11136757272179186
Strep_C28552,0.11136757272179186
Strep_C28553,0.11136757272179186
Strep_C28554,0.99999999
Strep_C28555,0.11136757272179186
Strep_C28556,0.11136757272179186
Strep_C28557,0.11136757272179186
Strep_C28558,0.23305302815717163
Strep_C28559,0.351325490499599
Strep_C2855,0.11136757272179186
Strep_C28560,0.351325490499599
Strep_C28561,0.23305302815717163
Strep_C28562,0.23305302815717163
Strep_C28563,0.23305302815717163
Strep_C28564,0.23305302815717163
Strep_C28565,0.1160600458814914
Strep_C28566,0.23305302815717163
Strep_C28567,0.2337017810381666
Strep_C28568,0.23370178103816636
Strep_C28569,0.2337017810381666
Strep_C2856,0.11136757272179186
Strep_C28570,0.11634201451864289
Strep_C28571,0.11634201451864289
Strep_C28572,0.11634201451864289
Strep_C28573,0.11634201451864289
Strep_C28574,0.11634201451864289
Strep_C28575,0.11634201451864289
Strep_C28576,0.11634201451864289
Strep_C28577,0.11634201451864289
Strep_C28578,0.11634201451864289
Strep_C28579,0.11634201451864289
Strep_C2857,0.23305302815717163
Strep_C28580,0.11634201451864289
Strep_C28581,0.1163415109155265
Strep_C28582,0.1163415109155265
Strep_C28583,0.1163415109155265
Strep_C28584,0.1163415109155265
Strep_C28585,0.1163415109155265
Strep_C28586,0.1163415109155265
Strep_C28587,0.1163415109155265
Strep_C28588,0.1163415109155265
Strep_C28589,0.1163415109155265
Strep_C2858,0.99999999
Strep_C28590,0.11634201451864289
Strep_C28591,0.47311830745470035
Strep_C28592,0.11634201451864289
Strep_C28593,0.11634201451864289
Strep_C28594,0.11634201451864289
Strep_C28595,0.47311830745470035
Strep_C28596,0.11634201451864289
Strep_C28597,0.11634201451864289
Strep_C28598,0.47311830745470035
Strep_C28599,0.11634201451864289
Strep_C2859,0.11634201451864289
Strep_C285,0.11634201451864289
Strep_C28600,0.11634201451864289
Strep_C28601,0.11634201451864289
Strep_C28602,0.11634201451864289
Strep_C28603,0.11634201451864289
Strep_C28604,0.11634201451864289
Strep_C28605,0.99999999
Strep_C28606,0.5967214293920762
Strep_C28607,0.3342595322757504
Strep_C28608,0.2337017810381666
Strep_C28609,0.11634201451864289
Strep_C2860,0.47311830745470035
Strep_C28610,0.11634201451864289
Strep_C28611,0.11634201451864289
Strep_C28612,0.11136757272179186
Strep_C28613,0.11136757272179186
Strep_C28614,0.11136757272179186
Strep_C28615,0.11136757272179186
Strep_C28616,0.11136757272179186
Strep_C28617,0.11136757272179186
Strep_C28618,0.23305302815717163
Strep_C28619,0.23305302815717163
Strep_C2861,0.47311830745470035
Strep_C28620,0.351325490499599
Strep_C28621,0.1160600458814914
Strep_C28622,0.1160600458814914
Strep_C28623,0.35245843672205746
Strep_C28624,0.47311830745470035
Strep_C28625,0.11634201451864289
Strep_C28626,0.11634201451864289
Strep_C28627,0.11634201451864289
Strep_C28628,0.11634201451864289
Strep_C28629,0.11634201451864289
Strep_C2862,0.1163415109155265
Strep_C28630,0.23370178103816636
Strep_C28631,0.11634201451864289
Strep_C28632,0.11634201451864289
Strep_C28633,0.11634201451864289
Strep_C28634,0.11634201451864289
Strep_C28635,0.11634201451864289
Strep_C28636,0.11634201451864289
Strep_C28637,0.11634201451864289
Strep_C28638,0.11634201451864289
Strep_C28639,0.11634201451864289
Strep_C2863,0.99999999
Strep_C28640,0.11634201451864289
Strep_C28641,0.11634201451864289
Strep_C28642,0.11634201451864289
Strep_C28643,0.11634201451864289
Strep_C28644,0.1163415109155265
Strep_C28645,0.1163415109155265
Strep_C28646,0.1163415109155265
Strep_C28647,0.1163415109155265
Strep_C28648,0.1163415109155265
Strep_C28649,0.1163415109155265
Strep_C2864,0.11634201451864289
Strep_C28650,0.1163415109155265
Strep_C28651,0.1163415109155265
Strep_C28652,0.1163415109155265
Strep_C28653,0.11634201451864289
Strep_C28654,0.11634201451864289
Strep_C28655,0.8524331858472348
Strep_C28656,0.11634201451864289
Strep_C28657,0.35245843672205746
Strep_C28658,0.11634201451864289
Strep_C28659,0.99999999
Strep_C2865,0.9053588679153928
Strep_C28660,0.23370178103816636
Strep_C28661,0.11634201451864289
Strep_C28662,0.11634201451864289
Strep_C28663,0.47311830745470035
Strep_C28664,0.11634201451864289
Strep_C28665,0.11634201451864289
Strep_C28666,0.11634201451864289
Strep_C28667,0.11634201451864289
Strep_C28668,0.11634201451864289
Strep_C28669,0.11634201451864289
Strep_C2866,0.11136757272179186
Strep_C28670,0.11634201451864289
Strep_C28671,0.11634201451864289
Strep_C28672,0.11634201451864289
Strep_C28673,0.99999999
Strep_C28674,0.35245843672205746
Strep_C28675,0.2337017810381666
Strep_C28676,0.11634201451864289
Strep_C28677,0.11634201451864289
Strep_C28678,0.11634201451864289
Strep_C28679,0.11634201451864289
Strep_C2867,0.11136757272179186
Strep_C28680,0.11634201451864289
Strep_C28681,0.5579816378691367
Strep_C28682,0.11136757272179186
Strep_C28683,0.11136757272179186
Strep_C28684,0.99999999
Strep_C28685,0.11136757272179186
Strep_C28686,0.11136757272179186
Strep_C28687,0.11136757272179186
Strep_C28688,0.11136757272179186
Strep_C28689,0.11136757272179186
Strep_C2868,0.23305302815717163
Strep_C28690,0.11136757272179186
Strep_C28691,0.23305302815717163
Strep_C28692,0.23305302815717163
Strep_C28693,0.1160600458814914
Strep_C28694,0.1160600458814914
Strep_C28695,0.7778659244097796
Strep_C28696,0.1160600458814914
Strep_C28697,0.2337017810381666
Strep_C28698,0.11634201451864289
Strep_C28699,0.11634201451864289
Strep_C2869,0.23305302815717163
Strep_C286,0.11634201451864289
Strep_C28700,0.11634201451864289
Strep_C28701,0.11634201451864289
Strep_C28702,0.11634201451864289
Strep_C28703,0.11634201451864289
Strep_C28704,0.23370228693111114
Strep_C28705,0.11634201451864289
Strep_C28706,0.11634201451864289
Strep_C28707,0.11634201451864289
Strep_C28708,0.11634201451864289
Strep_C28709,0.11634201451864289
Strep_C2870,0.47311830745470035
Strep_C28710,0.11634201451864289
Strep_C28711,0.11634201451864289
Strep_C28712,0.11634201451864289
Strep_C28713,0.11634201451864289
Strep_C28714,0.11634201451864289
Strep_C28715,0.47311830745470035
Strep_C28716,0.11634201451864289
Strep_C28717,0.11634201451864289
Strep_C28718,0.11634201451864289
Strep_C28719,0.11634201451864289
Strep_C2871,0.47311830745470035
Strep_C28720,0.11634201451864289
Strep_C28721,0.11634201451864289
Strep_C28722,0.1163415109155265
Strep_C28723,0.1163415109155265
Strep_C28724,0.1163415109155265
Strep_C28725,0.1163415109155265
Strep_C28726,0.1163415109155265
Strep_C28727,0.1163415109155265
Strep_C28728,0.1163415109155265
Strep_C28729,0.1163415109155265
Strep_C2872,0.11634201451864289
Strep_C28730,0.1163415109155265
Strep_C28731,0.1163415109155265
Strep_C28732,0.1163415109155265
Strep_C28733,0.1163415109155265
Strep_C28734,0.8889131171654778
Strep_C28735,0.99999999
Strep_C28736,0.2337017810381666
Strep_C28737,0.11634201451864289
Strep_C28738,0.11634201451864289
Strep_C28739,0.11634201451864289
Strep_C2873,0.11136757272179186
Strep_C28740,0.11634201451864289
Strep_C28741,0.11634201451864289
Strep_C28742,0.11634201451864289
Strep_C28743,0.11634201451864289
Strep_C28744,0.11634201451864289
Strep_C28745,0.11634201451864289
Strep_C28746,0.11634201451864289
Strep_C28747,0.11634201451864289
Strep_C28748,0.11634201451864289
Strep_C28749,0.11634201451864289
Strep_C2874,0.99999999
Strep_C28750,0.11634201451864289
Strep_C28751,0.11634201451864289
Strep_C28752,0.351325490499599
Strep_C28753,0.11634201451864289
Strep_C28754,0.11634201451864289
Strep_C28755,0.11634201451864289
Strep_C28756,0.11634201451864289
Strep_C28757,0.11136757272179186
Strep_C28758,0.11136757272179186
Strep_C28759,0.11136757272179186
Strep_C2875,0.23305302815717163
Strep_C28760,0.333266628208235
Strep_C28761,0.11136757272179186
Strep_C28762,0.11136757272179186
Strep_C28763,0.23305302815717163
Strep_C28764,0.44444989529753154
Strep_C28765,0.23305302815717163
Strep_C28766,0.1160600458814914
Strep_C28767,0.1160600458814914
Strep_C28768,0.23305302815717163
Strep_C28769,0.11634201451864289
Strep_C2876,0.23305302815717163
Strep_C28770,0.35245843672205746
Strep_C28771,0.2337017810381666
Strep_C28772,0.11634201451864289
Strep_C28773,0.2337017810381666
Strep_C28774,0.2337017810381666
Strep_C28775,0.11634201451864289
Strep_C28776,0.35245843672205746
Strep_C28777,0.2337017810381666
Strep_C28778,0.11634201451864289
Strep_C28779,0.11634201451864289
Strep_C2877,0.99999999
Strep_C28780,0.11634201451864289
Strep_C28781,0.11634201451864289
Strep_C28782,0.11634201451864289
Strep_C28783,0.11634201451864289
Strep_C28784,0.11634201451864289
Strep_C28785,0.11634201451864289
Strep_C28786,0.11634201451864289
Strep_C28787,0.11634201451864289
Strep_C28788,0.23370178103816636
Strep_C28789,0.11634201451864289
Strep_C2878,0.23305302815717163
Strep_C28790,0.11634201451864289
Strep_C28791,0.11634201451864289
Strep_C28792,0.11634201451864289
Strep_C28793,0.11634201451864289
Strep_C28794,0.11634201451864289
Strep_C28795,0.1163415109155265
Strep_C28796,0.1163415109155265
Strep_C28797,0.1163415109155265
Strep_C28798,0.1163415109155265
Strep_C28799,0.23370228693111114
Strep_C2879,0.8524313909199117
Strep_C287,0.2337017810381666
Strep_C28800,0.1163415109155265
Strep_C28801,0.47311651524910325
Strep_C28802,0.1163415109155265
Strep_C28803,0.1163415109155265
Strep_C28804,0.5967214293920762
Strep_C28805,0.1163415109155265
Strep_C28806,0.1163415109155265
Strep_C28807,0.99999999
Strep_C28808,0.22283322077504625
Strep_C28809,0.8524331858472348
Strep_C2880,0.7256406595528874
Strep_C28810,0.334259100712907
Strep_C28811,0.47311830745470035
Strep_C28812,0.11634201451864289
Strep_C28813,0.11634201451864289
Strep_C28814,0.11634201451864289
Strep_C28815,0.11634201451864289
Strep_C28816,0.11634201451864289
Strep_C28817,0.11634201451864289
Strep_C28818,0.11634201451864289
Strep_C28819,0.23370178103816636
Strep_C2881,0.99999999
Strep_C28820,0.11634201451864289
Strep_C28821,0.11634201451864289
Strep_C28822,0.11634201451864289
Strep_C28823,0.11634201451864289
Strep_C28824,0.35245843672205746
Strep_C28825,0.11634201451864289
Strep_C28826,0.11634201451864289
Strep_C28827,0.11634201451864289
Strep_C28828,0.11634201451864289
Strep_C28829,0.11634201451864289
Strep_C2882,0.35245843672205746
Strep_C28830,0.11634201451864289
Strep_C28831,0.11634201451864289
Strep_C28832,0.11634201451864289
Strep_C28833,0.11634201451864289
Strep_C28834,0.11634201451864289
Strep_C28835,0.11136757272179186
Strep_C28836,0.11136757272179186
Strep_C28837,0.11136757272179186
Strep_C28838,0.11136757272179186
Strep_C28839,0.11136757272179186
Strep_C2883,0.11634201451864289
Strep_C28840,0.22283354305359118
Strep_C28841,0.11136757272179186
Strep_C28842,0.11136757272179186
Strep_C28843,0.11136757272179186
Strep_C28844,0.11136757272179186
Strep_C28845,0.351325490499599
Strep_C28846,0.351325490499599
Strep_C28847,0.23305302815717163
Strep_C28848,0.23305302815717163
Strep_C28849,0.23305302815717163
Strep_C2884,0.35245843672205746
Strep_C28850,0.23305302815717163
Strep_C28851,0.2337017810381666
Strep_C28852,0.11634201451864289
Strep_C28853,0.11634201451864289
Strep_C28854,0.23370178103816636
Strep_C28855,0.11634201451864289
Strep_C28856,0.11634201451864289
Strep_C28857,0.11634201451864289
Strep_C28858,0.11634201451864289
Strep_C28859,0.11634201451864289
Strep_C2885,0.1163415109155265
Strep_C28860,0.11634201451864289
Strep_C28861,0.23370178103816636
Strep_C28862,0.11634201451864289
Strep_C28863,0.11634201451864289
Strep_C28864,0.11634201451864289
Strep_C28865,0.11634201451864289
Strep_C28866,0.11634201451864289
Strep_C28867,0.11634201451864289
Strep_C28868,0.11634201451864289
Strep_C28869,0.11634201451864289
Strep_C2886,0.11634201451864289
Strep_C28870,0.11634201451864289
Strep_C28871,0.11634201451864289
Strep_C28872,0.11634201451864289
Strep_C28873,0.11634201451864289
Strep_C28874,0.11634201451864289
Strep_C28875,0.1163415109155265
Strep_C28876,0.1163415109155265
Strep_C28877,0.1163415109155265
Strep_C28878,0.1163415109155265
Strep_C28879,0.1163415109155265
Strep_C2887,0.11136757272179186
Strep_C28880,0.1163415109155265
Strep_C28881,0.1163415109155265
Strep_C28882,0.1163415109155265
Strep_C28883,0.99999999
Strep_C28884,0.99999999
Strep_C28885,0.2337017810381666
Strep_C28886,0.11634201451864289
Strep_C28887,0.11634201451864289
Strep_C28888,0.11634201451864289
Strep_C28889,0.11634201451864289
Strep_C2888,0.11136757272179186
Strep_C28890,0.11634201451864289
Strep_C28891,0.11634201451864289
Strep_C28892,0.47311830745470035
Strep_C28893,0.11634201451864289
Strep_C28894,0.11634201451864289
Strep_C28895,0.11634201451864289
Strep_C28896,0.11634201451864289
Strep_C28897,0.6665426254504294
Strep_C28898,0.351325490499599
Strep_C28899,0.11634201451864289
Strep_C2889,0.11136757272179186
Strep_C288,0.11634201451864289
Strep_C28900,0.11634201451864289
Strep_C28901,0.11634201451864289
Strep_C28902,0.11634201451864289
Strep_C28903,0.11634201451864289
Strep_C28904,0.11136757272179186
Strep_C28905,0.44444989529753154
Strep_C28906,0.11136757272179186
Strep_C28907,0.11136757272179186
Strep_C28908,0.11136757272179186
Strep_C28909,0.7847940789287989
Strep_C2890,0.11136757272179186
Strep_C28910,0.11136757272179186
Strep_C28911,0.11136757272179186
Strep_C28912,0.11136757272179186
Strep_C28913,0.23305302815717163
Strep_C28914,0.23305302815717163
Strep_C28915,0.1160600458814914
Strep_C28916,0.1160600458814914
Strep_C28917,0.1160600458814914
Strep_C28918,0.2337017810381666
Strep_C28919,0.2337017810381666
Strep_C2891,0.11136757272179186
Strep_C28920,0.11634201451864289
Strep_C28921,0.11634201451864289
Strep_C28922,0.11634201451864289
Strep_C28923,0.11634201451864289
Strep_C28924,0.11634201451864289
Strep_C28925,0.11634201451864289
Strep_C28926,0.11634201451864289
Strep_C28927,0.11634201451864289
Strep_C28928,0.11634201451864289
Strep_C28929,0.11634201451864289
Strep_C2892,0.8524313909199117
Strep_C28930,0.11634201451864289
Strep_C28931,0.23370178103816636
Strep_C28932,0.11634201451864289
Strep_C28933,0.11634201451864289
Strep_C28934,0.11634201451864289
Strep_C28935,0.11634201451864289
Strep_C28936,0.11634201451864289
Strep_C28937,0.11634201451864289
Strep_C28938,0.2337017810381666
Strep_C28939,0.11634201451864289
Strep_C2893,0.23305302815717163
Strep_C28940,0.11634201451864289
Strep_C28941,0.1163415109155265
Strep_C28942,0.1163415109155265
Strep_C28943,0.471274539360154
Strep_C28944,0.1163415109155265
Strep_C28945,0.1163415109155265
Strep_C28946,0.1163415109155265
Strep_C28947,0.1163415109155265
Strep_C28948,0.1163415109155265
Strep_C28949,0.1163415109155265
Strep_C2894,0.35245843672205746
Strep_C28950,0.1163415109155265
Strep_C28951,0.1163415109155265
Strep_C28952,0.1163415109155265
Strep_C28953,0.1163415109155265
Strep_C28954,0.1163415109155265
Strep_C28955,0.99999999
Strep_C28956,0.7256406595528874
Strep_C28957,0.47311830745470035
Strep_C28958,0.11634201451864289
Strep_C28959,0.11634201451864289
Strep_C2895,0.5967214293920762
Strep_C28960,0.11634201451864289
Strep_C28961,0.5967242474384321
Strep_C28962,0.11634201451864289
Strep_C28963,0.11634201451864289
Strep_C28964,0.35245843672205746
Strep_C28965,0.11634201451864289
Strep_C28966,0.11634201451864289
Strep_C28967,0.5967214293920762
Strep_C28968,0.11634201451864289
Strep_C28969,0.11634201451864289
Strep_C2896,0.23370228693111114
Strep_C28970,0.11634201451864289
Strep_C28971,0.11634201451864289
Strep_C28972,0.11634201451864289
Strep_C28973,0.11634201451864289
Strep_C28974,0.11634201451864289
Strep_C28975,0.11136757272179186
Strep_C28976,0.11136757272179186
Strep_C28977,0.11136757272179186
Strep_C28978,0.11136757272179186
Strep_C28979,0.11136757272179186
Strep_C2897,0.2337017810381666
Strep_C28980,0.23305302815717163
Strep_C28981,0.1160600458814914
Strep_C28982,0.23305302815717163
Strep_C28983,0.2337017810381666
Strep_C28984,0.7256406595528874
Strep_C28985,0.11634201451864289
Strep_C28986,0.2337017810381666
Strep_C28987,0.11634201451864289
Strep_C28988,0.11634201451864289
Strep_C28989,0.11634201451864289
Strep_C2898,0.11634201451864289
Strep_C28990,0.11634201451864289
Strep_C28991,0.11634201451864289
Strep_C28992,0.11634201451864289
Strep_C28993,0.11634201451864289
Strep_C28994,0.11634201451864289
Strep_C28995,0.11634201451864289
Strep_C28996,0.11634201451864289
Strep_C28997,0.11634201451864289
Strep_C28998,0.11634201451864289
Strep_C28999,0.11634201451864289
Strep_C2899,0.11634201451864289
Strep_C289,0.1163415109155265
Strep_C28,0.1163415109155265
Strep_C29000,0.11634201451864289
Strep_C29001,0.11634201451864289
Strep_C29002,0.11634201451864289
Strep_C29003,0.11634201451864289
Strep_C29004,0.11634201451864289
Strep_C29005,0.11634201451864289
Strep_C29006,0.11634201451864289
Strep_C29007,0.11634201451864289
Strep_C29008,0.11634201451864289
Strep_C29009,0.11634201451864289
Strep_C2900,0.3524582818100281
Strep_C29010,0.11634201451864289
Strep_C29011,0.11634201451864289
Strep_C29012,0.1163415109155265
Strep_C29013,0.1163415109155265
Strep_C29014,0.1163415109155265
Strep_C29015,0.5967214293920762
Strep_C29016,0.1163415109155265
Strep_C29017,0.1163415109155265
Strep_C29018,0.1163415109155265
Strep_C29019,0.1163415109155265
Strep_C2901,0.8524313909199117
Strep_C29020,0.1163415109155265
Strep_C29021,0.1163415109155265
Strep_C29022,0.47311830745470035
Strep_C29023,0.557982185216091
Strep_C29024,0.11634201451864289
Strep_C29025,0.8524313909199117
Strep_C29026,0.11634201451864289
Strep_C29027,0.23370178103816636
Strep_C29028,0.11634201451864289
Strep_C29029,0.35245843672205746
Strep_C2902,0.1163415109155265
Strep_C29030,0.11634201451864289
Strep_C29031,0.11634201451864289
Strep_C29032,0.99999999
Strep_C29033,0.11634201451864289
Strep_C29034,0.11634201451864289
Strep_C29035,0.11634201451864289
Strep_C29036,0.11634201451864289
Strep_C29037,0.8524331858472348
Strep_C29038,0.11634201451864289
Strep_C29039,0.11634201451864289
Strep_C2903,0.1163415109155265
Strep_C29040,0.11634201451864289
Strep_C29041,0.11634201451864289
Strep_C29042,0.11634201451864289
Strep_C29043,0.11634201451864289
Strep_C29044,0.11634201451864289
Strep_C29045,0.11136757272179186
Strep_C29046,0.11136757272179186
Strep_C29047,0.11136757272179186
Strep_C29048,0.11136757272179186
Strep_C29049,0.23305302815717163
Strep_C2904,0.11634201451864289
Strep_C29050,0.23305302815717163
Strep_C29051,0.23305302815717163
Strep_C29052,0.23305302815717163
Strep_C29053,0.23305302815717163
Strep_C29054,0.23305302815717163
Strep_C29055,0.23305302815717163
Strep_C29056,0.23305302815717163
Strep_C29057,0.1160600458814914
Strep_C29058,0.1160600458814914
Strep_C29059,0.1160600458814914
Strep_C2905,0.99999999
Strep_C29060,0.35245843672205746
Strep_C29061,0.2337017810381666
Strep_C29062,0.11634201451864289
Strep_C29063,0.3524582818100281
Strep_C29064,0.2337017810381666
Strep_C29065,0.23370178103816636
Strep_C29066,0.2337017810381666
Strep_C29067,0.11634201451864289
Strep_C29068,0.2337017810381666
Strep_C29069,0.11634201451864289
Strep_C2906,0.35245843672205746
Strep_C29070,0.11634201451864289
Strep_C29071,0.22283322077504625
Strep_C29072,0.11634201451864289
Strep_C29073,0.11634201451864289
Strep_C29074,0.11634201451864289
Strep_C29075,0.11634201451864289
Strep_C29076,0.11634201451864289
Strep_C29077,0.11634201451864289
Strep_C29078,0.11634201451864289
Strep_C29079,0.11634201451864289
Strep_C2907,0.9053588679153928
Strep_C29080,0.11634201451864289
Strep_C29081,0.11634201451864289
Strep_C29082,0.11634201451864289
Strep_C29083,0.11634201451864289
Strep_C29084,0.11634201451864289
Strep_C29085,0.11634201451864289
Strep_C29086,0.1163415109155265
Strep_C29087,0.1163415109155265
Strep_C29088,0.1163415109155265
Strep_C29089,0.1163415109155265
Strep_C2908,0.47311830745470035
Strep_C29090,0.1163415109155265
Strep_C29091,0.1163415109155265
Strep_C29092,0.1163415109155265
Strep_C29093,0.1163415109155265
Strep_C29094,0.8524331858472348
Strep_C29095,0.47311830745470035
Strep_C29096,0.23370178103816636
Strep_C29097,0.47311830745470035
Strep_C29098,0.2337017810381666
Strep_C29099,0.35245843672205746
Strep_C2909,0.11634201451864289
Strep_C290,0.11634201451864289
Strep_C29100,0.11634201451864289
Strep_C29101,0.11634201451864289
Strep_C29102,0.5967242474384321
Strep_C29103,0.11634201451864289
Strep_C29104,0.7256406595528874
Strep_C29105,0.7198634438443039
Strep_C29106,0.47311830745470035
Strep_C29107,0.23370178103816636
Strep_C29108,0.11634201451864289
Strep_C29109,0.23370178103816636
Strep_C2910,0.23305302815717163
Strep_C29110,0.11634201451864289
Strep_C29111,0.11634201451864289
Strep_C29112,0.47127620612957083
Strep_C29113,0.23370228693111114
Strep_C29114,0.11634201451864289
Strep_C29115,0.11634201451864289
Strep_C29116,0.11634201451864289
Strep_C29117,0.11634201451864289
Strep_C29118,0.11634201451864289
Strep_C29119,0.11634201451864289
Strep_C2911,0.5967214293920762
Strep_C29120,0.11634201451864289
Strep_C29121,0.11634201451864289
Strep_C29122,0.11136757272179186
Strep_C29123,0.11136757272179186
Strep_C29124,0.11136757272179186
Strep_C29125,0.11136757272179186
Strep_C29126,0.23305302815717163
Strep_C29127,0.23305302815717163
Strep_C29128,0.7198634438443039
Strep_C29129,0.1160600458814914
Strep_C2912,0.47311830745470035
Strep_C29130,0.11634201451864289
Strep_C29131,0.11634201451864289
Strep_C29132,0.11634201451864289
Strep_C29133,0.11634201451864289
Strep_C29134,0.11634201451864289
Strep_C29135,0.23370178103816636
Strep_C29136,0.11634201451864289
Strep_C29137,0.11634201451864289
Strep_C29138,0.11634201451864289
Strep_C29139,0.11634201451864289
Strep_C2913,0.2337017810381666
Strep_C29140,0.11634201451864289
Strep_C29141,0.11634201451864289
Strep_C29142,0.11634201451864289
Strep_C29143,0.11634201451864289
Strep_C29144,0.11634201451864289
Strep_C29145,0.11634201451864289
Strep_C29146,0.11634201451864289
Strep_C29147,0.11634201451864289
Strep_C29148,0.11634201451864289
Strep_C29149,0.11634201451864289
Strep_C2914,0.2337017810381666
Strep_C29150,0.11634201451864289
Strep_C29151,0.11634201451864289
Strep_C29152,0.11634201451864289
Strep_C29153,0.11634201451864289
Strep_C29154,0.11634201451864289
Strep_C29155,0.11634201451864289
Strep_C29156,0.1163415109155265
Strep_C29157,0.1163415109155265
Strep_C29158,0.1163415109155265
Strep_C29159,0.1163415109155265
Strep_C2915,0.2337017810381666
Strep_C29160,0.1163415109155265
Strep_C29161,0.5936427844819077
Strep_C29162,0.1163415109155265
Strep_C29163,0.1163415109155265
Strep_C29164,0.99999999
Strep_C29165,0.99999999
Strep_C29166,0.99999999
Strep_C29167,0.99999999
Strep_C29168,0.99999999
Strep_C29169,0.11634201451864289
Strep_C2916,0.1163415109155265
Strep_C29170,0.99999999
Strep_C29171,0.99999999
Strep_C29172,0.11634201451864289
Strep_C29173,0.11634201451864289
Strep_C29174,0.11634201451864289
Strep_C29175,0.11634201451864289
Strep_C29176,0.11634201451864289
Strep_C29177,0.11634201451864289
Strep_C29178,0.5967214293920762
Strep_C29179,0.11634201451864289
Strep_C2917,0.11634201451864289
Strep_C29180,0.23370228693111114
Strep_C29181,0.11634201451864289
Strep_C29182,0.35245843672205746
Strep_C29183,0.11634201451864289
Strep_C29184,0.471274539360154
Strep_C29185,0.11634201451864289
Strep_C29186,0.11634201451864289
Strep_C29187,0.11634201451864289
Strep_C29188,0.11136757272179186
Strep_C29189,0.11136757272179186
Strep_C2918,0.11634201451864289
Strep_C29190,0.11136757272179186
Strep_C29191,0.11136757272179186
Strep_C29192,0.11136757272179186
Strep_C29193,0.11136757272179186
Strep_C29194,0.11136757272179186
Strep_C29195,0.351325490499599
Strep_C29196,0.23305302815717163
Strep_C29197,0.23305302815717163
Strep_C29198,0.23305302815717163
Strep_C29199,0.23305302815717163
Strep_C2919,0.99999999
Strep_C291,0.1163415109155265
Strep_C29200,0.23305302815717163
Strep_C29201,0.1160600458814914
Strep_C29202,0.23305302815717163
Strep_C29203,0.1160600458814914
Strep_C29204,0.4712762061295706
Strep_C29205,0.23305302815717163
Strep_C29206,0.11634201451864289
Strep_C29207,0.2337017810381666
Strep_C29208,0.11634201451864289
Strep_C29209,0.11634201451864289
Strep_C2920,0.351325490499599
Strep_C29210,0.11634201451864289
Strep_C29211,0.11634201451864289
Strep_C29212,0.11634201451864289
Strep_C29213,0.11634201451864289
Strep_C29214,0.11634201451864289
Strep_C29215,0.11634201451864289
Strep_C29216,0.11634201451864289
Strep_C29217,0.11634201451864289
Strep_C29218,0.11634201451864289
Strep_C29219,0.11634201451864289
Strep_C2921,0.99999999
Strep_C29220,0.11634201451864289
Strep_C29221,0.11634201451864289
Strep_C29222,0.1163415109155265
Strep_C29223,0.1163415109155265
Strep_C29224,0.1163415109155265
Strep_C29225,0.1163415109155265
Strep_C29226,0.1163415109155265
Strep_C29227,0.1163415109155265
Strep_C29228,0.1163415109155265
Strep_C29229,0.1163415109155265
Strep_C2922,0.1160600458814914
Strep_C29230,0.1163415109155265
Strep_C29231,0.1163415109155265
Strep_C29232,0.1163415109155265
Strep_C29233,0.1163415109155265
Strep_C29234,0.1163415109155265
Strep_C29235,0.1163415109155265
Strep_C29236,0.1163415109155265
Strep_C29237,0.99999999
Strep_C29238,0.47311830745470035
Strep_C29239,0.557982185216091
Strep_C2923,0.11634201451864289
Strep_C29240,0.11634201451864289
Strep_C29241,0.11634201451864289
Strep_C29242,0.23370178103816636
Strep_C29243,0.35245843672205746
Strep_C29244,0.11634201451864289
Strep_C29245,0.47311830745470035
Strep_C29246,0.11634201451864289
Strep_C29247,0.8524313909199117
Strep_C29248,0.3524582818100281
Strep_C29249,0.351325490499599
Strep_C2924,0.11634201451864289
Strep_C29250,0.5936452796634148
Strep_C29251,0.11634201451864289
Strep_C29252,0.47311830745470035
Strep_C29253,0.23370228693111114
Strep_C29254,0.11634201451864289
Strep_C29255,0.11634201451864289
Strep_C29256,0.11634201451864289
Strep_C29257,0.11634201451864289
Strep_C29258,0.11634201451864289
Strep_C29259,0.11634201451864289
Strep_C2925,0.23370228693111114
Strep_C29260,0.11634201451864289
Strep_C29261,0.11136757272179186
Strep_C29262,0.5555546390366239
Strep_C29263,0.11136757272179186
Strep_C29264,0.11136757272179186
Strep_C29265,0.11136757272179186
Strep_C29266,0.11136757272179186
Strep_C29267,0.11136757272179186
Strep_C29268,0.11136757272179186
Strep_C29269,0.5579816378691367
Strep_C2926,0.11634201451864289
Strep_C29270,0.333266628208235
Strep_C29271,0.11136757272179186
Strep_C29272,0.23305302815717163
Strep_C29273,0.23305302815717163
Strep_C29274,0.23305302815717163
Strep_C29275,0.23305302815717163
Strep_C29276,0.23305302815717163
Strep_C29277,0.23305302815717163
Strep_C29278,0.47311651524910325
Strep_C29279,0.2337017810381666
Strep_C2927,0.1163415109155265
Strep_C29280,0.35245843672205746
Strep_C29281,0.11634201451864289
Strep_C29282,0.11634201451864289
Strep_C29283,0.11634201451864289
Strep_C29284,0.11634201451864289
Strep_C29285,0.11634201451864289
Strep_C29286,0.11634201451864289
Strep_C29287,0.11634201451864289
Strep_C29288,0.11634201451864289
Strep_C29289,0.11634201451864289
Strep_C2928,0.1163415109155265
Strep_C29290,0.11634201451864289
Strep_C29291,0.11634201451864289
Strep_C29292,0.11634201451864289
Strep_C29293,0.11634201451864289
Strep_C29294,0.23370178103816636
Strep_C29295,0.11634201451864289
Strep_C29296,0.1163415109155265
Strep_C29297,0.1163415109155265
Strep_C29298,0.1163415109155265
Strep_C29299,0.1163415109155265
Strep_C2929,0.8524331858472348
Strep_C292,0.11634201451864289
Strep_C29300,0.1163415109155265
Strep_C29301,0.1163415109155265
Strep_C29302,0.1163415109155265
Strep_C29303,0.1163415109155265
Strep_C29304,0.1163415109155265
Strep_C29305,0.1163415109155265
Strep_C29306,0.1163415109155265
Strep_C29307,0.1163415109155265
Strep_C29308,0.7256406595528874
Strep_C29309,0.99999999
Strep_C2930,0.5967214293920762
Strep_C29310,0.2337017810381666
Strep_C29311,0.5967242474384321
Strep_C29312,0.23370178103816636
Strep_C29313,0.11634201451864289
Strep_C29314,0.11634201451864289
Strep_C29315,0.11634201451864289
Strep_C29316,0.11634201451864289
Strep_C29317,0.11634201451864289
Strep_C29318,0.2337017810381666
Strep_C29319,0.11634201451864289
Strep_C2931,0.23370228693111114
Strep_C29320,0.11634201451864289
Strep_C29321,0.11634201451864289
Strep_C29322,0.11634201451864289
Strep_C29323,0.23370178103816636
Strep_C29324,0.11634201451864289
Strep_C29325,0.351325490499599
Strep_C29326,0.471274539360154
Strep_C29327,0.11634201451864289
Strep_C29328,0.11634201451864289
Strep_C29329,0.11634201451864289
Strep_C2932,0.11634201451864289
Strep_C29330,0.11634201451864289
Strep_C29331,0.11634201451864289
Strep_C29332,0.11634201451864289
Strep_C29333,0.11634201451864289
Strep_C29334,0.11634201451864289
Strep_C29335,0.11634201451864289
Strep_C29336,0.11634201451864289
Strep_C29337,0.11136757272179186
Strep_C29338,0.11136757272179186
Strep_C29339,0.11136757272179186
Strep_C2933,0.11136757272179186
Strep_C29340,0.11136757272179186
Strep_C29341,0.11136757272179186
Strep_C29342,0.11136757272179186
Strep_C29343,0.11136757272179186
Strep_C29344,0.11136757272179186
Strep_C29345,0.11136757272179186
Strep_C29346,0.11136757272179186
Strep_C29347,0.47127620612957083
Strep_C29348,0.23305302815717163
Strep_C29349,0.23305302815717163
Strep_C2934,0.35245843672205746
Strep_C29350,0.351325490499599
Strep_C29351,0.1160600458814914
Strep_C29352,0.23305302815717163
Strep_C29353,0.1160600458814914
Strep_C29354,0.11634201451864289
Strep_C29355,0.47311651524910325
Strep_C29356,0.35245843672205746
Strep_C29357,0.2337017810381666
Strep_C29358,0.334259100712907
Strep_C29359,0.23370178103816636
Strep_C2935,0.5936452796634148
Strep_C29360,0.2337017810381666
Strep_C29361,0.11634201451864289
Strep_C29362,0.11634201451864289
Strep_C29363,0.2337017810381666
Strep_C29364,0.11634201451864289
Strep_C29365,0.11634201451864289
Strep_C29366,0.11634201451864289
Strep_C29367,0.11634201451864289
Strep_C29368,0.11634201451864289
Strep_C29369,0.11634201451864289
Strep_C2936,0.11634201451864289
Strep_C29370,0.11634201451864289
Strep_C29371,0.11634201451864289
Strep_C29372,0.11634201451864289
Strep_C29373,0.11634201451864289
Strep_C29374,0.11634201451864289
Strep_C29375,0.11634201451864289
Strep_C29376,0.11634201451864289
Strep_C29377,0.11634201451864289
Strep_C29378,0.11634201451864289
Strep_C29379,0.1163415109155265
Strep_C2937,0.1163415109155265
Strep_C29380,0.1163415109155265
Strep_C29381,0.1163415109155265
Strep_C29382,0.1163415109155265
Strep_C29383,0.1163415109155265
Strep_C29384,0.1163415109155265
Strep_C29385,0.1163415109155265
Strep_C29386,0.99999999
Strep_C29387,0.99999999
Strep_C29388,0.5967214293920762
Strep_C29389,0.11634201451864289
Strep_C2938,0.99999999
Strep_C29390,0.23370178103816636
Strep_C29391,0.7198634438443039
Strep_C29392,0.35245843672205746
Strep_C29393,0.23370178103816636
Strep_C29394,0.11634201451864289
Strep_C29395,0.11634201451864289
Strep_C29396,0.11634201451864289
Strep_C29397,0.2337017810381666
Strep_C29398,0.11634201451864289
Strep_C29399,0.11634201451864289
Strep_C2939,0.11634201451864289
Strep_C293,0.11634201451864289
Strep_C29400,0.11634201451864289
Strep_C29401,0.11634201451864289
Strep_C29402,0.11634201451864289
Strep_C29403,0.11634201451864289
Strep_C29404,0.11634201451864289
Strep_C29405,0.11634201451864289
Strep_C29406,0.11634201451864289
Strep_C29407,0.11136757272179186
Strep_C29408,0.11136757272179186
Strep_C29409,0.11136757272179186
Strep_C2940,0.5555542629982061
Strep_C29410,0.11136757272179186
Strep_C29411,0.11136757272179186
Strep_C29412,0.11136757272179186
Strep_C29413,0.11136757272179186
Strep_C29414,0.11136757272179186
Strep_C29415,0.11136757272179186
Strep_C29416,0.23305302815717163
Strep_C29417,0.23305302815717163
Strep_C29418,0.23305302815717163
Strep_C29419,0.351325490499599
Strep_C2941,0.11634201451864289
Strep_C29420,0.23305302815717163
Strep_C29421,0.23305302815717163
Strep_C29422,0.23305302815717163
Strep_C29423,0.8889131171654778
Strep_C29424,0.23370178103816636
Strep_C29425,0.47311651524910325
Strep_C29426,0.2337017810381666
Strep_C29427,0.11634201451864289
Strep_C29428,0.11634201451864289
Strep_C29429,0.11634201451864289
Strep_C2942,0.11136757272179186
Strep_C29430,0.11634201451864289
Strep_C29431,0.23370178103816636
Strep_C29432,0.11634201451864289
Strep_C29433,0.11634201451864289
Strep_C29434,0.11634201451864289
Strep_C29435,0.11634201451864289
Strep_C29436,0.11634201451864289
Strep_C29437,0.11634201451864289
Strep_C29438,0.11634201451864289
Strep_C29439,0.11634201451864289
Strep_C2943,0.1160600458814914
Strep_C29440,0.23370178103816636
Strep_C29441,0.11634201451864289
Strep_C29442,0.11634201451864289
Strep_C29443,0.11634201451864289
Strep_C29444,0.23370228693111114
Strep_C29445,0.11634201451864289
Strep_C29446,0.11634201451864289
Strep_C29447,0.11634201451864289
Strep_C29448,0.11634201451864289
Strep_C29449,0.11634201451864289
Strep_C2944,0.23305302815717163
Strep_C29450,0.11634201451864289
Strep_C29451,0.11634201451864289
Strep_C29452,0.11634201451864289
Strep_C29453,0.1163415109155265
Strep_C29454,0.1163415109155265
Strep_C29455,0.1163415109155265
Strep_C29456,0.1163415109155265
Strep_C29457,0.1163415109155265
Strep_C29458,0.1163415109155265
Strep_C29459,0.1163415109155265
Strep_C2945,0.11634201451864289
Strep_C29460,0.1163415109155265
Strep_C29461,0.1163415109155265
Strep_C29462,0.1163415109155265
Strep_C29463,0.1163415109155265
Strep_C29464,0.1163415109155265
Strep_C29465,0.47311830745470035
Strep_C29466,0.5579816378691367
Strep_C29467,0.8889223478224411
Strep_C29468,0.11634201451864289
Strep_C29469,0.11634201451864289
Strep_C2946,0.1163415109155265
Strep_C29470,0.11634201451864289
Strep_C29471,0.11634201451864289
Strep_C29472,0.2337017810381666
Strep_C29473,0.23370178103816636
Strep_C29474,0.11634201451864289
Strep_C29475,0.11634201451864289
Strep_C29476,0.11634201451864289
Strep_C29477,0.11634201451864289
Strep_C29478,0.11634201451864289
Strep_C29479,0.5967214293920762
Strep_C2947,0.99999999
Strep_C29480,0.11634201451864289
Strep_C29481,0.5555542629982061
Strep_C29482,0.11634201451864289
Strep_C29483,0.11634201451864289
Strep_C29484,0.11634201451864289
Strep_C29485,0.11634201451864289
Strep_C29486,0.11634201451864289
Strep_C29487,0.11634201451864289
Strep_C29488,0.11634201451864289
Strep_C29489,0.11634201451864289
Strep_C2948,0.7778659244097796
Strep_C29490,0.11136757272179186
Strep_C29491,0.11136757272179186
Strep_C29492,0.7778659244097796
Strep_C29493,0.11136757272179186
Strep_C29494,0.1160600458814914
Strep_C29495,0.23305302815717163
Strep_C29496,0.1160600458814914
Strep_C29497,0.23305302815717163
Strep_C29498,0.23305302815717163
Strep_C29499,0.23305302815717163
Strep_C2949,0.11136757272179186
Strep_C294,0.23370178103816636
Strep_C29500,0.1160600458814914
Strep_C29501,0.1160600458814914
Strep_C29502,0.47311651524910325
Strep_C29503,0.11634201451864289
Strep_C29504,0.11634201451864289
Strep_C29505,0.2337017810381666
Strep_C29506,0.11634201451864289
Strep_C29507,0.11634201451864289
Strep_C29508,0.11634201451864289
Strep_C29509,0.11634201451864289
Strep_C2950,0.11136757272179186
Strep_C29510,0.11634201451864289
Strep_C29511,0.11634201451864289
Strep_C29512,0.11634201451864289
Strep_C29513,0.23370178103816636
Strep_C29514,0.11634201451864289
Strep_C29515,0.99999999
Strep_C29516,0.11634201451864289
Strep_C29517,0.23370178103816636
Strep_C29518,0.11634201451864289
Strep_C29519,0.11634201451864289
Strep_C2951,0.99999999
Strep_C29520,0.11634201451864289
Strep_C29521,0.11634201451864289
Strep_C29522,0.11634201451864289
Strep_C29523,0.11634201451864289
Strep_C29524,0.11634201451864289
Strep_C29525,0.11634201451864289
Strep_C29526,0.11634201451864289
Strep_C29527,0.11634201451864289
Strep_C29528,0.11634201451864289
Strep_C29529,0.35132537846575046
Strep_C2952,0.23305302815717163
Strep_C29530,0.1163415109155265
Strep_C29531,0.1163415109155265
Strep_C29532,0.1163415109155265
Strep_C29533,0.1163415109155265
Strep_C29534,0.1163415109155265
Strep_C29535,0.1163415109155265
Strep_C29536,0.1163415109155265
Strep_C29537,0.5967214293920762
Strep_C29538,0.23370228693111114
Strep_C29539,0.1163415109155265
Strep_C2953,0.11634201451864289
Strep_C29540,0.1163415109155265
Strep_C29541,0.1163415109155265
Strep_C29542,0.1163415109155265
Strep_C29543,0.1163415109155265
Strep_C29544,0.47311830745470035
Strep_C29545,0.11634201451864289
Strep_C29546,0.11634201451864289
Strep_C29547,0.11634201451864289
Strep_C29548,0.11634201451864289
Strep_C29549,0.11634201451864289
Strep_C2954,0.99999999
Strep_C29550,0.23370178103816636
Strep_C29551,0.11634201451864289
Strep_C29552,0.11634201451864289
Strep_C29553,0.11634201451864289
Strep_C29554,0.11634201451864289
Strep_C29555,0.11634201451864289
Strep_C29556,0.11634201451864289
Strep_C29557,0.11634201451864289
Strep_C29558,0.11634201451864289
Strep_C29559,0.35245843672205746
Strep_C2955,0.333266628208235
Strep_C29560,0.11634201451864289
Strep_C29561,0.11634201451864289
Strep_C29562,0.11136757272179186
Strep_C29563,0.11136757272179186
Strep_C29564,0.11136757272179186
Strep_C29565,0.23305302815717163
Strep_C29566,0.23305302815717163
Strep_C29567,0.23305302815717163
Strep_C29568,0.23305302815717163
Strep_C29569,0.1160600458814914
Strep_C2956,0.2337017810381666
Strep_C29570,0.1160600458814914
Strep_C29571,0.11634201451864289
Strep_C29572,0.11634201451864289
Strep_C29573,0.11634201451864289
Strep_C29574,0.11634201451864289
Strep_C29575,0.11634201451864289
Strep_C29576,0.11634201451864289
Strep_C29577,0.11634201451864289
Strep_C29578,0.11634201451864289
Strep_C29579,0.11634201451864289
Strep_C2957,0.2337017810381666
Strep_C29580,0.11634201451864289
Strep_C29581,0.11634201451864289
Strep_C29582,0.23370228693111114
Strep_C29583,0.11634201451864289
Strep_C29584,0.11634201451864289
Strep_C29585,0.11634201451864289
Strep_C29586,0.11634201451864289
Strep_C29587,0.11634201451864289
Strep_C29588,0.11634201451864289
Strep_C29589,0.1163415109155265
Strep_C2958,0.47311830745470035
Strep_C29590,0.1163415109155265
Strep_C29591,0.1163415109155265
Strep_C29592,0.1163415109155265
Strep_C29593,0.1163415109155265
Strep_C29594,0.1163415109155265
Strep_C29595,0.1163415109155265
Strep_C29596,0.1163415109155265
Strep_C29597,0.1163415109155265
Strep_C29598,0.1163415109155265
Strep_C29599,0.6704550730094094
Strep_C2959,0.5967242474384321
Strep_C295,0.11634201451864289
Strep_C29600,0.11634201451864289
Strep_C29601,0.11634201451864289
Strep_C29602,0.11634201451864289
Strep_C29603,0.11634201451864289
Strep_C29604,0.11634201451864289
Strep_C29605,0.11634201451864289
Strep_C29606,0.11634201451864289
Strep_C29607,0.11634201451864289
Strep_C29608,0.11634201451864289
Strep_C29609,0.23370178103816636
Strep_C2960,0.23305302815717163
Strep_C29610,0.11634201451864289
Strep_C29611,0.35245843672205746
Strep_C29612,0.11634201451864289
Strep_C29613,0.11634201451864289
Strep_C29614,0.11634201451864289
Strep_C29615,0.11634201451864289
Strep_C29616,0.11634201451864289
Strep_C29617,0.11634201451864289
Strep_C29618,0.11634201451864289
Strep_C29619,0.11634201451864289
Strep_C2961,0.1160600458814914
Strep_C29620,0.11136757272179186
Strep_C29621,0.11136757272179186
Strep_C29622,0.7778659244097796
Strep_C29623,0.11136757272179186
Strep_C29624,0.11136757272179186
Strep_C29625,0.11136757272179186
Strep_C29626,0.22283322077504625
Strep_C29627,0.11136757272179186
Strep_C29628,0.11136757272179186
Strep_C29629,0.23305302815717163
Strep_C2962,0.23305302815717163
Strep_C29630,0.7198634438443039
Strep_C29631,0.1160600458814914
Strep_C29632,0.23305302815717163
Strep_C29633,0.1160600458814914
Strep_C29634,0.1160600458814914
Strep_C29635,0.11634201451864289
Strep_C29636,0.2337017810381666
Strep_C29637,0.23370178103816636
Strep_C29638,0.11634201451864289
Strep_C29639,0.11634201451864289
Strep_C2963,0.1160600458814914
Strep_C29640,0.11634201451864289
Strep_C29641,0.11634201451864289
Strep_C29642,0.2337017810381666
Strep_C29643,0.11634201451864289
Strep_C29644,0.11634201451864289
Strep_C29645,0.11634201451864289
Strep_C29646,0.11634201451864289
Strep_C29647,0.11634201451864289
Strep_C29648,0.1163415109155265
Strep_C29649,0.23370228693111114
Strep_C2964,0.11634201451864289
Strep_C29650,0.5967214293920762
Strep_C29651,0.1163415109155265
Strep_C29652,0.1163415109155265
Strep_C29653,0.1163415109155265
Strep_C29654,0.1163415109155265
Strep_C29655,0.1163415109155265
Strep_C29656,0.1163415109155265
Strep_C29657,0.99999999
Strep_C29658,0.23370178103816636
Strep_C29659,0.8524331858472348
Strep_C2965,0.11634201451864289
Strep_C29660,0.23370178103816636
Strep_C29661,0.5936452796634148
Strep_C29662,0.11634201451864289
Strep_C29663,0.11634201451864289
Strep_C29664,0.11634201451864289
Strep_C29665,0.11634201451864289
Strep_C29666,0.11634201451864289
Strep_C29667,0.3524582818100281
Strep_C29668,0.23370228693111114
Strep_C29669,0.11634201451864289
Strep_C2966,0.11634201451864289
Strep_C29670,0.3524582818100281
Strep_C29671,0.11634201451864289
Strep_C29672,0.11634201451864289
Strep_C29673,0.11634201451864289
Strep_C29674,0.11634201451864289
Strep_C29675,0.23370228693111114
Strep_C29676,0.11634201451864289
Strep_C29677,0.11634201451864289
Strep_C29678,0.11634201451864289
Strep_C29679,0.11634201451864289
Strep_C2967,0.1163415109155265
Strep_C29680,0.11634201451864289
Strep_C29681,0.11136757272179186
Strep_C29682,0.11136757272179186
Strep_C29683,0.11136757272179186
Strep_C29684,0.11136757272179186
Strep_C29685,0.11136757272179186
Strep_C29686,0.11136757272179186
Strep_C29687,0.1160600458814914
Strep_C29688,0.23305302815717163
Strep_C29689,0.1160600458814914
Strep_C2968,0.1163415109155265
Strep_C29690,0.1160600458814914
Strep_C29691,0.23305302815717163
Strep_C29692,0.1160600458814914
Strep_C29693,0.11634201451864289
Strep_C29694,0.11634201451864289
Strep_C29695,0.11634201451864289
Strep_C29696,0.11634201451864289
Strep_C29697,0.11634201451864289
Strep_C29698,0.11634201451864289
Strep_C29699,0.47311830745470035
Strep_C2969,0.23370228693111114
Strep_C296,0.1163415109155265
Strep_C29700,0.11634201451864289
Strep_C29701,0.47311830745470035
Strep_C29702,0.11634201451864289
Strep_C29703,0.11634201451864289
Strep_C29704,0.11634201451864289
Strep_C29705,0.11634201451864289
Strep_C29706,0.11634201451864289
Strep_C29707,0.11634201451864289
Strep_C29708,0.11634201451864289
Strep_C29709,0.11634201451864289
Strep_C2970,0.1163415109155265
Strep_C29710,0.11634201451864289
Strep_C29711,0.99999999
Strep_C29712,0.1163415109155265
Strep_C29713,0.1163415109155265
Strep_C29714,0.1163415109155265
Strep_C29715,0.23370228693111114
Strep_C29716,0.1163415109155265
Strep_C29717,0.1163415109155265
Strep_C29718,0.1163415109155265
Strep_C29719,0.1163415109155265
Strep_C2971,0.1163415109155265
Strep_C29720,0.1163415109155265
Strep_C29721,0.1163415109155265
Strep_C29722,0.1163415109155265
Strep_C29723,0.99999999
Strep_C29724,0.5967242474384321
Strep_C29725,0.7847940789287989
Strep_C29726,0.35245843672205746
Strep_C29727,0.35245843672205746
Strep_C29728,0.11634201451864289
Strep_C29729,0.11634201451864289
Strep_C2972,0.11634201451864289
Strep_C29730,0.11634201451864289
Strep_C29731,0.23370178103816636
Strep_C29732,0.5967214293920762
Strep_C29733,0.5967214293920762
Strep_C29734,0.11634201451864289
Strep_C29735,0.11634201451864289
Strep_C29736,0.11634201451864289
Strep_C29737,0.11634201451864289
Strep_C29738,0.11634201451864289
Strep_C29739,0.11136757272179186
Strep_C2973,0.6704550730094094
Strep_C29740,0.11136757272179186
Strep_C29741,0.11136757272179186
Strep_C29742,0.3342595322757504
Strep_C29743,0.11136757272179186
Strep_C29744,0.11136757272179186
Strep_C29745,0.35132537846575046
Strep_C29746,0.1160600458814914
Strep_C29747,0.23305302815717163
Strep_C29748,0.8524313909199117
Strep_C29749,0.1160600458814914
Strep_C2974,0.7256406595528874
Strep_C29750,0.1160600458814914
Strep_C29751,0.2337017810381666
Strep_C29752,0.35245843672205746
Strep_C29753,0.11634201451864289
Strep_C29754,0.11634201451864289
Strep_C29755,0.11634201451864289
Strep_C29756,0.11634201451864289
Strep_C29757,0.11634201451864289
Strep_C29758,0.11634201451864289
Strep_C29759,0.11634201451864289
Strep_C2975,0.2337017810381666
Strep_C29760,0.11634201451864289
Strep_C29761,0.11634201451864289
Strep_C29762,0.11634201451864289
Strep_C29763,0.11634201451864289
Strep_C29764,0.11634201451864289
Strep_C29765,0.1163415109155265
Strep_C29766,0.1163415109155265
Strep_C29767,0.1163415109155265
Strep_C29768,0.1163415109155265
Strep_C29769,0.1163415109155265
Strep_C2976,0.99999999
Strep_C29770,0.1163415109155265
Strep_C29771,0.23370228693111114
Strep_C29772,0.1163415109155265
Strep_C29773,0.99999999
Strep_C29774,0.11634201451864289
Strep_C29775,0.11634201451864289
Strep_C29776,0.2337017810381666
Strep_C29777,0.47311830745470035
Strep_C29778,0.11634201451864289
Strep_C29779,0.11634201451864289
Strep_C2977,0.11634201451864289
Strep_C29780,0.11634201451864289
Strep_C29781,0.99999999
Strep_C29782,0.11634201451864289
Strep_C29783,0.11634201451864289
Strep_C29784,0.11634201451864289
Strep_C29785,0.11634201451864289
Strep_C29786,0.11634201451864289
Strep_C29787,0.2337017810381666
Strep_C29788,0.11634201451864289
Strep_C29789,0.5967214293920762
Strep_C2978,0.11634201451864289
Strep_C29790,0.351325490499599
Strep_C29791,0.11634201451864289
Strep_C29792,0.5967242474384321
Strep_C29793,0.11634201451864289
Strep_C29794,0.11634201451864289
Strep_C29795,0.11634201451864289
Strep_C29796,0.11634201451864289
Strep_C29797,0.11634201451864289
Strep_C29798,0.11136757272179186
Strep_C29799,0.11136757272179186
Strep_C2979,0.11634201451864289
Strep_C297,0.47311830745470035
Strep_C29800,0.11136757272179186
Strep_C29801,0.11136757272179186
Strep_C29802,0.351325490499599
Strep_C29803,0.23305302815717163
Strep_C29804,0.23305302815717163
Strep_C29805,0.23305302815717163
Strep_C29806,0.1160600458814914
Strep_C29807,0.1160600458814914
Strep_C29808,0.11634201451864289
Strep_C29809,0.11634201451864289
Strep_C2980,0.23305302815717163
Strep_C29810,0.11634201451864289
Strep_C29811,0.11634201451864289
Strep_C29812,0.11634201451864289
Strep_C29813,0.11634201451864289
Strep_C29814,0.47127620612957083
Strep_C29815,0.11634201451864289
Strep_C29816,0.11634201451864289
Strep_C29817,0.11634201451864289
Strep_C29818,0.11634201451864289
Strep_C29819,0.11634201451864289
Strep_C2981,0.1160600458814914
Strep_C29820,0.11634201451864289
Strep_C29821,0.11634201451864289
Strep_C29822,0.1163415109155265
Strep_C29823,0.1163415109155265
Strep_C29824,0.1163415109155265
Strep_C29825,0.1163415109155265
Strep_C29826,0.1163415109155265
Strep_C29827,0.1163415109155265
Strep_C29828,0.1163415109155265
Strep_C29829,0.1163415109155265
Strep_C2982,0.23305302815717163
Strep_C29830,0.1163415109155265
Strep_C29831,0.8524331858472348
Strep_C29832,0.99999999
Strep_C29833,0.99999999
Strep_C29834,0.35245843672205746
Strep_C29835,0.11634201451864289
Strep_C29836,0.99999999
Strep_C29837,0.11634201451864289
Strep_C29838,0.11634201451864289
Strep_C29839,0.11634201451864289
Strep_C2983,0.2337017810381666
Strep_C29840,0.11634201451864289
Strep_C29841,0.11634201451864289
Strep_C29842,0.11634201451864289
Strep_C29843,0.11634201451864289
Strep_C29844,0.11634201451864289
Strep_C29845,0.11634201451864289
Strep_C29846,0.11634201451864289
Strep_C29847,0.11136757272179186
Strep_C29848,0.11136757272179186
Strep_C29849,0.23305302815717163
Strep_C2984,0.8524331858472348
Strep_C29850,0.23305302815717163
Strep_C29851,0.1160600458814914
Strep_C29852,0.23305302815717163
Strep_C29853,0.11634201451864289
Strep_C29854,0.11634201451864289
Strep_C29855,0.11634201451864289
Strep_C29856,0.3524582818100281
Strep_C29857,0.11634201451864289
Strep_C29858,0.11634201451864289
Strep_C29859,0.11634201451864289
Strep_C2985,0.23305302815717163
Strep_C29860,0.11634201451864289
Strep_C29861,0.11634201451864289
Strep_C29862,0.11634201451864289
Strep_C29863,0.11634201451864289
Strep_C29864,0.23370228693111114
Strep_C29865,0.11634201451864289
Strep_C29866,0.11634201451864289
Strep_C29867,0.11634201451864289
Strep_C29868,0.11634201451864289
Strep_C29869,0.11634201451864289
Strep_C2986,0.47311830745470035
Strep_C29870,0.11634201451864289
Strep_C29871,0.11634201451864289
Strep_C29872,0.1163415109155265
Strep_C29873,0.1163415109155265
Strep_C29874,0.1163415109155265
Strep_C29875,0.1163415109155265
Strep_C29876,0.1163415109155265
Strep_C29877,0.1163415109155265
Strep_C29878,0.1163415109155265
Strep_C29879,0.8889131171654778
Strep_C2987,0.11634201451864289
Strep_C29880,0.11634201451864289
Strep_C29881,0.11634201451864289
Strep_C29882,0.11634201451864289
Strep_C29883,0.11634201451864289
Strep_C29884,0.35245843672205746
Strep_C29885,0.11634201451864289
Strep_C29886,0.11634201451864289
Strep_C29887,0.11634201451864289
Strep_C29888,0.11634201451864289
Strep_C29889,0.11136757272179186
Strep_C2988,0.1163415109155265
Strep_C29890,0.11136757272179186
Strep_C29891,0.99999999
Strep_C29892,0.23305302815717163
Strep_C29893,0.1160600458814914
Strep_C29894,0.1160600458814914
Strep_C29895,0.35132537846575046
Strep_C29896,0.23305302815717163
Strep_C29897,0.2337017810381666
Strep_C29898,0.11634201451864289
Strep_C29899,0.35245843672205746
Strep_C2989,0.1163415109155265
Strep_C298,0.23305302815717163
Strep_C29900,0.11634201451864289
Strep_C29901,0.11634201451864289
Strep_C29902,0.11634201451864289
Strep_C29903,0.11634201451864289
Strep_C29904,0.11634201451864289
Strep_C29905,0.1163415109155265
Strep_C29906,0.1163415109155265
Strep_C29907,0.1163415109155265
Strep_C29908,0.1163415109155265
Strep_C29909,0.1163415109155265
Strep_C2990,0.35245843672205746
Strep_C29910,0.1163415109155265
Strep_C29911,0.7847901182836508
Strep_C29912,0.11634201451864289
Strep_C29913,0.11634201451864289
Strep_C29914,0.11634201451864289
Strep_C29915,0.11634201451864289
Strep_C29916,0.11634201451864289
Strep_C29917,0.11634201451864289
Strep_C29918,0.11634201451864289
Strep_C29919,0.6704550730094094
Strep_C2991,0.47311651524910325
Strep_C29920,0.11136757272179186
Strep_C29921,0.11136757272179186
Strep_C29922,0.23305302815717163
Strep_C29923,0.23305302815717163
Strep_C29924,0.1160600458814914
Strep_C29925,0.11634201451864289
Strep_C29926,0.11634201451864289
Strep_C29927,0.11634201451864289
Strep_C29928,0.11634201451864289
Strep_C29929,0.23370228693111114
Strep_C2992,0.47311830745470035
Strep_C29930,0.11634201451864289
Strep_C29931,0.11634201451864289
Strep_C29932,0.11634201451864289
Strep_C29933,0.11634201451864289
Strep_C29934,0.11634201451864289
Strep_C29935,0.1163415109155265
Strep_C29936,0.1163415109155265
Strep_C29937,0.1163415109155265
Strep_C29938,0.1163415109155265
Strep_C29939,0.1163415109155265
Strep_C2993,0.47311830745470035
Strep_C29940,0.1163415109155265
Strep_C29941,0.1163415109155265
Strep_C29942,0.1163415109155265
Strep_C29943,0.1163415109155265
Strep_C29944,0.1163415109155265
Strep_C29945,0.23370178103816636
Strep_C29946,0.47311830745470035
Strep_C29947,0.670453025682897
Strep_C29948,0.11634201451864289
Strep_C29949,0.23370178103816636
Strep_C2994,0.11634201451864289
Strep_C29950,0.11634201451864289
Strep_C29951,0.11634201451864289
Strep_C29952,0.11634201451864289
Strep_C29953,0.2337017810381666
Strep_C29954,0.11634201451864289
Strep_C29955,0.11634201451864289
Strep_C29956,0.11634201451864289
Strep_C29957,0.11634201451864289
Strep_C29958,0.11634201451864289
Strep_C29959,0.11634201451864289
Strep_C2995,0.35132537846575046
Strep_C29960,0.11634201451864289
Strep_C29961,0.11634201451864289
Strep_C29962,0.11634201451864289
Strep_C29963,0.11634201451864289
Strep_C29964,0.11634201451864289
Strep_C29965,0.11634201451864289
Strep_C29966,0.11634201451864289
Strep_C29967,0.11634201451864289
Strep_C29968,0.11634201451864289
Strep_C29969,0.11136757272179186
Strep_C2996,0.23305302815717163
Strep_C29970,0.11136757272179186
Strep_C29971,0.11136757272179186
Strep_C29972,0.11136757272179186
Strep_C29973,0.11136757272179186
Strep_C29974,0.23305302815717163
Strep_C29975,0.1160600458814914
Strep_C29976,0.23305302815717163
Strep_C29977,0.23305302815717163
Strep_C29978,0.1160600458814914
Strep_C29979,0.23305302815717163
Strep_C2997,0.1160600458814914
Strep_C29980,0.2337017810381666
Strep_C29981,0.11634201451864289
Strep_C29982,0.11634201451864289
Strep_C29983,0.2337017810381666
Strep_C29984,0.11634201451864289
Strep_C29985,0.11634201451864289
Strep_C29986,0.11634201451864289
Strep_C29987,0.11634201451864289
Strep_C29988,0.11634201451864289
Strep_C29989,0.11634201451864289
Strep_C2998,0.1160600458814914
Strep_C29990,0.11634201451864289
Strep_C29991,0.1163415109155265
Strep_C29992,0.1163415109155265
Strep_C29993,0.1163415109155265
Strep_C29994,0.99999999
Strep_C29995,0.47311830745470035
Strep_C29996,0.11634201451864289
Strep_C29997,0.11634201451864289
Strep_C29998,0.11634201451864289
Strep_C29999,0.11634201451864289
Strep_C2999,0.5967242474384321
Strep_C299,0.11634201451864289
Strep_C29,0.11634201451864289
Strep_C2,0.11634201451864289
Strep_C30000,0.11634201451864289
Strep_C30001,0.11634201451864289
Strep_C30002,0.11136757272179186
Strep_C30003,0.11136757272179186
Strep_C30004,0.1160600458814914
Strep_C30005,0.8524313909199117
Strep_C30006,0.1160600458814914
Strep_C30007,0.1160600458814914
Strep_C30008,0.11634201451864289
Strep_C30009,0.11634201451864289
Strep_C3000,0.11634201451864289
Strep_C30010,0.11634201451864289
Strep_C30011,0.11634201451864289
Strep_C30012,0.11634201451864289
Strep_C30013,0.11634201451864289
Strep_C30014,0.11634201451864289
Strep_C30015,0.11634201451864289
Strep_C30016,0.11634201451864289
Strep_C30017,0.11634201451864289
Strep_C30018,0.1163415109155265
Strep_C30019,0.1163415109155265
Strep_C3001,0.11634201451864289
Strep_C30020,0.1163415109155265
Strep_C30021,0.1163415109155265
Strep_C30022,0.11634201451864289
Strep_C30023,0.11634201451864289
Strep_C30024,0.11634201451864289
Strep_C30025,0.11634201451864289
Strep_C30026,0.11634201451864289
Strep_C30027,0.11634201451864289
Strep_C30028,0.11634201451864289
Strep_C30029,0.11634201451864289
Strep_C3002,0.35245843672205746
Strep_C30030,0.11634201451864289
Strep_C30031,0.11634201451864289
Strep_C30032,0.11634201451864289
Strep_C30033,0.47311651524910325
Strep_C30034,0.11634201451864289
Strep_C30035,0.11634201451864289
Strep_C30036,0.11634201451864289
Strep_C30037,0.11634201451864289
Strep_C30038,0.11634201451864289
Strep_C30039,0.11634201451864289
Strep_C3003,0.11634201451864289
Strep_C30040,0.11634201451864289
Strep_C30041,0.11136757272179186
Strep_C30042,0.11136757272179186
Strep_C30043,0.23305302815717163
Strep_C30044,0.2337017810381666
Strep_C30045,0.11634201451864289
Strep_C30046,0.11634201451864289
Strep_C30047,0.23305302815717163
Strep_C30048,0.11634201451864289
Strep_C30049,0.11634201451864289
Strep_C3004,0.11634201451864289
Strep_C30050,0.11634201451864289
Strep_C30051,0.11634201451864289
Strep_C30052,0.11634201451864289
Strep_C30053,0.11634201451864289
Strep_C30054,0.11634201451864289
Strep_C30055,0.1163415109155265
Strep_C30056,0.1163415109155265
Strep_C30057,0.1163415109155265
Strep_C30058,0.1163415109155265
Strep_C30059,0.1163415109155265
Strep_C3005,0.99999999
Strep_C30060,0.1163415109155265
Strep_C30061,0.99999999
Strep_C30062,0.35245843672205746
Strep_C30063,0.47311830745470035
Strep_C30064,0.11634201451864289
Strep_C30065,0.11634201451864289
Strep_C30066,0.5967214293920762
Strep_C30067,0.351325490499599
Strep_C30068,0.23370228693111114
Strep_C30069,0.11634201451864289
Strep_C3006,0.99999999
Strep_C30070,0.11634201451864289
Strep_C30071,0.11634201451864289
Strep_C30072,0.11136757272179186
Strep_C30073,0.11136757272179186
Strep_C30074,0.11136757272179186
Strep_C30075,0.23305302815717163
Strep_C30076,0.23305302815717163
Strep_C30077,0.11634201451864289
Strep_C30078,0.11634201451864289
Strep_C30079,0.11634201451864289
Strep_C3007,0.99999999
Strep_C30080,0.11634201451864289
Strep_C30081,0.11634201451864289
Strep_C30082,0.11634201451864289
Strep_C30083,0.11634201451864289
Strep_C30084,0.11634201451864289
Strep_C30085,0.11634201451864289
Strep_C30086,0.11634201451864289
Strep_C30087,0.11634201451864289
Strep_C30088,0.11634201451864289
Strep_C30089,0.11634201451864289
Strep_C3008,0.23370228693111114
Strep_C30090,0.11634201451864289
Strep_C30091,0.11634201451864289
Strep_C30092,0.1163415109155265
Strep_C30093,0.1163415109155265
Strep_C30094,0.11634201451864289
Strep_C30095,0.11634201451864289
Strep_C30096,0.2337017810381666
Strep_C30097,0.11634201451864289
Strep_C30098,0.11634201451864289
Strep_C30099,0.8889131171654778
Strep_C3009,0.11634201451864289
Strep_C300,0.11634201451864289
Strep_C30100,0.11634201451864289
Strep_C30101,0.11634201451864289
Strep_C30102,0.11634201451864289
Strep_C30103,0.11634201451864289
Strep_C30104,0.11634201451864289
Strep_C30105,0.11634201451864289
Strep_C30106,0.11634201451864289
Strep_C30107,0.11634201451864289
Strep_C30108,0.11136757272179186
Strep_C30109,0.11136757272179186
Strep_C3010,0.4712762061295706
Strep_C30110,0.11136757272179186
Strep_C30111,0.11634201451864289
Strep_C30112,0.11634201451864289
Strep_C30113,0.11634201451864289
Strep_C30114,0.11634201451864289
Strep_C30115,0.11634201451864289
Strep_C30116,0.11634201451864289
Strep_C30117,0.11634201451864289
Strep_C30118,0.35245843672205746
Strep_C30119,0.11634201451864289
Strep_C3011,0.23305302815717163
Strep_C30120,0.11634201451864289
Strep_C30121,0.11634201451864289
Strep_C30122,0.1163415109155265
Strep_C30123,0.11634201451864289
Strep_C30124,0.11634201451864289
Strep_C30125,0.11634201451864289
Strep_C30126,0.11634201451864289
Strep_C30127,0.11634201451864289
Strep_C30128,0.11634201451864289
Strep_C30129,0.11634201451864289
Strep_C3012,0.11634201451864289
Strep_C30130,0.47311830745470035
Strep_C30131,0.11634201451864289
Strep_C30132,0.11634201451864289
Strep_C30133,0.11634201451864289
Strep_C30134,0.11634201451864289
Strep_C30135,0.11634201451864289
Strep_C30136,0.23305302815717163
Strep_C30137,0.11634201451864289
Strep_C30138,0.11634201451864289
Strep_C30139,0.11634201451864289
Strep_C3013,0.23370178103816636
Strep_C30140,0.11634201451864289
Strep_C30141,0.11634201451864289
Strep_C30142,0.11634201451864289
Strep_C30143,0.11634201451864289
Strep_C30144,0.11634201451864289
Strep_C30145,0.11634201451864289
Strep_C30146,0.1163415109155265
Strep_C30147,0.1163415109155265
Strep_C30148,0.1163415109155265
Strep_C30149,0.23370178103816636
Strep_C3014,0.1163415109155265
Strep_C30150,0.99999999
Strep_C30151,0.11634201451864289
Strep_C30152,0.11634201451864289
Strep_C30153,0.11634201451864289
Strep_C30154,0.11634201451864289
Strep_C30155,0.11634201451864289
Strep_C30156,0.11634201451864289
Strep_C30157,0.11634201451864289
Strep_C30158,0.11634201451864289
Strep_C30159,0.11634201451864289
Strep_C3015,0.11634201451864289
Strep_C30160,0.11634201451864289
Strep_C30161,0.11634201451864289
Strep_C30162,0.11634201451864289
Strep_C30163,0.11634201451864289
Strep_C30164,0.11634201451864289
Strep_C30165,0.11136757272179186
Strep_C30166,0.11136757272179186
Strep_C30167,0.11136757272179186
Strep_C30168,0.11136757272179186
Strep_C30169,0.11136757272179186
Strep_C3016,0.47127620612957083
Strep_C30170,0.11136757272179186
Strep_C30171,0.11136757272179186
Strep_C30172,0.1160600458814914
Strep_C30173,0.11634201451864289
Strep_C30174,0.11634201451864289
Strep_C30175,0.11634201451864289
Strep_C30176,0.11634201451864289
Strep_C30177,0.11634201451864289
Strep_C30178,0.2337017810381666
Strep_C30179,0.11634201451864289
Strep_C3017,0.47311651524910325
Strep_C30180,0.11634201451864289
Strep_C30181,0.11634201451864289
Strep_C30182,0.11634201451864289
Strep_C30183,0.11634201451864289
Strep_C30184,0.11634201451864289
Strep_C30185,0.11634201451864289
Strep_C30186,0.11634201451864289
Strep_C30187,0.11634201451864289
Strep_C30188,0.1163415109155265
Strep_C30189,0.1163415109155265
Strep_C3018,0.11634201451864289
Strep_C30190,0.1163415109155265
Strep_C30191,0.1163415109155265
Strep_C30192,0.1163415109155265
Strep_C30193,0.1163415109155265
Strep_C30194,0.1163415109155265
Strep_C30195,0.7256406595528874
Strep_C30196,0.11634201451864289
Strep_C30197,0.11634201451864289
Strep_C30198,0.11634201451864289
Strep_C30199,0.11634201451864289
Strep_C3019,0.11136757272179186
Strep_C301,0.23305302815717163
Strep_C30200,0.11634201451864289
Strep_C30201,0.11634201451864289
Strep_C30202,0.11634201451864289
Strep_C30203,0.11634201451864289
Strep_C30204,0.11634201451864289
Strep_C30205,0.11634201451864289
Strep_C30206,0.11634201451864289
Strep_C30207,0.11634201451864289
Strep_C30208,0.11634201451864289
Strep_C30209,0.11136757272179186
Strep_C3020,0.11136757272179186
Strep_C30210,0.11136757272179186
Strep_C30211,0.99999999
Strep_C30212,0.11136757272179186
Strep_C30213,0.11136757272179186
Strep_C30214,0.11136757272179186
Strep_C30215,0.1160600458814914
Strep_C30216,0.23305302815717163
Strep_C30217,0.11634201451864289
Strep_C30218,0.11634201451864289
Strep_C30219,0.2337017810381666
Strep_C3021,0.1163415109155265
Strep_C30220,0.11634201451864289
Strep_C30221,0.11634201451864289
Strep_C30222,0.1163415109155265
Strep_C30223,0.1163415109155265
Strep_C30224,0.1163415109155265
Strep_C30225,0.11634201451864289
Strep_C30226,0.11634201451864289
Strep_C30227,0.11634201451864289
Strep_C30228,0.11136757272179186
Strep_C30229,0.11136757272179186
Strep_C3022,0.23370228693111114
Strep_C30230,0.23305302815717163
Strep_C30231,0.1160600458814914
Strep_C30232,0.23305302815717163
Strep_C30233,0.1160600458814914
Strep_C30234,0.1160600458814914
Strep_C30235,0.1160600458814914
Strep_C30236,0.2337017810381666
Strep_C30237,0.2337017810381666
Strep_C30238,0.11634201451864289
Strep_C30239,0.11634201451864289
Strep_C3023,0.99999999
Strep_C30240,0.11634201451864289
Strep_C30241,0.11634201451864289
Strep_C30242,0.11634201451864289
Strep_C30243,0.1163415109155265
Strep_C30244,0.1163415109155265
Strep_C30245,0.1163415109155265
Strep_C30246,0.1163415109155265
Strep_C30247,0.1163415109155265
Strep_C30248,0.99999999
Strep_C30249,0.5967242474384321
Strep_C3024,0.23370178103816636
Strep_C30250,0.11634201451864289
Strep_C30251,0.11634201451864289
Strep_C30252,0.11634201451864289
Strep_C30253,0.11634201451864289
Strep_C30254,0.11634201451864289
Strep_C30255,0.11634201451864289
Strep_C30256,0.2337017810381666
Strep_C30257,0.11634201451864289
Strep_C30258,0.11634201451864289
Strep_C30259,0.11634201451864289
Strep_C3025,0.99999999
Strep_C30260,0.11634201451864289
Strep_C30261,0.11634201451864289
Strep_C30262,0.11634201451864289
Strep_C30263,0.11634201451864289
Strep_C30264,0.351325490499599
Strep_C30265,0.11136757272179186
Strep_C30266,0.11136757272179186
Strep_C30267,0.23305302815717163
Strep_C30268,0.35132537846575046
Strep_C30269,0.1160600458814914
Strep_C3026,0.11136757272179186
Strep_C30270,0.1160600458814914
Strep_C30271,0.11634201451864289
Strep_C30272,0.11634201451864289
Strep_C30273,0.11634201451864289
Strep_C30274,0.11634201451864289
Strep_C30275,0.11634201451864289
Strep_C30276,0.11634201451864289
Strep_C30277,0.11634201451864289
Strep_C30278,0.11634201451864289
Strep_C30279,0.11634201451864289
Strep_C3027,0.11136757272179186
Strep_C30280,0.11634201451864289
Strep_C30281,0.11634201451864289
Strep_C30282,0.11634201451864289
Strep_C30283,0.1163415109155265
Strep_C30284,0.1163415109155265
Strep_C30285,0.11634201451864289
Strep_C30286,0.11634201451864289
Strep_C30287,0.11634201451864289
Strep_C30288,0.11634201451864289
Strep_C30289,0.11634201451864289
Strep_C3028,0.11136757272179186
Strep_C30290,0.11634201451864289
Strep_C30291,0.11634201451864289
Strep_C30292,0.47311830745470035
Strep_C30293,0.47311651524910325
Strep_C30294,0.11634201451864289
Strep_C30295,0.11634201451864289
Strep_C30296,0.11634201451864289
Strep_C30297,0.11136757272179186
Strep_C30298,0.1160600458814914
Strep_C30299,0.23305302815717163
Strep_C3029,0.7778659244097796
Strep_C302,0.99999999
Strep_C30300,0.11634201451864289
Strep_C30301,0.2337017810381666
Strep_C30302,0.11634201451864289
Strep_C30303,0.11634201451864289
Strep_C30304,0.11634201451864289
Strep_C30305,0.11634201451864289
Strep_C30306,0.11634201451864289
Strep_C30307,0.11634201451864289
Strep_C30308,0.11634201451864289
Strep_C30309,0.11634201451864289
Strep_C3030,0.471274539360154
Strep_C30310,0.11634201451864289
Strep_C30311,0.11634201451864289
Strep_C30312,0.11634201451864289
Strep_C30313,0.11634201451864289
Strep_C30314,0.11634201451864289
Strep_C30315,0.1163415109155265
Strep_C30316,0.1163415109155265
Strep_C30317,0.1163415109155265
Strep_C30318,0.1163415109155265
Strep_C30319,0.1163415109155265
Strep_C3031,0.23305302815717163
Strep_C30320,0.8524331858472348
Strep_C30321,0.11634201451864289
Strep_C30322,0.11634201451864289
Strep_C30323,0.11634201451864289
Strep_C30324,0.47311830745470035
Strep_C30325,0.11634201451864289
Strep_C30326,0.11634201451864289
Strep_C30327,0.351325490499599
Strep_C30328,0.11634201451864289
Strep_C30329,0.11634201451864289
Strep_C3032,0.2337017810381666
Strep_C30330,0.11634201451864289
Strep_C30331,0.11634201451864289
Strep_C30332,0.11634201451864289
Strep_C30333,0.11634201451864289
Strep_C30334,0.11136757272179186
Strep_C30335,0.11136757272179186
Strep_C30336,0.23305302815717163
Strep_C30337,0.1160600458814914
Strep_C30338,0.23305302815717163
Strep_C30339,0.11634201451864289
Strep_C3033,0.7198634438443039
Strep_C30340,0.11634201451864289
Strep_C30341,0.11634201451864289
Strep_C30342,0.11634201451864289
Strep_C30343,0.11634201451864289
Strep_C30344,0.11634201451864289
Strep_C30345,0.11634201451864289
Strep_C30346,0.11634201451864289
Strep_C30347,0.11634201451864289
Strep_C30348,0.11634201451864289
Strep_C30349,0.11634201451864289
Strep_C3034,0.11634201451864289
Strep_C30350,0.11634201451864289
Strep_C30351,0.11634201451864289
Strep_C30352,0.11634201451864289
Strep_C30353,0.11634201451864289
Strep_C30354,0.1163415109155265
Strep_C30355,0.1163415109155265
Strep_C30356,0.1163415109155265
Strep_C30357,0.11634201451864289
Strep_C30358,0.5967214293920762
Strep_C30359,0.99999999
Strep_C3035,0.11634201451864289
Strep_C30360,0.11634201451864289
Strep_C30361,0.23370228693111114
Strep_C30362,0.11136757272179186
Strep_C30363,0.11136757272179186
Strep_C30364,0.11136757272179186
Strep_C30365,0.11634201451864289
Strep_C30366,0.11634201451864289
Strep_C30367,0.99999999
Strep_C30368,0.11634201451864289
Strep_C30369,0.47311830745470035
Strep_C3036,0.2337017810381666
Strep_C30370,0.23305302815717163
Strep_C30371,0.11634201451864289
Strep_C30372,0.1163415109155265
Strep_C30373,0.11634201451864289
Strep_C30374,0.23370228693111114
Strep_C30375,0.1163415109155265
Strep_C30376,0.47311830745470035
Strep_C30377,0.11136757272179186
Strep_C30378,0.11136757272179186
Strep_C30379,0.11634201451864289
Strep_C3037,0.11634201451864289
Strep_C30380,0.23305302815717163
Strep_C30381,0.99999999
Strep_C30382,0.11634201451864289
Strep_C30383,0.8524331858472348
Strep_C30384,0.11634201451864289
Strep_C30385,0.11634201451864289
Strep_C30386,0.11136757272179186
Strep_C30387,0.1160600458814914
Strep_C30388,0.23305302815717163
Strep_C30389,0.23370178103816636
Strep_C3038,0.1163415109155265
Strep_C30390,0.1163415109155265
Strep_C30391,0.99999999
Strep_C30392,0.11136757272179186
Strep_C30393,0.1163415109155265
Strep_C30394,0.1163415109155265
Strep_C30395,0.7198643407720242
Strep_C30396,0.8889131171654778
Strep_C30397,0.3342595322757504
Strep_C30398,0.7256406595528874
Strep_C30399,0.11634201451864289
Strep_C3039,0.1163415109155265
Strep_C303,0.35245843672205746
Strep_C30400,0.11136757272179186
Strep_C30401,0.11136757272179186
Strep_C30402,0.1163415109155265
Strep_C30403,0.11634201451864289
Strep_C30404,0.7778688864057204
Strep_C30405,0.2337017810381666
Strep_C3040,0.1163415109155265
Strep_C3041,0.1163415109155265
Strep_C3042,0.35245843672205746
Strep_C3043,0.44601006290209577
Strep_C3044,0.47311830745470035
Strep_C3045,0.11634201451864289
Strep_C3046,0.7198643407720242
Strep_C3047,0.2337017810381666
Strep_C3048,0.22283354305359118
Strep_C3049,0.99999999
Strep_C304,0.11634201451864289
Strep_C3050,0.1160600458814914
Strep_C3051,0.11634201451864289
Strep_C3052,0.11634201451864289
Strep_C3053,0.23370178103816636
Strep_C3054,0.99999999
Strep_C3055,0.47311830745470035
Strep_C3056,0.557982185216091
Strep_C3057,0.11634201451864289
Strep_C3058,0.3524582818100281
Strep_C3059,0.11634201451864289
Strep_C305,0.1163415109155265
Strep_C3060,0.11634201451864289
Strep_C3061,0.333266628208235
Strep_C3062,0.23305302815717163
Strep_C3063,0.11634201451864289
Strep_C3064,0.11634201451864289
Strep_C3065,0.11634201451864289
Strep_C3066,0.99999999
Strep_C3067,0.11634201451864289
Strep_C3068,0.1163415109155265
Strep_C3069,0.11634201451864289
Strep_C306,0.1163415109155265
Strep_C3070,0.99999999
Strep_C3071,0.99999999
Strep_C3072,0.47311651524910325
Strep_C3073,0.11634201451864289
Strep_C3074,0.11136757272179186
Strep_C3075,0.3524582818100281
Strep_C3076,0.35245843672205746
Strep_C3077,0.1163415109155265
Strep_C3078,0.11634201451864289
Strep_C3079,0.11634201451864289
Strep_C307,0.11634201451864289
Strep_C3080,0.8889131171654778
Strep_C3081,0.8524331858472348
Strep_C3082,0.35245843672205746
Strep_C3083,0.1163415109155265
Strep_C3084,0.1163415109155265
Strep_C3085,0.3524582818100281
Strep_C3086,0.11136757272179186
Strep_C3087,0.23305302815717163
Strep_C3088,0.11634201451864289
Strep_C3089,0.11634201451864289
Strep_C308,0.2337017810381666
Strep_C3090,0.35245843672205746
Strep_C3091,0.2337017810381666
Strep_C3092,0.7256406595528874
Strep_C3093,0.1163415109155265
Strep_C3094,0.8524331858472348
Strep_C3095,0.11136757272179186
Strep_C3096,0.35132537846575046
Strep_C3097,0.7778659244097796
Strep_C3098,0.2337017810381666
Strep_C3099,0.5967214293920762
Strep_C309,0.1163415109155265
Strep_C30,0.11634201451864289
Strep_C3100,0.47311830745470035
Strep_C3101,0.99999999
Strep_C3102,0.11634201451864289
Strep_C3103,0.11634201451864289
Strep_C3104,0.2337017810381666
Strep_C3105,0.1163415109155265
Strep_C3106,0.99999999
Strep_C3107,0.8889131171654778
Strep_C3108,0.11634201451864289
Strep_C3109,0.11634201451864289
Strep_C310,0.11634201451864289
Strep_C3110,0.471274539360154
Strep_C3111,0.99999999
Strep_C3112,0.11634201451864289
Strep_C3113,0.23305302815717163
Strep_C3114,0.11136757272179186
Strep_C3115,0.7198634438443039
Strep_C3116,0.99999999
Strep_C3117,0.1163415109155265
Strep_C3118,0.22283354305359118
Strep_C3119,0.1163415109155265
Strep_C311,0.11634201451864289
Strep_C3120,0.11634201451864289
Strep_C3121,0.47311830745470035
Strep_C3122,0.47311830745470035
Strep_C3123,0.99999999
Strep_C3124,0.99999999
Strep_C3125,0.11634201451864289
Strep_C3126,0.3342595322757504
Strep_C3127,0.5555546390366239
Strep_C3128,0.11136757272179186
Strep_C3129,0.11136757272179186
Strep_C312,0.1163415109155265
Strep_C3130,0.23305302815717163
Strep_C3131,0.23305302815717163
Strep_C3132,0.47311830745470035
Strep_C3133,0.11634201451864289
Strep_C3134,0.11634201451864289
Strep_C3135,0.35245843672205746
Strep_C3136,0.2337017810381666
Strep_C3137,0.6665426254504294
Strep_C3138,0.1163415109155265
Strep_C3139,0.1163415109155265
Strep_C313,0.11634201451864289
Strep_C3140,0.1163415109155265
Strep_C3141,0.1163415109155265
Strep_C3142,0.1163415109155265
Strep_C3143,0.5967242474384321
Strep_C3144,0.99999999
Strep_C3145,0.7256406595528874
Strep_C3146,0.351325490499599
Strep_C3147,0.11136757272179186
Strep_C3148,0.22283322077504625
Strep_C3149,0.8889131171654778
Strep_C314,0.47311830745470035
Strep_C3150,0.333266628208235
Strep_C3151,0.5555546390366239
Strep_C3152,0.1160600458814914
Strep_C3153,0.23305302815717163
Strep_C3154,0.23305302815717163
Strep_C3155,0.11634201451864289
Strep_C3156,0.35245843672205746
Strep_C3157,0.47311830745470035
Strep_C3158,0.35245843672205746
Strep_C3159,0.1163415109155265
Strep_C315,0.47311830745470035
Strep_C3160,0.99999999
Strep_C3161,0.23370228693111114
Strep_C3162,0.11136757272179186
Strep_C3163,0.99999999
Strep_C3164,0.11634201451864289
Strep_C3165,0.47127620612957083
Strep_C3166,0.1163415109155265
Strep_C3167,0.1163415109155265
Strep_C3168,0.35245843672205746
Strep_C3169,0.47311830745470035
Strep_C316,0.23305302815717163
Strep_C3170,0.11634201451864289
Strep_C3171,0.11136757272179186
Strep_C3172,0.22283322077504625
Strep_C3173,0.3524582818100281
Strep_C3174,0.35245843672205746
Strep_C3175,0.1163415109155265
Strep_C3176,0.1163415109155265
Strep_C3177,0.1163415109155265
Strep_C3178,0.99999999
Strep_C3179,0.11634201451864289
Strep_C317,0.1160600458814914
Strep_C3180,0.44444989529753154
Strep_C3181,0.11136757272179186
Strep_C3182,0.11136757272179186
Strep_C3183,0.7198634438443039
Strep_C3184,0.11634201451864289
Strep_C3185,0.47311651524910325
Strep_C3186,0.47311830745470035
Strep_C3187,0.8524331858472348
Strep_C3188,0.47311830745470035
Strep_C3189,0.1163415109155265
Strep_C318,0.11634201451864289
Strep_C3190,0.1163415109155265
Strep_C3191,0.35245843672205746
Strep_C3192,0.2337017810381666
Strep_C3193,0.11634201451864289
Strep_C3194,0.47311830745470035
Strep_C3195,0.11634201451864289
Strep_C3196,0.99999999
Strep_C3197,0.11136757272179186
Strep_C3198,0.11136757272179186
Strep_C3199,0.11136757272179186
Strep_C319,0.8524313909199117
Strep_C31,0.11634201451864289
Strep_C3200,0.47311830745470035
Strep_C3201,0.7778659244097796
Strep_C3202,0.47311651524910325
Strep_C3203,0.2337017810381666
Strep_C3204,0.11634201451864289
Strep_C3205,0.99999999
Strep_C3206,0.47311830745470035
Strep_C3207,0.11634201451864289
Strep_C3208,0.1163415109155265
Strep_C3209,0.11634201451864289
Strep_C320,0.7198634438443039
Strep_C3210,0.11634201451864289
Strep_C3211,0.9053588679153928
Strep_C3212,0.9053588679153928
Strep_C3213,0.23305302815717163
Strep_C3214,0.9053588679153928
Strep_C3215,0.11634201451864289
Strep_C3216,0.1163415109155265
Strep_C3217,0.1163415109155265
Strep_C3218,0.1163415109155265
Strep_C3219,0.1163415109155265
Strep_C321,0.2337017810381666
Strep_C3220,0.1163415109155265
Strep_C3221,0.11634201451864289
Strep_C3222,0.5967214293920762
Strep_C3223,0.99999999
Strep_C3224,0.35245843672205746
Strep_C3225,0.99999999
Strep_C3226,0.11136757272179186
Strep_C3227,0.11136757272179186
Strep_C3228,0.99999999
Strep_C3229,0.351325490499599
Strep_C322,0.2337017810381666
Strep_C3230,0.23305302815717163
Strep_C3231,0.35245843672205746
Strep_C3232,0.99999999
Strep_C3233,0.11634201451864289
Strep_C3234,0.11634201451864289
Strep_C3235,0.2337017810381666
Strep_C3236,0.471274539360154
Strep_C3237,0.11634201451864289
Strep_C3238,0.11634201451864289
Strep_C3239,0.334259100712907
Strep_C323,0.11634201451864289
Strep_C3240,0.11136757272179186
Strep_C3241,0.22283322077504625
Strep_C3242,0.11136757272179186
Strep_C3243,0.6665403377533278
Strep_C3244,0.99999999
Strep_C3245,0.35245843672205746
Strep_C3246,0.11634201451864289
Strep_C3247,0.11634201451864289
Strep_C3248,0.1163415109155265
Strep_C3249,0.99999999
Strep_C324,0.11634201451864289
Strep_C3250,0.1163415109155265
Strep_C3251,0.1163415109155265
Strep_C3252,0.23370228693111114
Strep_C3253,0.2337017810381666
Strep_C3254,0.11634201451864289
Strep_C3255,0.99999999
Strep_C3256,0.23370178103816636
Strep_C3257,0.99999999
Strep_C3258,0.22283354305359118
Strep_C3259,0.11136757272179186
Strep_C325,0.23305302815717163
Strep_C3260,0.670453025682897
Strep_C3261,0.99999999
Strep_C3262,0.23370178103816636
Strep_C3263,0.11634201451864289
Strep_C3264,0.23370228693111114
Strep_C3265,0.1163415109155265
Strep_C3266,0.23370178103816636
Strep_C3267,0.23370178103816636
Strep_C3268,0.670453025682897
Strep_C3269,0.11634201451864289
Strep_C326,0.11634201451864289
Strep_C3270,0.11136757272179186
Strep_C3271,0.23305302815717163
Strep_C3272,0.23305302815717163
Strep_C3273,0.2337017810381666
Strep_C3274,0.47311830745470035
Strep_C3275,0.1163415109155265
Strep_C3276,0.1163415109155265
Strep_C3277,0.1163415109155265
Strep_C3278,0.99999999
Strep_C3279,0.7256406595528874
Strep_C327,0.1163415109155265
Strep_C3280,0.11634201451864289
Strep_C3281,0.99999999
Strep_C3282,0.11136757272179186
Strep_C3283,0.11136757272179186
Strep_C3284,0.11136757272179186
Strep_C3285,0.99999999
Strep_C3286,0.99999999
Strep_C3287,0.23305302815717163
Strep_C3288,0.11634201451864289
Strep_C3289,0.11634201451864289
Strep_C328,0.47311830745470035
Strep_C3290,0.11634201451864289
Strep_C3291,0.1163415109155265
Strep_C3292,0.334259100712907
Strep_C3293,0.8524313909199117
Strep_C3294,0.11634201451864289
Strep_C3295,0.7198643407720242
Strep_C3296,0.3524582818100281
Strep_C3297,0.11634201451864289
Strep_C3298,0.22283354305359118
Strep_C3299,0.7847901182836508
Strep_C329,0.11634201451864289
Strep_C32,0.11634201451864289
Strep_C3300,0.23305302815717163
Strep_C3301,0.47311830745470035
Strep_C3302,0.5967242474384321
Strep_C3303,0.23370178103816636
Strep_C3304,0.11634201451864289
Strep_C3305,0.7198634438443039
Strep_C3306,0.11634201451864289
Strep_C3307,0.11634201451864289
Strep_C3308,0.11634201451864289
Strep_C3309,0.1163415109155265
Strep_C330,0.11634201451864289
Strep_C3310,0.1163415109155265
Strep_C3311,0.22283322077504625
Strep_C3312,0.5967214293920762
Strep_C3313,0.99999999
Strep_C3314,0.23305302815717163
Strep_C3315,0.11634201451864289
Strep_C3316,0.35245843672205746
Strep_C3317,0.47311651524910325
Strep_C3318,0.5967242474384321
Strep_C3319,0.5967242474384321
Strep_C331,0.11634201451864289
Strep_C3320,0.11634201451864289
Strep_C3321,0.11634201451864289
Strep_C3322,0.1163415109155265
Strep_C3323,0.11634201451864289
Strep_C3324,0.47311830745470035
Strep_C3325,0.11634201451864289
Strep_C3326,0.11634201451864289
Strep_C3327,0.23370228693111114
Strep_C3328,0.11634201451864289
Strep_C3329,0.11136757272179186
Strep_C332,0.11634201451864289
Strep_C3330,0.23305302815717163
Strep_C3331,0.1160600458814914
Strep_C3332,0.23305302815717163
Strep_C3333,0.2337017810381666
Strep_C3334,0.99999999
Strep_C3335,0.333266628208235
Strep_C3336,0.11634201451864289
Strep_C3337,0.1163415109155265
Strep_C3338,0.1163415109155265
Strep_C3339,0.1163415109155265
Strep_C333,0.11634201451864289
Strep_C3340,0.1163415109155265
Strep_C3341,0.99999999
Strep_C3342,0.11634201451864289
Strep_C3343,0.11634201451864289
Strep_C3344,0.11634201451864289
Strep_C3345,0.11634201451864289
Strep_C3346,0.11634201451864289
Strep_C3347,0.99999999
Strep_C3348,0.11136757272179186
Strep_C3349,0.11136757272179186
Strep_C334,0.2337017810381666
Strep_C3350,0.11136757272179186
Strep_C3351,0.23305302815717163
Strep_C3352,0.23305302815717163
Strep_C3353,0.23305302815717163
Strep_C3354,0.471274539360154
Strep_C3355,0.47311830745470035
Strep_C3356,0.47311830745470035
Strep_C3357,0.2337017810381666
Strep_C3358,0.35245843672205746
Strep_C3359,0.11634201451864289
Strep_C335,0.1160600458814914
Strep_C3360,0.11634201451864289
Strep_C3361,0.11634201451864289
Strep_C3362,0.2337017810381666
Strep_C3363,0.1163415109155265
Strep_C3364,0.1163415109155265
Strep_C3365,0.1163415109155265
Strep_C3366,0.35245843672205746
Strep_C3367,0.23370178103816636
Strep_C3368,0.8889131171654778
Strep_C3369,0.11136757272179186
Strep_C336,0.47311830745470035
Strep_C3370,0.23305302815717163
Strep_C3371,0.23305302815717163
Strep_C3372,0.11634201451864289
Strep_C3373,0.11634201451864289
Strep_C3374,0.23370178103816636
Strep_C3375,0.11634201451864289
Strep_C3376,0.11634201451864289
Strep_C3377,0.1163415109155265
Strep_C3378,0.7256406595528874
Strep_C3379,0.99999999
Strep_C337,0.23370228693111114
Strep_C3380,0.3524582818100281
Strep_C3381,0.8889223478224411
Strep_C3382,0.11634201451864289
Strep_C3383,0.5936427844819077
Strep_C3384,0.11634201451864289
Strep_C3385,0.11634201451864289
Strep_C3386,0.11136757272179186
Strep_C3387,0.11136757272179186
Strep_C3388,0.1160600458814914
Strep_C3389,0.3524582818100281
Strep_C338,0.23370178103816636
Strep_C3390,0.11634201451864289
Strep_C3391,0.47311830745470035
Strep_C3392,0.11634201451864289
Strep_C3393,0.11634201451864289
Strep_C3394,0.23370178103816636
Strep_C3395,0.23370178103816636
Strep_C3396,0.8524331858472348
Strep_C3397,0.2337017810381666
Strep_C3398,0.3524582818100281
Strep_C3399,0.1163415109155265
Strep_C339,0.9053588679153928
Strep_C33,0.11634201451864289
Strep_C3400,0.99999999
Strep_C3401,0.11634201451864289
Strep_C3402,0.11634201451864289
Strep_C3403,0.2337017810381666
Strep_C3404,0.11136757272179186
Strep_C3405,0.99999999
Strep_C3406,0.23305302815717163
Strep_C3407,0.2337017810381666
Strep_C3408,0.2337017810381666
Strep_C3409,0.11634201451864289
Strep_C340,0.11634201451864289
Strep_C3410,0.11634201451864289
Strep_C3411,0.3524582818100281
Strep_C3412,0.7198634438443039
Strep_C3413,0.99999999
Strep_C3414,0.99999999
Strep_C3415,0.11634201451864289
Strep_C3416,0.23370178103816636
Strep_C3417,0.99999999
Strep_C3418,0.11634201451864289
Strep_C3419,0.47311830745470035
Strep_C341,0.22283354305359118
Strep_C3420,0.99999999
Strep_C3421,0.11634201451864289
Strep_C3422,0.11634201451864289
Strep_C3423,0.99999999
Strep_C3424,0.11136757272179186
Strep_C3425,0.99999999
Strep_C3426,0.99999999
Strep_C3427,0.23305302815717163
Strep_C3428,0.11634201451864289
Strep_C3429,0.11634201451864289
Strep_C342,0.11634201451864289
Strep_C3430,0.11634201451864289
Strep_C3431,0.8524331858472348
Strep_C3432,0.1163415109155265
Strep_C3433,0.1163415109155265
Strep_C3434,0.5936452796634148
Strep_C3435,0.11634201451864289
Strep_C3436,0.11634201451864289
Strep_C3437,0.11634201451864289
Strep_C3438,0.11634201451864289
Strep_C3439,0.11136757272179186
Strep_C343,0.23370178103816636
Strep_C3440,0.23305302815717163
Strep_C3441,0.23305302815717163
Strep_C3442,0.23305302815717163
Strep_C3443,0.35245843672205746
Strep_C3444,0.11634201451864289
Strep_C3445,0.11634201451864289
Strep_C3446,0.11634201451864289
Strep_C3447,0.11634201451864289
Strep_C3448,0.7256406595528874
Strep_C3449,0.11634201451864289
Strep_C344,0.35245843672205746
Strep_C3450,0.99999999
Strep_C3451,0.1163415109155265
Strep_C3452,0.1163415109155265
Strep_C3453,0.1163415109155265
Strep_C3454,0.11634201451864289
Strep_C3455,0.333266628208235
Strep_C3456,0.99999999
Strep_C3457,0.11634201451864289
Strep_C3458,0.11634201451864289
Strep_C3459,0.2337017810381666
Strep_C345,0.7847940789287989
Strep_C3460,0.11634201451864289
Strep_C3461,0.1163415109155265
Strep_C3462,0.5967214293920762
Strep_C3463,0.11634201451864289
Strep_C3464,0.5967214293920762
Strep_C3465,0.11634201451864289
Strep_C3466,0.3524582818100281
Strep_C3467,0.11634201451864289
Strep_C3468,0.11634201451864289
Strep_C3469,0.47311651524910325
Strep_C346,0.2337017810381666
Strep_C3470,0.11634201451864289
Strep_C3471,0.11136757272179186
Strep_C3472,0.99999999
Strep_C3473,0.11136757272179186
Strep_C3474,0.23305302815717163
Strep_C3475,0.471274539360154
Strep_C3476,0.11634201451864289
Strep_C3477,0.23305302815717163
Strep_C3478,0.23370178103816636
Strep_C3479,0.8524331858472348
Strep_C347,0.11634201451864289
Strep_C3480,0.1163415109155265
Strep_C3481,0.99999999
Strep_C3482,0.5967214293920762
Strep_C3483,0.11634201451864289
Strep_C3484,0.44444957634747156
Strep_C3485,0.23305302815717163
Strep_C3486,0.35245843672205746
Strep_C3487,0.11634201451864289
Strep_C3488,0.1163415109155265
Strep_C3489,0.99999999
Strep_C348,0.7256406595528874
Strep_C3490,0.11634201451864289
Strep_C3491,0.8524313909199117
Strep_C3492,0.23370228693111114
Strep_C3493,0.11634201451864289
Strep_C3494,0.99999999
Strep_C3495,0.11136757272179186
Strep_C3496,0.11136757272179186
Strep_C3497,0.333266628208235
Strep_C3498,0.23305302815717163
Strep_C3499,0.5936452796634148
Strep_C349,0.11634201451864289
Strep_C34,0.11634201451864289
Strep_C3500,0.23305302815717163
Strep_C3501,0.23305302815717163
Strep_C3502,0.8889223478224411
Strep_C3503,0.23305302815717163
Strep_C3504,0.99999999
Strep_C3505,0.11634201451864289
Strep_C3506,0.11634201451864289
Strep_C3507,0.3524582818100281
Strep_C3508,0.1163415109155265
Strep_C3509,0.99999999
Strep_C350,0.1163415109155265
Strep_C3510,0.1163415109155265
Strep_C3511,0.1163415109155265
Strep_C3512,0.1163415109155265
Strep_C3513,0.1163415109155265
Strep_C3514,0.11634201451864289
Strep_C3515,0.5967242474384321
Strep_C3516,0.11634201451864289
Strep_C3517,0.11634201451864289
Strep_C3518,0.11136757272179186
Strep_C3519,0.11136757272179186
Strep_C351,0.5936427844819077
Strep_C3520,0.99999999
Strep_C3521,0.8524331858472348
Strep_C3522,0.23305302815717163
Strep_C3523,0.8889131171654778
Strep_C3524,0.47311830745470035
Strep_C3525,0.11634201451864289
Strep_C3526,0.7778659244097796
Strep_C3527,0.11634201451864289
Strep_C3528,0.99999999
Strep_C3529,0.11634201451864289
Strep_C352,0.11634201451864289
Strep_C3530,0.1163415109155265
Strep_C3531,0.1163415109155265
Strep_C3532,0.99999999
Strep_C3533,0.11634201451864289
Strep_C3534,0.7198643407720242
Strep_C3535,0.44444989529753154
Strep_C3536,0.11136757272179186
Strep_C3537,0.11136757272179186
Strep_C3538,0.99999999
Strep_C3539,0.11136757272179186
Strep_C353,0.11634201451864289
Strep_C3540,0.11136757272179186
Strep_C3541,0.35132537846575046
Strep_C3542,0.99999999
Strep_C3543,0.23305302815717163
Strep_C3544,0.23305302815717163
Strep_C3545,0.557982185216091
Strep_C3546,0.47311830745470035
Strep_C3547,0.11634201451864289
Strep_C3548,0.23370228693111114
Strep_C3549,0.11634201451864289
Strep_C354,0.11136757272179186
Strep_C3550,0.11634201451864289
Strep_C3551,0.2337017810381666
Strep_C3552,0.11634201451864289
Strep_C3553,0.1163415109155265
Strep_C3554,0.1163415109155265
Strep_C3555,0.11634201451864289
Strep_C3556,0.11634201451864289
Strep_C3557,0.99999999
Strep_C3558,0.99999999
Strep_C3559,0.44444989529753154
Strep_C355,0.11634201451864289
Strep_C3560,0.333266628208235
Strep_C3561,0.44444989529753154
Strep_C3562,0.11136757272179186
Strep_C3563,0.11136757272179186
Strep_C3564,0.11634201451864289
Strep_C3565,0.47311830745470035
Strep_C3566,0.2337017810381666
Strep_C3567,0.1163415109155265
Strep_C3568,0.7256406595528874
Strep_C3569,0.11634201451864289
Strep_C356,0.1163415109155265
Strep_C3570,0.7198634438443039
Strep_C3571,0.11634201451864289
Strep_C3572,0.11634201451864289
Strep_C3573,0.99999999
Strep_C3574,0.47311651524910325
Strep_C3575,0.11136757272179186
Strep_C3576,0.22283322077504625
Strep_C3577,0.23305302815717163
Strep_C3578,0.11634201451864289
Strep_C3579,0.11634201451864289
Strep_C357,0.1163415109155265
Strep_C3580,0.11634201451864289
Strep_C3581,0.11634201451864289
Strep_C3582,0.35245843672205746
Strep_C3583,0.1163415109155265
Strep_C3584,0.1163415109155265
Strep_C3585,0.1163415109155265
Strep_C3586,0.1163415109155265
Strep_C3587,0.1163415109155265
Strep_C3588,0.1163415109155265
Strep_C3589,0.1163415109155265
Strep_C358,0.11136757272179186
Strep_C3590,0.1163415109155265
Strep_C3591,0.11634201451864289
Strep_C3592,0.2337017810381666
Strep_C3593,0.11136757272179186
Strep_C3594,0.11136757272179186
Strep_C3595,0.11136757272179186
Strep_C3596,0.23305302815717163
Strep_C3597,0.351325490499599
Strep_C3598,0.23305302815717163
Strep_C3599,0.23305302815717163
Strep_C359,0.11634201451864289
Strep_C35,0.11634201451864289
Strep_C3600,0.23370178103816636
Strep_C3601,0.35245843672205746
Strep_C3602,0.35245843672205746
Strep_C3603,0.2337017810381666
Strep_C3604,0.23370228693111114
Strep_C3605,0.1163415109155265
Strep_C3606,0.1163415109155265
Strep_C3607,0.1163415109155265
Strep_C3608,0.1163415109155265
Strep_C3609,0.11634201451864289
Strep_C360,0.99999999
Strep_C3610,0.47311830745470035
Strep_C3611,0.11634201451864289
Strep_C3612,0.8524331858472348
Strep_C3613,0.11634201451864289
Strep_C3614,0.99999999
Strep_C3615,0.11136757272179186
Strep_C3616,0.11136757272179186
Strep_C3617,0.23305302815717163
Strep_C3618,0.99999999
Strep_C3619,0.23305302815717163
Strep_C361,0.11634201451864289
Strep_C3620,0.99999999
Strep_C3621,0.2337017810381666
Strep_C3622,0.23370178103816636
Strep_C3623,0.47311830745470035
Strep_C3624,0.23370178103816636
Strep_C3625,0.1163415109155265
Strep_C3626,0.1163415109155265
Strep_C3627,0.1163415109155265
Strep_C3628,0.1163415109155265
Strep_C3629,0.35245843672205746
Strep_C362,0.2337017810381666
Strep_C3630,0.11634201451864289
Strep_C3631,0.11634201451864289
Strep_C3632,0.11634201451864289
Strep_C3633,0.5967214293920762
Strep_C3634,0.11136757272179186
Strep_C3635,0.99999999
Strep_C3636,0.8889131171654778
Strep_C3637,0.99999999
Strep_C3638,0.5967242474384321
Strep_C3639,0.11634201451864289
Strep_C363,0.9053588679153928
Strep_C3640,0.1163415109155265
Strep_C3641,0.1163415109155265
Strep_C3642,0.1163415109155265
Strep_C3643,0.1163415109155265
Strep_C3644,0.11634201451864289
Strep_C3645,0.47311830745470035
Strep_C3646,0.11634201451864289
Strep_C3647,0.351325490499599
Strep_C3648,0.7256406595528874
Strep_C3649,0.11634201451864289
Strep_C364,0.6704550730094094
Strep_C3650,0.99999999
Strep_C3651,0.11136757272179186
Strep_C3652,0.23305302815717163
Strep_C3653,0.99999999
Strep_C3654,0.23305302815717163
Strep_C3655,0.5967214293920762
Strep_C3656,0.35245843672205746
Strep_C3657,0.11634201451864289
Strep_C3658,0.11634201451864289
Strep_C3659,0.11634201451864289
Strep_C365,0.1163415109155265
Strep_C3660,0.11634201451864289
Strep_C3661,0.11634201451864289
Strep_C3662,0.5555542629982061
Strep_C3663,0.1163415109155265
Strep_C3664,0.1163415109155265
Strep_C3665,0.99999999
Strep_C3666,0.99999999
Strep_C3667,0.11634201451864289
Strep_C3668,0.670453025682897
Strep_C3669,0.99999999
Strep_C366,0.11634201451864289
Strep_C3670,0.11634201451864289
Strep_C3671,0.23370178103816636
Strep_C3672,0.35245843672205746
Strep_C3673,0.5967214293920762
Strep_C3674,0.99999999
Strep_C3675,0.5967214293920762
Strep_C3676,0.11634201451864289
Strep_C3677,0.11634201451864289
Strep_C3678,0.11634201451864289
Strep_C3679,0.11634201451864289
Strep_C367,0.11634201451864289
Strep_C3680,0.351325490499599
Strep_C3681,0.11136757272179186
Strep_C3682,0.333266628208235
Strep_C3683,0.11136757272179186
Strep_C3684,0.23305302815717163
Strep_C3685,0.23305302815717163
Strep_C3686,0.11634201451864289
Strep_C3687,0.11634201451864289
Strep_C3688,0.8524313909199117
Strep_C3689,0.11634201451864289
Strep_C368,0.11634201451864289
Strep_C3690,0.1163415109155265
Strep_C3691,0.99999999
Strep_C3692,0.23305302815717163
Strep_C3693,0.99999999
Strep_C3694,0.1160600458814914
Strep_C3695,0.23370178103816636
Strep_C3696,0.3524582818100281
Strep_C3697,0.47311830745470035
Strep_C3698,0.47311651524910325
Strep_C3699,0.5967242474384321
Strep_C369,0.23305302815717163
Strep_C36,0.11634201451864289
Strep_C3700,0.11634201451864289
Strep_C3701,0.5967214293920762
Strep_C3702,0.471274539360154
Strep_C3703,0.1163415109155265
Strep_C3704,0.1163415109155265
Strep_C3705,0.99999999
Strep_C3706,0.5967242474384321
Strep_C3707,0.471274539360154
Strep_C3708,0.11634201451864289
Strep_C3709,0.99999999
Strep_C370,0.47311830745470035
Strep_C3710,0.5579816378691367
Strep_C3711,0.11136757272179186
Strep_C3712,0.11136757272179186
Strep_C3713,0.1160600458814914
Strep_C3714,0.35245843672205746
Strep_C3715,0.11634201451864289
Strep_C3716,0.22283322077504625
Strep_C3717,0.11634201451864289
Strep_C3718,0.11634201451864289
Strep_C3719,0.47311651524910325
Strep_C371,0.11634201451864289
Strep_C3720,0.1163415109155265
Strep_C3721,0.1163415109155265
Strep_C3722,0.1163415109155265
Strep_C3723,0.1163415109155265
Strep_C3724,0.11634201451864289
Strep_C3725,0.23370178103816636
Strep_C3726,0.3524582818100281
Strep_C3727,0.47311830745470035
Strep_C3728,0.47311830745470035
Strep_C3729,0.11634201451864289
Strep_C372,0.1163415109155265
Strep_C3730,0.11634201451864289
Strep_C3731,0.11634201451864289
Strep_C3732,0.11634201451864289
Strep_C3733,0.11634201451864289
Strep_C3734,0.11634201451864289
Strep_C3735,0.7256406595528874
Strep_C3736,0.2337017810381666
Strep_C3737,0.11634201451864289
Strep_C3738,0.1163415109155265
Strep_C3739,0.99999999
Strep_C373,0.11634201451864289
Strep_C3740,0.47311830745470035
Strep_C3741,0.11634201451864289
Strep_C3742,0.11634201451864289
Strep_C3743,0.351325490499599
Strep_C3744,0.11136757272179186
Strep_C3745,0.99999999
Strep_C3746,0.11136757272179186
Strep_C3747,0.23305302815717163
Strep_C3748,0.23305302815717163
Strep_C3749,0.99999999
Strep_C374,0.11634201451864289
Strep_C3750,0.23305302815717163
Strep_C3751,0.7256406595528874
Strep_C3752,0.11634201451864289
Strep_C3753,0.99999999
Strep_C3754,0.11634201451864289
Strep_C3755,0.47311651524910325
Strep_C3756,0.1163415109155265
Strep_C3757,0.1163415109155265
Strep_C3758,0.8524331858472348
Strep_C3759,0.99999999
Strep_C375,0.11136757272179186
Strep_C3760,0.7256406595528874
Strep_C3761,0.11634201451864289
Strep_C3762,0.11634201451864289
Strep_C3763,0.11634201451864289
Strep_C3764,0.23370228693111114
Strep_C3765,0.471274539360154
Strep_C3766,0.11136757272179186
Strep_C3767,0.11136757272179186
Strep_C3768,0.11136757272179186
Strep_C3769,0.11136757272179186
Strep_C376,0.23305302815717163
Strep_C3770,0.11136757272179186
Strep_C3771,0.99999999
Strep_C3772,0.23305302815717163
Strep_C3773,0.99999999
Strep_C3774,0.99999999
Strep_C3775,0.23370178103816636
Strep_C3776,0.11634201451864289
Strep_C3777,0.23370178103816636
Strep_C3778,0.99999999
Strep_C3779,0.1163415109155265
Strep_C377,0.35245843672205746
Strep_C3780,0.1163415109155265
Strep_C3781,0.1163415109155265
Strep_C3782,0.1163415109155265
Strep_C3783,0.1163415109155265
Strep_C3784,0.99999999
Strep_C3785,0.2337017810381666
Strep_C3786,0.11634201451864289
Strep_C3787,0.23370178103816636
Strep_C3788,0.11634201451864289
Strep_C3789,0.11634201451864289
Strep_C378,0.11634201451864289
Strep_C3790,0.11136757272179186
Strep_C3791,0.11136757272179186
Strep_C3792,0.334259100712907
Strep_C3793,0.23305302815717163
Strep_C3794,0.23305302815717163
Strep_C3795,0.23370178103816636
Strep_C3796,0.2337017810381666
Strep_C3797,0.11634201451864289
Strep_C3798,0.2337017810381666
Strep_C3799,0.1163415109155265
Strep_C379,0.11634201451864289
Strep_C37,0.11634201451864289
Strep_C3800,0.23370178103816636
Strep_C3801,0.11634201451864289
Strep_C3802,0.23305302815717163
Strep_C3803,0.23305302815717163
Strep_C3804,0.351325490499599
Strep_C3805,0.2337017810381666
Strep_C3806,0.11634201451864289
Strep_C3807,0.11634201451864289
Strep_C3808,0.47311830745470035
Strep_C3809,0.1163415109155265
Strep_C380,0.11634201451864289
Strep_C3810,0.23370228693111114
Strep_C3811,0.1163415109155265
Strep_C3812,0.11634201451864289
Strep_C3813,0.11634201451864289
Strep_C3814,0.7198634438443039
Strep_C3815,0.11634201451864289
Strep_C3816,0.11634201451864289
Strep_C3817,0.11634201451864289
Strep_C3818,0.7778659244097796
Strep_C3819,0.22283354305359118
Strep_C381,0.11136757272179186
Strep_C3820,0.11136757272179186
Strep_C3821,0.11136757272179186
Strep_C3822,0.11136757272179186
Strep_C3823,0.99999999
Strep_C3824,0.47311830745470035
Strep_C3825,0.5967242474384321
Strep_C3826,0.11634201451864289
Strep_C3827,0.1163415109155265
Strep_C3828,0.3524582818100281
Strep_C3829,0.11634201451864289
Strep_C382,0.11634201451864289
Strep_C3830,0.471274539360154
Strep_C3831,0.23305302815717163
Strep_C3832,0.7778659244097796
Strep_C3833,0.8524313909199117
Strep_C3834,0.11634201451864289
Strep_C3835,0.3524582818100281
Strep_C3836,0.99999999
Strep_C3837,0.23370178103816636
Strep_C3838,0.11634201451864289
Strep_C3839,0.47311830745470035
Strep_C383,0.23305302815717163
Strep_C3840,0.47311830745470035
Strep_C3841,0.8889223478224411
Strep_C3842,0.7256406595528874
Strep_C3843,0.23370178103816636
Strep_C3844,0.11634201451864289
Strep_C3845,0.11634201451864289
Strep_C3846,0.11136757272179186
Strep_C3847,0.99999999
Strep_C3848,0.8524313909199117
Strep_C3849,0.23305302815717163
Strep_C384,0.11634201451864289
Strep_C3850,0.8889131171654778
Strep_C3851,0.557982185216091
Strep_C3852,0.11634201451864289
Strep_C3853,0.8889131171654778
Strep_C3854,0.11634201451864289
Strep_C3855,0.35245843672205746
Strep_C3856,0.11634201451864289
Strep_C3857,0.11634201451864289
Strep_C3858,0.23370228693111114
Strep_C3859,0.7256406595528874
Strep_C385,0.11136757272179186
Strep_C3860,0.11634201451864289
Strep_C3861,0.99999999
Strep_C3862,0.23370228693111114
Strep_C3863,0.11136757272179186
Strep_C3864,0.557982185216091
Strep_C3865,0.11136757272179186
Strep_C3866,0.23305302815717163
Strep_C3867,0.351325490499599
Strep_C3868,0.7198643407720242
Strep_C3869,0.23305302815717163
Strep_C386,0.351325490499599
Strep_C3870,0.35245843672205746
Strep_C3871,0.11634201451864289
Strep_C3872,0.11634201451864289
Strep_C3873,0.11634201451864289
Strep_C3874,0.5936427844819077
Strep_C3875,0.1163415109155265
Strep_C3876,0.1163415109155265
Strep_C3877,0.5967242474384321
Strep_C3878,0.2337017810381666
Strep_C3879,0.35245843672205746
Strep_C387,0.11634201451864289
Strep_C3880,0.47311830745470035
Strep_C3881,0.11634201451864289
Strep_C3882,0.11634201451864289
Strep_C3883,0.11634201451864289
Strep_C3884,0.2337017810381666
Strep_C3885,0.11136757272179186
Strep_C3886,0.11136757272179186
Strep_C3887,0.11634201451864289
Strep_C3888,0.7256406595528874
Strep_C3889,0.2337017810381666
Strep_C388,0.35245843672205746
Strep_C3890,0.5967242474384321
Strep_C3891,0.11634201451864289
Strep_C3892,0.47311830745470035
Strep_C3893,0.1163415109155265
Strep_C3894,0.1163415109155265
Strep_C3895,0.1163415109155265
Strep_C3896,0.1163415109155265
Strep_C3897,0.99999999
Strep_C3898,0.5967242474384321
Strep_C3899,0.11634201451864289
Strep_C389,0.11634201451864289
Strep_C38,0.11136757272179186
Strep_C3900,0.11136757272179186
Strep_C3901,0.334259100712907
Strep_C3902,0.35245843672205746
Strep_C3903,0.23305302815717163
Strep_C3904,0.11634201451864289
Strep_C3905,0.1163415109155265
Strep_C3906,0.1163415109155265
Strep_C3907,0.1163415109155265
Strep_C3908,0.1163415109155265
Strep_C3909,0.23370228693111114
Strep_C390,0.333266628208235
Strep_C3910,0.1163415109155265
Strep_C3911,0.1163415109155265
Strep_C3912,0.11634201451864289
Strep_C3913,0.47311830745470035
Strep_C3914,0.8524331858472348
Strep_C3915,0.11634201451864289
Strep_C3916,0.11136757272179186
Strep_C3917,0.333266628208235
Strep_C3918,0.23305302815717163
Strep_C3919,0.23305302815717163
Strep_C391,0.47311651524910325
Strep_C3920,0.99999999
Strep_C3921,0.23305302815717163
Strep_C3922,0.1160600458814914
Strep_C3923,0.2337017810381666
Strep_C3924,0.35245843672205746
Strep_C3925,0.2337017810381666
Strep_C3926,0.47311830745470035
Strep_C3927,0.23370178103816636
Strep_C3928,0.11634201451864289
Strep_C3929,0.1163415109155265
Strep_C392,0.23305302815717163
Strep_C3930,0.35132537846575046
Strep_C3931,0.23370228693111114
Strep_C3932,0.47311830745470035
Strep_C3933,0.11634201451864289
Strep_C3934,0.23370178103816636
Strep_C3935,0.11634201451864289
Strep_C3936,0.7256406595528874
Strep_C3937,0.7198643407720242
Strep_C3938,0.11634201451864289
Strep_C3939,0.11634201451864289
Strep_C393,0.1163415109155265
Strep_C3940,0.351325490499599
Strep_C3941,0.11136757272179186
Strep_C3942,0.11136757272179186
Strep_C3943,0.99999999
Strep_C3944,0.23305302815717163
Strep_C3945,0.5967214293920762
Strep_C3946,0.99999999
Strep_C3947,0.11634201451864289
Strep_C3948,0.99999999
Strep_C3949,0.11634201451864289
Strep_C394,0.8889223478224411
Strep_C3950,0.35245843672205746
Strep_C3951,0.11634201451864289
Strep_C3952,0.99999999
Strep_C3953,0.5936452796634148
Strep_C3954,0.23370228693111114
Strep_C3955,0.1163415109155265
Strep_C3956,0.99999999
Strep_C3957,0.11634201451864289
Strep_C3958,0.11634201451864289
Strep_C3959,0.5967214293920762
Strep_C395,0.11634201451864289
Strep_C3960,0.11634201451864289
Strep_C3961,0.11634201451864289
Strep_C3962,0.5936452796634148
Strep_C3963,0.5555542629982061
Strep_C3964,0.44444989529753154
Strep_C3965,0.11136757272179186
Strep_C3966,0.11634201451864289
Strep_C3967,0.47311830745470035
Strep_C3968,0.11634201451864289
Strep_C3969,0.11634201451864289
Strep_C396,0.11634201451864289
Strep_C3970,0.11634201451864289
Strep_C3971,0.5967242474384321
Strep_C3972,0.35245843672205746
Strep_C3973,0.7198643407720242
Strep_C3974,0.1163415109155265
Strep_C3975,0.1163415109155265
Strep_C3976,0.1163415109155265
Strep_C3977,0.1163415109155265
Strep_C3978,0.99999999
Strep_C3979,0.11634201451864289
Strep_C397,0.11634201451864289
Strep_C3980,0.99999999
Strep_C3981,0.11634201451864289
Strep_C3982,0.99999999
Strep_C3983,0.11136757272179186
Strep_C3984,0.11136757272179186
Strep_C3985,0.11136757272179186
Strep_C3986,0.47127620612957083
Strep_C3987,0.23370178103816636
Strep_C3988,0.11634201451864289
Strep_C3989,0.11634201451864289
Strep_C398,0.11634201451864289
Strep_C3990,0.23370178103816636
Strep_C3991,0.7198634438443039
Strep_C3992,0.35245843672205746
Strep_C3993,0.5967214293920762
Strep_C3994,0.1163415109155265
Strep_C3995,0.1163415109155265
Strep_C3996,0.1163415109155265
Strep_C3997,0.1163415109155265
Strep_C3998,0.11634201451864289
Strep_C3999,0.99999999
Strep_C399,0.2337017810381666
Strep_C39,0.11634201451864289
Strep_C3,0.11634201451864289
Strep_C4000,0.23370178103816636
Strep_C4001,0.23370178103816636
Strep_C4002,0.99999999
Strep_C4003,0.99999999
Strep_C4004,0.11634201451864289
Strep_C4005,0.11634201451864289
Strep_C4006,0.11136757272179186
Strep_C4007,0.11136757272179186
Strep_C4008,0.23305302815717163
Strep_C4009,0.11634201451864289
Strep_C400,0.11634201451864289
Strep_C4010,0.2337017810381666
Strep_C4011,0.11634201451864289
Strep_C4012,0.35245843672205746
Strep_C4013,0.35245843672205746
Strep_C4014,0.47311651524910325
Strep_C4015,0.1163415109155265
Strep_C4016,0.1163415109155265
Strep_C4017,0.99999999
Strep_C4018,0.22283322077504625
Strep_C4019,0.11136757272179186
Strep_C401,0.11136757272179186
Strep_C4020,0.11136757272179186
Strep_C4021,0.11136757272179186
Strep_C4022,0.23305302815717163
Strep_C4023,0.23305302815717163
Strep_C4024,0.5555546390366239
Strep_C4025,0.11634201451864289
Strep_C4026,0.35245843672205746
Strep_C4027,0.35245843672205746
Strep_C4028,0.11634201451864289
Strep_C4029,0.11634201451864289
Strep_C402,0.23305302815717163
Strep_C4030,0.1163415109155265
Strep_C4031,0.11634201451864289
Strep_C4032,0.35245843672205746
Strep_C4033,0.8889131171654778
Strep_C4034,0.99999999
Strep_C4035,0.11634201451864289
Strep_C4036,0.23370178103816636
Strep_C4037,0.11634201451864289
Strep_C4038,0.11634201451864289
Strep_C4039,0.11634201451864289
Strep_C403,0.471274539360154
Strep_C4040,0.11634201451864289
Strep_C4041,0.5967242474384321
Strep_C4042,0.99999999
Strep_C4043,0.7198634438443039
Strep_C4044,0.11136757272179186
Strep_C4045,0.23305302815717163
Strep_C4046,0.2337017810381666
Strep_C4047,0.2337017810381666
Strep_C4048,0.2337017810381666
Strep_C4049,0.11634201451864289
Strep_C404,0.23370228693111114
Strep_C4050,0.11634201451864289
Strep_C4051,0.23370228693111114
Strep_C4052,0.11634201451864289
Strep_C4053,0.11634201451864289
Strep_C4054,0.7198634438443039
Strep_C4055,0.11634201451864289
Strep_C4056,0.35245843672205746
Strep_C4057,0.11634201451864289
Strep_C4058,0.11634201451864289
Strep_C4059,0.11634201451864289
Strep_C405,0.5967214293920762
Strep_C4060,0.99999999
Strep_C4061,0.99999999
Strep_C4062,0.5555542629982061
Strep_C4063,0.23305302815717163
Strep_C4064,0.23305302815717163
Strep_C4065,0.7198643407720242
Strep_C4066,0.23305302815717163
Strep_C4067,0.2337017810381666
Strep_C4068,0.35245843672205746
Strep_C4069,0.23370228693111114
Strep_C406,0.11634201451864289
Strep_C4070,0.11634201451864289
Strep_C4071,0.351325490499599
Strep_C4072,0.11634201451864289
Strep_C4073,0.11634201451864289
Strep_C4074,0.11634201451864289
Strep_C4075,0.2337017810381666
Strep_C4076,0.11634201451864289
Strep_C4077,0.7256406595528874
Strep_C4078,0.2337017810381666
Strep_C4079,0.471274539360154
Strep_C407,0.11634201451864289
Strep_C4080,0.11634201451864289
Strep_C4081,0.333266628208235
Strep_C4082,0.99999999
Strep_C4083,0.44444989529753154
Strep_C4084,0.23305302815717163
Strep_C4085,0.11634201451864289
Strep_C4086,0.23370228693111114
Strep_C4087,0.11634201451864289
Strep_C4088,0.11634201451864289
Strep_C4089,0.11634201451864289
Strep_C408,0.1160600458814914
Strep_C4090,0.1163415109155265
Strep_C4091,0.1163415109155265
Strep_C4092,0.1163415109155265
Strep_C4093,0.1163415109155265
Strep_C4094,0.99999999
Strep_C4095,0.11634201451864289
Strep_C4096,0.5936427844819077
Strep_C4097,0.99999999
Strep_C4098,0.11634201451864289
Strep_C4099,0.99999999
Strep_C409,0.2337017810381666
Strep_C40,0.11634201451864289
Strep_C4100,0.11634201451864289
Strep_C4101,0.22283354305359118
Strep_C4102,0.99999999
Strep_C4103,0.22283322077504625
Strep_C4104,0.11136757272179186
Strep_C4105,0.99999999
Strep_C4106,0.11136757272179186
Strep_C4107,0.11136757272179186
Strep_C4108,0.99999999
Strep_C4109,0.23305302815717163
Strep_C410,0.7198643407720242
Strep_C4110,0.44444989529753154
Strep_C4111,0.23305302815717163
Strep_C4112,0.99999999
Strep_C4113,0.5967242474384321
Strep_C4114,0.5967214293920762
Strep_C4115,0.11634201451864289
Strep_C4116,0.99999999
Strep_C4117,0.47311651524910325
Strep_C4118,0.99999999
Strep_C4119,0.47311830745470035
Strep_C411,0.11634201451864289
Strep_C4120,0.11634201451864289
Strep_C4121,0.11634201451864289
Strep_C4122,0.1163415109155265
Strep_C4123,0.1163415109155265
Strep_C4124,0.3524582818100281
Strep_C4125,0.47311830745470035
Strep_C4126,0.11634201451864289
Strep_C4127,0.23370228693111114
Strep_C4128,0.7256406595528874
Strep_C4129,0.99999999
Strep_C412,0.23305302815717163
Strep_C4130,0.99999999
Strep_C4131,0.11136757272179186
Strep_C4132,0.351325490499599
Strep_C4133,0.351325490499599
Strep_C4134,0.23305302815717163
Strep_C4135,0.2337017810381666
Strep_C4136,0.23370178103816636
Strep_C4137,0.8524331858472348
Strep_C4138,0.11634201451864289
Strep_C4139,0.11634201451864289
Strep_C413,0.11634201451864289
Strep_C4140,0.35245843672205746
Strep_C4141,0.1163415109155265
Strep_C4142,0.1163415109155265
Strep_C4143,0.7256406595528874
Strep_C4144,0.99999999
Strep_C4145,0.99999999
Strep_C4146,0.11634201451864289
Strep_C4147,0.11634201451864289
Strep_C4148,0.8889131171654778
Strep_C4149,0.11634201451864289
Strep_C414,0.11634201451864289
Strep_C4150,0.11634201451864289
Strep_C4151,0.11136757272179186
Strep_C4152,0.11136757272179186
Strep_C4153,0.99999999
Strep_C4154,0.44444989529753154
Strep_C4155,0.23305302815717163
Strep_C4156,0.23305302815717163
Strep_C4157,0.23305302815717163
Strep_C4158,0.23305302815717163
Strep_C4159,0.7256406595528874
Strep_C415,0.11136757272179186
Strep_C4160,0.99999999
Strep_C4161,0.11634201451864289
Strep_C4162,0.5967242474384321
Strep_C4163,0.11634201451864289
Strep_C4164,0.11634201451864289
Strep_C4165,0.47311651524910325
Strep_C4166,0.11634201451864289
Strep_C4167,0.11634201451864289
Strep_C4168,0.99999999
Strep_C4169,0.23370228693111114
Strep_C416,0.1163415109155265
Strep_C4170,0.1163415109155265
Strep_C4171,0.1163415109155265
Strep_C4172,0.35245843672205746
Strep_C4173,0.8889131171654778
Strep_C4174,0.23370228693111114
Strep_C4175,0.11634201451864289
Strep_C4176,0.99999999
Strep_C4177,0.11136757272179186
Strep_C4178,0.7778659244097796
Strep_C4179,0.11136757272179186
Strep_C417,0.557982185216091
Strep_C4180,0.11136757272179186
Strep_C4181,0.5555542629982061
Strep_C4182,0.44444989529753154
Strep_C4183,0.23305302815717163
Strep_C4184,0.23305302815717163
Strep_C4185,0.99999999
Strep_C4186,0.23305302815717163
Strep_C4187,0.11634201451864289
Strep_C4188,0.11634201451864289
Strep_C4189,0.2337017810381666
Strep_C418,0.11634201451864289
Strep_C4190,0.11634201451864289
Strep_C4191,0.7198634438443039
Strep_C4192,0.11634201451864289
Strep_C4193,0.11634201451864289
Strep_C4194,0.1163415109155265
Strep_C4195,0.1163415109155265
Strep_C4196,0.1163415109155265
Strep_C4197,0.11634201451864289
Strep_C4198,0.99999999
Strep_C4199,0.351325490499599
Strep_C419,0.35245843672205746
Strep_C41,0.11634201451864289
Strep_C4200,0.23370228693111114
Strep_C4201,0.11136757272179186
Strep_C4202,0.11136757272179186
Strep_C4203,0.11136757272179186
Strep_C4204,0.99999999
Strep_C4205,0.23305302815717163
Strep_C4206,0.11634201451864289
Strep_C4207,0.47311651524910325
Strep_C4208,0.11634201451864289
Strep_C4209,0.47311830745470035
Strep_C420,0.23370178103816636
Strep_C4210,0.11634201451864289
Strep_C4211,0.7256406595528874
Strep_C4212,0.47311830745470035
Strep_C4213,0.1163415109155265
Strep_C4214,0.1163415109155265
Strep_C4215,0.1163415109155265
Strep_C4216,0.1163415109155265
Strep_C4217,0.99999999
Strep_C4218,0.99999999
Strep_C4219,0.11634201451864289
Strep_C421,0.1163415109155265
Strep_C4220,0.7256406595528874
Strep_C4221,0.99999999
Strep_C4222,0.11634201451864289
Strep_C4223,0.99999999
Strep_C4224,0.11136757272179186
Strep_C4225,0.11136757272179186
Strep_C4226,0.11136757272179186
Strep_C4227,0.23305302815717163
Strep_C4228,0.333266628208235
Strep_C4229,0.23305302815717163
Strep_C422,0.5967242474384321
Strep_C4230,0.11634201451864289
Strep_C4231,0.11634201451864289
Strep_C4232,0.35245843672205746
Strep_C4233,0.1163415109155265
Strep_C4234,0.1163415109155265
Strep_C4235,0.1163415109155265
Strep_C4236,0.1163415109155265
Strep_C4237,0.11634201451864289
Strep_C4238,0.47311830745470035
Strep_C4239,0.47311651524910325
Strep_C423,0.11634201451864289
Strep_C4240,0.11634201451864289
Strep_C4241,0.99999999
Strep_C4242,0.23370178103816636
Strep_C4243,0.334259100712907
Strep_C4244,0.99999999
Strep_C4245,0.23370228693111114
Strep_C4246,0.11136757272179186
Strep_C4247,0.11136757272179186
Strep_C4248,0.11136757272179186
Strep_C4249,0.23305302815717163
Strep_C424,0.11634201451864289
Strep_C4250,0.7256406595528874
Strep_C4251,0.99999999
Strep_C4252,0.7198643407720242
Strep_C4253,0.5579816378691367
Strep_C4254,0.11634201451864289
Strep_C4255,0.99999999
Strep_C4256,0.11634201451864289
Strep_C4257,0.1163415109155265
Strep_C4258,0.99999999
Strep_C4259,0.22283322077504625
Strep_C425,0.11634201451864289
Strep_C4260,0.5967214293920762
Strep_C4261,0.99999999
Strep_C4262,0.11634201451864289
Strep_C4263,0.11634201451864289
Strep_C4264,0.6665403377533278
Strep_C4265,0.11634201451864289
Strep_C4266,0.99999999
Strep_C4267,0.44444989529753154
Strep_C4268,0.11136757272179186
Strep_C4269,0.99999999
Strep_C426,0.3524582818100281
Strep_C4270,0.1160600458814914
Strep_C4271,0.2337017810381666
Strep_C4272,0.11634201451864289
Strep_C4273,0.11634201451864289
Strep_C4274,0.2337017810381666
Strep_C4275,0.35245843672205746
Strep_C4276,0.1163415109155265
Strep_C4277,0.3524582818100281
Strep_C4278,0.1163415109155265
Strep_C4279,0.1163415109155265
Strep_C427,0.11634201451864289
Strep_C4280,0.11634201451864289
Strep_C4281,0.44444989529753154
Strep_C4282,0.23370228693111114
Strep_C4283,0.11634201451864289
Strep_C4284,0.11634201451864289
Strep_C4285,0.23370228693111114
Strep_C4286,0.11634201451864289
Strep_C4287,0.351325490499599
Strep_C4288,0.8889223478224411
Strep_C4289,0.99999999
Strep_C428,0.1163415109155265
Strep_C4290,0.11136757272179186
Strep_C4291,0.23305302815717163
Strep_C4292,0.7198634438443039
Strep_C4293,0.1160600458814914
Strep_C4294,0.351325490499599
Strep_C4295,0.11634201451864289
Strep_C4296,0.11634201451864289
Strep_C4297,0.11634201451864289
Strep_C4298,0.11634201451864289
Strep_C4299,0.99999999
Strep_C429,0.1163415109155265
Strep_C42,0.11136757272179186
Strep_C4300,0.11634201451864289
Strep_C4301,0.2337017810381666
Strep_C4302,0.11634201451864289
Strep_C4303,0.1163415109155265
Strep_C4304,0.99999999
Strep_C4305,0.11634201451864289
Strep_C4306,0.3524582818100281
Strep_C4307,0.35245843672205746
Strep_C4308,0.99999999
Strep_C4309,0.11634201451864289
Strep_C430,0.11634201451864289
Strep_C4310,0.11136757272179186
Strep_C4311,0.334259100712907
Strep_C4312,0.11136757272179186
Strep_C4313,0.99999999
Strep_C4314,0.99999999
Strep_C4315,0.11634201451864289
Strep_C4316,0.670453025682897
Strep_C4317,0.2337017810381666
Strep_C4318,0.5967242474384321
Strep_C4319,0.11634201451864289
Strep_C431,0.1163415109155265
Strep_C4320,0.5967242474384321
Strep_C4321,0.99999999
Strep_C4322,0.6704550730094094
Strep_C4323,0.1163415109155265
Strep_C4324,0.11634201451864289
Strep_C4325,0.47311830745470035
Strep_C4326,0.99999999
Strep_C4327,0.8889131171654778
Strep_C4328,0.2337017810381666
Strep_C4329,0.11634201451864289
Strep_C432,0.11634201451864289
Strep_C4330,0.35245843672205746
Strep_C4331,0.11634201451864289
Strep_C4332,0.23370228693111114
Strep_C4333,0.5967214293920762
Strep_C4334,0.11634201451864289
Strep_C4335,0.11136757272179186
Strep_C4336,0.11136757272179186
Strep_C4337,0.23305302815717163
Strep_C4338,0.23305302815717163
Strep_C4339,0.3524582818100281
Strep_C433,0.11634201451864289
Strep_C4340,0.5936452796634148
Strep_C4341,0.11634201451864289
Strep_C4342,0.23370178103816636
Strep_C4343,0.1163415109155265
Strep_C4344,0.1163415109155265
Strep_C4345,0.23370228693111114
Strep_C4346,0.1163415109155265
Strep_C4347,0.1163415109155265
Strep_C4348,0.1163415109155265
Strep_C4349,0.1163415109155265
Strep_C434,0.11634201451864289
Strep_C4350,0.7256406595528874
Strep_C4351,0.11634201451864289
Strep_C4352,0.11634201451864289
Strep_C4353,0.8889223478224411
Strep_C4354,0.11634201451864289
Strep_C4355,0.11634201451864289
Strep_C4356,0.47311830745470035
Strep_C4357,0.5967214293920762
Strep_C4358,0.5967214293920762
Strep_C4359,0.11634201451864289
Strep_C435,0.5967214293920762
Strep_C4360,0.351325490499599
Strep_C4361,0.11136757272179186
Strep_C4362,0.11136757272179186
Strep_C4363,0.11136757272179186
Strep_C4364,0.1160600458814914
Strep_C4365,0.7256406595528874
Strep_C4366,0.47311830745470035
Strep_C4367,0.11634201451864289
Strep_C4368,0.334259100712907
Strep_C4369,0.351325490499599
Strep_C436,0.23370178103816636
Strep_C4370,0.11634201451864289
Strep_C4371,0.11634201451864289
Strep_C4372,0.1163415109155265
Strep_C4373,0.1163415109155265
Strep_C4374,0.1163415109155265
Strep_C4375,0.11634201451864289
Strep_C4376,0.3524582818100281
Strep_C4377,0.47311830745470035
Strep_C4378,0.47311651524910325
Strep_C4379,0.11634201451864289
Strep_C437,0.11634201451864289
Strep_C4380,0.11634201451864289
Strep_C4381,0.5967214293920762
Strep_C4382,0.11634201451864289
Strep_C4383,0.23370228693111114
Strep_C4384,0.7256404808820707
Strep_C4385,0.11634201451864289
Strep_C4386,0.99999999
Strep_C4387,0.11136757272179186
Strep_C4388,0.333266628208235
Strep_C4389,0.23305302815717163
Strep_C438,0.23305302815717163
Strep_C4390,0.333266628208235
Strep_C4391,0.35132537846575046
Strep_C4392,0.23305302815717163
Strep_C4393,0.47127620612957083
Strep_C4394,0.47311830745470035
Strep_C4395,0.11634201451864289
Strep_C4396,0.23305302815717163
Strep_C4397,0.99999999
Strep_C4398,0.1163415109155265
Strep_C4399,0.1163415109155265
Strep_C439,0.1163415109155265
Strep_C43,0.11136757272179186
Strep_C4400,0.99999999
Strep_C4401,0.11634201451864289
Strep_C4402,0.11634201451864289
Strep_C4403,0.11634201451864289
Strep_C4404,0.7847940789287989
Strep_C4405,0.99999999
Strep_C4406,0.2337017810381666
Strep_C4407,0.11136757272179186
Strep_C4408,0.11136757272179186
Strep_C4409,0.11136757272179186
Strep_C440,0.334259100712907
Strep_C4410,0.99999999
Strep_C4411,0.23305302815717163
Strep_C4412,0.7256406595528874
Strep_C4413,0.11634201451864289
Strep_C4414,0.11634201451864289
Strep_C4415,0.11634201451864289
Strep_C4416,0.11634201451864289
Strep_C4417,0.47311830745470035
Strep_C4418,0.11634201451864289
Strep_C4419,0.2337017810381666
Strep_C441,0.7847901182836508
Strep_C4420,0.99999999
Strep_C4421,0.1163415109155265
Strep_C4422,0.1163415109155265
Strep_C4423,0.1163415109155265
Strep_C4424,0.47311651524910325
Strep_C4425,0.11634201451864289
Strep_C4426,0.99999999
Strep_C4427,0.23370228693111114
Strep_C4428,0.11136757272179186
Strep_C4429,0.44444989529753154
Strep_C442,0.2337017810381666
Strep_C4430,0.11136757272179186
Strep_C4431,0.11136757272179186
Strep_C4432,0.23305302815717163
Strep_C4433,0.351325490499599
Strep_C4434,0.23305302815717163
Strep_C4435,0.23305302815717163
Strep_C4436,0.11634201451864289
Strep_C4437,0.2337017810381666
Strep_C4438,0.99999999
Strep_C4439,0.8889131171654778
Strep_C443,0.11136757272179186
Strep_C4440,0.99999999
Strep_C4441,0.23370178103816636
Strep_C4442,0.44444989529753154
Strep_C4443,0.2337017810381666
Strep_C4444,0.47311830745470035
Strep_C4445,0.2337017810381666
Strep_C4446,0.23370228693111114
Strep_C4447,0.1163415109155265
Strep_C4448,0.11634201451864289
Strep_C4449,0.11634201451864289
Strep_C444,0.35245843672205746
Strep_C4450,0.2337017810381666
Strep_C4451,0.35245843672205746
Strep_C4452,0.23370178103816636
Strep_C4453,0.35132537846575046
Strep_C4454,0.11634201451864289
Strep_C4455,0.35245843672205746
Strep_C4456,0.5936452796634148
Strep_C4457,0.47311830745470035
Strep_C4458,0.11634201451864289
Strep_C4459,0.11634201451864289
Strep_C445,0.1163415109155265
Strep_C4460,0.11136757272179186
Strep_C4461,0.11136757272179186
Strep_C4462,0.11136757272179186
Strep_C4463,0.11634201451864289
Strep_C4464,0.8889131171654778
Strep_C4465,0.11634201451864289
Strep_C4466,0.8889223478224411
Strep_C4467,0.1163415109155265
Strep_C4468,0.1163415109155265
Strep_C4469,0.1163415109155265
Strep_C446,0.23305302815717163
Strep_C4470,0.1163415109155265
Strep_C4471,0.1163415109155265
Strep_C4472,0.99999999
Strep_C4473,0.23370178103816636
Strep_C4474,0.2337017810381666
Strep_C4475,0.2337017810381666
Strep_C4476,0.11136757272179186
Strep_C4477,0.11136757272179186
Strep_C4478,0.35132537846575046
Strep_C4479,0.1160600458814914
Strep_C447,0.23370178103816636
Strep_C4480,0.23305302815717163
Strep_C4481,0.23305302815717163
Strep_C4482,0.2337017810381666
Strep_C4483,0.2337017810381666
Strep_C4484,0.2337017810381666
Strep_C4485,0.11634201451864289
Strep_C4486,0.11634201451864289
Strep_C4487,0.11634201451864289
Strep_C4488,0.7256406595528874
Strep_C4489,0.47311830745470035
Strep_C448,0.99999999
Strep_C4490,0.11634201451864289
Strep_C4491,0.2337017810381666
Strep_C4492,0.1163415109155265
Strep_C4493,0.1163415109155265
Strep_C4494,0.47311830745470035
Strep_C4495,0.2337017810381666
Strep_C4496,0.23370178103816636
Strep_C4497,0.7198643407720242
Strep_C4498,0.11634201451864289
Strep_C4499,0.99999999
Strep_C449,0.23305302815717163
Strep_C44,0.11634201451864289
Strep_C4500,0.351325490499599
Strep_C4501,0.11136757272179186
Strep_C4502,0.8889223478224411
Strep_C4503,0.11136757272179186
Strep_C4504,0.11136757272179186
Strep_C4505,0.333266628208235
Strep_C4506,0.35245843672205746
Strep_C4507,0.8673259655154397
Strep_C4508,0.11634201451864289
Strep_C4509,0.11634201451864289
Strep_C450,0.11634201451864289
Strep_C4510,0.47311651524910325
Strep_C4511,0.11634201451864289
Strep_C4512,0.5967214293920762
Strep_C4513,0.99999999
Strep_C4514,0.5967242474384321
Strep_C4515,0.3524582818100281
Strep_C4516,0.2337017810381666
Strep_C4517,0.11634201451864289
Strep_C4518,0.99999999
Strep_C4519,0.557982185216091
Strep_C451,0.99999999
Strep_C4520,0.11136757272179186
Strep_C4521,0.11136757272179186
Strep_C4522,0.23305302815717163
Strep_C4523,0.99999999
Strep_C4524,0.1160600458814914
Strep_C4525,0.11634201451864289
Strep_C4526,0.47311651524910325
Strep_C4527,0.11634201451864289
Strep_C4528,0.23370178103816636
Strep_C4529,0.5967214293920762
Strep_C452,0.11634201451864289
Strep_C4530,0.1163415109155265
Strep_C4531,0.1163415109155265
Strep_C4532,0.1163415109155265
Strep_C4533,0.1163415109155265
Strep_C4534,0.1163415109155265
Strep_C4535,0.1163415109155265
Strep_C4536,0.7198643407720242
Strep_C4537,0.47311830745470035
Strep_C4538,0.8524313909199117
Strep_C4539,0.99999999
Strep_C453,0.11634201451864289
Strep_C4540,0.11634201451864289
Strep_C4541,0.11634201451864289
Strep_C4542,0.11634201451864289
Strep_C4543,0.11634201451864289
Strep_C4544,0.333266628208235
Strep_C4545,0.47311830745470035
Strep_C4546,0.47311830745470035
Strep_C4547,0.23305302815717163
Strep_C4548,0.11634201451864289
Strep_C4549,0.11634201451864289
Strep_C454,0.1163415109155265
Strep_C4550,0.7256406595528874
Strep_C4551,0.1163415109155265
Strep_C4552,0.1163415109155265
Strep_C4553,0.47311651524910325
Strep_C4554,0.7256406595528874
Strep_C4555,0.11634201451864289
Strep_C4556,0.47311830745470035
Strep_C4557,0.6704550730094094
Strep_C4558,0.23370178103816636
Strep_C4559,0.47311830745470035
Strep_C455,0.11634201451864289
Strep_C4560,0.23370178103816636
Strep_C4561,0.23370178103816636
Strep_C4562,0.11634201451864289
Strep_C4563,0.11634201451864289
Strep_C4564,0.11634201451864289
Strep_C4565,0.11634201451864289
Strep_C4566,0.23370228693111114
Strep_C4567,0.99999999
Strep_C4568,0.351325490499599
Strep_C4569,0.23305302815717163
Strep_C456,0.11136757272179186
Strep_C4570,0.11634201451864289
Strep_C4571,0.2337017810381666
Strep_C4572,0.23370178103816636
Strep_C4573,0.11634201451864289
Strep_C4574,0.22283322077504625
Strep_C4575,0.11634201451864289
Strep_C4576,0.11634201451864289
Strep_C4577,0.11634201451864289
Strep_C4578,0.11634201451864289
Strep_C4579,0.99999999
Strep_C457,0.7256406595528874
Strep_C4580,0.11634201451864289
Strep_C4581,0.47311830745470035
Strep_C4582,0.7256406595528874
Strep_C4583,0.1163415109155265
Strep_C4584,0.1163415109155265
Strep_C4585,0.11634201451864289
Strep_C4586,0.3342595322757504
Strep_C4587,0.99999999
Strep_C4588,0.351325490499599
Strep_C4589,0.22283322077504625
Strep_C458,0.2337017810381666
Strep_C4590,0.11634201451864289
Strep_C4591,0.99999999
Strep_C4592,0.99999999
Strep_C4593,0.99999999
Strep_C4594,0.35132537846575046
Strep_C4595,0.99999999
Strep_C4596,0.23370228693111114
Strep_C4597,0.23370178103816636
Strep_C4598,0.11634201451864289
Strep_C4599,0.1163415109155265
Strep_C459,0.1163415109155265
Strep_C45,0.11634201451864289
Strep_C4600,0.1163415109155265
Strep_C4601,0.1163415109155265
Strep_C4602,0.1163415109155265
Strep_C4603,0.11634201451864289
Strep_C4604,0.11634201451864289
Strep_C4605,0.5967242474384321
Strep_C4606,0.11634201451864289
Strep_C4607,0.7256406595528874
Strep_C4608,0.11634201451864289
Strep_C4609,0.11634201451864289
Strep_C460,0.99999999
Strep_C4610,0.11136757272179186
Strep_C4611,0.333266628208235
Strep_C4612,0.23305302815717163
Strep_C4613,0.11634201451864289
Strep_C4614,0.11634201451864289
Strep_C4615,0.11634201451864289
Strep_C4616,0.47311830745470035
Strep_C4617,0.11634201451864289
Strep_C4618,0.11634201451864289
Strep_C4619,0.1163415109155265
Strep_C461,0.5936452796634148
Strep_C4620,0.47311830745470035
Strep_C4621,0.99999999
Strep_C4622,0.11136757272179186
Strep_C4623,0.7198634438443039
Strep_C4624,0.23305302815717163
Strep_C4625,0.35132537846575046
Strep_C4626,0.1160600458814914
Strep_C4627,0.47311830745470035
Strep_C4628,0.99999999
Strep_C4629,0.11634201451864289
Strep_C462,0.11634201451864289
Strep_C4630,0.99999999
Strep_C4631,0.11634201451864289
Strep_C4632,0.7198634438443039
Strep_C4633,0.8524331858472348
Strep_C4634,0.7198643407720242
Strep_C4635,0.1163415109155265
Strep_C4636,0.1163415109155265
Strep_C4637,0.1163415109155265
Strep_C4638,0.1163415109155265
Strep_C4639,0.2337017810381666
Strep_C463,0.23305302815717163
Strep_C4640,0.5967242474384321
Strep_C4641,0.8889131171654778
Strep_C4642,0.351325490499599
Strep_C4643,0.99999999
Strep_C4644,0.99999999
Strep_C4645,0.23370178103816636
Strep_C4646,0.11634201451864289
Strep_C4647,0.7847940789287989
Strep_C4648,0.2337017810381666
Strep_C4649,0.99999999
Strep_C464,0.1163415109155265
Strep_C4650,0.99999999
Strep_C4651,0.333266628208235
Strep_C4652,0.22283354305359118
Strep_C4653,0.11136757272179186
Strep_C4654,0.23305302815717163
Strep_C4655,0.99999999
Strep_C4656,0.23305302815717163
Strep_C4657,0.47311830745470035
Strep_C4658,0.35245843672205746
Strep_C4659,0.11634201451864289
Strep_C465,0.23305302815717163
Strep_C4660,0.2337017810381666
Strep_C4661,0.23370178103816636
Strep_C4662,0.99999999
Strep_C4663,0.3342595322757504
Strep_C4664,0.11634201451864289
Strep_C4665,0.23370178103816636
Strep_C4666,0.11634201451864289
Strep_C4667,0.7198634438443039
Strep_C4668,0.7256406595528874
Strep_C4669,0.1163415109155265
Strep_C466,0.11634201451864289
Strep_C4670,0.1163415109155265
Strep_C4671,0.1163415109155265
Strep_C4672,0.5967214293920762
Strep_C4673,0.1163415109155265
Strep_C4674,0.47311651524910325
Strep_C4675,0.47311830745470035
Strep_C4676,0.99999999
Strep_C4677,0.3524582818100281
Strep_C4678,0.8889131171654778
Strep_C4679,0.11634201451864289
Strep_C467,0.2337017810381666
Strep_C4680,0.11634201451864289
Strep_C4681,0.11634201451864289
Strep_C4682,0.11634201451864289
Strep_C4683,0.11634201451864289
Strep_C4684,0.99999999
Strep_C4685,0.11136757272179186
Strep_C4686,0.11136757272179186
Strep_C4687,0.23305302815717163
Strep_C4688,0.23305302815717163
Strep_C4689,0.99999999
Strep_C468,0.351325490499599
Strep_C4690,0.471274539360154
Strep_C4691,0.11634201451864289
Strep_C4692,0.99999999
Strep_C4693,0.47311830745470035
Strep_C4694,0.11634201451864289
Strep_C4695,0.47311830745470035
Strep_C4696,0.1163415109155265
Strep_C4697,0.23370228693111114
Strep_C4698,0.1163415109155265
Strep_C4699,0.11634201451864289
Strep_C469,0.11634201451864289
Strep_C46,0.1163415109155265
Strep_C4700,0.11634201451864289
Strep_C4701,0.11634201451864289
Strep_C4702,0.23370178103816636
Strep_C4703,0.11634201451864289
Strep_C4704,0.7198634438443039
Strep_C4705,0.99999999
Strep_C4706,0.7256406595528874
Strep_C4707,0.99999999
Strep_C4708,0.11136757272179186
Strep_C4709,0.11136757272179186
Strep_C470,0.35245843672205746
Strep_C4710,0.23305302815717163
Strep_C4711,0.7778659244097796
Strep_C4712,0.11634201451864289
Strep_C4713,0.11634201451864289
Strep_C4714,0.11634201451864289
Strep_C4715,0.11634201451864289
Strep_C4716,0.35245843672205746
Strep_C4717,0.1163415109155265
Strep_C4718,0.99999999
Strep_C4719,0.1163415109155265
Strep_C471,0.99999999
Strep_C4720,0.1163415109155265
Strep_C4721,0.1163415109155265
Strep_C4722,0.35245843672205746
Strep_C4723,0.11634201451864289
Strep_C4724,0.11634201451864289
Strep_C4725,0.99999999
Strep_C4726,0.11634201451864289
Strep_C4727,0.11634201451864289
Strep_C4728,0.11634201451864289
Strep_C4729,0.11136757272179186
Strep_C472,0.1163415109155265
Strep_C4730,0.99999999
Strep_C4731,0.7778688864057204
Strep_C4732,0.11136757272179186
Strep_C4733,0.99999999
Strep_C4734,0.5936452796634148
Strep_C4735,0.8524331858472348
Strep_C4736,0.11634201451864289
Strep_C4737,0.11634201451864289
Strep_C4738,0.11634201451864289
Strep_C4739,0.11634201451864289
Strep_C473,0.1163415109155265
Strep_C4740,0.5936427844819077
Strep_C4741,0.3524582818100281
Strep_C4742,0.11634201451864289
Strep_C4743,0.47311830745470035
Strep_C4744,0.99999999
Strep_C4745,0.99999999
Strep_C4746,0.11634201451864289
Strep_C4747,0.11634201451864289
Strep_C4748,0.11634201451864289
Strep_C4749,0.11136757272179186
Strep_C474,0.2337017810381666
Strep_C4750,0.99999999
Strep_C4751,0.11136757272179186
Strep_C4752,0.11136757272179186
Strep_C4753,0.11136757272179186
Strep_C4754,0.99999999
Strep_C4755,0.23305302815717163
Strep_C4756,0.23305302815717163
Strep_C4757,0.99999999
Strep_C4758,0.11634201451864289
Strep_C4759,0.11634201451864289
Strep_C475,0.1163415109155265
Strep_C4760,0.35245843672205746
Strep_C4761,0.99999999
Strep_C4762,0.1163415109155265
Strep_C4763,0.5936427844819077
Strep_C4764,0.1163415109155265
Strep_C4765,0.1163415109155265
Strep_C4766,0.1163415109155265
Strep_C4767,0.11634201451864289
Strep_C4768,0.99999999
Strep_C4769,0.11634201451864289
Strep_C476,0.1163415109155265
Strep_C4770,0.99999999
Strep_C4771,0.7198643407720242
Strep_C4772,0.99999999
Strep_C4773,0.11136757272179186
Strep_C4774,0.7847940789287989
Strep_C4775,0.11634201451864289
Strep_C4776,0.11634201451864289
Strep_C4777,0.47311830745470035
Strep_C4778,0.11634201451864289
Strep_C4779,0.23370228693111114
Strep_C477,0.23305302815717163
Strep_C4780,0.1163415109155265
Strep_C4781,0.1163415109155265
Strep_C4782,0.35245843672205746
Strep_C4783,0.8524331858472348
Strep_C4784,0.23370178103816636
Strep_C4785,0.11634201451864289
Strep_C4786,0.351325490499599
Strep_C4787,0.11634201451864289
Strep_C4788,0.23370228693111114
Strep_C4789,0.11634201451864289
Strep_C478,0.11634201451864289
Strep_C4790,0.99999999
Strep_C4791,0.99999999
Strep_C4792,0.557982185216091
Strep_C4793,0.11136757272179186
Strep_C4794,0.11136757272179186
Strep_C4795,0.11136757272179186
Strep_C4796,0.23305302815717163
Strep_C4797,0.99999999
Strep_C4798,0.1160600458814914
Strep_C4799,0.99999999
Strep_C479,0.1163415109155265
Strep_C47,0.11634201451864289
Strep_C4800,0.2337017810381666
Strep_C4801,0.99999999
Strep_C4802,0.2337017810381666
Strep_C4803,0.11634201451864289
Strep_C4804,0.11634201451864289
Strep_C4805,0.11634201451864289
Strep_C4806,0.1163415109155265
Strep_C4807,0.1163415109155265
Strep_C4808,0.1163415109155265
Strep_C4809,0.11634201451864289
Strep_C480,0.23370228693111114
Strep_C4810,0.47311651524910325
Strep_C4811,0.11634201451864289
Strep_C4812,0.99999999
Strep_C4813,0.11634201451864289
Strep_C4814,0.47311830745470035
Strep_C4815,0.47311830745470035
Strep_C4816,0.471274539360154
Strep_C4817,0.11634201451864289
Strep_C4818,0.2337017810381666
Strep_C4819,0.99999999
Strep_C481,0.333266628208235
Strep_C4820,0.23370228693111114
Strep_C4821,0.11136757272179186
Strep_C4822,0.11136757272179186
Strep_C4823,0.11136757272179186
Strep_C4824,0.99999999
Strep_C4825,0.99999999
Strep_C4826,0.23305302815717163
Strep_C4827,0.333266628208235
Strep_C4828,0.333266628208235
Strep_C4829,0.351325490499599
Strep_C482,0.23305302815717163
Strep_C4830,0.99999999
Strep_C4831,0.1160600458814914
Strep_C4832,0.1160600458814914
Strep_C4833,0.11634201451864289
Strep_C4834,0.35245843672205746
Strep_C4835,0.11634201451864289
Strep_C4836,0.11634201451864289
Strep_C4837,0.11634201451864289
Strep_C4838,0.11634201451864289
Strep_C4839,0.99999999
Strep_C483,0.11634201451864289
Strep_C4840,0.35245843672205746
Strep_C4841,0.23370178103816636
Strep_C4842,0.1163415109155265
Strep_C4843,0.99999999
Strep_C4844,0.1163415109155265
Strep_C4845,0.1163415109155265
Strep_C4846,0.11634201451864289
Strep_C4847,0.8889131171654778
Strep_C4848,0.47311830745470035
Strep_C4849,0.23370178103816636
Strep_C484,0.5967214293920762
Strep_C4850,0.11634201451864289
Strep_C4851,0.8889131171654778
Strep_C4852,0.99999999
Strep_C4853,0.5967214293920762
Strep_C4854,0.2337017810381666
Strep_C4855,0.11136757272179186
Strep_C4856,0.8524313909199117
Strep_C4857,0.23305302815717163
Strep_C4858,0.23305302815717163
Strep_C4859,0.23305302815717163
Strep_C485,0.11634201451864289
Strep_C4860,0.6665403377533278
Strep_C4861,0.2337017810381666
Strep_C4862,0.47311830745470035
Strep_C4863,0.5967242474384321
Strep_C4864,0.11634201451864289
Strep_C4865,0.7256406595528874
Strep_C4866,0.11634201451864289
Strep_C4867,0.11634201451864289
Strep_C4868,0.11634201451864289
Strep_C4869,0.23370178103816636
Strep_C486,0.351325490499599
Strep_C4870,0.1163415109155265
Strep_C4871,0.1163415109155265
Strep_C4872,0.1163415109155265
Strep_C4873,0.99999999
Strep_C4874,0.11634201451864289
Strep_C4875,0.99999999
Strep_C4876,0.11634201451864289
Strep_C4877,0.47311830745470035
Strep_C4878,0.11634201451864289
Strep_C4879,0.47311830745470035
Strep_C487,0.11634201451864289
Strep_C4880,0.11634201451864289
Strep_C4881,0.11634201451864289
Strep_C4882,0.47311830745470035
Strep_C4883,0.99999999
Strep_C4884,0.23370178103816636
Strep_C4885,0.11136757272179186
Strep_C4886,0.99999999
Strep_C4887,0.11136757272179186
Strep_C4888,0.99999999
Strep_C4889,0.99999999
Strep_C488,0.11634201451864289
Strep_C4890,0.11136757272179186
Strep_C4891,0.23305302815717163
Strep_C4892,0.99999999
Strep_C4893,0.23305302815717163
Strep_C4894,0.11634201451864289
Strep_C4895,0.11634201451864289
Strep_C4896,0.47311830745470035
Strep_C4897,0.47311651524910325
Strep_C4898,0.11634201451864289
Strep_C4899,0.47311830745470035
Strep_C489,0.11634201451864289
Strep_C48,0.1163415109155265
Strep_C4900,0.23370178103816636
Strep_C4901,0.7198643407720242
Strep_C4902,0.2337017810381666
Strep_C4903,0.35245843672205746
Strep_C4904,0.1163415109155265
Strep_C4905,0.1163415109155265
Strep_C4906,0.1163415109155265
Strep_C4907,0.11634201451864289
Strep_C4908,0.5967214293920762
Strep_C4909,0.23370178103816636
Strep_C490,0.1163415109155265
Strep_C4910,0.35245843672205746
Strep_C4911,0.11634201451864289
Strep_C4912,0.11634201451864289
Strep_C4913,0.22283322077504625
Strep_C4914,0.11136757272179186
Strep_C4915,0.44444989529753154
Strep_C4916,0.11136757272179186
Strep_C4917,0.11136757272179186
Strep_C4918,0.99999999
Strep_C4919,0.1160600458814914
Strep_C491,0.1163415109155265
Strep_C4920,0.11634201451864289
Strep_C4921,0.99999999
Strep_C4922,0.99999999
Strep_C4923,0.11634201451864289
Strep_C4924,0.11634201451864289
Strep_C4925,0.11634201451864289
Strep_C4926,0.11634201451864289
Strep_C4927,0.11634201451864289
Strep_C4928,0.11634201451864289
Strep_C4929,0.35245843672205746
Strep_C492,0.47311830745470035
Strep_C4930,0.1163415109155265
Strep_C4931,0.471274539360154
Strep_C4932,0.1163415109155265
Strep_C4933,0.99999999
Strep_C4934,0.7256406595528874
Strep_C4935,0.11634201451864289
Strep_C4936,0.23370178103816636
Strep_C4937,0.44601006290209577
Strep_C4938,0.99999999
Strep_C4939,0.2337017810381666
Strep_C493,0.35245843672205746
Strep_C4940,0.11634201451864289
Strep_C4941,0.7778688864057204
Strep_C4942,0.11634201451864289
Strep_C4943,0.11634201451864289
Strep_C4944,0.11634201451864289
Strep_C4945,0.23370228693111114
Strep_C4946,0.99999999
Strep_C4947,0.99999999
Strep_C4948,0.5936452796634148
Strep_C4949,0.1160600458814914
Strep_C494,0.11634201451864289
Strep_C4950,0.1160600458814914
Strep_C4951,0.99999999
Strep_C4952,0.2337017810381666
Strep_C4953,0.47311830745470035
Strep_C4954,0.2337017810381666
Strep_C4955,0.11634201451864289
Strep_C4956,0.35245843672205746
Strep_C4957,0.11634201451864289
Strep_C4958,0.11634201451864289
Strep_C4959,0.11634201451864289
Strep_C495,0.11136757272179186
Strep_C4960,0.1163415109155265
Strep_C4961,0.1163415109155265
Strep_C4962,0.1163415109155265
Strep_C4963,0.3524582818100281
Strep_C4964,0.47311830745470035
Strep_C4965,0.351325490499599
Strep_C4966,0.44444989529753154
Strep_C4967,0.11136757272179186
Strep_C4968,0.23305302815717163
Strep_C4969,0.1160600458814914
Strep_C496,0.11634201451864289
Strep_C4970,0.23305302815717163
Strep_C4971,0.8524331858472348
Strep_C4972,0.23370178103816636
Strep_C4973,0.99999999
Strep_C4974,0.47311651524910325
Strep_C4975,0.11634201451864289
Strep_C4976,0.11634201451864289
Strep_C4977,0.23305302815717163
Strep_C4978,0.23370178103816636
Strep_C4979,0.11634201451864289
Strep_C497,0.47311830745470035
Strep_C4980,0.99999999
Strep_C4981,0.11634201451864289
Strep_C4982,0.44444957634747156
Strep_C4983,0.3524582818100281
Strep_C4984,0.1163415109155265
Strep_C4985,0.1163415109155265
Strep_C4986,0.1163415109155265
Strep_C4987,0.1163415109155265
Strep_C4988,0.11634201451864289
Strep_C4989,0.99999999
Strep_C498,0.11634201451864289
Strep_C4990,0.23370228693111114
Strep_C4991,0.11634201451864289
Strep_C4992,0.99999999
Strep_C4993,0.35245843672205746
Strep_C4994,0.11634201451864289
Strep_C4995,0.23370178103816636
Strep_C4996,0.11634201451864289
Strep_C4997,0.11634201451864289
Strep_C4998,0.23370228693111114
Strep_C4999,0.99999999
Strep_C499,0.11634201451864289
Strep_C49,0.11634201451864289
Strep_C4,0.1163415109155265
Strep_C5000,0.99999999
Strep_C5001,0.99999999
Strep_C5002,0.11136757272179186
Strep_C5003,0.23305302815717163
Strep_C5004,0.23305302815717163
Strep_C5005,0.8524331858472348
Strep_C5006,0.11634201451864289
Strep_C5007,0.47311830745470035
Strep_C5008,0.11634201451864289
Strep_C5009,0.2337017810381666
Strep_C500,0.1163415109155265
Strep_C5010,0.1163415109155265
Strep_C5011,0.1163415109155265
Strep_C5012,0.1163415109155265
Strep_C5013,0.1163415109155265
Strep_C5014,0.1163415109155265
Strep_C5015,0.7256406595528874
Strep_C5016,0.7256406595528874
Strep_C5017,0.35245843672205746
Strep_C5018,0.11634201451864289
Strep_C5019,0.47311830745470035
Strep_C501,0.11634201451864289
Strep_C5020,0.99999999
Strep_C5021,0.44444989529753154
Strep_C5022,0.99999999
Strep_C5023,0.11634201451864289
Strep_C5024,0.5967242474384321
Strep_C5025,0.11136757272179186
Strep_C5026,0.11136757272179186
Strep_C5027,0.11136757272179186
Strep_C5028,0.5936452796634148
Strep_C5029,0.23305302815717163
Strep_C502,0.47311830745470035
Strep_C5030,0.23305302815717163
Strep_C5031,0.44444989529753154
Strep_C5032,0.8524331858472348
Strep_C5033,0.7198634438443039
Strep_C5034,0.11634201451864289
Strep_C5035,0.11634201451864289
Strep_C5036,0.11634201451864289
Strep_C5037,0.11634201451864289
Strep_C5038,0.47311830745470035
Strep_C5039,0.47127620612957083
Strep_C503,0.11634201451864289
Strep_C5040,0.3524582818100281
Strep_C5041,0.11634201451864289
Strep_C5042,0.1163415109155265
Strep_C5043,0.3524582818100281
Strep_C5044,0.1163415109155265
Strep_C5045,0.23370228693111114
Strep_C5046,0.7256406595528874
Strep_C5047,0.99999999
Strep_C5048,0.6704550730094094
Strep_C5049,0.11634201451864289
Strep_C504,0.23370178103816636
Strep_C5050,0.5967242474384321
Strep_C5051,0.99999999
Strep_C5052,0.5579816378691367
Strep_C5053,0.11634201451864289
Strep_C5054,0.11634201451864289
Strep_C5055,0.11136757272179186
Strep_C5056,0.11136757272179186
Strep_C5057,0.11136757272179186
Strep_C5058,0.11136757272179186
Strep_C5059,0.99999999
Strep_C505,0.47311830745470035
Strep_C5060,0.11136757272179186
Strep_C5061,0.23305302815717163
Strep_C5062,0.23305302815717163
Strep_C5063,0.11634201451864289
Strep_C5064,0.2337017810381666
Strep_C5065,0.11634201451864289
Strep_C5066,0.11634201451864289
Strep_C5067,0.35245843672205746
Strep_C5068,0.47311830745470035
Strep_C5069,0.11634201451864289
Strep_C506,0.1163415109155265
Strep_C5070,0.99999999
Strep_C5071,0.11634201451864289
Strep_C5072,0.8524331858472348
Strep_C5073,0.5555546390366239
Strep_C5074,0.8889223478224411
Strep_C5075,0.11136757272179186
Strep_C5076,0.11136757272179186
Strep_C5077,0.471274539360154
Strep_C5078,0.99999999
Strep_C5079,0.47311830745470035
Strep_C507,0.11634201451864289
Strep_C5080,0.35245843672205746
Strep_C5081,0.11634201451864289
Strep_C5082,0.23370228693111114
Strep_C5083,0.1163415109155265
Strep_C5084,0.1163415109155265
Strep_C5085,0.99999999
Strep_C5086,0.2337017810381666
Strep_C5087,0.47311830745470035
Strep_C5088,0.11634201451864289
Strep_C5089,0.35245843672205746
Strep_C508,0.6704550730094094
Strep_C5090,0.8524331858472348
Strep_C5091,0.11136757272179186
Strep_C5092,0.11136757272179186
Strep_C5093,0.99999999
Strep_C5094,0.11136757272179186
Strep_C5095,0.11136757272179186
Strep_C5096,0.11136757272179186
Strep_C5097,0.11136757272179186
Strep_C5098,0.23305302815717163
Strep_C5099,0.99999999
Strep_C509,0.7778688864057204
Strep_C50,0.1163415109155265
Strep_C5100,0.99999999
Strep_C5101,0.351325490499599
Strep_C5102,0.23305302815717163
Strep_C5103,0.23305302815717163
Strep_C5104,0.23305302815717163
Strep_C5105,0.11634201451864289
Strep_C5106,0.99999999
Strep_C5107,0.11634201451864289
Strep_C5108,0.11634201451864289
Strep_C5109,0.11634201451864289
Strep_C510,0.1163415109155265
Strep_C5110,0.2337017810381666
Strep_C5111,0.1163415109155265
Strep_C5112,0.1163415109155265
Strep_C5113,0.1163415109155265
Strep_C5114,0.1163415109155265
Strep_C5115,0.1163415109155265
Strep_C5116,0.1163415109155265
Strep_C5117,0.99999999
Strep_C5118,0.47311830745470035
Strep_C5119,0.23370178103816636
Strep_C511,0.471274539360154
Strep_C5120,0.23370228693111114
Strep_C5121,0.23370228693111114
Strep_C5122,0.11136757272179186
Strep_C5123,0.11136757272179186
Strep_C5124,0.11136757272179186
Strep_C5125,0.11136757272179186
Strep_C5126,0.351325490499599
Strep_C5127,0.35132537846575046
Strep_C5128,0.8524331858472348
Strep_C5129,0.6665403377533278
Strep_C512,0.11634201451864289
Strep_C5130,0.23305302815717163
Strep_C5131,0.23305302815717163
Strep_C5132,0.99999999
Strep_C5133,0.11634201451864289
Strep_C5134,0.11634201451864289
Strep_C5135,0.11634201451864289
Strep_C5136,0.35132537846575046
Strep_C5137,0.1163415109155265
Strep_C5138,0.23370228693111114
Strep_C5139,0.23370228693111114
Strep_C513,0.35245843672205746
Strep_C5140,0.3524582818100281
Strep_C5141,0.11634201451864289
Strep_C5142,0.11634201451864289
Strep_C5143,0.471274539360154
Strep_C5144,0.23305302815717163
Strep_C5145,0.23305302815717163
Strep_C5146,0.23305302815717163
Strep_C5147,0.23305302815717163
Strep_C5148,0.47311830745470035
Strep_C5149,0.11634201451864289
Strep_C514,0.23370178103816636
Strep_C5150,0.11634201451864289
Strep_C5151,0.7256406595528874
Strep_C5152,0.8524331858472348
Strep_C5153,0.47311830745470035
Strep_C5154,0.1163415109155265
Strep_C5155,0.11634201451864289
Strep_C5156,0.47311830745470035
Strep_C5157,0.99999999
Strep_C5158,0.11634201451864289
Strep_C5159,0.47311830745470035
Strep_C515,0.23305302815717163
Strep_C5160,0.11634201451864289
Strep_C5161,0.11634201451864289
Strep_C5162,0.11136757272179186
Strep_C5163,0.11136757272179186
Strep_C5164,0.557982185216091
Strep_C5165,0.334259100712907
Strep_C5166,0.99999999
Strep_C5167,0.351325490499599
Strep_C5168,0.8524313909199117
Strep_C5169,0.99999999
Strep_C516,0.6704550730094094
Strep_C5170,0.11634201451864289
Strep_C5171,0.11634201451864289
Strep_C5172,0.11634201451864289
Strep_C5173,0.23370178103816636
Strep_C5174,0.47311830745470035
Strep_C5175,0.47311830745470035
Strep_C5176,0.47311830745470035
Strep_C5177,0.1163415109155265
Strep_C5178,0.1163415109155265
Strep_C5179,0.1163415109155265
Strep_C517,0.47311830745470035
Strep_C5180,0.1163415109155265
Strep_C5181,0.99999999
Strep_C5182,0.2337017810381666
Strep_C5183,0.47311830745470035
Strep_C5184,0.11634201451864289
Strep_C5185,0.23370228693111114
Strep_C5186,0.11634201451864289
Strep_C5187,0.11634201451864289
Strep_C5188,0.11634201451864289
Strep_C5189,0.11634201451864289
Strep_C518,0.11634201451864289
Strep_C5190,0.99999999
Strep_C5191,0.7778659244097796
Strep_C5192,0.8889131171654778
Strep_C5193,0.99999999
Strep_C5194,0.11136757272179186
Strep_C5195,0.670453025682897
Strep_C5196,0.23305302815717163
Strep_C5197,0.5967242474384321
Strep_C5198,0.7256406595528874
Strep_C5199,0.11634201451864289
Strep_C519,0.2337017810381666
Strep_C51,0.11634201451864289
Strep_C5200,0.11634201451864289
Strep_C5201,0.7198634438443039
Strep_C5202,0.11634201451864289
Strep_C5203,0.23370178103816636
Strep_C5204,0.11634201451864289
Strep_C5205,0.99999999
Strep_C5206,0.1163415109155265
Strep_C5207,0.99999999
Strep_C5208,0.23370228693111114
Strep_C5209,0.1163415109155265
Strep_C520,0.11634201451864289
Strep_C5210,0.334259100712907
Strep_C5211,0.99999999
Strep_C5212,0.47311830745470035
Strep_C5213,0.47311830745470035
Strep_C5214,0.23370178103816636
Strep_C5215,0.35245843672205746
Strep_C5216,0.7198634438443039
Strep_C5217,0.11634201451864289
Strep_C5218,0.11634201451864289
Strep_C5219,0.44444957634747156
Strep_C521,0.11634201451864289
Strep_C5220,0.23305302815717163
Strep_C5221,0.7198643407720242
Strep_C5222,0.23305302815717163
Strep_C5223,0.11634201451864289
Strep_C5224,0.11634201451864289
Strep_C5225,0.23370178103816636
Strep_C5226,0.7256406595528874
Strep_C5227,0.2337017810381666
Strep_C5228,0.11634201451864289
Strep_C5229,0.1163415109155265
Strep_C522,0.11634201451864289
Strep_C5230,0.1163415109155265
Strep_C5231,0.1163415109155265
Strep_C5232,0.1163415109155265
Strep_C5233,0.1163415109155265
Strep_C5234,0.99999999
Strep_C5235,0.99999999
Strep_C5236,0.11634201451864289
Strep_C5237,0.99999999
Strep_C5238,0.7256406595528874
Strep_C5239,0.7256404808820707
Strep_C523,0.11634201451864289
Strep_C5240,0.11634201451864289
Strep_C5241,0.11634201451864289
Strep_C5242,0.11634201451864289
Strep_C5243,0.11634201451864289
Strep_C5244,0.11136757272179186
Strep_C5245,0.23305302815717163
Strep_C5246,0.35132537846575046
Strep_C5247,0.5936452796634148
Strep_C5248,0.47311830745470035
Strep_C5249,0.2337017810381666
Strep_C524,0.11634201451864289
Strep_C5250,0.471274539360154
Strep_C5251,0.23370228693111114
Strep_C5252,0.1163415109155265
Strep_C5253,0.1163415109155265
Strep_C5254,0.1163415109155265
Strep_C5255,0.1163415109155265
Strep_C5256,0.99999999
Strep_C5257,0.99999999
Strep_C5258,0.99999999
Strep_C5259,0.5967214293920762
Strep_C525,0.11634201451864289
Strep_C5260,0.11634201451864289
Strep_C5261,0.99999999
Strep_C5262,0.11634201451864289
Strep_C5263,0.11634201451864289
Strep_C5264,0.11136757272179186
Strep_C5265,0.11136757272179186
Strep_C5266,0.11136757272179186
Strep_C5267,0.23305302815717163
Strep_C5268,0.471274539360154
Strep_C5269,0.23305302815717163
Strep_C526,0.11634201451864289
Strep_C5270,0.8889223478224411
Strep_C5271,0.2337017810381666
Strep_C5272,0.11634201451864289
Strep_C5273,0.7256406595528874
Strep_C5274,0.11634201451864289
Strep_C5275,0.11634201451864289
Strep_C5276,0.23305302815717163
Strep_C5277,0.11634201451864289
Strep_C5278,0.35245843672205746
Strep_C5279,0.351325490499599
Strep_C527,0.11634201451864289
Strep_C5280,0.23370178103816636
Strep_C5281,0.23370178103816636
Strep_C5282,0.11634201451864289
Strep_C5283,0.11634201451864289
Strep_C5284,0.35245843672205746
Strep_C5285,0.1163415109155265
Strep_C5286,0.1163415109155265
Strep_C5287,0.1163415109155265
Strep_C5288,0.1163415109155265
Strep_C5289,0.1163415109155265
Strep_C528,0.1163415109155265
Strep_C5290,0.99999999
Strep_C5291,0.47311830745470035
Strep_C5292,0.47311830745470035
Strep_C5293,0.99999999
Strep_C5294,0.11634201451864289
Strep_C5295,0.99999999
Strep_C5296,0.7256406595528874
Strep_C5297,0.11634201451864289
Strep_C5298,0.11634201451864289
Strep_C5299,0.7778659244097796
Strep_C529,0.1160600458814914
Strep_C52,0.11634201451864289
Strep_C5300,0.5936427844819077
Strep_C5301,0.23370228693111114
Strep_C5302,0.11136757272179186
Strep_C5303,0.11136757272179186
Strep_C5304,0.8889131171654778
Strep_C5305,0.11136757272179186
Strep_C5306,0.23305302815717163
Strep_C5307,0.47311830745470035
Strep_C5308,0.11634201451864289
Strep_C5309,0.47311830745470035
Strep_C530,0.11634201451864289
Strep_C5310,0.11634201451864289
Strep_C5311,0.23370178103816636
Strep_C5312,0.47127620612957083
Strep_C5313,0.1163415109155265
Strep_C5314,0.1163415109155265
Strep_C5315,0.23370228693111114
Strep_C5316,0.1163415109155265
Strep_C5317,0.1163415109155265
Strep_C5318,0.1163415109155265
Strep_C5319,0.11634201451864289
Strep_C531,0.8889223478224411
Strep_C5320,0.47311830745470035
Strep_C5321,0.99999999
Strep_C5322,0.11634201451864289
Strep_C5323,0.23370228693111114
Strep_C5324,0.23370228693111114
Strep_C5325,0.11634201451864289
Strep_C5326,0.11136757272179186
Strep_C5327,0.11136757272179186
Strep_C5328,0.99999999
Strep_C5329,0.8889223478224411
Strep_C532,0.11136757272179186
Strep_C5330,0.11136757272179186
Strep_C5331,0.11136757272179186
Strep_C5332,0.99999999
Strep_C5333,0.99999999
Strep_C5334,0.23305302815717163
Strep_C5335,0.23305302815717163
Strep_C5336,0.557982185216091
Strep_C5337,0.11634201451864289
Strep_C5338,0.47311830745470035
Strep_C5339,0.11634201451864289
Strep_C533,0.11136757272179186
Strep_C5340,0.23370228693111114
Strep_C5341,0.11634201451864289
Strep_C5342,0.7256406595528874
Strep_C5343,0.7847940789287989
Strep_C5344,0.7256406595528874
Strep_C5345,0.11634201451864289
Strep_C5346,0.11634201451864289
Strep_C5347,0.35245843672205746
Strep_C5348,0.1163415109155265
Strep_C5349,0.1163415109155265
Strep_C534,0.11634201451864289
Strep_C5350,0.1163415109155265
Strep_C5351,0.3524582818100281
Strep_C5352,0.35245843672205746
Strep_C5353,0.2337017810381666
Strep_C5354,0.7198643407720242
Strep_C5355,0.471274539360154
Strep_C5356,0.47127620612957083
Strep_C5357,0.11634201451864289
Strep_C5358,0.23370228693111114
Strep_C5359,0.8673259655154397
Strep_C535,0.99999999
Strep_C5360,0.11634201451864289
Strep_C5361,0.99999999
Strep_C5362,0.11634201451864289
Strep_C5363,0.11634201451864289
Strep_C5364,0.11634201451864289
Strep_C5365,0.11136757272179186
Strep_C5366,0.11136757272179186
Strep_C5367,0.11136757272179186
Strep_C5368,0.11136757272179186
Strep_C5369,0.11136757272179186
Strep_C536,0.23370228693111114
Strep_C5370,0.11136757272179186
Strep_C5371,0.99999999
Strep_C5372,0.11136757272179186
Strep_C5373,0.23305302815717163
Strep_C5374,0.8889131171654778
Strep_C5375,0.351325490499599
Strep_C5376,0.1160600458814914
Strep_C5377,0.5967242474384321
Strep_C5378,0.23370178103816636
Strep_C5379,0.11634201451864289
Strep_C537,0.23305302815717163
Strep_C5380,0.11634201451864289
Strep_C5381,0.23370228693111114
Strep_C5382,0.11634201451864289
Strep_C5383,0.99999999
Strep_C5384,0.2337017810381666
Strep_C5385,0.11634201451864289
Strep_C5386,0.11634201451864289
Strep_C5387,0.35245843672205746
Strep_C5388,0.3524582818100281
Strep_C5389,0.1163415109155265
Strep_C538,0.1163415109155265
Strep_C5390,0.11634201451864289
Strep_C5391,0.11634201451864289
Strep_C5392,0.11634201451864289
Strep_C5393,0.47311651524910325
Strep_C5394,0.11634201451864289
Strep_C5395,0.11136757272179186
Strep_C5396,0.11136757272179186
Strep_C5397,0.23305302815717163
Strep_C5398,0.23305302815717163
Strep_C5399,0.7256406595528874
Strep_C539,0.11634201451864289
Strep_C53,0.11634201451864289
Strep_C5400,0.11634201451864289
Strep_C5401,0.2337017810381666
Strep_C5402,0.11634201451864289
Strep_C5403,0.11634201451864289
Strep_C5404,0.11634201451864289
Strep_C5405,0.11634201451864289
Strep_C5406,0.11634201451864289
Strep_C5407,0.1163415109155265
Strep_C5408,0.1163415109155265
Strep_C5409,0.47311830745470035
Strep_C540,0.47311830745470035
Strep_C5410,0.47311830745470035
Strep_C5411,0.11634201451864289
Strep_C5412,0.11634201451864289
Strep_C5413,0.11634201451864289
Strep_C5414,0.11634201451864289
Strep_C5415,0.11136757272179186
Strep_C5416,0.11136757272179186
Strep_C5417,0.11136757272179186
Strep_C5418,0.99999999
Strep_C5419,0.99999999
Strep_C541,0.11634201451864289
Strep_C5420,0.6665426254504294
Strep_C5421,0.35132537846575046
Strep_C5422,0.99999999
Strep_C5423,0.7256404808820707
Strep_C5424,0.5967214293920762
Strep_C5425,0.35245843672205746
Strep_C5426,0.11634201451864289
Strep_C5427,0.99999999
Strep_C5428,0.1163415109155265
Strep_C5429,0.1163415109155265
Strep_C542,0.5967214293920762
Strep_C5430,0.1163415109155265
Strep_C5431,0.1163415109155265
Strep_C5432,0.1163415109155265
Strep_C5433,0.1163415109155265
Strep_C5434,0.11634201451864289
Strep_C5435,0.23370178103816636
Strep_C5436,0.7256406595528874
Strep_C5437,0.99999999
Strep_C5438,0.47311830745470035
Strep_C5439,0.99999999
Strep_C543,0.11634201451864289
Strep_C5440,0.2337017810381666
Strep_C5441,0.5967214293920762
Strep_C5442,0.5967242474384321
Strep_C5443,0.47311830745470035
Strep_C5444,0.11634201451864289
Strep_C5445,0.11136757272179186
Strep_C5446,0.99999999
Strep_C5447,0.11136757272179186
Strep_C5448,0.11136757272179186
Strep_C5449,0.11136757272179186
Strep_C544,0.11634201451864289
Strep_C5450,0.44601006290209577
Strep_C5451,0.11136757272179186
Strep_C5452,0.11136757272179186
Strep_C5453,0.23305302815717163
Strep_C5454,0.23305302815717163
Strep_C5455,0.3524582818100281
Strep_C5456,0.11634201451864289
Strep_C5457,0.7256406595528874
Strep_C5458,0.23370178103816636
Strep_C5459,0.1163415109155265
Strep_C545,0.11634201451864289
Strep_C5460,0.1163415109155265
Strep_C5461,0.11634201451864289
Strep_C5462,0.99999999
Strep_C5463,0.2337017810381666
Strep_C5464,0.47311830745470035
Strep_C5465,0.23370228693111114
Strep_C5466,0.11634201451864289
Strep_C5467,0.23370178103816636
Strep_C5468,0.11634201451864289
Strep_C5469,0.7256406595528874
Strep_C546,0.2337017810381666
Strep_C5470,0.11634201451864289
Strep_C5471,0.11634201451864289
Strep_C5472,0.23370228693111114
Strep_C5473,0.99999999
Strep_C5474,0.99999999
Strep_C5475,0.11136757272179186
Strep_C5476,0.11136757272179186
Strep_C5477,0.11136757272179186
Strep_C5478,0.7198634438443039
Strep_C5479,0.23305302815717163
Strep_C547,0.11634201451864289
Strep_C5480,0.471274539360154
Strep_C5481,0.23305302815717163
Strep_C5482,0.11634201451864289
Strep_C5483,0.11634201451864289
Strep_C5484,0.11634201451864289
Strep_C5485,0.11634201451864289
Strep_C5486,0.47311830745470035
Strep_C5487,0.99999999
Strep_C5488,0.8889223478224411
Strep_C5489,0.11634201451864289
Strep_C548,0.1160600458814914
Strep_C5490,0.11634201451864289
Strep_C5491,0.35245843672205746
Strep_C5492,0.47311830745470035
Strep_C5493,0.1163415109155265
Strep_C5494,0.1163415109155265
Strep_C5495,0.1163415109155265
Strep_C5496,0.1163415109155265
Strep_C5497,0.1163415109155265
Strep_C5498,0.99999999
Strep_C5499,0.99999999
Strep_C549,0.11634201451864289
Strep_C54,0.11634201451864289
Strep_C5500,0.23370178103816636
Strep_C5501,0.11634201451864289
Strep_C5502,0.47311830745470035
Strep_C5503,0.11634201451864289
Strep_C5504,0.11634201451864289
Strep_C5505,0.99999999
Strep_C5506,0.11136757272179186
Strep_C5507,0.99999999
Strep_C5508,0.11136757272179186
Strep_C5509,0.11136757272179186
Strep_C550,0.23305302815717163
Strep_C5510,0.23305302815717163
Strep_C5511,0.23305302815717163
Strep_C5512,0.23305302815717163
Strep_C5513,0.23305302815717163
Strep_C5514,0.23305302815717163
Strep_C5515,0.8524313909199117
Strep_C5516,0.11634201451864289
Strep_C5517,0.22283322077504625
Strep_C5518,0.47311830745470035
Strep_C5519,0.47311651524910325
Strep_C551,0.11634201451864289
Strep_C5520,0.99999999
Strep_C5521,0.11634201451864289
Strep_C5522,0.47311830745470035
Strep_C5523,0.22283322077504625
Strep_C5524,0.47311830745470035
Strep_C5525,0.1163415109155265
Strep_C5526,0.1163415109155265
Strep_C5527,0.1163415109155265
Strep_C5528,0.1163415109155265
Strep_C5529,0.1163415109155265
Strep_C552,0.99999999
Strep_C5530,0.22283354305359118
Strep_C5531,0.557982185216091
Strep_C5532,0.11634201451864289
Strep_C5533,0.23370178103816636
Strep_C5534,0.5967242474384321
Strep_C5535,0.11634201451864289
Strep_C5536,0.11634201451864289
Strep_C5537,0.11634201451864289
Strep_C5538,0.351325490499599
Strep_C5539,0.11136757272179186
Strep_C553,0.2337017810381666
Strep_C5540,0.99999999
Strep_C5541,0.23305302815717163
Strep_C5542,0.23305302815717163
Strep_C5543,0.35132537846575046
Strep_C5544,0.333266628208235
Strep_C5545,0.471274539360154
Strep_C5546,0.23305302815717163
Strep_C5547,0.3524582818100281
Strep_C5548,0.35245843672205746
Strep_C5549,0.23370228693111114
Strep_C554,0.11634201451864289
Strep_C5550,0.23370178103816636
Strep_C5551,0.11634201451864289
Strep_C5552,0.99999999
Strep_C5553,0.35245843672205746
Strep_C5554,0.1163415109155265
Strep_C5555,0.1163415109155265
Strep_C5556,0.1163415109155265
Strep_C5557,0.1163415109155265
Strep_C5558,0.1163415109155265
Strep_C5559,0.1163415109155265
Strep_C555,0.11634201451864289
Strep_C5560,0.99999999
Strep_C5561,0.11634201451864289
Strep_C5562,0.47311830745470035
Strep_C5563,0.35245843672205746
Strep_C5564,0.11634201451864289
Strep_C5565,0.11634201451864289
Strep_C5566,0.11634201451864289
Strep_C5567,0.11634201451864289
Strep_C5568,0.11136757272179186
Strep_C5569,0.11136757272179186
Strep_C556,0.7778659244097796
Strep_C5570,0.11136757272179186
Strep_C5571,0.11136757272179186
Strep_C5572,0.11136757272179186
Strep_C5573,0.7778688864057204
Strep_C5574,0.99999999
Strep_C5575,0.23305302815717163
Strep_C5576,0.99999999
Strep_C5577,0.471274539360154
Strep_C5578,0.23305302815717163
Strep_C5579,0.23305302815717163
Strep_C557,0.47311830745470035
Strep_C5580,0.471274539360154
Strep_C5581,0.2337017810381666
Strep_C5582,0.2337017810381666
Strep_C5583,0.11634201451864289
Strep_C5584,0.11634201451864289
Strep_C5585,0.11634201451864289
Strep_C5586,0.11634201451864289
Strep_C5587,0.99999999
Strep_C5588,0.1163415109155265
Strep_C5589,0.23370228693111114
Strep_C558,0.23305302815717163
Strep_C5590,0.23370228693111114
Strep_C5591,0.1163415109155265
Strep_C5592,0.8524331858472348
Strep_C5593,0.35245843672205746
Strep_C5594,0.11634201451864289
Strep_C5595,0.11634201451864289
Strep_C5596,0.351325490499599
Strep_C5597,0.99999999
Strep_C5598,0.99999999
Strep_C5599,0.99999999
Strep_C559,0.1163415109155265
Strep_C55,0.351325490499599
Strep_C5600,0.11136757272179186
Strep_C5601,0.11634201451864289
Strep_C5602,0.11634201451864289
Strep_C5603,0.11634201451864289
Strep_C5604,0.11634201451864289
Strep_C5605,0.11634201451864289
Strep_C5606,0.47311651524910325
Strep_C5607,0.47311830745470035
Strep_C5608,0.5936452796634148
Strep_C5609,0.47311830745470035
Strep_C560,0.23305302815717163
Strep_C5610,0.7256406595528874
Strep_C5611,0.1163415109155265
Strep_C5612,0.1163415109155265
Strep_C5613,0.1163415109155265
Strep_C5614,0.1163415109155265
Strep_C5615,0.23370178103816636
Strep_C5616,0.47311651524910325
Strep_C5617,0.5967214293920762
Strep_C5618,0.7198643407720242
Strep_C5619,0.35245843672205746
Strep_C561,0.11634201451864289
Strep_C5620,0.11634201451864289
Strep_C5621,0.2337017810381666
Strep_C5622,0.99999999
Strep_C5623,0.47311651524910325
Strep_C5624,0.99999999
Strep_C5625,0.23370228693111114
Strep_C5626,0.7256406595528874
Strep_C5627,0.11634201451864289
Strep_C5628,0.11136757272179186
Strep_C5629,0.99999999
Strep_C562,0.11634201451864289
Strep_C5630,0.11136757272179186
Strep_C5631,0.333266628208235
Strep_C5632,0.99999999
Strep_C5633,0.99999999
Strep_C5634,0.6665426254504294
Strep_C5635,0.23305302815717163
Strep_C5636,0.23305302815717163
Strep_C5637,0.8524331858472348
Strep_C5638,0.1160600458814914
Strep_C5639,0.7198634438443039
Strep_C563,0.1163415109155265
Strep_C5640,0.99999999
Strep_C5641,0.3524582818100281
Strep_C5642,0.23305302815717163
Strep_C5643,0.35245843672205746
Strep_C5644,0.99999999
Strep_C5645,0.35245843672205746
Strep_C5646,0.2337017810381666
Strep_C5647,0.11634201451864289
Strep_C5648,0.23370228693111114
Strep_C5649,0.35245843672205746
Strep_C564,0.11634201451864289
Strep_C5650,0.1163415109155265
Strep_C5651,0.1163415109155265
Strep_C5652,0.1163415109155265
Strep_C5653,0.1163415109155265
Strep_C5654,0.1163415109155265
Strep_C5655,0.1163415109155265
Strep_C5656,0.99999999
Strep_C5657,0.99999999
Strep_C5658,0.23370178103816636
Strep_C5659,0.23370228693111114
Strep_C565,0.35245843672205746
Strep_C5660,0.5936427844819077
Strep_C5661,0.8524331858472348
Strep_C5662,0.11634201451864289
Strep_C5663,0.47311830745470035
Strep_C5664,0.23370178103816636
Strep_C5665,0.99999999
Strep_C5666,0.47311830745470035
Strep_C5667,0.11634201451864289
Strep_C5668,0.99999999
Strep_C5669,0.7256406595528874
Strep_C566,0.1163415109155265
Strep_C5670,0.11634201451864289
Strep_C5671,0.11634201451864289
Strep_C5672,0.11634201451864289
Strep_C5673,0.11634201451864289
Strep_C5674,0.23370228693111114
Strep_C5675,0.351325490499599
Strep_C5676,0.11136757272179186
Strep_C5677,0.11136757272179186
Strep_C5678,0.11136757272179186
Strep_C5679,0.471274539360154
Strep_C567,0.1163415109155265
Strep_C5680,0.23305302815717163
Strep_C5681,0.471274539360154
Strep_C5682,0.3524582818100281
Strep_C5683,0.47311830745470035
Strep_C5684,0.23305302815717163
Strep_C5685,0.11634201451864289
Strep_C5686,0.11634201451864289
Strep_C5687,0.11634201451864289
Strep_C5688,0.11634201451864289
Strep_C5689,0.7256406595528874
Strep_C568,0.5967214293920762
Strep_C5690,0.1163415109155265
Strep_C5691,0.99999999
Strep_C5692,0.1163415109155265
Strep_C5693,0.1163415109155265
Strep_C5694,0.1163415109155265
Strep_C5695,0.11634201451864289
Strep_C5696,0.35245843672205746
Strep_C5697,0.2337017810381666
Strep_C5698,0.99999999
Strep_C5699,0.11634201451864289
Strep_C569,0.11634201451864289
Strep_C56,0.1163415109155265
Strep_C5700,0.11634201451864289
Strep_C5701,0.3524582818100281
Strep_C5702,0.99999999
Strep_C5703,0.6704550730094094
Strep_C5704,0.7778688864057204
Strep_C5705,0.8524331858472348
Strep_C5706,0.11634201451864289
Strep_C5707,0.11634201451864289
Strep_C5708,0.11634201451864289
Strep_C5709,0.2337017810381666
Strep_C570,0.2337017810381666
Strep_C5710,0.11136757272179186
Strep_C5711,0.11136757272179186
Strep_C5712,0.22283354305359118
Strep_C5713,0.23305302815717163
Strep_C5714,0.1160600458814914
Strep_C5715,0.8524331858472348
Strep_C5716,0.47311651524910325
Strep_C5717,0.11634201451864289
Strep_C5718,0.11634201451864289
Strep_C5719,0.11634201451864289
Strep_C571,0.1163415109155265
Strep_C5720,0.2337017810381666
Strep_C5721,0.11634201451864289
Strep_C5722,0.2337017810381666
Strep_C5723,0.9053588679153928
Strep_C5724,0.1163415109155265
Strep_C5725,0.23370228693111114
Strep_C5726,0.1163415109155265
Strep_C5727,0.99999999
Strep_C5728,0.11634201451864289
Strep_C5729,0.47311830745470035
Strep_C572,0.3342595322757504
Strep_C5730,0.8524331858472348
Strep_C5731,0.11634201451864289
Strep_C5732,0.99999999
Strep_C5733,0.35245843672205746
Strep_C5734,0.11634201451864289
Strep_C5735,0.471274539360154
Strep_C5736,0.23370228693111114
Strep_C5737,0.11634201451864289
Strep_C5738,0.11634201451864289
Strep_C5739,0.11634201451864289
Strep_C573,0.22283322077504625
Strep_C5740,0.11634201451864289
Strep_C5741,0.11634201451864289
Strep_C5742,0.99999999
Strep_C5743,0.2337017810381666
Strep_C5744,0.23370178103816636
Strep_C5745,0.7198643407720242
Strep_C5746,0.11136757272179186
Strep_C5747,0.11136757272179186
Strep_C5748,0.99999999
Strep_C5749,0.471274539360154
Strep_C574,0.2337017810381666
Strep_C5750,0.1160600458814914
Strep_C5751,0.35245843672205746
Strep_C5752,0.3524582818100281
Strep_C5753,0.11634201451864289
Strep_C5754,0.11634201451864289
Strep_C5755,0.11634201451864289
Strep_C5756,0.11634201451864289
Strep_C5757,0.11634201451864289
Strep_C5758,0.47311830745470035
Strep_C5759,0.1163415109155265
Strep_C575,0.11634201451864289
Strep_C5760,0.1163415109155265
Strep_C5761,0.1163415109155265
Strep_C5762,0.1163415109155265
Strep_C5763,0.47311830745470035
Strep_C5764,0.11634201451864289
Strep_C5765,0.11634201451864289
Strep_C5766,0.5936452796634148
Strep_C5767,0.11634201451864289
Strep_C5768,0.11634201451864289
Strep_C5769,0.471274539360154
Strep_C576,0.670453025682897
Strep_C5770,0.8524313909199117
Strep_C5771,0.11634201451864289
Strep_C5772,0.11634201451864289
Strep_C5773,0.11634201451864289
Strep_C5774,0.11136757272179186
Strep_C5775,0.11136757272179186
Strep_C5776,0.11136757272179186
Strep_C5777,0.11136757272179186
Strep_C5778,0.11136757272179186
Strep_C5779,0.351325490499599
Strep_C577,0.1163415109155265
Strep_C5780,0.99999999
Strep_C5781,0.3524582818100281
Strep_C5782,0.11634201451864289
Strep_C5783,0.11634201451864289
Strep_C5784,0.1163415109155265
Strep_C5785,0.1163415109155265
Strep_C5786,0.1163415109155265
Strep_C5787,0.1163415109155265
Strep_C5788,0.23370178103816636
Strep_C5789,0.11634201451864289
Strep_C578,0.1163415109155265
Strep_C5790,0.11634201451864289
Strep_C5791,0.8524331858472348
Strep_C5792,0.99999999
Strep_C5793,0.47311830745470035
Strep_C5794,0.5967214293920762
Strep_C5795,0.99999999
Strep_C5796,0.11634201451864289
Strep_C5797,0.99999999
Strep_C5798,0.11136757272179186
Strep_C5799,0.11136757272179186
Strep_C579,0.11634201451864289
Strep_C57,0.11136757272179186
Strep_C5800,0.11136757272179186
Strep_C5801,0.11136757272179186
Strep_C5802,0.23305302815717163
Strep_C5803,0.99999999
Strep_C5804,0.23305302815717163
Strep_C5805,0.47311830745470035
Strep_C5806,0.5936452796634148
Strep_C5807,0.11634201451864289
Strep_C5808,0.47311830745470035
Strep_C5809,0.35245843672205746
Strep_C580,0.23370228693111114
Strep_C5810,0.99999999
Strep_C5811,0.1163415109155265
Strep_C5812,0.1163415109155265
Strep_C5813,0.47311651524910325
Strep_C5814,0.99999999
Strep_C5815,0.1163415109155265
Strep_C5816,0.11634201451864289
Strep_C5817,0.11634201451864289
Strep_C5818,0.11634201451864289
Strep_C5819,0.11634201451864289
Strep_C581,0.11634201451864289
Strep_C5820,0.35245843672205746
Strep_C5821,0.23370178103816636
Strep_C5822,0.23370228693111114
Strep_C5823,0.11634201451864289
Strep_C5824,0.11634201451864289
Strep_C5825,0.11634201451864289
Strep_C5826,0.11634201451864289
Strep_C5827,0.11634201451864289
Strep_C5828,0.11634201451864289
Strep_C5829,0.8889131171654778
Strep_C582,0.1163415109155265
Strep_C5830,0.11634201451864289
Strep_C5831,0.11136757272179186
Strep_C5832,0.11136757272179186
Strep_C5833,0.11136757272179186
Strep_C5834,0.11136757272179186
Strep_C5835,0.11136757272179186
Strep_C5836,0.23305302815717163
Strep_C5837,0.23305302815717163
Strep_C5838,0.351325490499599
Strep_C5839,0.23305302815717163
Strep_C583,0.47311830745470035
Strep_C5840,0.11634201451864289
Strep_C5841,0.11634201451864289
Strep_C5842,0.11634201451864289
Strep_C5843,0.23370178103816636
Strep_C5844,0.11634201451864289
Strep_C5845,0.47311830745470035
Strep_C5846,0.7256406595528874
Strep_C5847,0.35245843672205746
Strep_C5848,0.47311830745470035
Strep_C5849,0.2337017810381666
Strep_C584,0.47311830745470035
Strep_C5850,0.5967214293920762
Strep_C5851,0.11634201451864289
Strep_C5852,0.1163415109155265
Strep_C5853,0.99999999
Strep_C5854,0.3524582818100281
Strep_C5855,0.5967214293920762
Strep_C5856,0.1163415109155265
Strep_C5857,0.1163415109155265
Strep_C5858,0.1163415109155265
Strep_C5859,0.11634201451864289
Strep_C585,0.11634201451864289
Strep_C5860,0.11634201451864289
Strep_C5861,0.23370228693111114
Strep_C5862,0.5936427844819077
Strep_C5863,0.7256406595528874
Strep_C5864,0.351325490499599
Strep_C5865,0.11634201451864289
Strep_C5866,0.334259100712907
Strep_C5867,0.11136757272179186
Strep_C5868,0.11136757272179186
Strep_C5869,0.11136757272179186
Strep_C586,0.1163415109155265
Strep_C5870,0.23305302815717163
Strep_C5871,0.23305302815717163
Strep_C5872,0.23305302815717163
Strep_C5873,0.23305302815717163
Strep_C5874,0.23305302815717163
Strep_C5875,0.11634201451864289
Strep_C5876,0.47311830745470035
Strep_C5877,0.5967214293920762
Strep_C5878,0.11634201451864289
Strep_C5879,0.11634201451864289
Strep_C587,0.23370178103816636
Strep_C5880,0.11634201451864289
Strep_C5881,0.11634201451864289
Strep_C5882,0.11634201451864289
Strep_C5883,0.11634201451864289
Strep_C5884,0.5967214293920762
Strep_C5885,0.1163415109155265
Strep_C5886,0.1163415109155265
Strep_C5887,0.7198643407720242
Strep_C5888,0.1163415109155265
Strep_C5889,0.99999999
Strep_C588,0.47311830745470035
Strep_C5890,0.35245843672205746
Strep_C5891,0.11634201451864289
Strep_C5892,0.11634201451864289
Strep_C5893,0.99999999
Strep_C5894,0.11634201451864289
Strep_C5895,0.2337017810381666
Strep_C5896,0.11634201451864289
Strep_C5897,0.11634201451864289
Strep_C5898,0.11136757272179186
Strep_C5899,0.44444957634747156
Strep_C589,0.11634201451864289
Strep_C58,0.11136757272179186
Strep_C5900,0.11136757272179186
Strep_C5901,0.11136757272179186
Strep_C5902,0.11136757272179186
Strep_C5903,0.11136757272179186
Strep_C5904,0.11136757272179186
Strep_C5905,0.99999999
Strep_C5906,0.351325490499599
Strep_C5907,0.471274539360154
Strep_C5908,0.23305302815717163
Strep_C5909,0.7198643407720242
Strep_C590,0.1163415109155265
Strep_C5910,0.23305302815717163
Strep_C5911,0.1160600458814914
Strep_C5912,0.23305302815717163
Strep_C5913,0.47311830745470035
Strep_C5914,0.23370178103816636
Strep_C5915,0.35245843672205746
Strep_C5916,0.47311830745470035
Strep_C5917,0.11634201451864289
Strep_C5918,0.99999999
Strep_C5919,0.3524582818100281
Strep_C591,0.1163415109155265
Strep_C5920,0.23370228693111114
Strep_C5921,0.7198634438443039
Strep_C5922,0.7198634438443039
Strep_C5923,0.99999999
Strep_C5924,0.1163415109155265
Strep_C5925,0.1163415109155265
Strep_C5926,0.11634201451864289
Strep_C5927,0.35245843672205746
Strep_C5928,0.11634201451864289
Strep_C5929,0.5967214293920762
Strep_C592,0.47311830745470035
Strep_C5930,0.11634201451864289
Strep_C5931,0.47311651524910325
Strep_C5932,0.11634201451864289
Strep_C5933,0.11136757272179186
Strep_C5934,0.99999999
Strep_C5935,0.23305302815717163
Strep_C5936,0.23305302815717163
Strep_C5937,0.351325490499599
Strep_C5938,0.99999999
Strep_C5939,0.23305302815717163
Strep_C593,0.23370178103816636
Strep_C5940,0.23305302815717163
Strep_C5941,0.8524331858472348
Strep_C5942,0.1160600458814914
Strep_C5943,0.2337017810381666
Strep_C5944,0.2337017810381666
Strep_C5945,0.11634201451864289
Strep_C5946,0.11634201451864289
Strep_C5947,0.11634201451864289
Strep_C5948,0.11634201451864289
Strep_C5949,0.11634201451864289
Strep_C594,0.11634201451864289
Strep_C5950,0.23370228693111114
Strep_C5951,0.11634201451864289
Strep_C5952,0.2337017810381666
Strep_C5953,0.2337017810381666
Strep_C5954,0.44444957634747156
Strep_C5955,0.1163415109155265
Strep_C5956,0.1163415109155265
Strep_C5957,0.1163415109155265
Strep_C5958,0.99999999
Strep_C5959,0.3524582818100281
Strep_C595,0.23305302815717163
Strep_C5960,0.11634201451864289
Strep_C5961,0.47311651524910325
Strep_C5962,0.7256406595528874
Strep_C5963,0.35245843672205746
Strep_C5964,0.44444989529753154
Strep_C5965,0.35245843672205746
Strep_C5966,0.11634201451864289
Strep_C5967,0.11136757272179186
Strep_C5968,0.11136757272179186
Strep_C5969,0.11136757272179186
Strep_C596,0.2337017810381666
Strep_C5970,0.11136757272179186
Strep_C5971,0.11136757272179186
Strep_C5972,0.11136757272179186
Strep_C5973,0.1160600458814914
Strep_C5974,0.23305302815717163
Strep_C5975,0.47311830745470035
Strep_C5976,0.11634201451864289
Strep_C5977,0.11634201451864289
Strep_C5978,0.2337017810381666
Strep_C5979,0.1163415109155265
Strep_C597,0.11634201451864289
Strep_C5980,0.1163415109155265
Strep_C5981,0.1163415109155265
Strep_C5982,0.1163415109155265
Strep_C5983,0.1163415109155265
Strep_C5984,0.1163415109155265
Strep_C5985,0.1163415109155265
Strep_C5986,0.1163415109155265
Strep_C5987,0.7256406595528874
Strep_C5988,0.11634201451864289
Strep_C5989,0.5967242474384321
Strep_C598,0.11136757272179186
Strep_C5990,0.351325490499599
Strep_C5991,0.99999999
Strep_C5992,0.7256406595528874
Strep_C5993,0.11634201451864289
Strep_C5994,0.11634201451864289
Strep_C5995,0.11136757272179186
Strep_C5996,0.11136757272179186
Strep_C5997,0.11136757272179186
Strep_C5998,0.23305302815717163
Strep_C5999,0.35245843672205746
Strep_C599,0.47311830745470035
Strep_C59,0.1163415109155265
Strep_C5,0.11136757272179186
Strep_C6000,0.11634201451864289
Strep_C6001,0.47311830745470035
Strep_C6002,0.47311830745470035
Strep_C6003,0.23370228693111114
Strep_C6004,0.47311830745470035
Strep_C6005,0.7198643407720242
Strep_C6006,0.11634201451864289
Strep_C6007,0.2337017810381666
Strep_C6008,0.1163415109155265
Strep_C6009,0.8673259655154397
Strep_C600,0.1163415109155265
Strep_C6010,0.1163415109155265
Strep_C6011,0.47311651524910325
Strep_C6012,0.2337017810381666
Strep_C6013,0.99999999
Strep_C6014,0.99999999
Strep_C6015,0.99999999
Strep_C6016,0.11634201451864289
Strep_C6017,0.11634201451864289
Strep_C6018,0.5555546390366239
Strep_C6019,0.99999999
Strep_C601,0.11634201451864289
Strep_C6020,0.11136757272179186
Strep_C6021,0.11136757272179186
Strep_C6022,0.11136757272179186
Strep_C6023,0.11136757272179186
Strep_C6024,0.23305302815717163
Strep_C6025,0.23305302815717163
Strep_C6026,0.351325490499599
Strep_C6027,0.23305302815717163
Strep_C6028,0.11634201451864289
Strep_C6029,0.7256406595528874
Strep_C602,0.99999999
Strep_C6030,0.11634201451864289
Strep_C6031,0.351325490499599
Strep_C6032,0.11634201451864289
Strep_C6033,0.11634201451864289
Strep_C6034,0.9053588679153928
Strep_C6035,0.22283322077504625
Strep_C6036,0.11634201451864289
Strep_C6037,0.23370228693111114
Strep_C6038,0.7198643407720242
Strep_C6039,0.1163415109155265
Strep_C603,0.47311830745470035
Strep_C6040,0.1163415109155265
Strep_C6041,0.99999999
Strep_C6042,0.1163415109155265
Strep_C6043,0.35132537846575046
Strep_C6044,0.23370228693111114
Strep_C6045,0.1163415109155265
Strep_C6046,0.35245843672205746
Strep_C6047,0.11634201451864289
Strep_C6048,0.99999999
Strep_C6049,0.11634201451864289
Strep_C604,0.471274539360154
Strep_C6050,0.7256406595528874
Strep_C6051,0.23370228693111114
Strep_C6052,0.11136757272179186
Strep_C6053,0.11136757272179186
Strep_C6054,0.5555542629982061
Strep_C6055,0.11136757272179186
Strep_C6056,0.11136757272179186
Strep_C6057,0.23305302815717163
Strep_C6058,0.471274539360154
Strep_C6059,0.2337017810381666
Strep_C605,0.47311651524910325
Strep_C6060,0.8524331858472348
Strep_C6061,0.99999999
Strep_C6062,0.471274539360154
Strep_C6063,0.3342595322757504
Strep_C6064,0.11634201451864289
Strep_C6065,0.5967242474384321
Strep_C6066,0.1163415109155265
Strep_C6067,0.1163415109155265
Strep_C6068,0.99999999
Strep_C6069,0.23370228693111114
Strep_C606,0.1163415109155265
Strep_C6070,0.47311830745470035
Strep_C6071,0.5967214293920762
Strep_C6072,0.8889131171654778
Strep_C6073,0.11634201451864289
Strep_C6074,0.99999999
Strep_C6075,0.11136757272179186
Strep_C6076,0.11136757272179186
Strep_C6077,0.11136757272179186
Strep_C6078,0.11136757272179186
Strep_C6079,0.11136757272179186
Strep_C607,0.1163415109155265
Strep_C6080,0.11136757272179186
Strep_C6081,0.351325490499599
Strep_C6082,0.23305302815717163
Strep_C6083,0.351325490499599
Strep_C6084,0.351325490499599
Strep_C6085,0.333266628208235
Strep_C6086,0.11634201451864289
Strep_C6087,0.23370178103816636
Strep_C6088,0.11634201451864289
Strep_C6089,0.23370178103816636
Strep_C608,0.11634201451864289
Strep_C6090,0.23370178103816636
Strep_C6091,0.35245843672205746
Strep_C6092,0.23370228693111114
Strep_C6093,0.1163415109155265
Strep_C6094,0.1163415109155265
Strep_C6095,0.1163415109155265
Strep_C6096,0.1163415109155265
Strep_C6097,0.23370178103816636
Strep_C6098,0.11634201451864289
Strep_C6099,0.5967242474384321
Strep_C609,0.99999999
Strep_C60,0.11136757272179186
Strep_C6100,0.99999999
Strep_C6101,0.47311830745470035
Strep_C6102,0.3524582818100281
Strep_C6103,0.5967214293920762
Strep_C6104,0.35245843672205746
Strep_C6105,0.11634201451864289
Strep_C6106,0.11634201451864289
Strep_C6107,0.7778659244097796
Strep_C6108,0.11136757272179186
Strep_C6109,0.11136757272179186
Strep_C610,0.11634201451864289
Strep_C6110,0.35132537846575046
Strep_C6111,0.333266628208235
Strep_C6112,0.471274539360154
Strep_C6113,0.23305302815717163
Strep_C6114,0.99999999
Strep_C6115,0.99999999
Strep_C6116,0.23305302815717163
Strep_C6117,0.23305302815717163
Strep_C6118,0.7198634438443039
Strep_C6119,0.1160600458814914
Strep_C611,0.1163415109155265
Strep_C6120,0.8524331858472348
Strep_C6121,0.35245843672205746
Strep_C6122,0.2337017810381666
Strep_C6123,0.11634201451864289
Strep_C6124,0.47311830745470035
Strep_C6125,0.11634201451864289
Strep_C6126,0.11634201451864289
Strep_C6127,0.23370228693111114
Strep_C6128,0.99999999
Strep_C6129,0.11634201451864289
Strep_C612,0.99999999
Strep_C6130,0.11634201451864289
Strep_C6131,0.11634201451864289
Strep_C6132,0.47311830745470035
Strep_C6133,0.1163415109155265
Strep_C6134,0.1163415109155265
Strep_C6135,0.1163415109155265
Strep_C6136,0.5967214293920762
Strep_C6137,0.1163415109155265
Strep_C6138,0.3524582818100281
Strep_C6139,0.99999999
Strep_C613,0.23305302815717163
Strep_C6140,0.5967214293920762
Strep_C6141,0.2337017810381666
Strep_C6142,0.6665426254504294
Strep_C6143,0.11634201451864289
Strep_C6144,0.11634201451864289
Strep_C6145,0.11634201451864289
Strep_C6146,0.333266628208235
Strep_C6147,0.8889131171654778
Strep_C6148,0.11136757272179186
Strep_C6149,0.11136757272179186
Strep_C614,0.8524331858472348
Strep_C6150,0.333266628208235
Strep_C6151,0.23305302815717163
Strep_C6152,0.23305302815717163
Strep_C6153,0.333266628208235
Strep_C6154,0.8524313909199117
Strep_C6155,0.2337017810381666
Strep_C6156,0.7256406595528874
Strep_C6157,0.47311830745470035
Strep_C6158,0.11634201451864289
Strep_C6159,0.11634201451864289
Strep_C615,0.11634201451864289
Strep_C6160,0.7778688864057204
Strep_C6161,0.11634201451864289
Strep_C6162,0.11634201451864289
Strep_C6163,0.1163415109155265
Strep_C6164,0.1163415109155265
Strep_C6165,0.1163415109155265
Strep_C6166,0.1163415109155265
Strep_C6167,0.99999999
Strep_C6168,0.11634201451864289
Strep_C6169,0.99999999
Strep_C616,0.11634201451864289
Strep_C6170,0.3524582818100281
Strep_C6171,0.11634201451864289
Strep_C6172,0.47311651524910325
Strep_C6173,0.11634201451864289
Strep_C6174,0.11634201451864289
Strep_C6175,0.11634201451864289
Strep_C6176,0.7198643407720242
Strep_C6177,0.11136757272179186
Strep_C6178,0.11136757272179186
Strep_C6179,0.11136757272179186
Strep_C617,0.1163415109155265
Strep_C6180,0.99999999
Strep_C6181,0.471274539360154
Strep_C6182,0.333266628208235
Strep_C6183,0.23305302815717163
Strep_C6184,0.5936452796634148
Strep_C6185,0.47311830745470035
Strep_C6186,0.47311651524910325
Strep_C6187,0.47311830745470035
Strep_C6188,0.11634201451864289
Strep_C6189,0.35245843672205746
Strep_C618,0.1163415109155265
Strep_C6190,0.11634201451864289
Strep_C6191,0.11634201451864289
Strep_C6192,0.11634201451864289
Strep_C6193,0.11634201451864289
Strep_C6194,0.11634201451864289
Strep_C6195,0.11634201451864289
Strep_C6196,0.99999999
Strep_C6197,0.47311830745470035
Strep_C6198,0.11634201451864289
Strep_C6199,0.1163415109155265
Strep_C619,0.11634201451864289
Strep_C61,0.11136757272179186
Strep_C6200,0.1163415109155265
Strep_C6201,0.1163415109155265
Strep_C6202,0.1163415109155265
Strep_C6203,0.11634201451864289
Strep_C6204,0.5967214293920762
Strep_C6205,0.8889131171654778
Strep_C6206,0.47311830745470035
Strep_C6207,0.11634201451864289
Strep_C6208,0.99999999
Strep_C6209,0.23370228693111114
Strep_C620,0.11634201451864289
Strep_C6210,0.11634201451864289
Strep_C6211,0.3524582818100281
Strep_C6212,0.5967214293920762
Strep_C6213,0.99999999
Strep_C6214,0.99999999
Strep_C6215,0.11136757272179186
Strep_C6216,0.23305302815717163
Strep_C6217,0.23305302815717163
Strep_C6218,0.23305302815717163
Strep_C6219,0.23305302815717163
Strep_C621,0.8524331858472348
Strep_C6220,0.47311830745470035
Strep_C6221,0.35245843672205746
Strep_C6222,0.2337017810381666
Strep_C6223,0.2337017810381666
Strep_C6224,0.11634201451864289
Strep_C6225,0.8524331858472348
Strep_C6226,0.11634201451864289
Strep_C6227,0.23370178103816636
Strep_C6228,0.35245843672205746
Strep_C6229,0.2337017810381666
Strep_C622,0.23370178103816636
Strep_C6230,0.23370228693111114
Strep_C6231,0.1163415109155265
Strep_C6232,0.1163415109155265
Strep_C6233,0.1163415109155265
Strep_C6234,0.8524313909199117
Strep_C6235,0.1163415109155265
Strep_C6236,0.1163415109155265
Strep_C6237,0.1163415109155265
Strep_C6238,0.1163415109155265
Strep_C6239,0.1163415109155265
Strep_C623,0.1163415109155265
Strep_C6240,0.47311830745470035
Strep_C6241,0.23370178103816636
Strep_C6242,0.11634201451864289
Strep_C6243,0.7198634438443039
Strep_C6244,0.47311830745470035
Strep_C6245,0.2337017810381666
Strep_C6246,0.11634201451864289
Strep_C6247,0.11634201451864289
Strep_C6248,0.11634201451864289
Strep_C6249,0.11634201451864289
Strep_C624,0.1163415109155265
Strep_C6250,0.23370228693111114
Strep_C6251,0.11634201451864289
Strep_C6252,0.11634201451864289
Strep_C6253,0.22283354305359118
Strep_C6254,0.11136757272179186
Strep_C6255,0.11136757272179186
Strep_C6256,0.11136757272179186
Strep_C6257,0.23305302815717163
Strep_C6258,0.23305302815717163
Strep_C6259,0.35132537846575046
Strep_C625,0.23305302815717163
Strep_C6260,0.557982185216091
Strep_C6261,0.11634201451864289
Strep_C6262,0.47311830745470035
Strep_C6263,0.11634201451864289
Strep_C6264,0.99999999
Strep_C6265,0.11634201451864289
Strep_C6266,0.1163415109155265
Strep_C6267,0.1163415109155265
Strep_C6268,0.1163415109155265
Strep_C6269,0.1163415109155265
Strep_C626,0.7198634438443039
Strep_C6270,0.23370228693111114
Strep_C6271,0.1163415109155265
Strep_C6272,0.1163415109155265
Strep_C6273,0.1163415109155265
Strep_C6274,0.1163415109155265
Strep_C6275,0.99999999
Strep_C6276,0.99999999
Strep_C6277,0.11634201451864289
Strep_C6278,0.47311830745470035
Strep_C6279,0.23370178103816636
Strep_C627,0.11136757272179186
Strep_C6280,0.47311651524910325
Strep_C6281,0.99999999
Strep_C6282,0.8889131171654778
Strep_C6283,0.11634201451864289
Strep_C6284,0.11634201451864289
Strep_C6285,0.11634201451864289
Strep_C6286,0.11634201451864289
Strep_C6287,0.11634201451864289
Strep_C6288,0.11634201451864289
Strep_C6289,0.11136757272179186
Strep_C628,0.11634201451864289
Strep_C6290,0.11136757272179186
Strep_C6291,0.11136757272179186
Strep_C6292,0.11136757272179186
Strep_C6293,0.23305302815717163
Strep_C6294,0.99999999
Strep_C6295,0.23305302815717163
Strep_C6296,0.1160600458814914
Strep_C6297,0.11634201451864289
Strep_C6298,0.11634201451864289
Strep_C6299,0.47311651524910325
Strep_C629,0.11634201451864289
Strep_C62,0.11634201451864289
Strep_C6300,0.11634201451864289
Strep_C6301,0.11634201451864289
Strep_C6302,0.11634201451864289
Strep_C6303,0.7256406595528874
Strep_C6304,0.35245843672205746
Strep_C6305,0.6665403377533278
Strep_C6306,0.11634201451864289
Strep_C6307,0.99999999
Strep_C6308,0.1163415109155265
Strep_C6309,0.1163415109155265
Strep_C630,0.23305302815717163
Strep_C6310,0.1163415109155265
Strep_C6311,0.5936427844819077
Strep_C6312,0.1163415109155265
Strep_C6313,0.1163415109155265
Strep_C6314,0.1163415109155265
Strep_C6315,0.1163415109155265
Strep_C6316,0.1163415109155265
Strep_C6317,0.1163415109155265
Strep_C6318,0.1163415109155265
Strep_C6319,0.99999999
Strep_C631,0.1163415109155265
Strep_C6320,0.99999999
Strep_C6321,0.3524582818100281
Strep_C6322,0.23370178103816636
Strep_C6323,0.47311830745470035
Strep_C6324,0.11634201451864289
Strep_C6325,0.11634201451864289
Strep_C6326,0.35245843672205746
Strep_C6327,0.99999999
Strep_C6328,0.11634201451864289
Strep_C6329,0.11634201451864289
Strep_C632,0.11136757272179186
Strep_C6330,0.23370228693111114
Strep_C6331,0.11136757272179186
Strep_C6332,0.11136757272179186
Strep_C6333,0.11136757272179186
Strep_C6334,0.11136757272179186
Strep_C6335,0.11136757272179186
Strep_C6336,0.11136757272179186
Strep_C6337,0.11136757272179186
Strep_C6338,0.23305302815717163
Strep_C6339,0.23305302815717163
Strep_C633,0.23305302815717163
Strep_C6340,0.23305302815717163
Strep_C6341,0.23305302815717163
Strep_C6342,0.23305302815717163
Strep_C6343,0.23370178103816636
Strep_C6344,0.11634201451864289
Strep_C6345,0.11634201451864289
Strep_C6346,0.47311651524910325
Strep_C6347,0.557982185216091
Strep_C6348,0.11634201451864289
Strep_C6349,0.35245843672205746
Strep_C634,0.2337017810381666
Strep_C6350,0.23370228693111114
Strep_C6351,0.47311830745470035
Strep_C6352,0.11634201451864289
Strep_C6353,0.670453025682897
Strep_C6354,0.1163415109155265
Strep_C6355,0.1163415109155265
Strep_C6356,0.1163415109155265
Strep_C6357,0.1163415109155265
Strep_C6358,0.1163415109155265
Strep_C6359,0.1163415109155265
Strep_C635,0.1163415109155265
Strep_C6360,0.1163415109155265
Strep_C6361,0.99999999
Strep_C6362,0.99999999
Strep_C6363,0.11634201451864289
Strep_C6364,0.557982185216091
Strep_C6365,0.5967214293920762
Strep_C6366,0.99999999
Strep_C6367,0.47311651524910325
Strep_C6368,0.11634201451864289
Strep_C6369,0.5967242474384321
Strep_C636,0.11634201451864289
Strep_C6370,0.11634201451864289
Strep_C6371,0.11634201451864289
Strep_C6372,0.7198643407720242
Strep_C6373,0.11634201451864289
Strep_C6374,0.11136757272179186
Strep_C6375,0.333266628208235
Strep_C6376,0.11136757272179186
Strep_C6377,0.22283322077504625
Strep_C6378,0.11136757272179186
Strep_C6379,0.22283354305359118
Strep_C637,0.1163415109155265
Strep_C6380,0.351325490499599
Strep_C6381,0.471274539360154
Strep_C6382,0.2337017810381666
Strep_C6383,0.99999999
Strep_C6384,0.11634201451864289
Strep_C6385,0.2337017810381666
Strep_C6386,0.7198634438443039
Strep_C6387,0.11634201451864289
Strep_C6388,0.35245843672205746
Strep_C6389,0.11634201451864289
Strep_C638,0.35245843672205746
Strep_C6390,0.11634201451864289
Strep_C6391,0.2337017810381666
Strep_C6392,0.2337017810381666
Strep_C6393,0.11634201451864289
Strep_C6394,0.1163415109155265
Strep_C6395,0.1163415109155265
Strep_C6396,0.1163415109155265
Strep_C6397,0.2337017810381666
Strep_C6398,0.47311830745470035
Strep_C6399,0.11634201451864289
Strep_C639,0.11634201451864289
Strep_C63,0.1163415109155265
Strep_C6400,0.2337017810381666
Strep_C6401,0.35245843672205746
Strep_C6402,0.11634201451864289
Strep_C6403,0.35132537846575046
Strep_C6404,0.11634201451864289
Strep_C6405,0.11634201451864289
Strep_C6406,0.351325490499599
Strep_C6407,0.11136757272179186
Strep_C6408,0.99999999
Strep_C6409,0.5555542629982061
Strep_C640,0.11634201451864289
Strep_C6410,0.11136757272179186
Strep_C6411,0.11136757272179186
Strep_C6412,0.11136757272179186
Strep_C6413,0.23305302815717163
Strep_C6414,0.23305302815717163
Strep_C6415,0.99999999
Strep_C6416,0.47311651524910325
Strep_C6417,0.2337017810381666
Strep_C6418,0.47311651524910325
Strep_C6419,0.2337017810381666
Strep_C641,0.11136757272179186
Strep_C6420,0.11634201451864289
Strep_C6421,0.11634201451864289
Strep_C6422,0.5967242474384321
Strep_C6423,0.11634201451864289
Strep_C6424,0.11634201451864289
Strep_C6425,0.11634201451864289
Strep_C6426,0.11634201451864289
Strep_C6427,0.1163415109155265
Strep_C6428,0.1163415109155265
Strep_C6429,0.1163415109155265
Strep_C642,0.47311651524910325
Strep_C6430,0.1163415109155265
Strep_C6431,0.1163415109155265
Strep_C6432,0.1163415109155265
Strep_C6433,0.1163415109155265
Strep_C6434,0.1163415109155265
Strep_C6435,0.99999999
Strep_C6436,0.11634201451864289
Strep_C6437,0.11634201451864289
Strep_C6438,0.47311651524910325
Strep_C6439,0.23370178103816636
Strep_C643,0.1163415109155265
Strep_C6440,0.11634201451864289
Strep_C6441,0.8524331858472348
Strep_C6442,0.8889131171654778
Strep_C6443,0.11136757272179186
Strep_C6444,0.11136757272179186
Strep_C6445,0.99999999
Strep_C6446,0.11136757272179186
Strep_C6447,0.23305302815717163
Strep_C6448,0.23305302815717163
Strep_C6449,0.23305302815717163
Strep_C644,0.11634201451864289
Strep_C6450,0.471274539360154
Strep_C6451,0.333266628208235
Strep_C6452,0.1160600458814914
Strep_C6453,0.23305302815717163
Strep_C6454,0.99999999
Strep_C6455,0.11634201451864289
Strep_C6456,0.35245843672205746
Strep_C6457,0.351325490499599
Strep_C6458,0.11634201451864289
Strep_C6459,0.47311830745470035
Strep_C645,0.11634201451864289
Strep_C6460,0.11634201451864289
Strep_C6461,0.47311651524910325
Strep_C6462,0.1163415109155265
Strep_C6463,0.1163415109155265
Strep_C6464,0.1163415109155265
Strep_C6465,0.1163415109155265
Strep_C6466,0.1163415109155265
Strep_C6467,0.35245843672205746
Strep_C6468,0.99999999
Strep_C6469,0.7198643407720242
Strep_C646,0.11634201451864289
Strep_C6470,0.11634201451864289
Strep_C6471,0.8524313909199117
Strep_C6472,0.99999999
Strep_C6473,0.99999999
Strep_C6474,0.5967214293920762
Strep_C6475,0.47311830745470035
Strep_C6476,0.44444989529753154
Strep_C6477,0.11136757272179186
Strep_C6478,0.99999999
Strep_C6479,0.11136757272179186
Strep_C647,0.11634201451864289
Strep_C6480,0.99999999
Strep_C6481,0.333266628208235
Strep_C6482,0.23305302815717163
Strep_C6483,0.1160600458814914
Strep_C6484,0.8524331858472348
Strep_C6485,0.5555542629982061
Strep_C6486,0.23305302815717163
Strep_C6487,0.23305302815717163
Strep_C6488,0.23305302815717163
Strep_C6489,0.23305302815717163
Strep_C648,0.11634201451864289
Strep_C6490,0.11634201451864289
Strep_C6491,0.11634201451864289
Strep_C6492,0.23370178103816636
Strep_C6493,0.23370178103816636
Strep_C6494,0.11634201451864289
Strep_C6495,0.1163415109155265
Strep_C6496,0.1163415109155265
Strep_C6497,0.1163415109155265
Strep_C6498,0.1163415109155265
Strep_C6499,0.1163415109155265
Strep_C649,0.351325490499599
Strep_C64,0.11634201451864289
Strep_C6500,0.1163415109155265
Strep_C6501,0.1163415109155265
Strep_C6502,0.47311651524910325
Strep_C6503,0.35245843672205746
Strep_C6504,0.3524582818100281
Strep_C6505,0.7256406595528874
Strep_C6506,0.8524331858472348
Strep_C6507,0.11634201451864289
Strep_C6508,0.5936452796634148
Strep_C6509,0.2337017810381666
Strep_C650,0.1163415109155265
Strep_C6510,0.8524331858472348
Strep_C6511,0.670453025682897
Strep_C6512,0.11634201451864289
Strep_C6513,0.11634201451864289
Strep_C6514,0.8524331858472348
Strep_C6515,0.11136757272179186
Strep_C6516,0.99999999
Strep_C6517,0.11136757272179186
Strep_C6518,0.99999999
Strep_C6519,0.99999999
Strep_C651,0.99999999
Strep_C6520,0.11136757272179186
Strep_C6521,0.11136757272179186
Strep_C6522,0.11136757272179186
Strep_C6523,0.11136757272179186
Strep_C6524,0.23305302815717163
Strep_C6525,0.23305302815717163
Strep_C6526,0.47311830745470035
Strep_C6527,0.11634201451864289
Strep_C6528,0.23370228693111114
Strep_C6529,0.11634201451864289
Strep_C652,0.2337017810381666
Strep_C6530,0.3524582818100281
Strep_C6531,0.11634201451864289
Strep_C6532,0.47311651524910325
Strep_C6533,0.5967214293920762
Strep_C6534,0.11634201451864289
Strep_C6535,0.11634201451864289
Strep_C6536,0.5967214293920762
Strep_C6537,0.23370228693111114
Strep_C6538,0.99999999
Strep_C6539,0.1163415109155265
Strep_C653,0.11634201451864289
Strep_C6540,0.99999999
Strep_C6541,0.99999999
Strep_C6542,0.11634201451864289
Strep_C6543,0.2337017810381666
Strep_C6544,0.11634201451864289
Strep_C6545,0.22283322077504625
Strep_C6546,0.23370178103816636
Strep_C6547,0.7198634438443039
Strep_C6548,0.9053588679153928
Strep_C6549,0.11634201451864289
Strep_C654,0.2337017810381666
Strep_C6550,0.11634201451864289
Strep_C6551,0.351325490499599
Strep_C6552,0.11136757272179186
Strep_C6553,0.11136757272179186
Strep_C6554,0.8889131171654778
Strep_C6555,0.11136757272179186
Strep_C6556,0.333266628208235
Strep_C6557,0.99999999
Strep_C6558,0.11136757272179186
Strep_C6559,0.11136757272179186
Strep_C655,0.8524313909199117
Strep_C6560,0.11136757272179186
Strep_C6561,0.11136757272179186
Strep_C6562,0.11136757272179186
Strep_C6563,0.23305302815717163
Strep_C6564,0.8889223478224411
Strep_C6565,0.23305302815717163
Strep_C6566,0.23305302815717163
Strep_C6567,0.23305302815717163
Strep_C6568,0.23305302815717163
Strep_C6569,0.35245843672205746
Strep_C656,0.47311830745470035
Strep_C6570,0.7256406595528874
Strep_C6571,0.2337017810381666
Strep_C6572,0.2337017810381666
Strep_C6573,0.11634201451864289
Strep_C6574,0.471274539360154
Strep_C6575,0.3524582818100281
Strep_C6576,0.11634201451864289
Strep_C6577,0.47311830745470035
Strep_C6578,0.99999999
Strep_C6579,0.11634201451864289
Strep_C657,0.3524582818100281
Strep_C6580,0.35245843672205746
Strep_C6581,0.11634201451864289
Strep_C6582,0.47311651524910325
Strep_C6583,0.99999999
Strep_C6584,0.1163415109155265
Strep_C6585,0.1163415109155265
Strep_C6586,0.1163415109155265
Strep_C6587,0.1163415109155265
Strep_C6588,0.1163415109155265
Strep_C6589,0.1163415109155265
Strep_C658,0.11634201451864289
Strep_C6590,0.1163415109155265
Strep_C6591,0.1163415109155265
Strep_C6592,0.1163415109155265
Strep_C6593,0.1163415109155265
Strep_C6594,0.99999999
Strep_C6595,0.99999999
Strep_C6596,0.5967214293920762
Strep_C6597,0.11634201451864289
Strep_C6598,0.99999999
Strep_C6599,0.35245843672205746
Strep_C659,0.23305302815717163
Strep_C65,0.11634201451864289
Strep_C6600,0.11634201451864289
Strep_C6601,0.8889131171654778
Strep_C6602,0.22283322077504625
Strep_C6603,0.11634201451864289
Strep_C6604,0.351325490499599
Strep_C6605,0.22283322077504625
Strep_C6606,0.99999999
Strep_C6607,0.11634201451864289
Strep_C6608,0.11634201451864289
Strep_C6609,0.8524331858472348
Strep_C660,0.1163415109155265
Strep_C6610,0.11634201451864289
Strep_C6611,0.23370228693111114
Strep_C6612,0.11136757272179186
Strep_C6613,0.8889131171654778
Strep_C6614,0.11136757272179186
Strep_C6615,0.11136757272179186
Strep_C6616,0.11136757272179186
Strep_C6617,0.471274539360154
Strep_C6618,0.471274539360154
Strep_C6619,0.1160600458814914
Strep_C661,0.1163415109155265
Strep_C6620,0.1160600458814914
Strep_C6621,0.333266628208235
Strep_C6622,0.23305302815717163
Strep_C6623,0.8889131171654778
Strep_C6624,0.8889131171654778
Strep_C6625,0.2337017810381666
Strep_C6626,0.11634201451864289
Strep_C6627,0.99999999
Strep_C6628,0.11634201451864289
Strep_C6629,0.2337017810381666
Strep_C662,0.1163415109155265
Strep_C6630,0.11634201451864289
Strep_C6631,0.471274539360154
Strep_C6632,0.11634201451864289
Strep_C6633,0.471274539360154
Strep_C6634,0.47311830745470035
Strep_C6635,0.47311830745470035
Strep_C6636,0.11634201451864289
Strep_C6637,0.11634201451864289
Strep_C6638,0.23370178103816636
Strep_C6639,0.11634201451864289
Strep_C663,0.47311830745470035
Strep_C6640,0.11634201451864289
Strep_C6641,0.11634201451864289
Strep_C6642,0.5967214293920762
Strep_C6643,0.11634201451864289
Strep_C6644,0.1163415109155265
Strep_C6645,0.1163415109155265
Strep_C6646,0.47311651524910325
Strep_C6647,0.1163415109155265
Strep_C6648,0.1163415109155265
Strep_C6649,0.1163415109155265
Strep_C664,0.47311651524910325
Strep_C6650,0.1163415109155265
Strep_C6651,0.1163415109155265
Strep_C6652,0.99999999
Strep_C6653,0.23370178103816636
Strep_C6654,0.99999999
Strep_C6655,0.11634201451864289
Strep_C6656,0.11634201451864289
Strep_C6657,0.99999999
Strep_C6658,0.7778659244097796
Strep_C6659,0.5967214293920762
Strep_C665,0.11136757272179186
Strep_C6660,0.23370228693111114
Strep_C6661,0.11634201451864289
Strep_C6662,0.11136757272179186
Strep_C6663,0.99999999
Strep_C6664,0.11136757272179186
Strep_C6665,0.11136757272179186
Strep_C6666,0.11136757272179186
Strep_C6667,0.23305302815717163
Strep_C6668,0.99999999
Strep_C6669,0.23305302815717163
Strep_C666,0.11634201451864289
Strep_C6670,0.471274539360154
Strep_C6671,0.23305302815717163
Strep_C6672,0.44444989529753154
Strep_C6673,0.23305302815717163
Strep_C6674,0.23305302815717163
Strep_C6675,0.1160600458814914
Strep_C6676,0.7778659244097796
Strep_C6677,0.47311830745470035
Strep_C6678,0.2337017810381666
Strep_C6679,0.2337017810381666
Strep_C667,0.1163415109155265
Strep_C6680,0.11634201451864289
Strep_C6681,0.11634201451864289
Strep_C6682,0.5967242474384321
Strep_C6683,0.11634201451864289
Strep_C6684,0.47311830745470035
Strep_C6685,0.99999999
Strep_C6686,0.35245843672205746
Strep_C6687,0.7198643407720242
Strep_C6688,0.5967214293920762
Strep_C6689,0.47311830745470035
Strep_C668,0.8524313909199117
Strep_C6690,0.2337017810381666
Strep_C6691,0.11634201451864289
Strep_C6692,0.1163415109155265
Strep_C6693,0.1163415109155265
Strep_C6694,0.22283354305359118
Strep_C6695,0.1163415109155265
Strep_C6696,0.1163415109155265
Strep_C6697,0.11634201451864289
Strep_C6698,0.11634201451864289
Strep_C6699,0.11634201451864289
Strep_C669,0.47311830745470035
Strep_C66,0.11634201451864289
Strep_C6700,0.6704550730094094
Strep_C6701,0.8524331858472348
Strep_C6702,0.23370178103816636
Strep_C6703,0.5967242474384321
Strep_C6704,0.11634201451864289
Strep_C6705,0.47311651524910325
Strep_C6706,0.334259100712907
Strep_C6707,0.11634201451864289
Strep_C6708,0.11634201451864289
Strep_C6709,0.351325490499599
Strep_C670,0.11634201451864289
Strep_C6710,0.11634201451864289
Strep_C6711,0.99999999
Strep_C6712,0.333266628208235
Strep_C6713,0.11136757272179186
Strep_C6714,0.11136757272179186
Strep_C6715,0.1160600458814914
Strep_C6716,0.351325490499599
Strep_C6717,0.23305302815717163
Strep_C6718,0.99999999
Strep_C6719,0.2337017810381666
Strep_C671,0.1163415109155265
Strep_C6720,0.2337017810381666
Strep_C6721,0.99999999
Strep_C6722,0.8524331858472348
Strep_C6723,0.99999999
Strep_C6724,0.11634201451864289
Strep_C6725,0.11634201451864289
Strep_C6726,0.11634201451864289
Strep_C6727,0.22283322077504625
Strep_C6728,0.11634201451864289
Strep_C6729,0.23370178103816636
Strep_C672,0.11634201451864289
Strep_C6730,0.11634201451864289
Strep_C6731,0.35245843672205746
Strep_C6732,0.1163415109155265
Strep_C6733,0.1163415109155265
Strep_C6734,0.1163415109155265
Strep_C6735,0.1163415109155265
Strep_C6736,0.1163415109155265
Strep_C6737,0.1163415109155265
Strep_C6738,0.1163415109155265
Strep_C6739,0.1163415109155265
Strep_C673,0.11634201451864289
Strep_C6740,0.1163415109155265
Strep_C6741,0.1163415109155265
Strep_C6742,0.35245843672205746
Strep_C6743,0.47311830745470035
Strep_C6744,0.23370178103816636
Strep_C6745,0.7256406595528874
Strep_C6746,0.11634201451864289
Strep_C6747,0.5967242474384321
Strep_C6748,0.11634201451864289
Strep_C6749,0.11634201451864289
Strep_C674,0.11634201451864289
Strep_C6750,0.11634201451864289
Strep_C6751,0.471274539360154
Strep_C6752,0.351325490499599
Strep_C6753,0.11136757272179186
Strep_C6754,0.11136757272179186
Strep_C6755,0.99999999
Strep_C6756,0.11136757272179186
Strep_C6757,0.11136757272179186
Strep_C6758,0.11136757272179186
Strep_C6759,0.333266628208235
Strep_C675,0.11634201451864289
Strep_C6760,0.99999999
Strep_C6761,0.35132537846575046
Strep_C6762,0.99999999
Strep_C6763,0.47311830745470035
Strep_C6764,0.8673259655154397
Strep_C6765,0.11634201451864289
Strep_C6766,0.11634201451864289
Strep_C6767,0.23370228693111114
Strep_C6768,0.35245843672205746
Strep_C6769,0.7778659244097796
Strep_C676,0.44444989529753154
Strep_C6770,0.11634201451864289
Strep_C6771,0.35245843672205746
Strep_C6772,0.47311830745470035
Strep_C6773,0.11634201451864289
Strep_C6774,0.2337017810381666
Strep_C6775,0.11634201451864289
Strep_C6776,0.1163415109155265
Strep_C6777,0.1163415109155265
Strep_C6778,0.11634201451864289
Strep_C6779,0.2337017810381666
Strep_C677,0.2337017810381666
Strep_C6780,0.23370228693111114
Strep_C6781,0.11634201451864289
Strep_C6782,0.47311651524910325
Strep_C6783,0.47311830745470035
Strep_C6784,0.11634201451864289
Strep_C6785,0.11634201451864289
Strep_C6786,0.5967214293920762
Strep_C6787,0.99999999
Strep_C6788,0.11634201451864289
Strep_C6789,0.7256406595528874
Strep_C678,0.1163415109155265
Strep_C6790,0.5967242474384321
Strep_C6791,0.2337017810381666
Strep_C6792,0.7778659244097796
Strep_C6793,0.334259100712907
Strep_C6794,0.9053588679153928
Strep_C6795,0.11136757272179186
Strep_C6796,0.11136757272179186
Strep_C6797,0.23305302815717163
Strep_C6798,0.23305302815717163
Strep_C6799,0.3524582818100281
Strep_C679,0.5967214293920762
Strep_C67,0.11634201451864289
Strep_C6800,0.11634201451864289
Strep_C6801,0.35245843672205746
Strep_C6802,0.11634201451864289
Strep_C6803,0.99999999
Strep_C6804,0.11634201451864289
Strep_C6805,0.23370178103816636
Strep_C6806,0.99999999
Strep_C6807,0.11634201451864289
Strep_C6808,0.11634201451864289
Strep_C6809,0.11634201451864289
Strep_C680,0.11634201451864289
Strep_C6810,0.35245843672205746
Strep_C6811,0.1163415109155265
Strep_C6812,0.1163415109155265
Strep_C6813,0.1163415109155265
Strep_C6814,0.47311830745470035
Strep_C6815,0.3524582818100281
Strep_C6816,0.47311830745470035
Strep_C6817,0.47311830745470035
Strep_C6818,0.99999999
Strep_C6819,0.11634201451864289
Strep_C681,0.2337017810381666
Strep_C6820,0.471274539360154
Strep_C6821,0.11634201451864289
Strep_C6822,0.11634201451864289
Strep_C6823,0.11634201451864289
Strep_C6824,0.7198643407720242
Strep_C6825,0.11136757272179186
Strep_C6826,0.11136757272179186
Strep_C6827,0.5555542629982061
Strep_C6828,0.11136757272179186
Strep_C6829,0.11136757272179186
Strep_C682,0.1163415109155265
Strep_C6830,0.11136757272179186
Strep_C6831,0.1160600458814914
Strep_C6832,0.23305302815717163
Strep_C6833,0.351325490499599
Strep_C6834,0.99999999
Strep_C6835,0.23305302815717163
Strep_C6836,0.23305302815717163
Strep_C6837,0.23305302815717163
Strep_C6838,0.23305302815717163
Strep_C6839,0.99999999
Strep_C683,0.1163415109155265
Strep_C6840,0.11634201451864289
Strep_C6841,0.5967242474384321
Strep_C6842,0.2337017810381666
Strep_C6843,0.2337017810381666
Strep_C6844,0.35245843672205746
Strep_C6845,0.23305302815717163
Strep_C6846,0.11634201451864289
Strep_C6847,0.35245843672205746
Strep_C6848,0.11634201451864289
Strep_C6849,0.1163415109155265
Strep_C684,0.11634201451864289
Strep_C6850,0.1163415109155265
Strep_C6851,0.1163415109155265
Strep_C6852,0.1163415109155265
Strep_C6853,0.1163415109155265
Strep_C6854,0.11634201451864289
Strep_C6855,0.99999999
Strep_C6856,0.11634201451864289
Strep_C6857,0.23370228693111114
Strep_C6858,0.47311830745470035
Strep_C6859,0.8889131171654778
Strep_C685,0.1163415109155265
Strep_C6860,0.99999999
Strep_C6861,0.2337017810381666
Strep_C6862,0.23370228693111114
Strep_C6863,0.23370228693111114
Strep_C6864,0.11634201451864289
Strep_C6865,0.11634201451864289
Strep_C6866,0.99999999
Strep_C6867,0.11634201451864289
Strep_C6868,0.11634201451864289
Strep_C6869,0.99999999
Strep_C686,0.11634201451864289
Strep_C6870,0.11136757272179186
Strep_C6871,0.11136757272179186
Strep_C6872,0.99999999
Strep_C6873,0.5555546390366239
Strep_C6874,0.1160600458814914
Strep_C6875,0.99999999
Strep_C6876,0.23305302815717163
Strep_C6877,0.23305302815717163
Strep_C6878,0.351325490499599
Strep_C6879,0.23305302815717163
Strep_C687,0.7256406595528874
Strep_C6880,0.8524313909199117
Strep_C6881,0.7198643407720242
Strep_C6882,0.8524331858472348
Strep_C6883,0.23305302815717163
Strep_C6884,0.1160600458814914
Strep_C6885,0.5967214293920762
Strep_C6886,0.8524313909199117
Strep_C6887,0.7778688864057204
Strep_C6888,0.7256406595528874
Strep_C6889,0.2337017810381666
Strep_C688,0.11634201451864289
Strep_C6890,0.5967214293920762
Strep_C6891,0.11634201451864289
Strep_C6892,0.5936452796634148
Strep_C6893,0.7256404808820707
Strep_C6894,0.11634201451864289
Strep_C6895,0.23370178103816636
Strep_C6896,0.11634201451864289
Strep_C6897,0.11634201451864289
Strep_C6898,0.8524331858472348
Strep_C6899,0.11634201451864289
Strep_C689,0.11634201451864289
Strep_C68,0.11136757272179186
Strep_C6900,0.47311651524910325
Strep_C6901,0.1163415109155265
Strep_C6902,0.1163415109155265
Strep_C6903,0.1163415109155265
Strep_C6904,0.23370228693111114
Strep_C6905,0.35245843672205746
Strep_C6906,0.23370228693111114
Strep_C6907,0.11634201451864289
Strep_C6908,0.8524331858472348
Strep_C6909,0.11634201451864289
Strep_C690,0.1163415109155265
Strep_C6910,0.11634201451864289
Strep_C6911,0.23370228693111114
Strep_C6912,0.99999999
Strep_C6913,0.11634201451864289
Strep_C6914,0.11634201451864289
Strep_C6915,0.11634201451864289
Strep_C6916,0.23370228693111114
Strep_C6917,0.11634201451864289
Strep_C6918,0.11136757272179186
Strep_C6919,0.11136757272179186
Strep_C691,0.23370178103816636
Strep_C6920,0.2222558021585219
Strep_C6921,0.22283354305359118
Strep_C6922,0.11136757272179186
Strep_C6923,0.333266628208235
Strep_C6924,0.3524582818100281
Strep_C6925,0.11634201451864289
Strep_C6926,0.47311830745470035
Strep_C6927,0.11634201451864289
Strep_C6928,0.11634201451864289
Strep_C6929,0.1163415109155265
Strep_C692,0.11136757272179186
Strep_C6930,0.1163415109155265
Strep_C6931,0.1163415109155265
Strep_C6932,0.1163415109155265
Strep_C6933,0.1163415109155265
Strep_C6934,0.1163415109155265
Strep_C6935,0.1163415109155265
Strep_C6936,0.1163415109155265
Strep_C6937,0.99999999
Strep_C6938,0.47311830745470035
Strep_C6939,0.3524582818100281
Strep_C693,0.11634201451864289
Strep_C6940,0.47311830745470035
Strep_C6941,0.35245843672205746
Strep_C6942,0.11634201451864289
Strep_C6943,0.35245843672205746
Strep_C6944,0.11634201451864289
Strep_C6945,0.5936452796634148
Strep_C6946,0.11634201451864289
Strep_C6947,0.2337017810381666
Strep_C6948,0.5967214293920762
Strep_C6949,0.22283322077504625
Strep_C694,0.11136757272179186
Strep_C6950,0.11634201451864289
Strep_C6951,0.22283322077504625
Strep_C6952,0.11634201451864289
Strep_C6953,0.11634201451864289
Strep_C6954,0.11136757272179186
Strep_C6955,0.11136757272179186
Strep_C6956,0.11136757272179186
Strep_C6957,0.99999999
Strep_C6958,0.11136757272179186
Strep_C6959,0.11136757272179186
Strep_C695,0.11136757272179186
Strep_C6960,0.333266628208235
Strep_C6961,0.47127620612957083
Strep_C6962,0.471274539360154
Strep_C6963,0.8524331858472348
Strep_C6964,0.23305302815717163
Strep_C6965,0.23305302815717163
Strep_C6966,0.23305302815717163
Strep_C6967,0.11634201451864289
Strep_C6968,0.11634201451864289
Strep_C6969,0.2337017810381666
Strep_C696,0.11634201451864289
Strep_C6970,0.7198634438443039
Strep_C6971,0.23305302815717163
Strep_C6972,0.47311830745470035
Strep_C6973,0.47311830745470035
Strep_C6974,0.6665403377533278
Strep_C6975,0.11634201451864289
Strep_C6976,0.7778659244097796
Strep_C6977,0.1163415109155265
Strep_C6978,0.1163415109155265
Strep_C6979,0.1163415109155265
Strep_C697,0.11634201451864289
Strep_C6980,0.1163415109155265
Strep_C6981,0.1163415109155265
Strep_C6982,0.1163415109155265
Strep_C6983,0.99999999
Strep_C6984,0.11634201451864289
Strep_C6985,0.11634201451864289
Strep_C6986,0.2337017810381666
Strep_C6987,0.2337017810381666
Strep_C6988,0.47311830745470035
Strep_C6989,0.47311830745470035
Strep_C698,0.99999999
Strep_C6990,0.3524582818100281
Strep_C6991,0.5967242474384321
Strep_C6992,0.11634201451864289
Strep_C6993,0.23370228693111114
Strep_C6994,0.11634201451864289
Strep_C6995,0.11634201451864289
Strep_C6996,0.11634201451864289
Strep_C6997,0.11634201451864289
Strep_C6998,0.11136757272179186
Strep_C6999,0.11136757272179186
Strep_C699,0.22283322077504625
Strep_C69,0.11136757272179186
Strep_C6,0.11634201451864289
Strep_C7000,0.333266628208235
Strep_C7001,0.7778659244097796
Strep_C7002,0.99999999
Strep_C7003,0.11136757272179186
Strep_C7004,0.11136757272179186
Strep_C7005,0.11136757272179186
Strep_C7006,0.11136757272179186
Strep_C7007,0.11136757272179186
Strep_C7008,0.11136757272179186
Strep_C7009,0.351325490499599
Strep_C700,0.11634201451864289
Strep_C7010,0.1160600458814914
Strep_C7011,0.11634201451864289
Strep_C7012,0.99999999
Strep_C7013,0.7256406595528874
Strep_C7014,0.8524313909199117
Strep_C7015,0.35132537846575046
Strep_C7016,0.11634201451864289
Strep_C7017,0.99999999
Strep_C7018,0.9053588679153928
Strep_C7019,0.11634201451864289
Strep_C701,0.1163415109155265
Strep_C7020,0.11634201451864289
Strep_C7021,0.5967214293920762
Strep_C7022,0.11634201451864289
Strep_C7023,0.11634201451864289
Strep_C7024,0.11634201451864289
Strep_C7025,0.35245843672205746
Strep_C7026,0.11634201451864289
Strep_C7027,0.99999999
Strep_C7028,0.23370228693111114
Strep_C7029,0.11634201451864289
Strep_C702,0.11634201451864289
Strep_C7030,0.11634201451864289
Strep_C7031,0.11634201451864289
Strep_C7032,0.8889131171654778
Strep_C7033,0.1163415109155265
Strep_C7034,0.1163415109155265
Strep_C7035,0.3524582818100281
Strep_C7036,0.1163415109155265
Strep_C7037,0.1163415109155265
Strep_C7038,0.1163415109155265
Strep_C7039,0.1163415109155265
Strep_C703,0.11634201451864289
Strep_C7040,0.1163415109155265
Strep_C7041,0.1163415109155265
Strep_C7042,0.1163415109155265
Strep_C7043,0.11634201451864289
Strep_C7044,0.35245843672205746
Strep_C7045,0.47311830745470035
Strep_C7046,0.47311830745470035
Strep_C7047,0.47311830745470035
Strep_C7048,0.47311651524910325
Strep_C7049,0.11634201451864289
Strep_C704,0.11634201451864289
Strep_C7050,0.7256406595528874
Strep_C7051,0.11634201451864289
Strep_C7052,0.11634201451864289
Strep_C7053,0.11136757272179186
Strep_C7054,0.11136757272179186
Strep_C7055,0.23305302815717163
Strep_C7056,0.23305302815717163
Strep_C7057,0.99999999
Strep_C7058,0.99999999
Strep_C7059,0.7198634438443039
Strep_C705,0.557982185216091
Strep_C7060,0.23305302815717163
Strep_C7061,0.47311651524910325
Strep_C7062,0.11634201451864289
Strep_C7063,0.11634201451864289
Strep_C7064,0.11634201451864289
Strep_C7065,0.35245843672205746
Strep_C7066,0.2337017810381666
Strep_C7067,0.11634201451864289
Strep_C7068,0.5967242474384321
Strep_C7069,0.11634201451864289
Strep_C706,0.11634201451864289
Strep_C7070,0.35245843672205746
Strep_C7071,0.1163415109155265
Strep_C7072,0.1163415109155265
Strep_C7073,0.1163415109155265
Strep_C7074,0.1163415109155265
Strep_C7075,0.1163415109155265
Strep_C7076,0.1163415109155265
Strep_C7077,0.5967214293920762
Strep_C7078,0.11634201451864289
Strep_C7079,0.8524313909199117
Strep_C707,0.11634201451864289
Strep_C7080,0.47311830745470035
Strep_C7081,0.99999999
Strep_C7082,0.47311830745470035
Strep_C7083,0.5967214293920762
Strep_C7084,0.23370178103816636
Strep_C7085,0.11634201451864289
Strep_C7086,0.23370228693111114
Strep_C7087,0.5967242474384321
Strep_C7088,0.11634201451864289
Strep_C7089,0.99999999
Strep_C708,0.1163415109155265
Strep_C7090,0.11634201451864289
Strep_C7091,0.5967242474384321
Strep_C7092,0.35245843672205746
Strep_C7093,0.11634201451864289
Strep_C7094,0.11634201451864289
Strep_C7095,0.11136757272179186
Strep_C7096,0.99999999
Strep_C7097,0.11136757272179186
Strep_C7098,0.557982185216091
Strep_C7099,0.11136757272179186
Strep_C709,0.23305302815717163
Strep_C70,0.11634201451864289
Strep_C7100,0.11136757272179186
Strep_C7101,0.11136757272179186
Strep_C7102,0.1160600458814914
Strep_C7103,0.23305302815717163
Strep_C7104,0.23305302815717163
Strep_C7105,0.8524331858472348
Strep_C7106,0.99999999
Strep_C7107,0.35132537846575046
Strep_C7108,0.23305302815717163
Strep_C7109,0.99999999
Strep_C710,0.11136757272179186
Strep_C7110,0.2337017810381666
Strep_C7111,0.11634201451864289
Strep_C7112,0.11634201451864289
Strep_C7113,0.351325490499599
Strep_C7114,0.11634201451864289
Strep_C7115,0.23370178103816636
Strep_C7116,0.11634201451864289
Strep_C7117,0.11634201451864289
Strep_C7118,0.11634201451864289
Strep_C7119,0.5967242474384321
Strep_C711,0.2337017810381666
Strep_C7120,0.1163415109155265
Strep_C7121,0.1163415109155265
Strep_C7122,0.1163415109155265
Strep_C7123,0.7256406595528874
Strep_C7124,0.1163415109155265
Strep_C7125,0.1163415109155265
Strep_C7126,0.1163415109155265
Strep_C7127,0.1163415109155265
Strep_C7128,0.5967242474384321
Strep_C7129,0.8889223478224411
Strep_C712,0.1163415109155265
Strep_C7130,0.11634201451864289
Strep_C7131,0.99999999
Strep_C7132,0.23370178103816636
Strep_C7133,0.23370178103816636
Strep_C7134,0.99999999
Strep_C7135,0.23370178103816636
Strep_C7136,0.5967242474384321
Strep_C7137,0.11634201451864289
Strep_C7138,0.99999999
Strep_C7139,0.99999999
Strep_C713,0.2337017810381666
Strep_C7140,0.11634201451864289
Strep_C7141,0.23370228693111114
Strep_C7142,0.8889131171654778
Strep_C7143,0.11136757272179186
Strep_C7144,0.11136757272179186
Strep_C7145,0.99999999
Strep_C7146,0.11136757272179186
Strep_C7147,0.7198643407720242
Strep_C7148,0.23305302815717163
Strep_C7149,0.2337017810381666
Strep_C714,0.11136757272179186
Strep_C7150,0.11634201451864289
Strep_C7151,0.47311830745470035
Strep_C7152,0.11634201451864289
Strep_C7153,0.23305302815717163
Strep_C7154,0.11634201451864289
Strep_C7155,0.99999999
Strep_C7156,0.47311830745470035
Strep_C7157,0.7256406595528874
Strep_C7158,0.5967242474384321
Strep_C7159,0.1163415109155265
Strep_C715,0.44444957634747156
Strep_C7160,0.1163415109155265
Strep_C7161,0.1163415109155265
Strep_C7162,0.1163415109155265
Strep_C7163,0.1163415109155265
Strep_C7164,0.99999999
Strep_C7165,0.11634201451864289
Strep_C7166,0.11634201451864289
Strep_C7167,0.99999999
Strep_C7168,0.47311830745470035
Strep_C7169,0.11634201451864289
Strep_C716,0.23305302815717163
Strep_C7170,0.11634201451864289
Strep_C7171,0.11634201451864289
Strep_C7172,0.11634201451864289
Strep_C7173,0.11634201451864289
Strep_C7174,0.8889131171654778
Strep_C7175,0.11634201451864289
Strep_C7176,0.11136757272179186
Strep_C7177,0.11136757272179186
Strep_C7178,0.8889131171654778
Strep_C7179,0.99999999
Strep_C717,0.11634201451864289
Strep_C7180,0.11136757272179186
Strep_C7181,0.99999999
Strep_C7182,0.7778659244097796
Strep_C7183,0.11136757272179186
Strep_C7184,0.99999999
Strep_C7185,0.1160600458814914
Strep_C7186,0.7198643407720242
Strep_C7187,0.3524582818100281
Strep_C7188,0.7198634438443039
Strep_C7189,0.2337017810381666
Strep_C718,0.47311830745470035
Strep_C7190,0.11634201451864289
Strep_C7191,0.5936452796634148
Strep_C7192,0.11634201451864289
Strep_C7193,0.47311830745470035
Strep_C7194,0.11634201451864289
Strep_C7195,0.11634201451864289
Strep_C7196,0.6665426254504294
Strep_C7197,0.5967214293920762
Strep_C7198,0.1163415109155265
Strep_C7199,0.1163415109155265
Strep_C719,0.11634201451864289
Strep_C71,0.11634201451864289
Strep_C7200,0.1163415109155265
Strep_C7201,0.11634201451864289
Strep_C7202,0.11634201451864289
Strep_C7203,0.99999999
Strep_C7204,0.11634201451864289
Strep_C7205,0.8524331858472348
Strep_C7206,0.5967242474384321
Strep_C7207,0.5967214293920762
Strep_C7208,0.11634201451864289
Strep_C7209,0.99999999
Strep_C720,0.3524582818100281
Strep_C7210,0.23370228693111114
Strep_C7211,0.351325490499599
Strep_C7212,0.11634201451864289
Strep_C7213,0.351325490499599
Strep_C7214,0.11136757272179186
Strep_C7215,0.11136757272179186
Strep_C7216,0.11136757272179186
Strep_C7217,0.22283322077504625
Strep_C7218,0.6665403377533278
Strep_C7219,0.35132537846575046
Strep_C721,0.11634201451864289
Strep_C7220,0.23305302815717163
Strep_C7221,0.23305302815717163
Strep_C7222,0.23305302815717163
Strep_C7223,0.23305302815717163
Strep_C7224,0.23305302815717163
Strep_C7225,0.23305302815717163
Strep_C7226,0.23305302815717163
Strep_C7227,0.23305302815717163
Strep_C7228,0.99999999
Strep_C7229,0.557982185216091
Strep_C722,0.11634201451864289
Strep_C7230,0.11634201451864289
Strep_C7231,0.11634201451864289
Strep_C7232,0.35245843672205746
Strep_C7233,0.99999999
Strep_C7234,0.7256406595528874
Strep_C7235,0.11634201451864289
Strep_C7236,0.47311830745470035
Strep_C7237,0.11634201451864289
Strep_C7238,0.2337017810381666
Strep_C7239,0.1163415109155265
Strep_C723,0.1163415109155265
Strep_C7240,0.1163415109155265
Strep_C7241,0.1163415109155265
Strep_C7242,0.1163415109155265
Strep_C7243,0.1163415109155265
Strep_C7244,0.1163415109155265
Strep_C7245,0.1163415109155265
Strep_C7246,0.8524313909199117
Strep_C7247,0.1163415109155265
Strep_C7248,0.1163415109155265
Strep_C7249,0.11634201451864289
Strep_C724,0.23305302815717163
Strep_C7250,0.11634201451864289
Strep_C7251,0.99999999
Strep_C7252,0.7256406595528874
Strep_C7253,0.7847940789287989
Strep_C7254,0.11634201451864289
Strep_C7255,0.11634201451864289
Strep_C7256,0.35245843672205746
Strep_C7257,0.3524582818100281
Strep_C7258,0.99999999
Strep_C7259,0.11634201451864289
Strep_C725,0.23305302815717163
Strep_C7260,0.23370228693111114
Strep_C7261,0.11634201451864289
Strep_C7262,0.11136757272179186
Strep_C7263,0.11136757272179186
Strep_C7264,0.11136757272179186
Strep_C7265,0.333266628208235
Strep_C7266,0.6704550730094094
Strep_C7267,0.11136757272179186
Strep_C7268,0.11136757272179186
Strep_C7269,0.11136757272179186
Strep_C726,0.47311651524910325
Strep_C7270,0.11136757272179186
Strep_C7271,0.23305302815717163
Strep_C7272,0.99999999
Strep_C7273,0.23305302815717163
Strep_C7274,0.11634201451864289
Strep_C7275,0.99999999
Strep_C7276,0.35245843672205746
Strep_C7277,0.35245843672205746
Strep_C7278,0.2337017810381666
Strep_C7279,0.11634201451864289
Strep_C727,0.11634201451864289
Strep_C7280,0.5936452796634148
Strep_C7281,0.11634201451864289
Strep_C7282,0.351325490499599
Strep_C7283,0.11634201451864289
Strep_C7284,0.35245843672205746
Strep_C7285,0.99999999
Strep_C7286,0.11634201451864289
Strep_C7287,0.11634201451864289
Strep_C7288,0.23370178103816636
Strep_C7289,0.11634201451864289
Strep_C728,0.22283322077504625
Strep_C7290,0.1163415109155265
Strep_C7291,0.1163415109155265
Strep_C7292,0.1163415109155265
Strep_C7293,0.1163415109155265
Strep_C7294,0.1163415109155265
Strep_C7295,0.1163415109155265
Strep_C7296,0.99999999
Strep_C7297,0.35245843672205746
Strep_C7298,0.47311651524910325
Strep_C7299,0.11634201451864289
Strep_C729,0.47311830745470035
Strep_C72,0.11634201451864289
Strep_C7300,0.11634201451864289
Strep_C7301,0.11634201451864289
Strep_C7302,0.7256406595528874
Strep_C7303,0.11634201451864289
Strep_C7304,0.11136757272179186
Strep_C7305,0.99999999
Strep_C7306,0.11136757272179186
Strep_C7307,0.11136757272179186
Strep_C7308,0.11136757272179186
Strep_C7309,0.22283354305359118
Strep_C730,0.11634201451864289
Strep_C7310,0.11136757272179186
Strep_C7311,0.5555546390366239
Strep_C7312,0.5936452796634148
Strep_C7313,0.7198643407720242
Strep_C7314,0.5936452796634148
Strep_C7315,0.99999999
Strep_C7316,0.23305302815717163
Strep_C7317,0.44444989529753154
Strep_C7318,0.23305302815717163
Strep_C7319,0.23305302815717163
Strep_C731,0.333266628208235
Strep_C7320,0.2337017810381666
Strep_C7321,0.3524582818100281
Strep_C7322,0.7198634438443039
Strep_C7323,0.3524582818100281
Strep_C7324,0.47311830745470035
Strep_C7325,0.23370178103816636
Strep_C7326,0.11634201451864289
Strep_C7327,0.11634201451864289
Strep_C7328,0.11634201451864289
Strep_C7329,0.11634201451864289
Strep_C732,0.99999999
Strep_C7330,0.11634201451864289
Strep_C7331,0.1163415109155265
Strep_C7332,0.1163415109155265
Strep_C7333,0.1163415109155265
Strep_C7334,0.1163415109155265
Strep_C7335,0.1163415109155265
Strep_C7336,0.99999999
Strep_C7337,0.1163415109155265
Strep_C7338,0.1163415109155265
Strep_C7339,0.1163415109155265
Strep_C733,0.23370178103816636
Strep_C7340,0.1163415109155265
Strep_C7341,0.1163415109155265
Strep_C7342,0.11634201451864289
Strep_C7343,0.11634201451864289
Strep_C7344,0.99999999
Strep_C7345,0.23370178103816636
Strep_C7346,0.351325490499599
Strep_C7347,0.11634201451864289
Strep_C7348,0.11634201451864289
Strep_C7349,0.2337017810381666
Strep_C734,0.11634201451864289
Strep_C7350,0.351325490499599
Strep_C7351,0.11634201451864289
Strep_C7352,0.99999999
Strep_C7353,0.333266628208235
Strep_C7354,0.11136757272179186
Strep_C7355,0.11136757272179186
Strep_C7356,0.11136757272179186
Strep_C7357,0.99999999
Strep_C7358,0.11136757272179186
Strep_C7359,0.11136757272179186
Strep_C735,0.99999999
Strep_C7360,0.23305302815717163
Strep_C7361,0.35132537846575046
Strep_C7362,0.471274539360154
Strep_C7363,0.1160600458814914
Strep_C7364,0.23305302815717163
Strep_C7365,0.23370228693111114
Strep_C7366,0.35245843672205746
Strep_C7367,0.47311830745470035
Strep_C7368,0.11634201451864289
Strep_C7369,0.2337017810381666
Strep_C736,0.23370178103816636
Strep_C7370,0.11634201451864289
Strep_C7371,0.11634201451864289
Strep_C7372,0.11634201451864289
Strep_C7373,0.11634201451864289
Strep_C7374,0.5967214293920762
Strep_C7375,0.23370178103816636
Strep_C7376,0.11634201451864289
Strep_C7377,0.99999999
Strep_C7378,0.1163415109155265
Strep_C7379,0.1163415109155265
Strep_C737,0.23370228693111114
Strep_C7380,0.1163415109155265
Strep_C7381,0.1163415109155265
Strep_C7382,0.1163415109155265
Strep_C7383,0.99999999
Strep_C7384,0.11634201451864289
Strep_C7385,0.5967214293920762
Strep_C7386,0.5555546390366239
Strep_C7387,0.11634201451864289
Strep_C7388,0.2337017810381666
Strep_C7389,0.99999999
Strep_C738,0.351325490499599
Strep_C7390,0.3524582818100281
Strep_C7391,0.3524582818100281
Strep_C7392,0.99999999
Strep_C7393,0.11634201451864289
Strep_C7394,0.99999999
Strep_C7395,0.11136757272179186
Strep_C7396,0.99999999
Strep_C7397,0.99999999
Strep_C7398,0.333266628208235
Strep_C7399,0.11136757272179186
Strep_C739,0.1160600458814914
Strep_C73,0.11136757272179186
Strep_C7400,0.22283354305359118
Strep_C7401,0.11136757272179186
Strep_C7402,0.7198634438443039
Strep_C7403,0.99999999
Strep_C7404,0.35132537846575046
Strep_C7405,0.351325490499599
Strep_C7406,0.23305302815717163
Strep_C7407,0.11634201451864289
Strep_C7408,0.11634201451864289
Strep_C7409,0.11634201451864289
Strep_C740,0.11634201451864289
Strep_C7410,0.11634201451864289
Strep_C7411,0.2337017810381666
Strep_C7412,0.1163415109155265
Strep_C7413,0.1163415109155265
Strep_C7414,0.5967214293920762
Strep_C7415,0.1163415109155265
Strep_C7416,0.1163415109155265
Strep_C7417,0.1163415109155265
Strep_C7418,0.1163415109155265
Strep_C7419,0.47311830745470035
Strep_C741,0.333266628208235
Strep_C7420,0.47311830745470035
Strep_C7421,0.11634201451864289
Strep_C7422,0.11634201451864289
Strep_C7423,0.11634201451864289
Strep_C7424,0.8889131171654778
Strep_C7425,0.11634201451864289
Strep_C7426,0.23370178103816636
Strep_C7427,0.5967214293920762
Strep_C7428,0.11634201451864289
Strep_C7429,0.11634201451864289
Strep_C742,0.11634201451864289
Strep_C7430,0.11634201451864289
Strep_C7431,0.11634201451864289
Strep_C7432,0.11136757272179186
Strep_C7433,0.11136757272179186
Strep_C7434,0.22283354305359118
Strep_C7435,0.11136757272179186
Strep_C7436,0.99999999
Strep_C7437,0.11136757272179186
Strep_C7438,0.99999999
Strep_C7439,0.99999999
Strep_C743,0.7256406595528874
Strep_C7440,0.23305302815717163
Strep_C7441,0.351325490499599
Strep_C7442,0.23305302815717163
Strep_C7443,0.99999999
Strep_C7444,0.11634201451864289
Strep_C7445,0.11634201451864289
Strep_C7446,0.7778659244097796
Strep_C7447,0.11634201451864289
Strep_C7448,0.99999999
Strep_C7449,0.11634201451864289
Strep_C744,0.47127620612957083
Strep_C7450,0.35245843672205746
Strep_C7451,0.1163415109155265
Strep_C7452,0.1163415109155265
Strep_C7453,0.1163415109155265
Strep_C7454,0.3342595322757504
Strep_C7455,0.1163415109155265
Strep_C7456,0.11634201451864289
Strep_C7457,0.11634201451864289
Strep_C7458,0.99999999
Strep_C7459,0.99999999
Strep_C745,0.11634201451864289
Strep_C7460,0.47311830745470035
Strep_C7461,0.99999999
Strep_C7462,0.11634201451864289
Strep_C7463,0.99999999
Strep_C7464,0.11634201451864289
Strep_C7465,0.11136757272179186
Strep_C7466,0.11136757272179186
Strep_C7467,0.23305302815717163
Strep_C7468,0.23305302815717163
Strep_C7469,0.99999999
Strep_C746,0.47311651524910325
Strep_C7470,0.23305302815717163
Strep_C7471,0.23305302815717163
Strep_C7472,0.99999999
Strep_C7473,0.7256406595528874
Strep_C7474,0.47311651524910325
Strep_C7475,0.2337017810381666
Strep_C7476,0.35245843672205746
Strep_C7477,0.2337017810381666
Strep_C7478,0.11634201451864289
Strep_C7479,0.11634201451864289
Strep_C747,0.11634201451864289
Strep_C7480,0.23305302815717163
Strep_C7481,0.11634201451864289
Strep_C7482,0.47311830745470035
Strep_C7483,0.11634201451864289
Strep_C7484,0.47311830745470035
Strep_C7485,0.11634201451864289
Strep_C7486,0.1163415109155265
Strep_C7487,0.1163415109155265
Strep_C7488,0.1163415109155265
Strep_C7489,0.1163415109155265
Strep_C748,0.11634201451864289
Strep_C7490,0.1163415109155265
Strep_C7491,0.1163415109155265
Strep_C7492,0.1163415109155265
Strep_C7493,0.7198634438443039
Strep_C7494,0.35245843672205746
Strep_C7495,0.47311830745470035
Strep_C7496,0.7256406595528874
Strep_C7497,0.47311830745470035
Strep_C7498,0.334259100712907
Strep_C7499,0.11634201451864289
Strep_C749,0.1163415109155265
Strep_C74,0.11136757272179186
Strep_C7500,0.11634201451864289
Strep_C7501,0.35245843672205746
Strep_C7502,0.23370228693111114
Strep_C7503,0.3524582818100281
Strep_C7504,0.11136757272179186
Strep_C7505,0.99999999
Strep_C7506,0.11136757272179186
Strep_C7507,0.11136757272179186
Strep_C7508,0.11136757272179186
Strep_C7509,0.11136757272179186
Strep_C750,0.7256404808820707
Strep_C7510,0.11136757272179186
Strep_C7511,0.23305302815717163
Strep_C7512,0.23305302815717163
Strep_C7513,0.23305302815717163
Strep_C7514,0.1160600458814914
Strep_C7515,0.23305302815717163
Strep_C7516,0.23305302815717163
Strep_C7517,0.47311651524910325
Strep_C7518,0.23370178103816636
Strep_C7519,0.47311830745470035
Strep_C751,0.471274539360154
Strep_C7520,0.2337017810381666
Strep_C7521,0.2337017810381666
Strep_C7522,0.99999999
Strep_C7523,0.99999999
Strep_C7524,0.2337017810381666
Strep_C7525,0.44601006290209577
Strep_C7526,0.11634201451864289
Strep_C7527,0.2337017810381666
Strep_C7528,0.11634201451864289
Strep_C7529,0.11634201451864289
Strep_C752,0.1163415109155265
Strep_C7530,0.99999999
Strep_C7531,0.23305302815717163
Strep_C7532,0.11634201451864289
Strep_C7533,0.11634201451864289
Strep_C7534,0.11634201451864289
Strep_C7535,0.99999999
Strep_C7536,0.11634201451864289
Strep_C7537,0.11634201451864289
Strep_C7538,0.35245843672205746
Strep_C7539,0.1163415109155265
Strep_C753,0.11634201451864289
Strep_C7540,0.1163415109155265
Strep_C7541,0.1163415109155265
Strep_C7542,0.1163415109155265
Strep_C7543,0.1163415109155265
Strep_C7544,0.1163415109155265
Strep_C7545,0.1163415109155265
Strep_C7546,0.1163415109155265
Strep_C7547,0.11634201451864289
Strep_C7548,0.35245843672205746
Strep_C7549,0.8889131171654778
Strep_C754,0.1163415109155265
Strep_C7550,0.8524313909199117
Strep_C7551,0.99999999
Strep_C7552,0.23370228693111114
Strep_C7553,0.471274539360154
Strep_C7554,0.11634201451864289
Strep_C7555,0.99999999
Strep_C7556,0.11136757272179186
Strep_C7557,0.11136757272179186
Strep_C7558,0.11136757272179186
Strep_C7559,0.99999999
Strep_C755,0.1163415109155265
Strep_C7560,0.351325490499599
Strep_C7561,0.7256406595528874
Strep_C7562,0.99999999
Strep_C7563,0.5967214293920762
Strep_C7564,0.47311830745470035
Strep_C7565,0.7256406595528874
Strep_C7566,0.11634201451864289
Strep_C7567,0.2337017810381666
Strep_C7568,0.670453025682897
Strep_C7569,0.11634201451864289
Strep_C756,0.23370178103816636
Strep_C7570,0.1163415109155265
Strep_C7571,0.1163415109155265
Strep_C7572,0.1163415109155265
Strep_C7573,0.1163415109155265
Strep_C7574,0.1163415109155265
Strep_C7575,0.1163415109155265
Strep_C7576,0.2337017810381666
Strep_C7577,0.11634201451864289
Strep_C7578,0.8524331858472348
Strep_C7579,0.11634201451864289
Strep_C757,0.11136757272179186
Strep_C7580,0.2337017810381666
Strep_C7581,0.11634201451864289
Strep_C7582,0.5967214293920762
Strep_C7583,0.5555542629982061
Strep_C7584,0.11634201451864289
Strep_C7585,0.11634201451864289
Strep_C7586,0.11634201451864289
Strep_C7587,0.333266628208235
Strep_C7588,0.11136757272179186
Strep_C7589,0.6665403377533278
Strep_C758,0.7256406595528874
Strep_C7590,0.3342595322757504
Strep_C7591,0.11136757272179186
Strep_C7592,0.11136757272179186
Strep_C7593,0.11136757272179186
Strep_C7594,0.23305302815717163
Strep_C7595,0.351325490499599
Strep_C7596,0.23305302815717163
Strep_C7597,0.5555546390366239
Strep_C7598,0.351325490499599
Strep_C7599,0.23305302815717163
Strep_C759,0.2337017810381666
Strep_C75,0.11634201451864289
Strep_C7600,0.23305302815717163
Strep_C7601,0.23305302815717163
Strep_C7602,0.7778659244097796
Strep_C7603,0.3524582818100281
Strep_C7604,0.23370228693111114
Strep_C7605,0.11634201451864289
Strep_C7606,0.23370178103816636
Strep_C7607,0.11634201451864289
Strep_C7608,0.22283322077504625
Strep_C7609,0.11634201451864289
Strep_C760,0.11634201451864289
Strep_C7610,0.11634201451864289
Strep_C7611,0.11634201451864289
Strep_C7612,0.23370178103816636
Strep_C7613,0.11634201451864289
Strep_C7614,0.11634201451864289
Strep_C7615,0.11634201451864289
Strep_C7616,0.23370178103816636
Strep_C7617,0.11634201451864289
Strep_C7618,0.99999999
Strep_C7619,0.11634201451864289
Strep_C761,0.2337017810381666
Strep_C7620,0.11634201451864289
Strep_C7621,0.1163415109155265
Strep_C7622,0.35132537846575046
Strep_C7623,0.1163415109155265
Strep_C7624,0.1163415109155265
Strep_C7625,0.23370228693111114
Strep_C7626,0.1163415109155265
Strep_C7627,0.99999999
Strep_C7628,0.11634201451864289
Strep_C7629,0.11634201451864289
Strep_C762,0.1163415109155265
Strep_C7630,0.8889131171654778
Strep_C7631,0.47311651524910325
Strep_C7632,0.11634201451864289
Strep_C7633,0.11634201451864289
Strep_C7634,0.11634201451864289
Strep_C7635,0.11634201451864289
Strep_C7636,0.11136757272179186
Strep_C7637,0.99999999
Strep_C7638,0.22283354305359118
Strep_C7639,0.11136757272179186
Strep_C763,0.11634201451864289
Strep_C7640,0.11136757272179186
Strep_C7641,0.11136757272179186
Strep_C7642,0.2222558021585219
Strep_C7643,0.23305302815717163
Strep_C7644,0.99999999
Strep_C7645,0.23305302815717163
Strep_C7646,0.35132537846575046
Strep_C7647,0.7198634438443039
Strep_C7648,0.351325490499599
Strep_C7649,0.99999999
Strep_C764,0.23305302815717163
Strep_C7650,0.35245843672205746
Strep_C7651,0.35245843672205746
Strep_C7652,0.351325490499599
Strep_C7653,0.5967242474384321
Strep_C7654,0.11634201451864289
Strep_C7655,0.35245843672205746
Strep_C7656,0.23370228693111114
Strep_C7657,0.5967242474384321
Strep_C7658,0.11634201451864289
Strep_C7659,0.1163415109155265
Strep_C765,0.11136757272179186
Strep_C7660,0.1163415109155265
Strep_C7661,0.1163415109155265
Strep_C7662,0.1163415109155265
Strep_C7663,0.1163415109155265
Strep_C7664,0.1163415109155265
Strep_C7665,0.1163415109155265
Strep_C7666,0.1163415109155265
Strep_C7667,0.1163415109155265
Strep_C7668,0.8889131171654778
Strep_C7669,0.5967214293920762
Strep_C766,0.1160600458814914
Strep_C7670,0.35245843672205746
Strep_C7671,0.11634201451864289
Strep_C7672,0.11634201451864289
Strep_C7673,0.7256406595528874
Strep_C7674,0.23370178103816636
Strep_C7675,0.11634201451864289
Strep_C7676,0.23370228693111114
Strep_C7677,0.5967242474384321
Strep_C7678,0.11634201451864289
Strep_C7679,0.11136757272179186
Strep_C767,0.47311830745470035
Strep_C7680,0.11136757272179186
Strep_C7681,0.11136757272179186
Strep_C7682,0.11136757272179186
Strep_C7683,0.23305302815717163
Strep_C7684,0.23305302815717163
Strep_C7685,0.23305302815717163
Strep_C7686,0.99999999
Strep_C7687,0.99999999
Strep_C7688,0.333266628208235
Strep_C7689,0.23305302815717163
Strep_C768,0.11634201451864289
Strep_C7690,0.23305302815717163
Strep_C7691,0.35245843672205746
Strep_C7692,0.99999999
Strep_C7693,0.2337017810381666
Strep_C7694,0.2337017810381666
Strep_C7695,0.7256404808820707
Strep_C7696,0.5967214293920762
Strep_C7697,0.11634201451864289
Strep_C7698,0.11634201451864289
Strep_C7699,0.11634201451864289
Strep_C769,0.1163415109155265
Strep_C76,0.11634201451864289
Strep_C7700,0.11634201451864289
Strep_C7701,0.1163415109155265
Strep_C7702,0.35132537846575046
Strep_C7703,0.1163415109155265
Strep_C7704,0.1163415109155265
Strep_C7705,0.1163415109155265
Strep_C7706,0.1163415109155265
Strep_C7707,0.1163415109155265
Strep_C7708,0.1163415109155265
Strep_C7709,0.1163415109155265
Strep_C770,0.11634201451864289
Strep_C7710,0.1163415109155265
Strep_C7711,0.35245843672205746
Strep_C7712,0.47311830745470035
Strep_C7713,0.7256406595528874
Strep_C7714,0.99999999
Strep_C7715,0.11634201451864289
Strep_C7716,0.11634201451864289
Strep_C7717,0.11634201451864289
Strep_C7718,0.11634201451864289
Strep_C7719,0.11634201451864289
Strep_C771,0.7198634438443039
Strep_C7720,0.351325490499599
Strep_C7721,0.11634201451864289
Strep_C7722,0.11136757272179186
Strep_C7723,0.11136757272179186
Strep_C7724,0.99999999
Strep_C7725,0.11136757272179186
Strep_C7726,0.8889131171654778
Strep_C7727,0.23305302815717163
Strep_C7728,0.99999999
Strep_C7729,0.47127620612957083
Strep_C772,0.2337017810381666
Strep_C7730,0.23305302815717163
Strep_C7731,0.23305302815717163
Strep_C7732,0.2337017810381666
Strep_C7733,0.2337017810381666
Strep_C7734,0.11634201451864289
Strep_C7735,0.11634201451864289
Strep_C7736,0.11634201451864289
Strep_C7737,0.11634201451864289
Strep_C7738,0.11634201451864289
Strep_C7739,0.11634201451864289
Strep_C773,0.47311830745470035
Strep_C7740,0.1163415109155265
Strep_C7741,0.1163415109155265
Strep_C7742,0.1163415109155265
Strep_C7743,0.1163415109155265
Strep_C7744,0.1163415109155265
Strep_C7745,0.1163415109155265
Strep_C7746,0.1163415109155265
Strep_C7747,0.1163415109155265
Strep_C7748,0.1163415109155265
Strep_C7749,0.99999999
Strep_C774,0.1163415109155265
Strep_C7750,0.99999999
Strep_C7751,0.23370178103816636
Strep_C7752,0.47311651524910325
Strep_C7753,0.8524313909199117
Strep_C7754,0.11634201451864289
Strep_C7755,0.11634201451864289
Strep_C7756,0.47127620612957083
Strep_C7757,0.11634201451864289
Strep_C7758,0.11634201451864289
Strep_C7759,0.11136757272179186
Strep_C775,0.2337017810381666
Strep_C7760,0.11136757272179186
Strep_C7761,0.11136757272179186
Strep_C7762,0.11136757272179186
Strep_C7763,0.11136757272179186
Strep_C7764,0.99999999
Strep_C7765,0.23305302815717163
Strep_C7766,0.23305302815717163
Strep_C7767,0.8524313909199117
Strep_C7768,0.7256406595528874
Strep_C7769,0.2337017810381666
Strep_C776,0.1163415109155265
Strep_C7770,0.11634201451864289
Strep_C7771,0.5967214293920762
Strep_C7772,0.333266628208235
Strep_C7773,0.11634201451864289
Strep_C7774,0.5967214293920762
Strep_C7775,0.11634201451864289
Strep_C7776,0.23370178103816636
Strep_C7777,0.22283322077504625
Strep_C7778,0.5967214293920762
Strep_C7779,0.1163415109155265
Strep_C777,0.333266628208235
Strep_C7780,0.99999999
Strep_C7781,0.1163415109155265
Strep_C7782,0.1163415109155265
Strep_C7783,0.1163415109155265
Strep_C7784,0.1163415109155265
Strep_C7785,0.23370228693111114
Strep_C7786,0.1163415109155265
Strep_C7787,0.1163415109155265
Strep_C7788,0.1163415109155265
Strep_C7789,0.1163415109155265
Strep_C778,0.5967214293920762
Strep_C7790,0.99999999
Strep_C7791,0.11634201451864289
Strep_C7792,0.35245843672205746
Strep_C7793,0.35245843672205746
Strep_C7794,0.11634201451864289
Strep_C7795,0.23370178103816636
Strep_C7796,0.47311651524910325
Strep_C7797,0.99999999
Strep_C7798,0.11634201451864289
Strep_C7799,0.23370228693111114
Strep_C779,0.11634201451864289
Strep_C77,0.11634201451864289
Strep_C7800,0.11634201451864289
Strep_C7801,0.11136757272179186
Strep_C7802,0.11136757272179186
Strep_C7803,0.11136757272179186
Strep_C7804,0.11136757272179186
Strep_C7805,0.99999999
Strep_C7806,0.44444989529753154
Strep_C7807,0.11136757272179186
Strep_C7808,0.471274539360154
Strep_C7809,0.35245843672205746
Strep_C780,0.11634201451864289
Strep_C7810,0.11634201451864289
Strep_C7811,0.5967214293920762
Strep_C7812,0.11634201451864289
Strep_C7813,0.2337017810381666
Strep_C7814,0.2337017810381666
Strep_C7815,0.11634201451864289
Strep_C7816,0.351325490499599
Strep_C7817,0.23305302815717163
Strep_C7818,0.11634201451864289
Strep_C7819,0.11634201451864289
Strep_C781,0.23305302815717163
Strep_C7820,0.11634201451864289
Strep_C7821,0.11634201451864289
Strep_C7822,0.23370228693111114
Strep_C7823,0.35132537846575046
Strep_C7824,0.1163415109155265
Strep_C7825,0.1163415109155265
Strep_C7826,0.1163415109155265
Strep_C7827,0.1163415109155265
Strep_C7828,0.1163415109155265
Strep_C7829,0.1163415109155265
Strep_C782,0.2337017810381666
Strep_C7830,0.7256406595528874
Strep_C7831,0.99999999
Strep_C7832,0.2337017810381666
Strep_C7833,0.7198634438443039
Strep_C7834,0.351325490499599
Strep_C7835,0.2337017810381666
Strep_C7836,0.11634201451864289
Strep_C7837,0.23370228693111114
Strep_C7838,0.11634201451864289
Strep_C7839,0.23370228693111114
Strep_C783,0.11634201451864289
Strep_C7840,0.11136757272179186
Strep_C7841,0.44444957634747156
Strep_C7842,0.11136757272179186
Strep_C7843,0.11136757272179186
Strep_C7844,0.23305302815717163
Strep_C7845,0.99999999
Strep_C7846,0.99999999
Strep_C7847,0.8524331858472348
Strep_C7848,0.1160600458814914
Strep_C7849,0.1160600458814914
Strep_C784,0.11634201451864289
Strep_C7850,0.99999999
Strep_C7851,0.11634201451864289
Strep_C7852,0.2337017810381666
Strep_C7853,0.11634201451864289
Strep_C7854,0.5967214293920762
Strep_C7855,0.99999999
Strep_C7856,0.11634201451864289
Strep_C7857,0.23370178103816636
Strep_C7858,0.1163415109155265
Strep_C7859,0.1163415109155265
Strep_C785,0.99999999
Strep_C7860,0.1163415109155265
Strep_C7861,0.1163415109155265
Strep_C7862,0.1163415109155265
Strep_C7863,0.1163415109155265
Strep_C7864,0.99999999
Strep_C7865,0.1163415109155265
Strep_C7866,0.1163415109155265
Strep_C7867,0.99999999
Strep_C7868,0.11634201451864289
Strep_C7869,0.2337017810381666
Strep_C786,0.2337017810381666
Strep_C7870,0.11634201451864289
Strep_C7871,0.11634201451864289
Strep_C7872,0.11634201451864289
Strep_C7873,0.2337017810381666
Strep_C7874,0.11136757272179186
Strep_C7875,0.11136757272179186
Strep_C7876,0.11136757272179186
Strep_C7877,0.11136757272179186
Strep_C7878,0.11136757272179186
Strep_C7879,0.99999999
Strep_C787,0.1163415109155265
Strep_C7880,0.11136757272179186
Strep_C7881,0.11136757272179186
Strep_C7882,0.99999999
Strep_C7883,0.11136757272179186
Strep_C7884,0.7198634438443039
Strep_C7885,0.23305302815717163
Strep_C7886,0.23305302815717163
Strep_C7887,0.23305302815717163
Strep_C7888,0.351325490499599
Strep_C7889,0.23305302815717163
Strep_C788,0.11634201451864289
Strep_C7890,0.99999999
Strep_C7891,0.23305302815717163
Strep_C7892,0.23305302815717163
Strep_C7893,0.23305302815717163
Strep_C7894,0.99999999
Strep_C7895,0.47311830745470035
Strep_C7896,0.2337017810381666
Strep_C7897,0.11634201451864289
Strep_C7898,0.35245843672205746
Strep_C7899,0.47311830745470035
Strep_C789,0.2337017810381666
Strep_C78,0.1163415109155265
Strep_C7900,0.11634201451864289
Strep_C7901,0.11634201451864289
Strep_C7902,0.11634201451864289
Strep_C7903,0.99999999
Strep_C7904,0.1163415109155265
Strep_C7905,0.99999999
Strep_C7906,0.1163415109155265
Strep_C7907,0.1163415109155265
Strep_C7908,0.1163415109155265
Strep_C7909,0.1163415109155265
Strep_C790,0.35245843672205746
Strep_C7910,0.1163415109155265
Strep_C7911,0.11634201451864289
Strep_C7912,0.47311830745470035
Strep_C7913,0.35245843672205746
Strep_C7914,0.11634201451864289
Strep_C7915,0.7256406595528874
Strep_C7916,0.11634201451864289
Strep_C7917,0.11634201451864289
Strep_C7918,0.99999999
Strep_C7919,0.22283354305359118
Strep_C791,0.11136757272179186
Strep_C7920,0.11136757272179186
Strep_C7921,0.11136757272179186
Strep_C7922,0.22283354305359118
Strep_C7923,0.99999999
Strep_C7924,0.11136757272179186
Strep_C7925,0.22283322077504625
Strep_C7926,0.11136757272179186
Strep_C7927,0.11136757272179186
Strep_C7928,0.23305302815717163
Strep_C7929,0.333266628208235
Strep_C792,0.99999999
Strep_C7930,0.5936427844819077
Strep_C7931,0.8524331858472348
Strep_C7932,0.23305302815717163
Strep_C7933,0.351325490499599
Strep_C7934,0.23305302815717163
Strep_C7935,0.47311830745470035
Strep_C7936,0.3524582818100281
Strep_C7937,0.11634201451864289
Strep_C7938,0.99999999
Strep_C7939,0.11634201451864289
Strep_C793,0.11634201451864289
Strep_C7940,0.11634201451864289
Strep_C7941,0.11634201451864289
Strep_C7942,0.11634201451864289
Strep_C7943,0.11634201451864289
Strep_C7944,0.11634201451864289
Strep_C7945,0.11634201451864289
Strep_C7946,0.1163415109155265
Strep_C7947,0.1163415109155265
Strep_C7948,0.1163415109155265
Strep_C7949,0.1163415109155265
Strep_C794,0.11136757272179186
Strep_C7950,0.1163415109155265
Strep_C7951,0.1163415109155265
Strep_C7952,0.7256406595528874
Strep_C7953,0.23370228693111114
Strep_C7954,0.35245843672205746
Strep_C7955,0.5967242474384321
Strep_C7956,0.99999999
Strep_C7957,0.11634201451864289
Strep_C7958,0.11634201451864289
Strep_C7959,0.5967214293920762
Strep_C795,0.23370178103816636
Strep_C7960,0.8524331858472348
Strep_C7961,0.8524331858472348
Strep_C7962,0.99999999
Strep_C7963,0.11634201451864289
Strep_C7964,0.11634201451864289
Strep_C7965,0.23370178103816636
Strep_C7966,0.7198643407720242
Strep_C7967,0.7256406595528874
Strep_C7968,0.11136757272179186
Strep_C7969,0.11136757272179186
Strep_C796,0.11634201451864289
Strep_C7970,0.11136757272179186
Strep_C7971,0.11136757272179186
Strep_C7972,0.11136757272179186
Strep_C7973,0.11136757272179186
Strep_C7974,0.11136757272179186
Strep_C7975,0.99999999
Strep_C7976,0.99999999
Strep_C7977,0.11136757272179186
Strep_C7978,0.11136757272179186
Strep_C7979,0.23305302815717163
Strep_C797,0.35245843672205746
Strep_C7980,0.35132537846575046
Strep_C7981,0.23305302815717163
Strep_C7982,0.471274539360154
Strep_C7983,0.2337017810381666
Strep_C7984,0.11634201451864289
Strep_C7985,0.35245843672205746
Strep_C7986,0.7256406595528874
Strep_C7987,0.8889223478224411
Strep_C7988,0.11634201451864289
Strep_C7989,0.11634201451864289
Strep_C798,0.5967242474384321
Strep_C7990,0.11634201451864289
Strep_C7991,0.11634201451864289
Strep_C7992,0.11634201451864289
Strep_C7993,0.11634201451864289
Strep_C7994,0.11634201451864289
Strep_C7995,0.1163415109155265
Strep_C7996,0.1163415109155265
Strep_C7997,0.1163415109155265
Strep_C7998,0.1163415109155265
Strep_C7999,0.1163415109155265
Strep_C799,0.99999999
Strep_C79,0.11634201451864289
Strep_C7,0.11136757272179186
Strep_C8000,0.99999999
Strep_C8001,0.1163415109155265
Strep_C8002,0.1163415109155265
Strep_C8003,0.99999999
Strep_C8004,0.7256406595528874
Strep_C8005,0.8889131171654778
Strep_C8006,0.7256406595528874
Strep_C8007,0.99999999
Strep_C8008,0.99999999
Strep_C8009,0.7256406595528874
Strep_C800,0.2337017810381666
Strep_C8010,0.11634201451864289
Strep_C8011,0.5967214293920762
Strep_C8012,0.11634201451864289
Strep_C8013,0.99999999
Strep_C8014,0.11136757272179186
Strep_C8015,0.11136757272179186
Strep_C8016,0.22283354305359118
Strep_C8017,0.11136757272179186
Strep_C8018,0.8889131171654778
Strep_C8019,0.99999999
Strep_C801,0.11634201451864289
Strep_C8020,0.23305302815717163
Strep_C8021,0.23305302815717163
Strep_C8022,0.99999999
Strep_C8023,0.7198634438443039
Strep_C8024,0.23305302815717163
Strep_C8025,0.23305302815717163
Strep_C8026,0.23305302815717163
Strep_C8027,0.99999999
Strep_C8028,0.5967214293920762
Strep_C8029,0.11634201451864289
Strep_C802,0.11136757272179186
Strep_C8030,0.35245843672205746
Strep_C8031,0.11634201451864289
Strep_C8032,0.23370178103816636
Strep_C8033,0.11634201451864289
Strep_C8034,0.11634201451864289
Strep_C8035,0.47311830745470035
Strep_C8036,0.11634201451864289
Strep_C8037,0.7256406595528874
Strep_C8038,0.47311830745470035
Strep_C8039,0.11634201451864289
Strep_C803,0.1163415109155265
Strep_C8040,0.11634201451864289
Strep_C8041,0.35245843672205746
Strep_C8042,0.23370228693111114
Strep_C8043,0.1163415109155265
Strep_C8044,0.1163415109155265
Strep_C8045,0.1163415109155265
Strep_C8046,0.1163415109155265
Strep_C8047,0.1163415109155265
Strep_C8048,0.99999999
Strep_C8049,0.47127620612957083
Strep_C804,0.11634201451864289
Strep_C8050,0.5967214293920762
Strep_C8051,0.8889131171654778
Strep_C8052,0.47311830745470035
Strep_C8053,0.5967242474384321
Strep_C8054,0.2337017810381666
Strep_C8055,0.11634201451864289
Strep_C8056,0.11634201451864289
Strep_C8057,0.8524313909199117
Strep_C8058,0.11634201451864289
Strep_C8059,0.11634201451864289
Strep_C805,0.23370178103816636
Strep_C8060,0.47311651524910325
Strep_C8061,0.11634201451864289
Strep_C8062,0.99999999
Strep_C8063,0.11136757272179186
Strep_C8064,0.471274539360154
Strep_C8065,0.8524313909199117
Strep_C8066,0.23305302815717163
Strep_C8067,0.23305302815717163
Strep_C8068,0.23305302815717163
Strep_C8069,0.1160600458814914
Strep_C806,0.99999999
Strep_C8070,0.23305302815717163
Strep_C8071,0.99999999
Strep_C8072,0.47311830745470035
Strep_C8073,0.11634201451864289
Strep_C8074,0.11634201451864289
Strep_C8075,0.11634201451864289
Strep_C8076,0.35245843672205746
Strep_C8077,0.47311830745470035
Strep_C8078,0.2337017810381666
Strep_C8079,0.11634201451864289
Strep_C807,0.8889131171654778
Strep_C8080,0.11634201451864289
Strep_C8081,0.11634201451864289
Strep_C8082,0.99999999
Strep_C8083,0.1163415109155265
Strep_C8084,0.5936427844819077
Strep_C8085,0.99999999
Strep_C8086,0.11634201451864289
Strep_C8087,0.11634201451864289
Strep_C8088,0.99999999
Strep_C8089,0.99999999
Strep_C808,0.471274539360154
Strep_C8090,0.23370178103816636
Strep_C8091,0.670453025682897
Strep_C8092,0.11634201451864289
Strep_C8093,0.11634201451864289
Strep_C8094,0.11634201451864289
Strep_C8095,0.11136757272179186
Strep_C8096,0.99999999
Strep_C8097,0.11136757272179186
Strep_C8098,0.99999999
Strep_C8099,0.11136757272179186
Strep_C809,0.99999999
Strep_C80,0.11634201451864289
Strep_C8100,0.23305302815717163
Strep_C8101,0.23305302815717163
Strep_C8102,0.23305302815717163
Strep_C8103,0.23305353040549365
Strep_C8104,0.7198643407720242
Strep_C8105,0.471274539360154
Strep_C8106,0.471274539360154
Strep_C8107,0.2337017810381666
Strep_C8108,0.11634201451864289
Strep_C8109,0.23370228693111114
Strep_C810,0.1163415109155265
Strep_C8110,0.35245843672205746
Strep_C8111,0.1163415109155265
Strep_C8112,0.1163415109155265
Strep_C8113,0.1163415109155265
Strep_C8114,0.1163415109155265
Strep_C8115,0.1163415109155265
Strep_C8116,0.7256406595528874
Strep_C8117,0.1163415109155265
Strep_C8118,0.1163415109155265
Strep_C8119,0.99999999
Strep_C811,0.99999999
Strep_C8120,0.5936427844819077
Strep_C8121,0.5936427844819077
Strep_C8122,0.47311830745470035
Strep_C8123,0.11634201451864289
Strep_C8124,0.7778688864057204
Strep_C8125,0.7256406595528874
Strep_C8126,0.5936427844819077
Strep_C8127,0.11634201451864289
Strep_C8128,0.11634201451864289
Strep_C8129,0.7256406595528874
Strep_C812,0.47311651524910325
Strep_C8130,0.7256406595528874
Strep_C8131,0.11634201451864289
Strep_C8132,0.11634201451864289
Strep_C8133,0.11634201451864289
Strep_C8134,0.11634201451864289
Strep_C8135,0.11634201451864289
Strep_C8136,0.11634201451864289
Strep_C8137,0.9053588679153928
Strep_C8138,0.11136757272179186
Strep_C8139,0.23305302815717163
Strep_C813,0.1160600458814914
Strep_C8140,0.23305302815717163
Strep_C8141,0.23305302815717163
Strep_C8142,0.23305302815717163
Strep_C8143,0.23305302815717163
Strep_C8144,0.1160600458814914
Strep_C8145,0.99999999
Strep_C8146,0.11634201451864289
Strep_C8147,0.11634201451864289
Strep_C8148,0.99999999
Strep_C8149,0.11634201451864289
Strep_C814,0.1163415109155265
Strep_C8150,0.11634201451864289
Strep_C8151,0.23370178103816636
Strep_C8152,0.11634201451864289
Strep_C8153,0.11634201451864289
Strep_C8154,0.35245843672205746
Strep_C8155,0.35245843672205746
Strep_C8156,0.11634201451864289
Strep_C8157,0.11634201451864289
Strep_C8158,0.1163415109155265
Strep_C8159,0.1163415109155265
Strep_C815,0.11634201451864289
Strep_C8160,0.1163415109155265
Strep_C8161,0.1163415109155265
Strep_C8162,0.1163415109155265
Strep_C8163,0.1163415109155265
Strep_C8164,0.2337017810381666
Strep_C8165,0.35245843672205746
Strep_C8166,0.2337017810381666
Strep_C8167,0.47311830745470035
Strep_C8168,0.5967214293920762
Strep_C8169,0.334259100712907
Strep_C816,0.22283322077504625
Strep_C8170,0.11634201451864289
Strep_C8171,0.11634201451864289
Strep_C8172,0.11634201451864289
Strep_C8173,0.11634201451864289
Strep_C8174,0.11634201451864289
Strep_C8175,0.47311830745470035
Strep_C8176,0.23370228693111114
Strep_C8177,0.99999999
Strep_C8178,0.11136757272179186
Strep_C8179,0.11136757272179186
Strep_C817,0.47311830745470035
Strep_C8180,0.11136757272179186
Strep_C8181,0.11136757272179186
Strep_C8182,0.471274539360154
Strep_C8183,0.99999999
Strep_C8184,0.1160600458814914
Strep_C8185,0.23305302815717163
Strep_C8186,0.333266628208235
Strep_C8187,0.2337017810381666
Strep_C8188,0.11634201451864289
Strep_C8189,0.11634201451864289
Strep_C818,0.23370178103816636
Strep_C8190,0.22283322077504625
Strep_C8191,0.11634201451864289
Strep_C8192,0.7198634438443039
Strep_C8193,0.47311830745470035
Strep_C8194,0.23370178103816636
Strep_C8195,0.11634201451864289
Strep_C8196,0.8889131171654778
Strep_C8197,0.1163415109155265
Strep_C8198,0.1163415109155265
Strep_C8199,0.1163415109155265
Strep_C819,0.99999999
Strep_C81,0.1163415109155265
Strep_C8200,0.1163415109155265
Strep_C8201,0.1163415109155265
Strep_C8202,0.1163415109155265
Strep_C8203,0.1163415109155265
Strep_C8204,0.1163415109155265
Strep_C8205,0.99999999
Strep_C8206,0.47311830745470035
Strep_C8207,0.11634201451864289
Strep_C8208,0.11634201451864289
Strep_C8209,0.47311830745470035
Strep_C820,0.11634201451864289
Strep_C8210,0.5967214293920762
Strep_C8211,0.2337017810381666
Strep_C8212,0.99999999
Strep_C8213,0.11634201451864289
Strep_C8214,0.11634201451864289
Strep_C8215,0.11634201451864289
Strep_C8216,0.11634201451864289
Strep_C8217,0.11634201451864289
Strep_C8218,0.11136757272179186
Strep_C8219,0.11136757272179186
Strep_C821,0.99999999
Strep_C8220,0.23305302815717163
Strep_C8221,0.8524331858472348
Strep_C8222,0.1160600458814914
Strep_C8223,0.7256406595528874
Strep_C8224,0.11634201451864289
Strep_C8225,0.11634201451864289
Strep_C8226,0.11634201451864289
Strep_C8227,0.23370178103816636
Strep_C8228,0.1163415109155265
Strep_C8229,0.9053588679153928
Strep_C822,0.1163415109155265
Strep_C8230,0.1163415109155265
Strep_C8231,0.1163415109155265
Strep_C8232,0.23370228693111114
Strep_C8233,0.2337017810381666
Strep_C8234,0.11634201451864289
Strep_C8235,0.11634201451864289
Strep_C8236,0.5967214293920762
Strep_C8237,0.11634201451864289
Strep_C8238,0.11634201451864289
Strep_C8239,0.7256406595528874
Strep_C823,0.1163415109155265
Strep_C8240,0.11136757272179186
Strep_C8241,0.8889131171654778
Strep_C8242,0.11136757272179186
Strep_C8243,0.11136757272179186
Strep_C8244,0.44444989529753154
Strep_C8245,0.23305302815717163
Strep_C8246,0.23305302815717163
Strep_C8247,0.99999999
Strep_C8248,0.23305302815717163
Strep_C8249,0.8524313909199117
Strep_C824,0.99999999
Strep_C8250,0.23305302815717163
Strep_C8251,0.6665403377533278
Strep_C8252,0.2337017810381666
Strep_C8253,0.23370178103816636
Strep_C8254,0.47311830745470035
Strep_C8255,0.3524582818100281
Strep_C8256,0.23370178103816636
Strep_C8257,0.11634201451864289
Strep_C8258,0.23370178103816636
Strep_C8259,0.23370178103816636
Strep_C825,0.334259100712907
Strep_C8260,0.99999999
Strep_C8261,0.11634201451864289
Strep_C8262,0.11634201451864289
Strep_C8263,0.1163415109155265
Strep_C8264,0.1163415109155265
Strep_C8265,0.1163415109155265
Strep_C8266,0.11634201451864289
Strep_C8267,0.5967242474384321
Strep_C8268,0.11634201451864289
Strep_C8269,0.9053588679153928
Strep_C826,0.23305302815717163
Strep_C8270,0.2337017810381666
Strep_C8271,0.23370178103816636
Strep_C8272,0.47311830745470035
Strep_C8273,0.11634201451864289
Strep_C8274,0.3524582818100281
Strep_C8275,0.11634201451864289
Strep_C8276,0.11136757272179186
Strep_C8277,0.11136757272179186
Strep_C8278,0.11136757272179186
Strep_C8279,0.99999999
Strep_C827,0.1163415109155265
Strep_C8280,0.44601006290209577
Strep_C8281,0.8524331858472348
Strep_C8282,0.35132537846575046
Strep_C8283,0.23305302815717163
Strep_C8284,0.47127620612957083
Strep_C8285,0.23305302815717163
Strep_C8286,0.471274539360154
Strep_C8287,0.1160600458814914
Strep_C8288,0.23305302815717163
Strep_C8289,0.23305302815717163
Strep_C828,0.11634201451864289
Strep_C8290,0.99999999
Strep_C8291,0.11634201451864289
Strep_C8292,0.7256406595528874
Strep_C8293,0.2337017810381666
Strep_C8294,0.2337017810381666
Strep_C8295,0.11634201451864289
Strep_C8296,0.7256406595528874
Strep_C8297,0.11634201451864289
Strep_C8298,0.99999999
Strep_C8299,0.11634201451864289
Strep_C829,0.11634201451864289
Strep_C82,0.11634201451864289
Strep_C8300,0.99999999
Strep_C8301,0.11634201451864289
Strep_C8302,0.11634201451864289
Strep_C8303,0.11634201451864289
Strep_C8304,0.1163415109155265
Strep_C8305,0.1163415109155265
Strep_C8306,0.1163415109155265
Strep_C8307,0.1163415109155265
Strep_C8308,0.1163415109155265
Strep_C8309,0.11634201451864289
Strep_C830,0.11634201451864289
Strep_C8310,0.7198634438443039
Strep_C8311,0.35245843672205746
Strep_C8312,0.47311830745470035
Strep_C8313,0.11634201451864289
Strep_C8314,0.99999999
Strep_C8315,0.47311830745470035
Strep_C8316,0.11634201451864289
Strep_C8317,0.99999999
Strep_C8318,0.11136757272179186
Strep_C8319,0.11136757272179186
Strep_C831,0.2337017810381666
Strep_C8320,0.11136757272179186
Strep_C8321,0.99999999
Strep_C8322,0.23305302815717163
Strep_C8323,0.23305302815717163
Strep_C8324,0.5936427844819077
Strep_C8325,0.2337017810381666
Strep_C8326,0.35245843672205746
Strep_C8327,0.47311830745470035
Strep_C8328,0.11634201451864289
Strep_C8329,0.11634201451864289
Strep_C832,0.23305302815717163
Strep_C8330,0.23305302815717163
Strep_C8331,0.23370178103816636
Strep_C8332,0.11634201451864289
Strep_C8333,0.8889223478224411
Strep_C8334,0.11634201451864289
Strep_C8335,0.99999999
Strep_C8336,0.47311830745470035
Strep_C8337,0.11634201451864289
Strep_C8338,0.1163415109155265
Strep_C8339,0.1163415109155265
Strep_C833,0.11634201451864289
Strep_C8340,0.1163415109155265
Strep_C8341,0.1163415109155265
Strep_C8342,0.11634201451864289
Strep_C8343,0.7256406595528874
Strep_C8344,0.5967214293920762
Strep_C8345,0.11634201451864289
Strep_C8346,0.47311830745470035
Strep_C8347,0.5967242474384321
Strep_C8348,0.11634201451864289
Strep_C8349,0.11634201451864289
Strep_C834,0.2337017810381666
Strep_C8350,0.35245843672205746
Strep_C8351,0.11634201451864289
Strep_C8352,0.11634201451864289
Strep_C8353,0.99999999
Strep_C8354,0.99999999
Strep_C8355,0.99999999
Strep_C8356,0.11136757272179186
Strep_C8357,0.11136757272179186
Strep_C8358,0.11136757272179186
Strep_C8359,0.22283322077504625
Strep_C835,0.1163415109155265
Strep_C8360,0.11136757272179186
Strep_C8361,0.8889223478224411
Strep_C8362,0.23305302815717163
Strep_C8363,0.23305302815717163
Strep_C8364,0.23305302815717163
Strep_C8365,0.23305302815717163
Strep_C8366,0.2337017810381666
Strep_C8367,0.5967214293920762
Strep_C8368,0.9053588679153928
Strep_C8369,0.11634201451864289
Strep_C836,0.35245843672205746
Strep_C8370,0.22283322077504625
Strep_C8371,0.23370178103816636
Strep_C8372,0.2337017810381666
Strep_C8373,0.7198643407720242
Strep_C8374,0.1163415109155265
Strep_C8375,0.23370228693111114
Strep_C8376,0.23370228693111114
Strep_C8377,0.1163415109155265
Strep_C8378,0.1163415109155265
Strep_C8379,0.5967242474384321
Strep_C837,0.1163415109155265
Strep_C8380,0.22283322077504625
Strep_C8381,0.23370228693111114
Strep_C8382,0.6665426254504294
Strep_C8383,0.99999999
Strep_C8384,0.23370178103816636
Strep_C8385,0.35245843672205746
Strep_C8386,0.11634201451864289
Strep_C8387,0.11634201451864289
Strep_C8388,0.99999999
Strep_C8389,0.11136757272179186
Strep_C838,0.1163415109155265
Strep_C8390,0.99999999
Strep_C8391,0.99999999
Strep_C8392,0.11136757272179186
Strep_C8393,0.11136757272179186
Strep_C8394,0.99999999
Strep_C8395,0.23305302815717163
Strep_C8396,0.23305302815717163
Strep_C8397,0.35245843672205746
Strep_C8398,0.7256406595528874
Strep_C8399,0.3524582818100281
Strep_C839,0.2337017810381666
Strep_C83,0.1163415109155265
Strep_C8400,0.11634201451864289
Strep_C8401,0.47311830745470035
Strep_C8402,0.11634201451864289
Strep_C8403,0.3524582818100281
Strep_C8404,0.11634201451864289
Strep_C8405,0.2337017810381666
Strep_C8406,0.1163415109155265
Strep_C8407,0.1163415109155265
Strep_C8408,0.1163415109155265
Strep_C8409,0.1163415109155265
Strep_C840,0.1163415109155265
Strep_C8410,0.11634201451864289
Strep_C8411,0.11634201451864289
Strep_C8412,0.334259100712907
Strep_C8413,0.35245843672205746
Strep_C8414,0.11634201451864289
Strep_C8415,0.23370228693111114
Strep_C8416,0.5967242474384321
Strep_C8417,0.11634201451864289
Strep_C8418,0.23370228693111114
Strep_C8419,0.11634201451864289
Strep_C841,0.8673259655154397
Strep_C8420,0.351325490499599
Strep_C8421,0.99999999
Strep_C8422,0.11136757272179186
Strep_C8423,0.99999999
Strep_C8424,0.99999999
Strep_C8425,0.11136757272179186
Strep_C8426,0.11136757272179186
Strep_C8427,0.23305302815717163
Strep_C8428,0.99999999
Strep_C8429,0.23305302815717163
Strep_C842,0.1163415109155265
Strep_C8430,0.23305302815717163
Strep_C8431,0.23305302815717163
Strep_C8432,0.5967214293920762
Strep_C8433,0.11634201451864289
Strep_C8434,0.8524313909199117
Strep_C8435,0.11634201451864289
Strep_C8436,0.35245843672205746
Strep_C8437,0.11634201451864289
Strep_C8438,0.99999999
Strep_C8439,0.1163415109155265
Strep_C843,0.1163415109155265
Strep_C8440,0.99999999
Strep_C8441,0.1163415109155265
Strep_C8442,0.1163415109155265
Strep_C8443,0.1163415109155265
Strep_C8444,0.1163415109155265
Strep_C8445,0.9053588679153928
Strep_C8446,0.2337017810381666
Strep_C8447,0.2337017810381666
Strep_C8448,0.47311830745470035
Strep_C8449,0.2337017810381666
Strep_C844,0.2337017810381666
Strep_C8450,0.11634201451864289
Strep_C8451,0.35245843672205746
Strep_C8452,0.5967214293920762
Strep_C8453,0.99999999
Strep_C8454,0.8524313909199117
Strep_C8455,0.11634201451864289
Strep_C8456,0.11634201451864289
Strep_C8457,0.11634201451864289
Strep_C8458,0.23370228693111114
Strep_C8459,0.11136757272179186
Strep_C845,0.3524582818100281
Strep_C8460,0.11136757272179186
Strep_C8461,0.1160600458814914
Strep_C8462,0.471274539360154
Strep_C8463,0.23305302815717163
Strep_C8464,0.23305302815717163
Strep_C8465,0.2337017810381666
Strep_C8466,0.2337017810381666
Strep_C8467,0.99999999
Strep_C8468,0.11634201451864289
Strep_C8469,0.11634201451864289
Strep_C846,0.99999999
Strep_C8470,0.2337017810381666
Strep_C8471,0.11634201451864289
Strep_C8472,0.11634201451864289
Strep_C8473,0.11634201451864289
Strep_C8474,0.11634201451864289
Strep_C8475,0.11634201451864289
Strep_C8476,0.11634201451864289
Strep_C8477,0.2337017810381666
Strep_C8478,0.1163415109155265
Strep_C8479,0.1163415109155265
Strep_C847,0.4460100629020958
Strep_C8480,0.99999999
Strep_C8481,0.1163415109155265
Strep_C8482,0.1163415109155265
Strep_C8483,0.1163415109155265
Strep_C8484,0.35132537846575046
Strep_C8485,0.1163415109155265
Strep_C8486,0.8524313909199117
Strep_C8487,0.47311830745470035
Strep_C8488,0.99999999
Strep_C8489,0.47311830745470035
Strep_C848,0.1163415109155265
Strep_C8490,0.99999999
Strep_C8491,0.3524582818100281
Strep_C8492,0.11634201451864289
Strep_C8493,0.11634201451864289
Strep_C8494,0.11634201451864289
Strep_C8495,0.11634201451864289
Strep_C8496,0.11634201451864289
Strep_C8497,0.4460100629020958
Strep_C8498,0.99999999
Strep_C8499,0.11136757272179186
Strep_C849,0.99999999
Strep_C84,0.1163415109155265
Strep_C8500,0.11136757272179186
Strep_C8501,0.11136757272179186
Strep_C8502,0.11136757272179186
Strep_C8503,0.11136757272179186
Strep_C8504,0.23305302815717163
Strep_C8505,0.23305302815717163
Strep_C8506,0.1160600458814914
Strep_C8507,0.23305302815717163
Strep_C8508,0.23305302815717163
Strep_C8509,0.23305302815717163
Strep_C850,0.2337017810381666
Strep_C8510,0.11634201451864289
Strep_C8511,0.11634201451864289
Strep_C8512,0.5967242474384321
Strep_C8513,0.2337017810381666
Strep_C8514,0.7847940789287989
Strep_C8515,0.11634201451864289
Strep_C8516,0.11634201451864289
Strep_C8517,0.5967214293920762
Strep_C8518,0.23370228693111114
Strep_C8519,0.11634201451864289
Strep_C851,0.99999999
Strep_C8520,0.11634201451864289
Strep_C8521,0.47311830745470035
Strep_C8522,0.11634201451864289
Strep_C8523,0.1163415109155265
Strep_C8524,0.1163415109155265
Strep_C8525,0.1163415109155265
Strep_C8526,0.1163415109155265
Strep_C8527,0.1163415109155265
Strep_C8528,0.1163415109155265
Strep_C8529,0.1163415109155265
Strep_C852,0.11634201451864289
Strep_C8530,0.8889131171654778
Strep_C8531,0.11634201451864289
Strep_C8532,0.11634201451864289
Strep_C8533,0.44601006290209577
Strep_C8534,0.99999999
Strep_C8535,0.23370178103816636
Strep_C8536,0.8889223478224411
Strep_C8537,0.11634201451864289
Strep_C8538,0.7256406595528874
Strep_C8539,0.11634201451864289
Strep_C853,0.11634201451864289
Strep_C8540,0.5555546390366239
Strep_C8541,0.11634201451864289
Strep_C8542,0.7778659244097796
Strep_C8543,0.11634201451864289
Strep_C8544,0.11136757272179186
Strep_C8545,0.11136757272179186
Strep_C8546,0.11136757272179186
Strep_C8547,0.23305302815717163
Strep_C8548,0.44444957634747156
Strep_C8549,0.471274539360154
Strep_C854,0.1163415109155265
Strep_C8550,0.5967214293920762
Strep_C8551,0.11634201451864289
Strep_C8552,0.23370178103816636
Strep_C8553,0.11634201451864289
Strep_C8554,0.11634201451864289
Strep_C8555,0.8524331858472348
Strep_C8556,0.8524313909199117
Strep_C8557,0.47311651524910325
Strep_C8558,0.11634201451864289
Strep_C8559,0.1163415109155265
Strep_C855,0.23370228693111114
Strep_C8560,0.22283354305359118
Strep_C8561,0.1163415109155265
Strep_C8562,0.1163415109155265
Strep_C8563,0.1163415109155265
Strep_C8564,0.1163415109155265
Strep_C8565,0.23370228693111114
Strep_C8566,0.1163415109155265
Strep_C8567,0.1163415109155265
Strep_C8568,0.1163415109155265
Strep_C8569,0.23370228693111114
Strep_C856,0.11634201451864289
Strep_C8570,0.44601006290209577
Strep_C8571,0.35245843672205746
Strep_C8572,0.2337017810381666
Strep_C8573,0.11634201451864289
Strep_C8574,0.11634201451864289
Strep_C8575,0.11634201451864289
Strep_C8576,0.3524582818100281
Strep_C8577,0.23305302815717163
Strep_C8578,0.23370228693111114
Strep_C8579,0.11136757272179186
Strep_C857,0.11634201451864289
Strep_C8580,0.11136757272179186
Strep_C8581,0.99999999
Strep_C8582,0.11136757272179186
Strep_C8583,0.11136757272179186
Strep_C8584,0.99999999
Strep_C8585,0.334259100712907
Strep_C8586,0.23305302815717163
Strep_C8587,0.23305302815717163
Strep_C8588,0.35132537846575046
Strep_C8589,0.7198643407720242
Strep_C858,0.23305302815717163
Strep_C8590,0.23305302815717163
Strep_C8591,0.2337017810381666
Strep_C8592,0.2337017810381666
Strep_C8593,0.2337017810381666
Strep_C8594,0.11634201451864289
Strep_C8595,0.11634201451864289
Strep_C8596,0.47311651524910325
Strep_C8597,0.47311830745470035
Strep_C8598,0.11634201451864289
Strep_C8599,0.11634201451864289
Strep_C859,0.47311830745470035
Strep_C85,0.1163415109155265
Strep_C8600,0.11634201451864289
Strep_C8601,0.22283322077504625
Strep_C8602,0.11634201451864289
Strep_C8603,0.3524582818100281
Strep_C8604,0.1163415109155265
Strep_C8605,0.1163415109155265
Strep_C8606,0.7256406595528874
Strep_C8607,0.1163415109155265
Strep_C8608,0.7256406595528874
Strep_C8609,0.1163415109155265
Strep_C860,0.3524582818100281
Strep_C8610,0.1163415109155265
Strep_C8611,0.1163415109155265
Strep_C8612,0.1163415109155265
Strep_C8613,0.23370228693111114
Strep_C8614,0.99999999
Strep_C8615,0.7256406595528874
Strep_C8616,0.35245843672205746
Strep_C8617,0.99999999
Strep_C8618,0.47311830745470035
Strep_C8619,0.47311830745470035
Strep_C861,0.11634201451864289
Strep_C8620,0.47311651524910325
Strep_C8621,0.11634201451864289
Strep_C8622,0.2337017810381666
Strep_C8623,0.11634201451864289
Strep_C8624,0.2337017810381666
Strep_C8625,0.99999999
Strep_C8626,0.11136757272179186
Strep_C8627,0.11136757272179186
Strep_C8628,0.11136757272179186
Strep_C8629,0.11136757272179186
Strep_C862,0.11136757272179186
Strep_C8630,0.471274539360154
Strep_C8631,0.23305302815717163
Strep_C8632,0.11634201451864289
Strep_C8633,0.11634201451864289
Strep_C8634,0.47311651524910325
Strep_C8635,0.2337017810381666
Strep_C8636,0.11634201451864289
Strep_C8637,0.35245843672205746
Strep_C8638,0.11634201451864289
Strep_C8639,0.11634201451864289
Strep_C863,0.3524582818100281
Strep_C8640,0.11634201451864289
Strep_C8641,0.23370228693111114
Strep_C8642,0.11634201451864289
Strep_C8643,0.11634201451864289
Strep_C8644,0.47311830745470035
Strep_C8645,0.23370178103816636
Strep_C8646,0.1163415109155265
Strep_C8647,0.1163415109155265
Strep_C8648,0.1163415109155265
Strep_C8649,0.1163415109155265
Strep_C864,0.11136757272179186
Strep_C8650,0.1163415109155265
Strep_C8651,0.1163415109155265
Strep_C8652,0.1163415109155265
Strep_C8653,0.1163415109155265
Strep_C8654,0.1163415109155265
Strep_C8655,0.1163415109155265
Strep_C8656,0.11634201451864289
Strep_C8657,0.23370228693111114
Strep_C8658,0.11634201451864289
Strep_C8659,0.99999999
Strep_C865,0.23305302815717163
Strep_C8660,0.11634201451864289
Strep_C8661,0.11634201451864289
Strep_C8662,0.11634201451864289
Strep_C8663,0.11634201451864289
Strep_C8664,0.11634201451864289
Strep_C8665,0.11634201451864289
Strep_C8666,0.11136757272179186
Strep_C8667,0.99999999
Strep_C8668,0.11136757272179186
Strep_C8669,0.99999999
Strep_C866,0.23305302815717163
Strep_C8670,0.44600966595465286
Strep_C8671,0.23305302815717163
Strep_C8672,0.1160600458814914
Strep_C8673,0.23305302815717163
Strep_C8674,0.47311651524910325
Strep_C8675,0.23370178103816636
Strep_C8676,0.11634201451864289
Strep_C8677,0.11634201451864289
Strep_C8678,0.11634201451864289
Strep_C8679,0.11634201451864289
Strep_C867,0.47311830745470035
Strep_C8680,0.11634201451864289
Strep_C8681,0.11634201451864289
Strep_C8682,0.11634201451864289
Strep_C8683,0.47127620612957083
Strep_C8684,0.8524331858472348
Strep_C8685,0.11634201451864289
Strep_C8686,0.2337017810381666
Strep_C8687,0.1163415109155265
Strep_C8688,0.1163415109155265
Strep_C8689,0.1163415109155265
Strep_C868,0.11136757272179186
Strep_C8690,0.1163415109155265
Strep_C8691,0.1163415109155265
Strep_C8692,0.1163415109155265
Strep_C8693,0.1163415109155265
Strep_C8694,0.471274539360154
Strep_C8695,0.23370228693111114
Strep_C8696,0.5967242474384321
Strep_C8697,0.47311830745470035
Strep_C8698,0.47311830745470035
Strep_C8699,0.99999999
Strep_C869,0.23305302815717163
Strep_C86,0.1163415109155265
Strep_C8700,0.7256406595528874
Strep_C8701,0.23370228693111114
Strep_C8702,0.23370228693111114
Strep_C8703,0.11634201451864289
Strep_C8704,0.11634201451864289
Strep_C8705,0.2337017810381666
Strep_C8706,0.11634201451864289
Strep_C8707,0.99999999
Strep_C8708,0.11136757272179186
Strep_C8709,0.99999999
Strep_C870,0.11634201451864289
Strep_C8710,0.11136757272179186
Strep_C8711,0.11136757272179186
Strep_C8712,0.7198634438443039
Strep_C8713,0.1160600458814914
Strep_C8714,0.2337017810381666
Strep_C8715,0.11634201451864289
Strep_C8716,0.35245843672205746
Strep_C8717,0.3524582818100281
Strep_C8718,0.11634201451864289
Strep_C8719,0.11634201451864289
Strep_C871,0.1163415109155265
Strep_C8720,0.35245843672205746
Strep_C8721,0.11634201451864289
Strep_C8722,0.11634201451864289
Strep_C8723,0.11634201451864289
Strep_C8724,0.2337017810381666
Strep_C8725,0.1163415109155265
Strep_C8726,0.1163415109155265
Strep_C8727,0.1163415109155265
Strep_C8728,0.1163415109155265
Strep_C8729,0.1163415109155265
Strep_C872,0.11634201451864289
Strep_C8730,0.1163415109155265
Strep_C8731,0.1163415109155265
Strep_C8732,0.1163415109155265
Strep_C8733,0.1163415109155265
Strep_C8734,0.47311830745470035
Strep_C8735,0.47311830745470035
Strep_C8736,0.11634201451864289
Strep_C8737,0.11634201451864289
Strep_C8738,0.23370228693111114
Strep_C8739,0.11634201451864289
Strep_C873,0.35245843672205746
Strep_C8740,0.11634201451864289
Strep_C8741,0.8673259655154397
Strep_C8742,0.351325490499599
Strep_C8743,0.44444989529753154
Strep_C8744,0.11136757272179186
Strep_C8745,0.333266628208235
Strep_C8746,0.8889131171654778
Strep_C8747,0.99999999
Strep_C8748,0.11136757272179186
Strep_C8749,0.11136757272179186
Strep_C874,0.2337017810381666
Strep_C8750,0.11136757272179186
Strep_C8751,0.333266628208235
Strep_C8752,0.23305302815717163
Strep_C8753,0.23305302815717163
Strep_C8754,0.1160600458814914
Strep_C8755,0.23305302815717163
Strep_C8756,0.47311830745470035
Strep_C8757,0.5967214293920762
Strep_C8758,0.11634201451864289
Strep_C8759,0.99999999
Strep_C875,0.47311830745470035
Strep_C8760,0.2337017810381666
Strep_C8761,0.2337017810381666
Strep_C8762,0.2337017810381666
Strep_C8763,0.99999999
Strep_C8764,0.11634201451864289
Strep_C8765,0.11634201451864289
Strep_C8766,0.23305302815717163
Strep_C8767,0.11634201451864289
Strep_C8768,0.11634201451864289
Strep_C8769,0.11634201451864289
Strep_C876,0.35132537846575046
Strep_C8770,0.23370178103816636
Strep_C8771,0.5936452796634148
Strep_C8772,0.11634201451864289
Strep_C8773,0.47311830745470035
Strep_C8774,0.11634201451864289
Strep_C8775,0.47311830745470035
Strep_C8776,0.2337017810381666
Strep_C8777,0.47311830745470035
Strep_C8778,0.1163415109155265
Strep_C8779,0.1163415109155265
Strep_C877,0.1163415109155265
Strep_C8780,0.1163415109155265
Strep_C8781,0.1163415109155265
Strep_C8782,0.1163415109155265
Strep_C8783,0.1163415109155265
Strep_C8784,0.11634201451864289
Strep_C8785,0.11634201451864289
Strep_C8786,0.99999999
Strep_C8787,0.23370228693111114
Strep_C8788,0.3524582818100281
Strep_C8789,0.23370178103816636
Strep_C878,0.99999999
Strep_C8790,0.8524331858472348
Strep_C8791,0.5967214293920762
Strep_C8792,0.35245843672205746
Strep_C8793,0.6665403377533278
Strep_C8794,0.11634201451864289
Strep_C8795,0.11634201451864289
Strep_C8796,0.11634201451864289
Strep_C8797,0.11136757272179186
Strep_C8798,0.11136757272179186
Strep_C8799,0.11136757272179186
Strep_C879,0.11634201451864289
Strep_C87,0.11634201451864289
Strep_C8800,0.7778659244097796
Strep_C8801,0.11136757272179186
Strep_C8802,0.99999999
Strep_C8803,0.11136757272179186
Strep_C8804,0.44444957634747156
Strep_C8805,0.11136757272179186
Strep_C8806,0.11136757272179186
Strep_C8807,0.11136757272179186
Strep_C8808,0.11136757272179186
Strep_C8809,0.23305302815717163
Strep_C880,0.2337017810381666
Strep_C8810,0.99999999
Strep_C8811,0.23305302815717163
Strep_C8812,0.471274539360154
Strep_C8813,0.23305302815717163
Strep_C8814,0.1160600458814914
Strep_C8815,0.47127620612957083
Strep_C8816,0.11634201451864289
Strep_C8817,0.47311830745470035
Strep_C8818,0.47311830745470035
Strep_C8819,0.99999999
Strep_C881,0.1163415109155265
Strep_C8820,0.11634201451864289
Strep_C8821,0.47311830745470035
Strep_C8822,0.11634201451864289
Strep_C8823,0.11634201451864289
Strep_C8824,0.2337017810381666
Strep_C8825,0.2337017810381666
Strep_C8826,0.1163415109155265
Strep_C8827,0.1163415109155265
Strep_C8828,0.1163415109155265
Strep_C8829,0.1163415109155265
Strep_C882,0.5967214293920762
Strep_C8830,0.1163415109155265
Strep_C8831,0.1163415109155265
Strep_C8832,0.5967214293920762
Strep_C8833,0.1163415109155265
Strep_C8834,0.1163415109155265
Strep_C8835,0.1163415109155265
Strep_C8836,0.1163415109155265
Strep_C8837,0.11634201451864289
Strep_C8838,0.99999999
Strep_C8839,0.2337017810381666
Strep_C883,0.471274539360154
Strep_C8840,0.47311651524910325
Strep_C8841,0.5555542629982061
Strep_C8842,0.11634201451864289
Strep_C8843,0.471274539360154
Strep_C8844,0.11634201451864289
Strep_C8845,0.11634201451864289
Strep_C8846,0.11136757272179186
Strep_C8847,0.11136757272179186
Strep_C8848,0.11136757272179186
Strep_C8849,0.11136757272179186
Strep_C884,0.11634201451864289
Strep_C8850,0.11136757272179186
Strep_C8851,0.11136757272179186
Strep_C8852,0.11136757272179186
Strep_C8853,0.23305302815717163
Strep_C8854,0.23305302815717163
Strep_C8855,0.23305302815717163
Strep_C8856,0.99999999
Strep_C8857,0.11634201451864289
Strep_C8858,0.99999999
Strep_C8859,0.1163415109155265
Strep_C885,0.5936427844819077
Strep_C8860,0.1163415109155265
Strep_C8861,0.11634201451864289
Strep_C8862,0.35245843672205746
Strep_C8863,0.11634201451864289
Strep_C8864,0.99999999
Strep_C8865,0.5967242474384321
Strep_C8866,0.2337017810381666
Strep_C8867,0.23370228693111114
Strep_C8868,0.11634201451864289
Strep_C8869,0.11634201451864289
Strep_C886,0.23370228693111114
Strep_C8870,0.11136757272179186
Strep_C8871,0.99999999
Strep_C8872,0.22283322077504625
Strep_C8873,0.99999999
Strep_C8874,0.333266628208235
Strep_C8875,0.35132537846575046
Strep_C8876,0.23305302815717163
Strep_C8877,0.23305302815717163
Strep_C8878,0.8889223478224411
Strep_C8879,0.11634201451864289
Strep_C887,0.1163415109155265
Strep_C8880,0.11634201451864289
Strep_C8881,0.11634201451864289
Strep_C8882,0.11634201451864289
Strep_C8883,0.11634201451864289
Strep_C8884,0.11634201451864289
Strep_C8885,0.5579816378691367
Strep_C8886,0.1163415109155265
Strep_C8887,0.1163415109155265
Strep_C8888,0.1163415109155265
Strep_C8889,0.1163415109155265
Strep_C888,0.1163415109155265
Strep_C8890,0.1163415109155265
Strep_C8891,0.1163415109155265
Strep_C8892,0.1163415109155265
Strep_C8893,0.99999999
Strep_C8894,0.5967242474384321
Strep_C8895,0.11634201451864289
Strep_C8896,0.11634201451864289
Strep_C8897,0.47311830745470035
Strep_C8898,0.2337017810381666
Strep_C8899,0.99999999
Strep_C889,0.35245843672205746
Strep_C88,0.23370178103816636
Strep_C8900,0.11634201451864289
Strep_C8901,0.99999999
Strep_C8902,0.11634201451864289
Strep_C8903,0.11634201451864289
Strep_C8904,0.8524331858472348
Strep_C8905,0.47311830745470035
Strep_C8906,0.99999999
Strep_C8907,0.99999999
Strep_C8908,0.11634201451864289
Strep_C8909,0.11634201451864289
Strep_C890,0.351325490499599
Strep_C8910,0.11634201451864289
Strep_C8911,0.11634201451864289
Strep_C8912,0.11136757272179186
Strep_C8913,0.11136757272179186
Strep_C8914,0.11136757272179186
Strep_C8915,0.11136757272179186
Strep_C8916,0.11136757272179186
Strep_C8917,0.22283322077504625
Strep_C8918,0.8524313909199117
Strep_C8919,0.8889131171654778
Strep_C891,0.99999999
Strep_C8920,0.23305302815717163
Strep_C8921,0.2337017810381666
Strep_C8922,0.2337017810381666
Strep_C8923,0.35245843672205746
Strep_C8924,0.2337017810381666
Strep_C8925,0.2337017810381666
Strep_C8926,0.35245843672205746
Strep_C8927,0.7256406595528874
Strep_C8928,0.11634201451864289
Strep_C8929,0.23370178103816636
Strep_C892,0.23305302815717163
Strep_C8930,0.7847940789287989
Strep_C8931,0.8524331858472348
Strep_C8932,0.11634201451864289
Strep_C8933,0.11634201451864289
Strep_C8934,0.1163415109155265
Strep_C8935,0.1163415109155265
Strep_C8936,0.1163415109155265
Strep_C8937,0.23370228693111114
Strep_C8938,0.47311830745470035
Strep_C8939,0.11634201451864289
Strep_C893,0.23305302815717163
Strep_C8940,0.11634201451864289
Strep_C8941,0.11634201451864289
Strep_C8942,0.11634201451864289
Strep_C8943,0.11634201451864289
Strep_C8944,0.9053588679153928
Strep_C8945,0.11634201451864289
Strep_C8946,0.11634201451864289
Strep_C8947,0.11634201451864289
Strep_C8948,0.11634201451864289
Strep_C8949,0.8889131171654778
Strep_C894,0.23370178103816636
Strep_C8950,0.23305302815717163
Strep_C8951,0.23305302815717163
Strep_C8952,0.5555542629982061
Strep_C8953,0.8524313909199117
Strep_C8954,0.1160600458814914
Strep_C8955,0.35245843672205746
Strep_C8956,0.2337017810381666
Strep_C8957,0.23370178103816636
Strep_C8958,0.11634201451864289
Strep_C8959,0.47311830745470035
Strep_C895,0.2337017810381666
Strep_C8960,0.23370178103816636
Strep_C8961,0.7198643407720242
Strep_C8962,0.1163415109155265
Strep_C8963,0.1163415109155265
Strep_C8964,0.1163415109155265
Strep_C8965,0.1163415109155265
Strep_C8966,0.1163415109155265
Strep_C8967,0.99999999
Strep_C8968,0.11634201451864289
Strep_C8969,0.99999999
Strep_C896,0.11634201451864289
Strep_C8970,0.2337017810381666
Strep_C8971,0.11136757272179186
Strep_C8972,0.11136757272179186
Strep_C8973,0.99999999
Strep_C8974,0.11136757272179186
Strep_C8975,0.8524331858472348
Strep_C8976,0.23305302815717163
Strep_C8977,0.99999999
Strep_C8978,0.35132537846575046
Strep_C8979,0.1160600458814914
Strep_C897,0.23305302815717163
Strep_C8980,0.99999999
Strep_C8981,0.351325490499599
Strep_C8982,0.99999999
Strep_C8983,0.11634201451864289
Strep_C8984,0.11634201451864289
Strep_C8985,0.11634201451864289
Strep_C8986,0.334259100712907
Strep_C8987,0.11634201451864289
Strep_C8988,0.2337017810381666
Strep_C8989,0.1163415109155265
Strep_C898,0.35245843672205746
Strep_C8990,0.22283354305359118
Strep_C8991,0.99999999
Strep_C8992,0.1163415109155265
Strep_C8993,0.1163415109155265
Strep_C8994,0.99999999
Strep_C8995,0.47311830745470035
Strep_C8996,0.351325490499599
Strep_C8997,0.99999999
Strep_C8998,0.11634201451864289
Strep_C8999,0.99999999
Strep_C899,0.1163415109155265
Strep_C89,0.11634201451864289
Strep_C8,0.11634201451864289
Strep_C9000,0.5967242474384321
Strep_C9001,0.11634201451864289
Strep_C9002,0.11634201451864289
Strep_C9003,0.99999999
Strep_C9004,0.11634201451864289
Strep_C9005,0.11634201451864289
Strep_C9006,0.11634201451864289
Strep_C9007,0.99999999
Strep_C9008,0.11634201451864289
Strep_C9009,0.11634201451864289
Strep_C900,0.11136757272179186
Strep_C9010,0.11136757272179186
Strep_C9011,0.11136757272179186
Strep_C9012,0.23305302815717163
Strep_C9013,0.7778659244097796
Strep_C9014,0.351325490499599
Strep_C9015,0.47311651524910325
Strep_C9016,0.11634201451864289
Strep_C9017,0.11634201451864289
Strep_C9018,0.11634201451864289
Strep_C9019,0.11634201451864289
Strep_C901,0.11634201451864289
Strep_C9020,0.11634201451864289
Strep_C9021,0.35245843672205746
Strep_C9022,0.2337017810381666
Strep_C9023,0.1163415109155265
Strep_C9024,0.7256406595528874
Strep_C9025,0.1163415109155265
Strep_C9026,0.22283354305359118
Strep_C9027,0.1163415109155265
Strep_C9028,0.99999999
Strep_C9029,0.11634201451864289
Strep_C902,0.23370228693111114
Strep_C9030,0.11634201451864289
Strep_C9031,0.11634201451864289
Strep_C9032,0.11634201451864289
Strep_C9033,0.11634201451864289
Strep_C9034,0.11634201451864289
Strep_C9035,0.11634201451864289
Strep_C9036,0.471274539360154
Strep_C9037,0.11634201451864289
Strep_C9038,0.99999999
Strep_C9039,0.23370228693111114
Strep_C903,0.11634201451864289
Strep_C9040,0.11136757272179186
Strep_C9041,0.7778688864057204
Strep_C9042,0.11136757272179186
Strep_C9043,0.11136757272179186
Strep_C9044,0.99999999
Strep_C9045,0.23305302815717163
Strep_C9046,0.23305302815717163
Strep_C9047,0.23305302815717163
Strep_C9048,0.11634201451864289
Strep_C9049,0.11634201451864289
Strep_C904,0.1163415109155265
Strep_C9050,0.47311830745470035
Strep_C9051,0.11634201451864289
Strep_C9052,0.2337017810381666
Strep_C9053,0.23370178103816636
Strep_C9054,0.11634201451864289
Strep_C9055,0.11634201451864289
Strep_C9056,0.11634201451864289
Strep_C9057,0.11634201451864289
Strep_C9058,0.47311830745470035
Strep_C9059,0.11634201451864289
Strep_C905,0.99999999
Strep_C9060,0.11634201451864289
Strep_C9061,0.11634201451864289
Strep_C9062,0.11634201451864289
Strep_C9063,0.1163415109155265
Strep_C9064,0.1163415109155265
Strep_C9065,0.99999999
Strep_C9066,0.11634201451864289
Strep_C9067,0.23370178103816636
Strep_C9068,0.11634201451864289
Strep_C9069,0.99999999
Strep_C906,0.11634201451864289
Strep_C9070,0.47311651524910325
Strep_C9071,0.11634201451864289
Strep_C9072,0.11634201451864289
Strep_C9073,0.8889223478224411
Strep_C9074,0.8889131171654778
Strep_C9075,0.11634201451864289
Strep_C9076,0.11634201451864289
Strep_C9077,0.11634201451864289
Strep_C9078,0.11634201451864289
Strep_C9079,0.11136757272179186
Strep_C907,0.11634201451864289
Strep_C9080,0.11136757272179186
Strep_C9081,0.11136757272179186
Strep_C9082,0.11136757272179186
Strep_C9083,0.11136757272179186
Strep_C9084,0.11136757272179186
Strep_C9085,0.11136757272179186
Strep_C9086,0.11136757272179186
Strep_C9087,0.11136757272179186
Strep_C9088,0.11136757272179186
Strep_C9089,0.23305302815717163
Strep_C908,0.11634201451864289
Strep_C9090,0.5555546390366239
Strep_C9091,0.99999999
Strep_C9092,0.1160600458814914
Strep_C9093,0.23305302815717163
Strep_C9094,0.1160600458814914
Strep_C9095,0.99999999
Strep_C9096,0.2337017810381666
Strep_C9097,0.5936452796634148
Strep_C9098,0.7256406595528874
Strep_C9099,0.35245843672205746
Strep_C909,0.1163415109155265
Strep_C90,0.2337017810381666
Strep_C9100,0.2337017810381666
Strep_C9101,0.8524331858472348
Strep_C9102,0.11634201451864289
Strep_C9103,0.11634201451864289
Strep_C9104,0.1163415109155265
Strep_C9105,0.1163415109155265
Strep_C9106,0.1163415109155265
Strep_C9107,0.1163415109155265
Strep_C9108,0.1163415109155265
Strep_C9109,0.1163415109155265
Strep_C910,0.11634201451864289
Strep_C9110,0.1163415109155265
Strep_C9111,0.1163415109155265
Strep_C9112,0.99999999
Strep_C9113,0.11634201451864289
Strep_C9114,0.6704550730094094
Strep_C9115,0.2337017810381666
Strep_C9116,0.8524331858472348
Strep_C9117,0.8524331858472348
Strep_C9118,0.23370178103816636
Strep_C9119,0.5967214293920762
Strep_C911,0.23305302815717163
Strep_C9120,0.11634201451864289
Strep_C9121,0.11634201451864289
Strep_C9122,0.23370228693111114
Strep_C9123,0.44444989529753154
Strep_C9124,0.99999999
Strep_C9125,0.44444957634747156
Strep_C9126,0.5555546390366239
Strep_C9127,0.11136757272179186
Strep_C9128,0.99999999
Strep_C9129,0.23305302815717163
Strep_C912,0.11634201451864289
Strep_C9130,0.8889131171654778
Strep_C9131,0.23305302815717163
Strep_C9132,0.99999999
Strep_C9133,0.1160600458814914
Strep_C9134,0.99999999
Strep_C9135,0.5967214293920762
Strep_C9136,0.11634201451864289
Strep_C9137,0.11634201451864289
Strep_C9138,0.2337017810381666
Strep_C9139,0.11634201451864289
Strep_C913,0.11136757272179186
Strep_C9140,0.11634201451864289
Strep_C9141,0.11634201451864289
Strep_C9142,0.23370178103816636
Strep_C9143,0.11634201451864289
Strep_C9144,0.99999999
Strep_C9145,0.11634201451864289
Strep_C9146,0.11634201451864289
Strep_C9147,0.1163415109155265
Strep_C9148,0.23370228693111114
Strep_C9149,0.1163415109155265
Strep_C914,0.2337017810381666
Strep_C9150,0.1163415109155265
Strep_C9151,0.1163415109155265
Strep_C9152,0.1163415109155265
Strep_C9153,0.1163415109155265
Strep_C9154,0.1163415109155265
Strep_C9155,0.99999999
Strep_C9156,0.99999999
Strep_C9157,0.5967242474384321
Strep_C9158,0.7256406595528874
Strep_C9159,0.11634201451864289
Strep_C915,0.11634201451864289
Strep_C9160,0.351325490499599
Strep_C9161,0.11634201451864289
Strep_C9162,0.11634201451864289
Strep_C9163,0.8524331858472348
Strep_C9164,0.47311651524910325
Strep_C9165,0.11634201451864289
Strep_C9166,0.5967242474384321
Strep_C9167,0.11136757272179186
Strep_C9168,0.99999999
Strep_C9169,0.99999999
Strep_C916,0.11634201451864289
Strep_C9170,0.11136757272179186
Strep_C9171,0.23305302815717163
Strep_C9172,0.23305302815717163
Strep_C9173,0.23305302815717163
Strep_C9174,0.23305302815717163
Strep_C9175,0.99999999
Strep_C9176,0.471274539360154
Strep_C9177,0.351325490499599
Strep_C9178,0.35245843672205746
Strep_C9179,0.47311830745470035
Strep_C917,0.1163415109155265
Strep_C9180,0.8524331858472348
Strep_C9181,0.47311830745470035
Strep_C9182,0.11634201451864289
Strep_C9183,0.11634201451864289
Strep_C9184,0.2337017810381666
Strep_C9185,0.11634201451864289
Strep_C9186,0.3524582818100281
Strep_C9187,0.7198634438443039
Strep_C9188,0.1163415109155265
Strep_C9189,0.1163415109155265
Strep_C918,0.99999999
Strep_C9190,0.1163415109155265
Strep_C9191,0.1163415109155265
Strep_C9192,0.1163415109155265
Strep_C9193,0.1163415109155265
Strep_C9194,0.1163415109155265
Strep_C9195,0.1163415109155265
Strep_C9196,0.47311830745470035
Strep_C9197,0.11634201451864289
Strep_C9198,0.11634201451864289
Strep_C9199,0.47311830745470035
Strep_C919,0.11634201451864289
Strep_C91,0.1163415109155265
Strep_C9200,0.47311830745470035
Strep_C9201,0.47311830745470035
Strep_C9202,0.35245843672205746
Strep_C9203,0.11634201451864289
Strep_C9204,0.99999999
Strep_C9205,0.7256406595528874
Strep_C9206,0.5967242474384321
Strep_C9207,0.11634201451864289
Strep_C9208,0.11634201451864289
Strep_C9209,0.11136757272179186
Strep_C920,0.23305302815717163
Strep_C9210,0.11136757272179186
Strep_C9211,0.11136757272179186
Strep_C9212,0.11136757272179186
Strep_C9213,0.11136757272179186
Strep_C9214,0.11136757272179186
Strep_C9215,0.99999999
Strep_C9216,0.23305302815717163
Strep_C9217,0.23305302815717163
Strep_C9218,0.23305302815717163
Strep_C9219,0.23305302815717163
Strep_C921,0.11634201451864289
Strep_C9220,0.23305302815717163
Strep_C9221,0.99999999
Strep_C9222,0.1160600458814914
Strep_C9223,0.23305302815717163
Strep_C9224,0.11634201451864289
Strep_C9225,0.7198634438443039
Strep_C9226,0.11634201451864289
Strep_C9227,0.35245843672205746
Strep_C9228,0.11634201451864289
Strep_C9229,0.11634201451864289
Strep_C922,0.11634201451864289
Strep_C9230,0.11634201451864289
Strep_C9231,0.99999999
Strep_C9232,0.47311651524910325
Strep_C9233,0.11634201451864289
Strep_C9234,0.11634201451864289
Strep_C9235,0.11634201451864289
Strep_C9236,0.11634201451864289
Strep_C9237,0.3524582818100281
Strep_C9238,0.11634201451864289
Strep_C9239,0.11634201451864289
Strep_C923,0.11634201451864289
Strep_C9240,0.23370228693111114
Strep_C9241,0.1163415109155265
Strep_C9242,0.5967214293920762
Strep_C9243,0.23370228693111114
Strep_C9244,0.11634201451864289
Strep_C9245,0.47311830745470035
Strep_C9246,0.47311830745470035
Strep_C9247,0.99999999
Strep_C9248,0.47311830745470035
Strep_C9249,0.99999999
Strep_C924,0.35245843672205746
Strep_C9250,0.99999999
Strep_C9251,0.7256406595528874
Strep_C9252,0.22283322077504625
Strep_C9253,0.471274539360154
Strep_C9254,0.3524582818100281
Strep_C9255,0.11634201451864289
Strep_C9256,0.11136757272179186
Strep_C9257,0.11136757272179186
Strep_C9258,0.11136757272179186
Strep_C9259,0.11136757272179186
Strep_C925,0.99999999
Strep_C9260,0.11136757272179186
Strep_C9261,0.333266628208235
Strep_C9262,0.99999999
Strep_C9263,0.11136757272179186
Strep_C9264,0.23305302815717163
Strep_C9265,0.8524331858472348
Strep_C9266,0.1160600458814914
Strep_C9267,0.1160600458814914
Strep_C9268,0.2337017810381666
Strep_C9269,0.2337017810381666
Strep_C926,0.99999999
Strep_C9270,0.11634201451864289
Strep_C9271,0.351325490499599
Strep_C9272,0.99999999
Strep_C9273,0.11634201451864289
Strep_C9274,0.47311830745470035
Strep_C9275,0.11634201451864289
Strep_C9276,0.11634201451864289
Strep_C9277,0.11634201451864289
Strep_C9278,0.2337017810381666
Strep_C9279,0.2337017810381666
Strep_C927,0.11634201451864289
Strep_C9280,0.35245843672205746
Strep_C9281,0.23370228693111114
Strep_C9282,0.1163415109155265
Strep_C9283,0.1163415109155265
Strep_C9284,0.1163415109155265
Strep_C9285,0.99999999
Strep_C9286,0.11634201451864289
Strep_C9287,0.11634201451864289
Strep_C9288,0.8889131171654778
Strep_C9289,0.11634201451864289
Strep_C928,0.23370178103816636
Strep_C9290,0.7198634438443039
Strep_C9291,0.7256406595528874
Strep_C9292,0.23370228693111114
Strep_C9293,0.11634201451864289
Strep_C9294,0.35245843672205746
Strep_C9295,0.5967242474384321
Strep_C9296,0.47311830745470035
Strep_C9297,0.8889131171654778
Strep_C9298,0.11136757272179186
Strep_C9299,0.99999999
Strep_C929,0.11136757272179186
Strep_C92,0.11634201451864289
Strep_C9300,0.99999999
Strep_C9301,0.11136757272179186
Strep_C9302,0.22283354305359118
Strep_C9303,0.5555542629982061
Strep_C9304,0.11136757272179186
Strep_C9305,0.11136757272179186
Strep_C9306,0.11136757272179186
Strep_C9307,0.99999999
Strep_C9308,0.23305302815717163
Strep_C9309,0.35132537846575046
Strep_C930,0.2337017810381666
Strep_C9310,0.23305302815717163
Strep_C9311,0.23305302815717163
Strep_C9312,0.23305302815717163
Strep_C9313,0.1160600458814914
Strep_C9314,0.23305302815717163
Strep_C9315,0.11634201451864289
Strep_C9316,0.11634201451864289
Strep_C9317,0.99999999
Strep_C9318,0.47311651524910325
Strep_C9319,0.2337017810381666
Strep_C931,0.5967214293920762
Strep_C9320,0.23305302815717163
Strep_C9321,0.5967214293920762
Strep_C9322,0.11634201451864289
Strep_C9323,0.47311830745470035
Strep_C9324,0.47311830745470035
Strep_C9325,0.1163415109155265
Strep_C9326,0.1163415109155265
Strep_C9327,0.23370228693111114
Strep_C9328,0.1163415109155265
Strep_C9329,0.1163415109155265
Strep_C932,0.99999999
Strep_C9330,0.1163415109155265
Strep_C9331,0.11634201451864289
Strep_C9332,0.11634201451864289
Strep_C9333,0.99999999
Strep_C9334,0.11634201451864289
Strep_C9335,0.47311830745470035
Strep_C9336,0.11634201451864289
Strep_C9337,0.8889223478224411
Strep_C9338,0.99999999
Strep_C9339,0.99999999
Strep_C933,0.35245843672205746
Strep_C9340,0.11634201451864289
Strep_C9341,0.11634201451864289
Strep_C9342,0.11634201451864289
Strep_C9343,0.11634201451864289
Strep_C9344,0.11634201451864289
Strep_C9345,0.99999999
Strep_C9346,0.11136757272179186
Strep_C9347,0.11136757272179186
Strep_C9348,0.11136757272179186
Strep_C9349,0.11136757272179186
Strep_C934,0.1163415109155265
Strep_C9350,0.11136757272179186
Strep_C9351,0.11136757272179186
Strep_C9352,0.11136757272179186
Strep_C9353,0.11136757272179186
Strep_C9354,0.23305302815717163
Strep_C9355,0.333266628208235
Strep_C9356,0.471274539360154
Strep_C9357,0.44444989529753154
Strep_C9358,0.333266628208235
Strep_C9359,0.351325490499599
Strep_C935,0.7256406595528874
Strep_C9360,0.23305302815717163
Strep_C9361,0.11634201451864289
Strep_C9362,0.11634201451864289
Strep_C9363,0.11634201451864289
Strep_C9364,0.11634201451864289
Strep_C9365,0.23370178103816636
Strep_C9366,0.11634201451864289
Strep_C9367,0.11634201451864289
Strep_C9368,0.11634201451864289
Strep_C9369,0.11634201451864289
Strep_C936,0.2337017810381666
Strep_C9370,0.1163415109155265
Strep_C9371,0.99999999
Strep_C9372,0.1163415109155265
Strep_C9373,0.471274539360154
Strep_C9374,0.1163415109155265
Strep_C9375,0.1163415109155265
Strep_C9376,0.7198643407720242
Strep_C9377,0.1163415109155265
Strep_C9378,0.1163415109155265
Strep_C9379,0.1163415109155265
Strep_C937,0.11634201451864289
Strep_C9380,0.8524331858472348
Strep_C9381,0.8524313909199117
Strep_C9382,0.99999999
Strep_C9383,0.23370228693111114
Strep_C9384,0.11634201451864289
Strep_C9385,0.11634201451864289
Strep_C9386,0.2337017810381666
Strep_C9387,0.23370178103816636
Strep_C9388,0.11634201451864289
Strep_C9389,0.23370228693111114
Strep_C938,0.11136757272179186
Strep_C9390,0.7256406595528874
Strep_C9391,0.11634201451864289
Strep_C9392,0.11136757272179186
Strep_C9393,0.11136757272179186
Strep_C9394,0.11136757272179186
Strep_C9395,0.23305302815717163
Strep_C9396,0.99999999
Strep_C9397,0.8889131171654778
Strep_C9398,0.23305302815717163
Strep_C9399,0.1160600458814914
Strep_C939,0.11634201451864289
Strep_C93,0.23305302815717163
Strep_C9400,0.23305302815717163
Strep_C9401,0.5967214293920762
Strep_C9402,0.47311830745470035
Strep_C9403,0.47311830745470035
Strep_C9404,0.2337017810381666
Strep_C9405,0.11634201451864289
Strep_C9406,0.11634201451864289
Strep_C9407,0.3524582818100281
Strep_C9408,0.11634201451864289
Strep_C9409,0.47311830745470035
Strep_C940,0.1163415109155265
Strep_C9410,0.7256406595528874
Strep_C9411,0.11634201451864289
Strep_C9412,0.2337017810381666
Strep_C9413,0.8524313909199117
Strep_C9414,0.1163415109155265
Strep_C9415,0.1163415109155265
Strep_C9416,0.1163415109155265
Strep_C9417,0.99999999
Strep_C9418,0.8524331858472348
Strep_C9419,0.35245843672205746
Strep_C941,0.11136757272179186
Strep_C9420,0.99999999
Strep_C9421,0.11634201451864289
Strep_C9422,0.8673259655154397
Strep_C9423,0.11634201451864289
Strep_C9424,0.11634201451864289
Strep_C9425,0.11136757272179186
Strep_C9426,0.11136757272179186
Strep_C9427,0.99999999
Strep_C9428,0.11136757272179186
Strep_C9429,0.11136757272179186
Strep_C942,0.23305302815717163
Strep_C9430,0.11136757272179186
Strep_C9431,0.11136757272179186
Strep_C9432,0.23305302815717163
Strep_C9433,0.99999999
Strep_C9434,0.351325490499599
Strep_C9435,0.351325490499599
Strep_C9436,0.471274539360154
Strep_C9437,0.1160600458814914
Strep_C9438,0.23305302815717163
Strep_C9439,0.99999999
Strep_C943,0.23305302815717163
Strep_C9440,0.11634201451864289
Strep_C9441,0.11634201451864289
Strep_C9442,0.2337017810381666
Strep_C9443,0.334259100712907
Strep_C9444,0.23370178103816636
Strep_C9445,0.47311830745470035
Strep_C9446,0.47311830745470035
Strep_C9447,0.11634201451864289
Strep_C9448,0.11634201451864289
Strep_C9449,0.11634201451864289
Strep_C944,0.99999999
Strep_C9450,0.11634201451864289
Strep_C9451,0.8524331858472348
Strep_C9452,0.35245843672205746
Strep_C9453,0.47311830745470035
Strep_C9454,0.23370228693111114
Strep_C9455,0.1163415109155265
Strep_C9456,0.47311651524910325
Strep_C9457,0.1163415109155265
Strep_C9458,0.1163415109155265
Strep_C9459,0.1163415109155265
Strep_C945,0.1163415109155265
Strep_C9460,0.7256406595528874
Strep_C9461,0.99999999
Strep_C9462,0.99999999
Strep_C9463,0.7256406595528874
Strep_C9464,0.11634201451864289
Strep_C9465,0.11634201451864289
Strep_C9466,0.11634201451864289
Strep_C9467,0.7256406595528874
Strep_C9468,0.47311830745470035
Strep_C9469,0.11634201451864289
Strep_C946,0.35245843672205746
Strep_C9470,0.11634201451864289
Strep_C9471,0.99999999
Strep_C9472,0.23370178103816636
Strep_C9473,0.11634201451864289
Strep_C9474,0.11634201451864289
Strep_C9475,0.7256406595528874
Strep_C9476,0.11634201451864289
Strep_C9477,0.99999999
Strep_C9478,0.11634201451864289
Strep_C9479,0.22283322077504625
Strep_C947,0.11136757272179186
Strep_C9480,0.22283354305359118
Strep_C9481,0.11136757272179186
Strep_C9482,0.11136757272179186
Strep_C9483,0.333266628208235
Strep_C9484,0.23305302815717163
Strep_C9485,0.47311830745470035
Strep_C9486,0.11634201451864289
Strep_C9487,0.35245843672205746
Strep_C9488,0.11634201451864289
Strep_C9489,0.11634201451864289
Strep_C948,0.23305302815717163
Strep_C9490,0.11634201451864289
Strep_C9491,0.11634201451864289
Strep_C9492,0.1163415109155265
Strep_C9493,0.99999999
Strep_C9494,0.1163415109155265
Strep_C9495,0.6704550730094094
Strep_C9496,0.1163415109155265
Strep_C9497,0.99999999
Strep_C9498,0.11634201451864289
Strep_C9499,0.11634201451864289
Strep_C949,0.1160600458814914
Strep_C94,0.11634201451864289
Strep_C9500,0.23370228693111114
Strep_C9501,0.11634201451864289
Strep_C9502,0.11634201451864289
Strep_C9503,0.99999999
Strep_C9504,0.2337017810381666
Strep_C9505,0.23370228693111114
Strep_C9506,0.23370178103816636
Strep_C9507,0.47311651524910325
Strep_C9508,0.23370228693111114
Strep_C9509,0.23370228693111114
Strep_C950,0.99999999
Strep_C9510,0.11634201451864289
Strep_C9511,0.23370228693111114
Strep_C9512,0.23305302815717163
Strep_C9513,0.11634201451864289
Strep_C9514,0.23370228693111114
Strep_C9515,0.99999999
Strep_C9516,0.23370228693111114
Strep_C9517,0.11634201451864289
Strep_C9518,0.3342595322757504
Strep_C9519,0.333266628208235
Strep_C951,0.11136757272179186
Strep_C9520,0.11136757272179186
Strep_C9521,0.99999999
Strep_C9522,0.11136757272179186
Strep_C9523,0.11136757272179186
Strep_C9524,0.11136757272179186
Strep_C9525,0.5579816378691367
Strep_C9526,0.99999999
Strep_C9527,0.23305302815717163
Strep_C9528,0.35132537846575046
Strep_C9529,0.23305302815717163
Strep_C952,0.11634201451864289
Strep_C9530,0.11634201451864289
Strep_C9531,0.35245843672205746
Strep_C9532,0.11634201451864289
Strep_C9533,0.11634201451864289
Strep_C9534,0.333266628208235
Strep_C9535,0.2337017810381666
Strep_C9536,0.11634201451864289
Strep_C9537,0.47311830745470035
Strep_C9538,0.7256406595528874
Strep_C9539,0.1163415109155265
Strep_C953,0.11634201451864289
Strep_C9540,0.1163415109155265
Strep_C9541,0.1163415109155265
Strep_C9542,0.1163415109155265
Strep_C9543,0.1163415109155265
Strep_C9544,0.7256406595528874
Strep_C9545,0.11634201451864289
Strep_C9546,0.11634201451864289
Strep_C9547,0.47311830745470035
Strep_C9548,0.11634201451864289
Strep_C9549,0.99999999
Strep_C954,0.11634201451864289
Strep_C9550,0.99999999
Strep_C9551,0.11634201451864289
Strep_C9552,0.35245843672205746
Strep_C9553,0.5936452796634148
Strep_C9554,0.47127620612957083
Strep_C9555,0.11634201451864289
Strep_C9556,0.11634201451864289
Strep_C9557,0.11634201451864289
Strep_C9558,0.11634201451864289
Strep_C9559,0.7256406595528874
Strep_C955,0.5967214293920762
Strep_C9560,0.11634201451864289
Strep_C9561,0.99999999
Strep_C9562,0.47311830745470035
Strep_C9563,0.11136757272179186
Strep_C9564,0.99999999
Strep_C9565,0.11136757272179186
Strep_C9566,0.11136757272179186
Strep_C9567,0.22283322077504625
Strep_C9568,0.11136757272179186
Strep_C9569,0.99999999
Strep_C956,0.11634201451864289
Strep_C9570,0.99999999
Strep_C9571,0.23305302815717163
Strep_C9572,0.333266628208235
Strep_C9573,0.1160600458814914
Strep_C9574,0.333266628208235
Strep_C9575,0.35245843672205746
Strep_C9576,0.2337017810381666
Strep_C9577,0.2337017810381666
Strep_C9578,0.11634201451864289
Strep_C9579,0.670453025682897
Strep_C957,0.35245843672205746
Strep_C9580,0.99999999
Strep_C9581,0.47311830745470035
Strep_C9582,0.11634201451864289
Strep_C9583,0.8524331858472348
Strep_C9584,0.11634201451864289
Strep_C9585,0.47311651524910325
Strep_C9586,0.11634201451864289
Strep_C9587,0.11634201451864289
Strep_C9588,0.11634201451864289
Strep_C9589,0.11634201451864289
Strep_C958,0.1163415109155265
Strep_C9590,0.1163415109155265
Strep_C9591,0.1163415109155265
Strep_C9592,0.1163415109155265
Strep_C9593,0.1163415109155265
Strep_C9594,0.1163415109155265
Strep_C9595,0.1163415109155265
Strep_C9596,0.1163415109155265
Strep_C9597,0.1163415109155265
Strep_C9598,0.1163415109155265
Strep_C9599,0.1163415109155265
Strep_C959,0.5936427844819077
Strep_C95,0.1163415109155265
Strep_C9600,0.5967242474384321
Strep_C9601,0.47311830745470035
Strep_C9602,0.23370178103816636
Strep_C9603,0.7256406595528874
Strep_C9604,0.47311830745470035
Strep_C9605,0.47311830745470035
Strep_C9606,0.5967214293920762
Strep_C9607,0.47127620612957083
Strep_C9608,0.11634201451864289
Strep_C9609,0.5967214293920762
Strep_C960,0.99999999
Strep_C9610,0.99999999
Strep_C9611,0.11634201451864289
Strep_C9612,0.11634201451864289
Strep_C9613,0.7778688864057204
Strep_C9614,0.11136757272179186
Strep_C9615,0.11136757272179186
Strep_C9616,0.11136757272179186
Strep_C9617,0.11136757272179186
Strep_C9618,0.99999999
Strep_C9619,0.22283354305359118
Strep_C961,0.11634201451864289
Strep_C9620,0.11136757272179186
Strep_C9621,0.23305302815717163
Strep_C9622,0.8524313909199117
Strep_C9623,0.99999999
Strep_C9624,0.99999999
Strep_C9625,0.1160600458814914
Strep_C9626,0.23305302815717163
Strep_C9627,0.3524582818100281
Strep_C9628,0.2337017810381666
Strep_C9629,0.2337017810381666
Strep_C962,0.23305302815717163
Strep_C9630,0.11634201451864289
Strep_C9631,0.11634201451864289
Strep_C9632,0.11634201451864289
Strep_C9633,0.47311830745470035
Strep_C9634,0.11634201451864289
Strep_C9635,0.1163415109155265
Strep_C9636,0.5967214293920762
Strep_C9637,0.1163415109155265
Strep_C9638,0.1163415109155265
Strep_C9639,0.1163415109155265
Strep_C963,0.47311830745470035
Strep_C9640,0.1163415109155265
Strep_C9641,0.99999999
Strep_C9642,0.47311830745470035
Strep_C9643,0.11634201451864289
Strep_C9644,0.5967242474384321
Strep_C9645,0.5967214293920762
Strep_C9646,0.47311830745470035
Strep_C9647,0.11634201451864289
Strep_C9648,0.99999999
Strep_C9649,0.11634201451864289
Strep_C964,0.11634201451864289
Strep_C9650,0.11634201451864289
Strep_C9651,0.23370178103816636
Strep_C9652,0.5967242474384321
Strep_C9653,0.23370178103816636
Strep_C9654,0.7198634438443039
Strep_C9655,0.7256406595528874
Strep_C9656,0.23370178103816636
Strep_C9657,0.23370178103816636
Strep_C9658,0.11634201451864289
Strep_C9659,0.471274539360154
Strep_C965,0.1163415109155265
Strep_C9660,0.23370228693111114
Strep_C9661,0.23370228693111114
Strep_C9662,0.11634201451864289
Strep_C9663,0.11634201451864289
Strep_C9664,0.11136757272179186
Strep_C9665,0.11136757272179186
Strep_C9666,0.11136757272179186
Strep_C9667,0.333266628208235
Strep_C9668,0.11136757272179186
Strep_C9669,0.11136757272179186
Strep_C966,0.1163415109155265
Strep_C9670,0.11136757272179186
Strep_C9671,0.11136757272179186
Strep_C9672,0.11136757272179186
Strep_C9673,0.11136757272179186
Strep_C9674,0.23305302815717163
Strep_C9675,0.23305302815717163
Strep_C9676,0.23305302815717163
Strep_C9677,0.99999999
Strep_C9678,0.23305302815717163
Strep_C9679,0.23305302815717163
Strep_C967,0.11136757272179186
Strep_C9680,0.23305302815717163
Strep_C9681,0.333266628208235
Strep_C9682,0.23305302815717163
Strep_C9683,0.47311830745470035
Strep_C9684,0.9053588679153928
Strep_C9685,0.22283322077504625
Strep_C9686,0.11634201451864289
Strep_C9687,0.35245843672205746
Strep_C9688,0.47311651524910325
Strep_C9689,0.5555546390366239
Strep_C968,0.1160600458814914
Strep_C9690,0.11634201451864289
Strep_C9691,0.23305302815717163
Strep_C9692,0.11634201451864289
Strep_C9693,0.11634201451864289
Strep_C9694,0.5936452796634148
Strep_C9695,0.7256404808820707
Strep_C9696,0.11634201451864289
Strep_C9697,0.23370178103816636
Strep_C9698,0.557982185216091
Strep_C9699,0.11634201451864289
Strep_C969,0.8524331858472348
Strep_C96,0.11634201451864289
Strep_C9700,0.47311651524910325
Strep_C9701,0.11634201451864289
Strep_C9702,0.1163415109155265
Strep_C9703,0.1163415109155265
Strep_C9704,0.1163415109155265
Strep_C9705,0.1163415109155265
Strep_C9706,0.23370228693111114
Strep_C9707,0.1163415109155265
Strep_C9708,0.1163415109155265
Strep_C9709,0.1163415109155265
Strep_C970,0.11634201451864289
Strep_C9710,0.11634201451864289
Strep_C9711,0.47127620612957083
Strep_C9712,0.2337017810381666
Strep_C9713,0.47311830745470035
Strep_C9714,0.3524582818100281
Strep_C9715,0.47311830745470035
Strep_C9716,0.11634201451864289
Strep_C9717,0.2337017810381666
Strep_C9718,0.11634201451864289
Strep_C9719,0.11634201451864289
Strep_C971,0.47311830745470035
Strep_C9720,0.11634201451864289
Strep_C9721,0.99999999
Strep_C9722,0.471274539360154
Strep_C9723,0.11136757272179186
Strep_C9724,0.8889131171654778
Strep_C9725,0.11136757272179186
Strep_C9726,0.11136757272179186
Strep_C9727,0.11136757272179186
Strep_C9728,0.11136757272179186
Strep_C9729,0.11136757272179186
Strep_C972,0.23370178103816636
Strep_C9730,0.11136757272179186
Strep_C9731,0.11136757272179186
Strep_C9732,0.11136757272179186
Strep_C9733,0.23305302815717163
Strep_C9734,0.23305302815717163
Strep_C9735,0.4712762061295706
Strep_C9736,0.35132537846575046
Strep_C9737,0.23305302815717163
Strep_C9738,0.23305302815717163
Strep_C9739,0.23305302815717163
Strep_C973,0.2337017810381666
Strep_C9740,0.1160600458814914
Strep_C9741,0.5967214293920762
Strep_C9742,0.11634201451864289
Strep_C9743,0.11634201451864289
Strep_C9744,0.2337017810381666
Strep_C9745,0.11634201451864289
Strep_C9746,0.11634201451864289
Strep_C9747,0.23370178103816636
Strep_C9748,0.99999999
Strep_C9749,0.7847940789287989
Strep_C974,0.23305302815717163
Strep_C9750,0.7256406595528874
Strep_C9751,0.23370178103816636
Strep_C9752,0.11634201451864289
Strep_C9753,0.23370178103816636
Strep_C9754,0.11634201451864289
Strep_C9755,0.11634201451864289
Strep_C9756,0.11634201451864289
Strep_C9757,0.35245843672205746
Strep_C9758,0.35245843672205746
Strep_C9759,0.99999999
Strep_C975,0.1163415109155265
Strep_C9760,0.1163415109155265
Strep_C9761,0.1163415109155265
Strep_C9762,0.1163415109155265
Strep_C9763,0.1163415109155265
Strep_C9764,0.1163415109155265
Strep_C9765,0.1163415109155265
Strep_C9766,0.1163415109155265
Strep_C9767,0.1163415109155265
Strep_C9768,0.1163415109155265
Strep_C9769,0.1163415109155265
Strep_C976,0.1163415109155265
Strep_C9770,0.1163415109155265
Strep_C9771,0.1163415109155265
Strep_C9772,0.47311830745470035
Strep_C9773,0.47311830745470035
Strep_C9774,0.47311830745470035
Strep_C9775,0.11634201451864289
Strep_C9776,0.23370228693111114
Strep_C9777,0.11634201451864289
Strep_C9778,0.11634201451864289
Strep_C9779,0.23370228693111114
Strep_C977,0.99999999
Strep_C9780,0.351325490499599
Strep_C9781,0.11634201451864289
Strep_C9782,0.8889223478224411
Strep_C9783,0.11136757272179186
Strep_C9784,0.11136757272179186
Strep_C9785,0.11136757272179186
Strep_C9786,0.99999999
Strep_C9787,0.23305302815717163
Strep_C9788,0.7198634438443039
Strep_C9789,0.5936452796634148
Strep_C978,0.3524582818100281
Strep_C9790,0.23305302815717163
Strep_C9791,0.23305302815717163
Strep_C9792,0.99999999
Strep_C9793,0.333266628208235
Strep_C9794,0.2337017810381666
Strep_C9795,0.670453025682897
Strep_C9796,0.11634201451864289
Strep_C9797,0.47311830745470035
Strep_C9798,0.3524582818100281
Strep_C9799,0.11634201451864289
Strep_C979,0.11634201451864289
Strep_C97,0.11634201451864289
Strep_C9800,0.47311830745470035
Strep_C9801,0.5555546390366239
Strep_C9802,0.11634201451864289
Strep_C9803,0.2337017810381666
Strep_C9804,0.1163415109155265
Strep_C9805,0.1163415109155265
Strep_C9806,0.1163415109155265
Strep_C9807,0.1163415109155265
Strep_C9808,0.1163415109155265
Strep_C9809,0.1163415109155265
Strep_C980,0.11634201451864289
Strep_C9810,0.1163415109155265
Strep_C9811,0.99999999
Strep_C9812,0.5967242474384321
Strep_C9813,0.11634201451864289
Strep_C9814,0.11634201451864289
Strep_C9815,0.11634201451864289
Strep_C9816,0.11634201451864289
Strep_C9817,0.2337017810381666
Strep_C9818,0.11634201451864289
Strep_C9819,0.11634201451864289
Strep_C981,0.1163415109155265
Strep_C9820,0.47311830745470035
Strep_C9821,0.99999999
Strep_C9822,0.11634201451864289
Strep_C9823,0.11634201451864289
Strep_C9824,0.11634201451864289
Strep_C9825,0.11634201451864289
Strep_C9826,0.11634201451864289
Strep_C9827,0.11634201451864289
Strep_C9828,0.2337017810381666
Strep_C9829,0.11136757272179186
Strep_C982,0.23370178103816636
Strep_C9830,0.11136757272179186
Strep_C9831,0.11136757272179186
Strep_C9832,0.11136757272179186
Strep_C9833,0.11136757272179186
Strep_C9834,0.99999999
Strep_C9835,0.11136757272179186
Strep_C9836,0.11136757272179186
Strep_C9837,0.333266628208235
Strep_C9838,0.23305302815717163
Strep_C9839,0.23305302815717163
Strep_C983,0.11634201451864289
Strep_C9840,0.8889131171654778
Strep_C9841,0.47311830745470035
Strep_C9842,0.99999999
Strep_C9843,0.5967242474384321
Strep_C9844,0.23370178103816636
Strep_C9845,0.11634201451864289
Strep_C9846,0.44444989529753154
Strep_C9847,0.23370228693111114
Strep_C9848,0.7256406595528874
Strep_C9849,0.47311830745470035
Strep_C984,0.11634201451864289
Strep_C9850,0.11634201451864289
Strep_C9851,0.11634201451864289
Strep_C9852,0.1163415109155265
Strep_C9853,0.1163415109155265
Strep_C9854,0.1163415109155265
Strep_C9855,0.1163415109155265
Strep_C9856,0.1163415109155265
Strep_C9857,0.1163415109155265
Strep_C9858,0.1163415109155265
Strep_C9859,0.99999999
Strep_C985,0.11634201451864289
Strep_C9860,0.7256406595528874
Strep_C9861,0.99999999
Strep_C9862,0.5967242474384321
Strep_C9863,0.23370228693111114
Strep_C9864,0.11634201451864289
Strep_C9865,0.11634201451864289
Strep_C9866,0.11634201451864289
Strep_C9867,0.23370178103816636
Strep_C9868,0.5967214293920762
Strep_C9869,0.99999999
Strep_C986,0.35245843672205746
Strep_C9870,0.99999999
Strep_C9871,0.99999999
Strep_C9872,0.11634201451864289
Strep_C9873,0.35245843672205746
Strep_C9874,0.11634201451864289
Strep_C9875,0.99999999
Strep_C9876,0.99999999
Strep_C9877,0.333266628208235
Strep_C9878,0.5555542629982061
Strep_C9879,0.99999999
Strep_C987,0.99999999
Strep_C9880,0.11136757272179186
Strep_C9881,0.99999999
Strep_C9882,0.11136757272179186
Strep_C9883,0.11136757272179186
Strep_C9884,0.11136757272179186
Strep_C9885,0.11136757272179186
Strep_C9886,0.23305302815717163
Strep_C9887,0.23305302815717163
Strep_C9888,0.23305302815717163
Strep_C9889,0.23305302815717163
Strep_C988,0.47311830745470035
Strep_C9890,0.99999999
Strep_C9891,0.99999999
Strep_C9892,0.7198634438443039
Strep_C9893,0.23305302815717163
Strep_C9894,0.35132537846575046
Strep_C9895,0.1160600458814914
Strep_C9896,0.11634201451864289
Strep_C9897,0.11634201451864289
Strep_C9898,0.2337017810381666
Strep_C9899,0.2337017810381666
Strep_C989,0.35245843672205746
Strep_C98,0.11634201451864289
Strep_C9900,0.11634201451864289
Strep_C9901,0.11634201451864289
Strep_C9902,0.99999999
Strep_C9903,0.11634201451864289
Strep_C9904,0.11634201451864289
Strep_C9905,0.11634201451864289
Strep_C9906,0.23370178103816636
Strep_C9907,0.47311830745470035
Strep_C9908,0.99999999
Strep_C9909,0.11634201451864289
Strep_C990,0.11634201451864289
Strep_C9910,0.11634201451864289
Strep_C9911,0.3524582818100281
Strep_C9912,0.11634201451864289
Strep_C9913,0.11634201451864289
Strep_C9914,0.11634201451864289
Strep_C9915,0.1163415109155265
Strep_C9916,0.35132537846575046
Strep_C9917,0.1163415109155265
Strep_C9918,0.47311651524910325
Strep_C9919,0.23370228693111114
Strep_C991,0.11634201451864289
Strep_C9920,0.23370228693111114
Strep_C9921,0.1163415109155265
Strep_C9922,0.1163415109155265
Strep_C9923,0.99999999
Strep_C9924,0.47311830745470035
Strep_C9925,0.5967214293920762
Strep_C9926,0.99999999
Strep_C9927,0.2337017810381666
Strep_C9928,0.11634201451864289
Strep_C9929,0.23370178103816636
Strep_C992,0.11634201451864289
Strep_C9930,0.7256406595528874
Strep_C9931,0.7778659244097796
Strep_C9932,0.11634201451864289
Strep_C9933,0.11634201451864289
Strep_C9934,0.99999999
Strep_C9935,0.11634201451864289
Strep_C9936,0.11634201451864289
Strep_C9937,0.5967214293920762
Strep_C9938,0.11634201451864289
Strep_C9939,0.11634201451864289
Strep_C993,0.11634201451864289
Strep_C9940,0.23370228693111114
Strep_C9941,0.11136757272179186
Strep_C9942,0.99999999
Strep_C9943,0.11136757272179186
Strep_C9944,0.99999999
Strep_C9945,0.11136757272179186
Strep_C9946,0.11136757272179186
Strep_C9947,0.11136757272179186
Strep_C9948,0.44444989529753154
Strep_C9949,0.471274539360154
Strep_C994,0.47311830745470035
Strep_C9950,0.351325490499599
Strep_C9951,0.35132537846575046
Strep_C9952,0.23305302815717163
Strep_C9953,0.23305302815717163
Strep_C9954,0.2337017810381666
Strep_C9955,0.47311830745470035
Strep_C9956,0.11634201451864289
Strep_C9957,0.351325490499599
Strep_C9958,0.2337017810381666
Strep_C9959,0.11634201451864289
Strep_C995,0.11634201451864289
Strep_C9960,0.11634201451864289
Strep_C9961,0.23370178103816636
Strep_C9962,0.11634201451864289
Strep_C9963,0.11634201451864289
Strep_C9964,0.11634201451864289
Strep_C9965,0.7198643407720242
Strep_C9966,0.23370228693111114
Strep_C9967,0.11634201451864289
Strep_C9968,0.1163415109155265
Strep_C9969,0.1163415109155265
Strep_C996,0.11136757272179186
Strep_C9970,0.1163415109155265
Strep_C9971,0.1163415109155265
Strep_C9972,0.1163415109155265
Strep_C9973,0.1163415109155265
Strep_C9974,0.1163415109155265
Strep_C9975,0.1163415109155265
Strep_C9976,0.35132537846575046
Strep_C9977,0.23370228693111114
Strep_C9978,0.99999999
Strep_C9979,0.23305302815717163
Strep_C997,0.11136757272179186
Strep_C9980,0.11634201451864289
Strep_C9981,0.11634201451864289
Strep_C9982,0.11634201451864289
Strep_C9983,0.35245843672205746
Strep_C9984,0.47311830745470035
Strep_C9985,0.23370178103816636
Strep_C9986,0.47311830745470035
Strep_C9987,0.557982185216091
Strep_C9988,0.47127620612957083
Strep_C9989,0.11634201451864289
Strep_C998,0.2337017810381666
Strep_C9990,0.7198643407720242
Strep_C9991,0.11634201451864289
Strep_C9992,0.99999999
Strep_C9993,0.23370228693111114
Strep_C9994,0.11634201451864289
Strep_C9995,0.23370228693111114
Strep_C9996,0.23370228693111114
Strep_C9997,0.11634201451864289
Strep_C9998,0.5936452796634148
Strep_C9999,0.333266628208235
Strep_C999,0.2337017810381666
Strep_C99,0.23305302815717163
Strep_C9,0.1163415109155265
